id,tokens,ner_tags,text,tokens_tags,ner_text,prompts
3035,"['Its' 'service' 'is' 'being' 'introduced' 'in' 'selected' 'markets'
 'across' 'the' 'United' 'States' '.']","['O', 'O', 'O', 'O', 'O', 'O', 'O', 'O', 'O', 'O', 'B-Location', 'I-Location', 'O']",Its service is being introduced in selected markets across the United States .,"['Its(O)', 'service(O)', 'is(O)', 'being(O)', 'introduced(O)', 'in(O)', 'selected(O)', 'markets(O)', 'across(O)', 'the(O)', 'United(B-Location)', 'States(I-Location)', '.(O)']",Its(O) service(O) is(O) being(O) introduced(O) in(O) selected(O) markets(O) across(O) the(O) United(B-Location) States(I-Location) .(O),"Input: Its service is being introduced in selected markets across the United States .
Output: Its(O) service(O) is(O) being(O) introduced(O) in(O) selected(O) markets(O) across(O) the(O) United(B-Location) States(I-Location) .(O)"
1380,"['""' 'I' 'do' ""n't"" 'want' 'to' 'go' 'into' 'more' 'details' 'than' 'that'
 'but' 'there' 'are' 'more' 'details' 'and' 'they' 'are' 'bitter' '.']","['O', 'O', 'O', 'O', 'O', 'O', 'O', 'O', 'O', 'O', 'O', 'O', 'O', 'O', 'O', 'O', 'O', 'O', 'O', 'O', 'O', 'O']",""" I do n't want to go into more details than that but there are more details and they are bitter .","['""(O)', 'I(O)', 'do(O)', ""n't(O)"", 'want(O)', 'to(O)', 'go(O)', 'into(O)', 'more(O)', 'details(O)', 'than(O)', 'that(O)', 'but(O)', 'there(O)', 'are(O)', 'more(O)', 'details(O)', 'and(O)', 'they(O)', 'are(O)', 'bitter(O)', '.(O)']","""(O) I(O) do(O) n't(O) want(O) to(O) go(O) into(O) more(O) details(O) than(O) that(O) but(O) there(O) are(O) more(O) details(O) and(O) they(O) are(O) bitter(O) .(O)","Input: "" I do n't want to go into more details than that but there are more details and they are bitter .
Output: ""(O) I(O) do(O) n't(O) want(O) to(O) go(O) into(O) more(O) details(O) than(O) that(O) but(O) there(O) are(O) more(O) details(O) and(O) they(O) are(O) bitter(O) .(O)"
13914,"['Speculation' 'that' 'Rubin' 'might' 'not' 'stay' 'in' 'his' 'post'
 'grew' 'after' 'he' 'sidestepped' 'questions' 'about' 'any' 'future'
 'Cabinet' 'post' 'during' 'television' 'interviews' 'at' 'the'
 'Democratic' 'convention' 'in' 'Chicago' 'this' 'week' '.']","['O', 'O', 'B-Person', 'O', 'O', 'O', 'O', 'O', 'O', 'O', 'O', 'O', 'O', 'O', 'O', 'O', 'O', 'B-Organization', 'O', 'O', 'O', 'O', 'O', 'O', 'B-Miscellaneous', 'O', 'O', 'B-Location', 'O', 'O', 'O']",Speculation that Rubin might not stay in his post grew after he sidestepped questions about any future Cabinet post during television interviews at the Democratic convention in Chicago this week .,"['Speculation(O)', 'that(O)', 'Rubin(B-Person)', 'might(O)', 'not(O)', 'stay(O)', 'in(O)', 'his(O)', 'post(O)', 'grew(O)', 'after(O)', 'he(O)', 'sidestepped(O)', 'questions(O)', 'about(O)', 'any(O)', 'future(O)', 'Cabinet(B-Organization)', 'post(O)', 'during(O)', 'television(O)', 'interviews(O)', 'at(O)', 'the(O)', 'Democratic(B-Miscellaneous)', 'convention(O)', 'in(O)', 'Chicago(B-Location)', 'this(O)', 'week(O)', '.(O)']",Speculation(O) that(O) Rubin(B-Person) might(O) not(O) stay(O) in(O) his(O) post(O) grew(O) after(O) he(O) sidestepped(O) questions(O) about(O) any(O) future(O) Cabinet(B-Organization) post(O) during(O) television(O) interviews(O) at(O) the(O) Democratic(B-Miscellaneous) convention(O) in(O) Chicago(B-Location) this(O) week(O) .(O),"Input: Speculation that Rubin might not stay in his post grew after he sidestepped questions about any future Cabinet post during television interviews at the Democratic convention in Chicago this week .
Output: Speculation(O) that(O) Rubin(B-Person) might(O) not(O) stay(O) in(O) his(O) post(O) grew(O) after(O) he(O) sidestepped(O) questions(O) about(O) any(O) future(O) Cabinet(B-Organization) post(O) during(O) television(O) interviews(O) at(O) the(O) Democratic(B-Miscellaneous) convention(O) in(O) Chicago(B-Location) this(O) week(O) .(O)"
5922,"['One' 'has' 'to' 'feel' 'a' 'bit' 'guilty' 'to' 'feel' 'the' 'need' 'for'
 'reconciling' 'yourself' 'to' 'a' 'historical' 'adversary' ',' '""' 'he'
 'said' '.']","['O', 'O', 'O', 'O', 'O', 'O', 'O', 'O', 'O', 'O', 'O', 'O', 'O', 'O', 'O', 'O', 'O', 'O', 'O', 'O', 'O', 'O', 'O']","One has to feel a bit guilty to feel the need for reconciling yourself to a historical adversary , "" he said .","['One(O)', 'has(O)', 'to(O)', 'feel(O)', 'a(O)', 'bit(O)', 'guilty(O)', 'to(O)', 'feel(O)', 'the(O)', 'need(O)', 'for(O)', 'reconciling(O)', 'yourself(O)', 'to(O)', 'a(O)', 'historical(O)', 'adversary(O)', ',(O)', '""(O)', 'he(O)', 'said(O)', '.(O)']","One(O) has(O) to(O) feel(O) a(O) bit(O) guilty(O) to(O) feel(O) the(O) need(O) for(O) reconciling(O) yourself(O) to(O) a(O) historical(O) adversary(O) ,(O) ""(O) he(O) said(O) .(O)","Input: One has to feel a bit guilty to feel the need for reconciling yourself to a historical adversary , "" he said .
Output: One(O) has(O) to(O) feel(O) a(O) bit(O) guilty(O) to(O) feel(O) the(O) need(O) for(O) reconciling(O) yourself(O) to(O) a(O) historical(O) adversary(O) ,(O) ""(O) he(O) said(O) .(O)"
12168,"['roughly' '3' 'percent' '.' '""']","['O', 'O', 'O', 'O', 'O']","roughly 3 percent . ""","['roughly(O)', '3(O)', 'percent(O)', '.(O)', '""(O)']","roughly(O) 3(O) percent(O) .(O) ""(O)","Input: roughly 3 percent . ""
Output: roughly(O) 3(O) percent(O) .(O) ""(O)"
7583,['--'],['O'],--,['--(O)'],--(O),"Input: --
Output: --(O)"
5814,['South' 'Queensland' '21' '4' '0' '17' '210' '460' '8'],"['B-Organization', 'I-Organization', 'O', 'O', 'O', 'O', 'O', 'O', 'O']",South Queensland 21 4 0 17 210 460 8,"['South(B-Organization)', 'Queensland(I-Organization)', '21(O)', '4(O)', '0(O)', '17(O)', '210(O)', '460(O)', '8(O)']",South(B-Organization) Queensland(I-Organization) 21(O) 4(O) 0(O) 17(O) 210(O) 460(O) 8(O),"Input: South Queensland 21 4 0 17 210 460 8
Output: South(B-Organization) Queensland(I-Organization) 21(O) 4(O) 0(O) 17(O) 210(O) 460(O) 8(O)"
12427,"['Standings' 'after' 'games' 'played' 'on' 'Wednesday' '(' 'tabulate'
 'under' '-']","['O', 'O', 'O', 'O', 'O', 'O', 'O', 'O', 'O', 'O']",Standings after games played on Wednesday ( tabulate under -,"['Standings(O)', 'after(O)', 'games(O)', 'played(O)', 'on(O)', 'Wednesday(O)', '((O)', 'tabulate(O)', 'under(O)', '-(O)']",Standings(O) after(O) games(O) played(O) on(O) Wednesday(O) ((O) tabulate(O) under(O) -(O),"Input: Standings after games played on Wednesday ( tabulate under -
Output: Standings(O) after(O) games(O) played(O) on(O) Wednesday(O) ((O) tabulate(O) under(O) -(O)"
13653,"['Demel' 'said' 'the' 'carmaker' 'had' 'hedged' 'about' 'half' 'of' 'its'
 'currency' 'risk' 'for' '1996' '.']","['B-Person', 'O', 'O', 'O', 'O', 'O', 'O', 'O', 'O', 'O', 'O', 'O', 'O', 'O', 'O']",Demel said the carmaker had hedged about half of its currency risk for 1996 .,"['Demel(B-Person)', 'said(O)', 'the(O)', 'carmaker(O)', 'had(O)', 'hedged(O)', 'about(O)', 'half(O)', 'of(O)', 'its(O)', 'currency(O)', 'risk(O)', 'for(O)', '1996(O)', '.(O)']",Demel(B-Person) said(O) the(O) carmaker(O) had(O) hedged(O) about(O) half(O) of(O) its(O) currency(O) risk(O) for(O) 1996(O) .(O),"Input: Demel said the carmaker had hedged about half of its currency risk for 1996 .
Output: Demel(B-Person) said(O) the(O) carmaker(O) had(O) hedged(O) about(O) half(O) of(O) its(O) currency(O) risk(O) for(O) 1996(O) .(O)"
8099,"['Its' 'own' 'quarries' 'came' 'under' 'attack' 'after' 'it' 'emerged'
 'that' 'it' 'may' 'be' 'a' 'supplier' 'for' 'the' 'Newbury' 'bypass' '.']","['O', 'O', 'O', 'O', 'O', 'O', 'O', 'O', 'O', 'O', 'O', 'O', 'O', 'O', 'O', 'O', 'O', 'B-Location', 'O', 'O']",Its own quarries came under attack after it emerged that it may be a supplier for the Newbury bypass .,"['Its(O)', 'own(O)', 'quarries(O)', 'came(O)', 'under(O)', 'attack(O)', 'after(O)', 'it(O)', 'emerged(O)', 'that(O)', 'it(O)', 'may(O)', 'be(O)', 'a(O)', 'supplier(O)', 'for(O)', 'the(O)', 'Newbury(B-Location)', 'bypass(O)', '.(O)']",Its(O) own(O) quarries(O) came(O) under(O) attack(O) after(O) it(O) emerged(O) that(O) it(O) may(O) be(O) a(O) supplier(O) for(O) the(O) Newbury(B-Location) bypass(O) .(O),"Input: Its own quarries came under attack after it emerged that it may be a supplier for the Newbury bypass .
Output: Its(O) own(O) quarries(O) came(O) under(O) attack(O) after(O) it(O) emerged(O) that(O) it(O) may(O) be(O) a(O) supplier(O) for(O) the(O) Newbury(B-Location) bypass(O) .(O)"
5317,['W' 'D' 'L' 'PCT' 'GB'],"['O', 'O', 'O', 'O', 'O']",W D L PCT GB,"['W(O)', 'D(O)', 'L(O)', 'PCT(O)', 'GB(O)']",W(O) D(O) L(O) PCT(O) GB(O),"Input: W D L PCT GB
Output: W(O) D(O) L(O) PCT(O) GB(O)"
1212,"['The' 'dog' 'attacked' 'Louis' 'Booy' 'in' 'the' 'front' 'garden' 'of'
 'his' 'grandparents' ""'"" 'house' 'in' 'Vanderbijlpark' 'near'
 'Johannesburg' 'on' 'Tuesday' '.']","['O', 'O', 'O', 'B-Person', 'I-Person', 'O', 'O', 'O', 'O', 'O', 'O', 'O', 'O', 'O', 'O', 'B-Location', 'O', 'B-Location', 'O', 'O', 'O']",The dog attacked Louis Booy in the front garden of his grandparents ' house in Vanderbijlpark near Johannesburg on Tuesday .,"['The(O)', 'dog(O)', 'attacked(O)', 'Louis(B-Person)', 'Booy(I-Person)', 'in(O)', 'the(O)', 'front(O)', 'garden(O)', 'of(O)', 'his(O)', 'grandparents(O)', ""'(O)"", 'house(O)', 'in(O)', 'Vanderbijlpark(B-Location)', 'near(O)', 'Johannesburg(B-Location)', 'on(O)', 'Tuesday(O)', '.(O)']",The(O) dog(O) attacked(O) Louis(B-Person) Booy(I-Person) in(O) the(O) front(O) garden(O) of(O) his(O) grandparents(O) '(O) house(O) in(O) Vanderbijlpark(B-Location) near(O) Johannesburg(B-Location) on(O) Tuesday(O) .(O),"Input: The dog attacked Louis Booy in the front garden of his grandparents ' house in Vanderbijlpark near Johannesburg on Tuesday .
Output: The(O) dog(O) attacked(O) Louis(B-Person) Booy(I-Person) in(O) the(O) front(O) garden(O) of(O) his(O) grandparents(O) '(O) house(O) in(O) Vanderbijlpark(B-Location) near(O) Johannesburg(B-Location) on(O) Tuesday(O) .(O)"
6456,['(' 'G.' 'Parsons' '4-36' ')' 'and' '135-9' '.'],"['O', 'B-Person', 'I-Person', 'O', 'O', 'O', 'O', 'O']",( G. Parsons 4-36 ) and 135-9 .,"['((O)', 'G.(B-Person)', 'Parsons(I-Person)', '4-36(O)', ')(O)', 'and(O)', '135-9(O)', '.(O)']",((O) G.(B-Person) Parsons(I-Person) 4-36(O) )(O) and(O) 135-9(O) .(O),"Input: ( G. Parsons 4-36 ) and 135-9 .
Output: ((O) G.(B-Person) Parsons(I-Person) 4-36(O) )(O) and(O) 135-9(O) .(O)"
2424,['2.' 'Maria' 'Mutola' '(' 'Mozambique' ')' '2:29.66'],"['O', 'B-Person', 'I-Person', 'O', 'B-Location', 'O', 'O']",2. Maria Mutola ( Mozambique ) 2:29.66,"['2.(O)', 'Maria(B-Person)', 'Mutola(I-Person)', '((O)', 'Mozambique(B-Location)', ')(O)', '2:29.66(O)']",2.(O) Maria(B-Person) Mutola(I-Person) ((O) Mozambique(B-Location) )(O) 2:29.66(O),"Input: 2. Maria Mutola ( Mozambique ) 2:29.66
Output: 2.(O) Maria(B-Person) Mutola(I-Person) ((O) Mozambique(B-Location) )(O) 2:29.66(O)"
7220,['A.' 'Flower' 'lbw' 'b' 'Flemming' '0'],"['B-Person', 'I-Person', 'O', 'O', 'B-Person', 'O']",A. Flower lbw b Flemming 0,"['A.(B-Person)', 'Flower(I-Person)', 'lbw(O)', 'b(O)', 'Flemming(B-Person)', '0(O)']",A.(B-Person) Flower(I-Person) lbw(O) b(O) Flemming(B-Person) 0(O),"Input: A. Flower lbw b Flemming 0
Output: A.(B-Person) Flower(I-Person) lbw(O) b(O) Flemming(B-Person) 0(O)"
1682,['(' 'A$' '1' '=' 'US$' '0.79' ')'],"['O', 'B-Miscellaneous', 'O', 'O', 'B-Miscellaneous', 'O', 'O']",( A$ 1 = US$ 0.79 ),"['((O)', 'A$(B-Miscellaneous)', '1(O)', '=(O)', 'US$(B-Miscellaneous)', '0.79(O)', ')(O)']",((O) A$(B-Miscellaneous) 1(O) =(O) US$(B-Miscellaneous) 0.79(O) )(O),"Input: ( A$ 1 = US$ 0.79 )
Output: ((O) A$(B-Miscellaneous) 1(O) =(O) US$(B-Miscellaneous) 0.79(O) )(O)"
1297,"['Argentine' 'raw' 'steel' 'output' 'was' '355,900' 'tonnes' 'in' 'July'
 ',' '14.8' 'percent' 'higher' 'than' 'in' 'July' '1995' 'and' 'up' '1.9'
 'percent' 'from' 'June' ',' 'Steel' 'Industry' 'Center' 'said' 'Thursday'
 '.']","['B-Miscellaneous', 'O', 'O', 'O', 'O', 'O', 'O', 'O', 'O', 'O', 'O', 'O', 'O', 'O', 'O', 'O', 'O', 'O', 'O', 'O', 'O', 'O', 'O', 'O', 'B-Organization', 'I-Organization', 'I-Organization', 'O', 'O', 'O']","Argentine raw steel output was 355,900 tonnes in July , 14.8 percent higher than in July 1995 and up 1.9 percent from June , Steel Industry Center said Thursday .","['Argentine(B-Miscellaneous)', 'raw(O)', 'steel(O)', 'output(O)', 'was(O)', '355,900(O)', 'tonnes(O)', 'in(O)', 'July(O)', ',(O)', '14.8(O)', 'percent(O)', 'higher(O)', 'than(O)', 'in(O)', 'July(O)', '1995(O)', 'and(O)', 'up(O)', '1.9(O)', 'percent(O)', 'from(O)', 'June(O)', ',(O)', 'Steel(B-Organization)', 'Industry(I-Organization)', 'Center(I-Organization)', 'said(O)', 'Thursday(O)', '.(O)']","Argentine(B-Miscellaneous) raw(O) steel(O) output(O) was(O) 355,900(O) tonnes(O) in(O) July(O) ,(O) 14.8(O) percent(O) higher(O) than(O) in(O) July(O) 1995(O) and(O) up(O) 1.9(O) percent(O) from(O) June(O) ,(O) Steel(B-Organization) Industry(I-Organization) Center(I-Organization) said(O) Thursday(O) .(O)","Input: Argentine raw steel output was 355,900 tonnes in July , 14.8 percent higher than in July 1995 and up 1.9 percent from June , Steel Industry Center said Thursday .
Output: Argentine(B-Miscellaneous) raw(O) steel(O) output(O) was(O) 355,900(O) tonnes(O) in(O) July(O) ,(O) 14.8(O) percent(O) higher(O) than(O) in(O) July(O) 1995(O) and(O) up(O) 1.9(O) percent(O) from(O) June(O) ,(O) Steel(B-Organization) Industry(I-Organization) Center(I-Organization) said(O) Thursday(O) .(O)"
7962,['MANILA' '1996-08-26'],"['B-Location', 'O']",MANILA 1996-08-26,"['MANILA(B-Location)', '1996-08-26(O)']",MANILA(B-Location) 1996-08-26(O),"Input: MANILA 1996-08-26
Output: MANILA(B-Location) 1996-08-26(O)"
393,"['Waldbaum' 'Hamlet' 'Cup' 'tennis' 'tournament' 'on' 'Wednesday' '('
 'prefix']","['B-Miscellaneous', 'I-Miscellaneous', 'I-Miscellaneous', 'O', 'O', 'O', 'O', 'O', 'O']",Waldbaum Hamlet Cup tennis tournament on Wednesday ( prefix,"['Waldbaum(B-Miscellaneous)', 'Hamlet(I-Miscellaneous)', 'Cup(I-Miscellaneous)', 'tennis(O)', 'tournament(O)', 'on(O)', 'Wednesday(O)', '((O)', 'prefix(O)']",Waldbaum(B-Miscellaneous) Hamlet(I-Miscellaneous) Cup(I-Miscellaneous) tennis(O) tournament(O) on(O) Wednesday(O) ((O) prefix(O),"Input: Waldbaum Hamlet Cup tennis tournament on Wednesday ( prefix
Output: Waldbaum(B-Miscellaneous) Hamlet(I-Miscellaneous) Cup(I-Miscellaneous) tennis(O) tournament(O) on(O) Wednesday(O) ((O) prefix(O)"
10863,"['Bowling' ':' 'Kumble' '10-1-40-0' ',' 'Prasad' '6-0-47-0' ',' 'Srinath']","['O', 'O', 'B-Person', 'O', 'O', 'B-Person', 'O', 'O', 'B-Person']","Bowling : Kumble 10-1-40-0 , Prasad 6-0-47-0 , Srinath","['Bowling(O)', ':(O)', 'Kumble(B-Person)', '10-1-40-0(O)', ',(O)', 'Prasad(B-Person)', '6-0-47-0(O)', ',(O)', 'Srinath(B-Person)']","Bowling(O) :(O) Kumble(B-Person) 10-1-40-0(O) ,(O) Prasad(B-Person) 6-0-47-0(O) ,(O) Srinath(B-Person)","Input: Bowling : Kumble 10-1-40-0 , Prasad 6-0-47-0 , Srinath
Output: Bowling(O) :(O) Kumble(B-Person) 10-1-40-0(O) ,(O) Prasad(B-Person) 6-0-47-0(O) ,(O) Srinath(B-Person)"
12188,"['""' 'We' 'agreed' 'that' 'following' 'detailed' 'scientific' 'analysis'
 'using' 'a' 'methodology' 'which' 'would' 'take' 'out' 'the' 'maximum'
 'number' 'of' 'BSE' 'cases' 'possible' '.']","['O', 'O', 'O', 'O', 'O', 'O', 'O', 'O', 'O', 'O', 'O', 'O', 'O', 'O', 'O', 'O', 'O', 'O', 'O', 'B-Miscellaneous', 'O', 'O', 'O']",""" We agreed that following detailed scientific analysis using a methodology which would take out the maximum number of BSE cases possible .","['""(O)', 'We(O)', 'agreed(O)', 'that(O)', 'following(O)', 'detailed(O)', 'scientific(O)', 'analysis(O)', 'using(O)', 'a(O)', 'methodology(O)', 'which(O)', 'would(O)', 'take(O)', 'out(O)', 'the(O)', 'maximum(O)', 'number(O)', 'of(O)', 'BSE(B-Miscellaneous)', 'cases(O)', 'possible(O)', '.(O)']","""(O) We(O) agreed(O) that(O) following(O) detailed(O) scientific(O) analysis(O) using(O) a(O) methodology(O) which(O) would(O) take(O) out(O) the(O) maximum(O) number(O) of(O) BSE(B-Miscellaneous) cases(O) possible(O) .(O)","Input: "" We agreed that following detailed scientific analysis using a methodology which would take out the maximum number of BSE cases possible .
Output: ""(O) We(O) agreed(O) that(O) following(O) detailed(O) scientific(O) analysis(O) using(O) a(O) methodology(O) which(O) would(O) take(O) out(O) the(O) maximum(O) number(O) of(O) BSE(B-Miscellaneous) cases(O) possible(O) .(O)"
70,['GOV' 'LAW' 'GERMAN' 'HOME' 'CTRY' '=' 'TAX' 'PROVS' 'STANDARD'],"['O', 'O', 'B-Miscellaneous', 'O', 'O', 'O', 'O', 'O', 'O']",GOV LAW GERMAN HOME CTRY = TAX PROVS STANDARD,"['GOV(O)', 'LAW(O)', 'GERMAN(B-Miscellaneous)', 'HOME(O)', 'CTRY(O)', '=(O)', 'TAX(O)', 'PROVS(O)', 'STANDARD(O)']",GOV(O) LAW(O) GERMAN(B-Miscellaneous) HOME(O) CTRY(O) =(O) TAX(O) PROVS(O) STANDARD(O),"Input: GOV LAW GERMAN HOME CTRY = TAX PROVS STANDARD
Output: GOV(O) LAW(O) GERMAN(B-Miscellaneous) HOME(O) CTRY(O) =(O) TAX(O) PROVS(O) STANDARD(O)"
727,['Qualifier' 'vs.' 'Michael' 'Stich' '(' 'Germany' ')'],"['O', 'O', 'B-Person', 'I-Person', 'O', 'B-Location', 'O']",Qualifier vs. Michael Stich ( Germany ),"['Qualifier(O)', 'vs.(O)', 'Michael(B-Person)', 'Stich(I-Person)', '((O)', 'Germany(B-Location)', ')(O)']",Qualifier(O) vs.(O) Michael(B-Person) Stich(I-Person) ((O) Germany(B-Location) )(O),"Input: Qualifier vs. Michael Stich ( Germany )
Output: Qualifier(O) vs.(O) Michael(B-Person) Stich(I-Person) ((O) Germany(B-Location) )(O)"
3433,"['CARLSBAD' ',' 'California' '1996-08-24']","['B-Location', 'O', 'B-Location', 'O']","CARLSBAD , California 1996-08-24","['CARLSBAD(B-Location)', ',(O)', 'California(B-Location)', '1996-08-24(O)']","CARLSBAD(B-Location) ,(O) California(B-Location) 1996-08-24(O)","Input: CARLSBAD , California 1996-08-24
Output: CARLSBAD(B-Location) ,(O) California(B-Location) 1996-08-24(O)"
10591,"['Brazilian' 'midfielder' 'Paulo' 'Sergio' 'put' 'Leverkusen' 'ahead' 'in'
 'the' '25th' 'minute' 'but' 'Alexander' 'Zickler' 'equalised' 'just' 'a'
 'minute' 'later' '.']","['B-Miscellaneous', 'O', 'B-Person', 'I-Person', 'O', 'B-Organization', 'O', 'O', 'O', 'O', 'O', 'O', 'B-Person', 'I-Person', 'O', 'O', 'O', 'O', 'O', 'O']",Brazilian midfielder Paulo Sergio put Leverkusen ahead in the 25th minute but Alexander Zickler equalised just a minute later .,"['Brazilian(B-Miscellaneous)', 'midfielder(O)', 'Paulo(B-Person)', 'Sergio(I-Person)', 'put(O)', 'Leverkusen(B-Organization)', 'ahead(O)', 'in(O)', 'the(O)', '25th(O)', 'minute(O)', 'but(O)', 'Alexander(B-Person)', 'Zickler(I-Person)', 'equalised(O)', 'just(O)', 'a(O)', 'minute(O)', 'later(O)', '.(O)']",Brazilian(B-Miscellaneous) midfielder(O) Paulo(B-Person) Sergio(I-Person) put(O) Leverkusen(B-Organization) ahead(O) in(O) the(O) 25th(O) minute(O) but(O) Alexander(B-Person) Zickler(I-Person) equalised(O) just(O) a(O) minute(O) later(O) .(O),"Input: Brazilian midfielder Paulo Sergio put Leverkusen ahead in the 25th minute but Alexander Zickler equalised just a minute later .
Output: Brazilian(B-Miscellaneous) midfielder(O) Paulo(B-Person) Sergio(I-Person) put(O) Leverkusen(B-Organization) ahead(O) in(O) the(O) 25th(O) minute(O) but(O) Alexander(B-Person) Zickler(I-Person) equalised(O) just(O) a(O) minute(O) later(O) .(O)"
4303,"['The' 'eight-year' 'war' 'between' 'the' 'two' 'countries' 'ended' 'with'
 'a' 'U.N.-sponsored' 'ceasefire' '.']","['O', 'O', 'O', 'O', 'O', 'O', 'O', 'O', 'O', 'O', 'B-Miscellaneous', 'O', 'O']",The eight-year war between the two countries ended with a U.N.-sponsored ceasefire .,"['The(O)', 'eight-year(O)', 'war(O)', 'between(O)', 'the(O)', 'two(O)', 'countries(O)', 'ended(O)', 'with(O)', 'a(O)', 'U.N.-sponsored(B-Miscellaneous)', 'ceasefire(O)', '.(O)']",The(O) eight-year(O) war(O) between(O) the(O) two(O) countries(O) ended(O) with(O) a(O) U.N.-sponsored(B-Miscellaneous) ceasefire(O) .(O),"Input: The eight-year war between the two countries ended with a U.N.-sponsored ceasefire .
Output: The(O) eight-year(O) war(O) between(O) the(O) two(O) countries(O) ended(O) with(O) a(O) U.N.-sponsored(B-Miscellaneous) ceasefire(O) .(O)"
10519,"['Basuki' ',' 'a' 'first-round' 'loser' 'here' 'for' 'the' 'fifth'
 'consecutive' 'year' ',' 'was' 'clearly' 'going' 'for' 'winners' ','
 'hitting' 'the' 'lines' 'and' 'running' 'Graf' 'around' 'the' 'court'
 'as' 'she' 'broke' 'the' 'top' 'seed' 'twice' 'in' 'the' 'second' 'set'
 'to' 'grab' 'that' 'shocking' '5-2' 'lead' '.']","['B-Person', 'O', 'O', 'O', 'O', 'O', 'O', 'O', 'O', 'O', 'O', 'O', 'O', 'O', 'O', 'O', 'O', 'O', 'O', 'O', 'O', 'O', 'O', 'B-Person', 'O', 'O', 'O', 'O', 'O', 'O', 'O', 'O', 'O', 'O', 'O', 'O', 'O', 'O', 'O', 'O', 'O', 'O', 'O', 'O', 'O']","Basuki , a first-round loser here for the fifth consecutive year , was clearly going for winners , hitting the lines and running Graf around the court as she broke the top seed twice in the second set to grab that shocking 5-2 lead .","['Basuki(B-Person)', ',(O)', 'a(O)', 'first-round(O)', 'loser(O)', 'here(O)', 'for(O)', 'the(O)', 'fifth(O)', 'consecutive(O)', 'year(O)', ',(O)', 'was(O)', 'clearly(O)', 'going(O)', 'for(O)', 'winners(O)', ',(O)', 'hitting(O)', 'the(O)', 'lines(O)', 'and(O)', 'running(O)', 'Graf(B-Person)', 'around(O)', 'the(O)', 'court(O)', 'as(O)', 'she(O)', 'broke(O)', 'the(O)', 'top(O)', 'seed(O)', 'twice(O)', 'in(O)', 'the(O)', 'second(O)', 'set(O)', 'to(O)', 'grab(O)', 'that(O)', 'shocking(O)', '5-2(O)', 'lead(O)', '.(O)']","Basuki(B-Person) ,(O) a(O) first-round(O) loser(O) here(O) for(O) the(O) fifth(O) consecutive(O) year(O) ,(O) was(O) clearly(O) going(O) for(O) winners(O) ,(O) hitting(O) the(O) lines(O) and(O) running(O) Graf(B-Person) around(O) the(O) court(O) as(O) she(O) broke(O) the(O) top(O) seed(O) twice(O) in(O) the(O) second(O) set(O) to(O) grab(O) that(O) shocking(O) 5-2(O) lead(O) .(O)","Input: Basuki , a first-round loser here for the fifth consecutive year , was clearly going for winners , hitting the lines and running Graf around the court as she broke the top seed twice in the second set to grab that shocking 5-2 lead .
Output: Basuki(B-Person) ,(O) a(O) first-round(O) loser(O) here(O) for(O) the(O) fifth(O) consecutive(O) year(O) ,(O) was(O) clearly(O) going(O) for(O) winners(O) ,(O) hitting(O) the(O) lines(O) and(O) running(O) Graf(B-Person) around(O) the(O) court(O) as(O) she(O) broke(O) the(O) top(O) seed(O) twice(O) in(O) the(O) second(O) set(O) to(O) grab(O) that(O) shocking(O) 5-2(O) lead(O) .(O)"
3160,"['""' 'Coming' 'just' 'a' 'million' 'guilders' 'under' 'the' 'forecast'
 'range' 'is' ""n't"" 'overwhelmingly' 'surprising' ',' '""' 'said' 'ING'
 'analyst' 'Steven' 'Vrolijk' ',' 'who' 'is' 'continuing' 'to' 'look'
 'for' 'a' 'nine' 'to' '10' 'percent' 'rise' 'in' '1996' 'earnings' '.']","['O', 'O', 'O', 'O', 'O', 'O', 'O', 'O', 'O', 'O', 'O', 'O', 'O', 'O', 'O', 'O', 'O', 'B-Organization', 'O', 'B-Person', 'I-Person', 'O', 'O', 'O', 'O', 'O', 'O', 'O', 'O', 'O', 'O', 'O', 'O', 'O', 'O', 'O', 'O', 'O']",""" Coming just a million guilders under the forecast range is n't overwhelmingly surprising , "" said ING analyst Steven Vrolijk , who is continuing to look for a nine to 10 percent rise in 1996 earnings .","['""(O)', 'Coming(O)', 'just(O)', 'a(O)', 'million(O)', 'guilders(O)', 'under(O)', 'the(O)', 'forecast(O)', 'range(O)', 'is(O)', ""n't(O)"", 'overwhelmingly(O)', 'surprising(O)', ',(O)', '""(O)', 'said(O)', 'ING(B-Organization)', 'analyst(O)', 'Steven(B-Person)', 'Vrolijk(I-Person)', ',(O)', 'who(O)', 'is(O)', 'continuing(O)', 'to(O)', 'look(O)', 'for(O)', 'a(O)', 'nine(O)', 'to(O)', '10(O)', 'percent(O)', 'rise(O)', 'in(O)', '1996(O)', 'earnings(O)', '.(O)']","""(O) Coming(O) just(O) a(O) million(O) guilders(O) under(O) the(O) forecast(O) range(O) is(O) n't(O) overwhelmingly(O) surprising(O) ,(O) ""(O) said(O) ING(B-Organization) analyst(O) Steven(B-Person) Vrolijk(I-Person) ,(O) who(O) is(O) continuing(O) to(O) look(O) for(O) a(O) nine(O) to(O) 10(O) percent(O) rise(O) in(O) 1996(O) earnings(O) .(O)","Input: "" Coming just a million guilders under the forecast range is n't overwhelmingly surprising , "" said ING analyst Steven Vrolijk , who is continuing to look for a nine to 10 percent rise in 1996 earnings .
Output: ""(O) Coming(O) just(O) a(O) million(O) guilders(O) under(O) the(O) forecast(O) range(O) is(O) n't(O) overwhelmingly(O) surprising(O) ,(O) ""(O) said(O) ING(B-Organization) analyst(O) Steven(B-Person) Vrolijk(I-Person) ,(O) who(O) is(O) continuing(O) to(O) look(O) for(O) a(O) nine(O) to(O) 10(O) percent(O) rise(O) in(O) 1996(O) earnings(O) .(O)"
855,"['Alex' 'Rodriguez' 'had' 'two' 'homers' 'and' 'four' 'RBI' 'for' 'the'
 'Mariners' ',' 'who' 'have' 'dropped' 'three' 'in' 'a' 'row' 'and' '11'
 'of' '15' '.']","['B-Person', 'I-Person', 'O', 'O', 'O', 'O', 'O', 'B-Miscellaneous', 'O', 'O', 'B-Organization', 'O', 'O', 'O', 'O', 'O', 'O', 'O', 'O', 'O', 'O', 'O', 'O', 'O']","Alex Rodriguez had two homers and four RBI for the Mariners , who have dropped three in a row and 11 of 15 .","['Alex(B-Person)', 'Rodriguez(I-Person)', 'had(O)', 'two(O)', 'homers(O)', 'and(O)', 'four(O)', 'RBI(B-Miscellaneous)', 'for(O)', 'the(O)', 'Mariners(B-Organization)', ',(O)', 'who(O)', 'have(O)', 'dropped(O)', 'three(O)', 'in(O)', 'a(O)', 'row(O)', 'and(O)', '11(O)', 'of(O)', '15(O)', '.(O)']","Alex(B-Person) Rodriguez(I-Person) had(O) two(O) homers(O) and(O) four(O) RBI(B-Miscellaneous) for(O) the(O) Mariners(B-Organization) ,(O) who(O) have(O) dropped(O) three(O) in(O) a(O) row(O) and(O) 11(O) of(O) 15(O) .(O)","Input: Alex Rodriguez had two homers and four RBI for the Mariners , who have dropped three in a row and 11 of 15 .
Output: Alex(B-Person) Rodriguez(I-Person) had(O) two(O) homers(O) and(O) four(O) RBI(B-Miscellaneous) for(O) the(O) Mariners(B-Organization) ,(O) who(O) have(O) dropped(O) three(O) in(O) a(O) row(O) and(O) 11(O) of(O) 15(O) .(O)"
13692,"['Hong' 'Kong' ""'s"" 'economy' 'grew' 'by' 'only' '3.1' 'percent' 'in'
 'the' 'first' 'quarter' ',' 'down' 'from' '5.9' 'percent' 'a' 'year'
 'earlier' ',' 'and' 'some' 'private' 'sector' 'economists' 'have'
 'revised' 'downwards' 'their' 'predictions' 'for' 'the' '1996' 'year' '.']","['B-Location', 'I-Location', 'O', 'O', 'O', 'O', 'O', 'O', 'O', 'O', 'O', 'O', 'O', 'O', 'O', 'O', 'O', 'O', 'O', 'O', 'O', 'O', 'O', 'O', 'O', 'O', 'O', 'O', 'O', 'O', 'O', 'O', 'O', 'O', 'O', 'O', 'O']","Hong Kong 's economy grew by only 3.1 percent in the first quarter , down from 5.9 percent a year earlier , and some private sector economists have revised downwards their predictions for the 1996 year .","['Hong(B-Location)', 'Kong(I-Location)', ""'s(O)"", 'economy(O)', 'grew(O)', 'by(O)', 'only(O)', '3.1(O)', 'percent(O)', 'in(O)', 'the(O)', 'first(O)', 'quarter(O)', ',(O)', 'down(O)', 'from(O)', '5.9(O)', 'percent(O)', 'a(O)', 'year(O)', 'earlier(O)', ',(O)', 'and(O)', 'some(O)', 'private(O)', 'sector(O)', 'economists(O)', 'have(O)', 'revised(O)', 'downwards(O)', 'their(O)', 'predictions(O)', 'for(O)', 'the(O)', '1996(O)', 'year(O)', '.(O)']","Hong(B-Location) Kong(I-Location) 's(O) economy(O) grew(O) by(O) only(O) 3.1(O) percent(O) in(O) the(O) first(O) quarter(O) ,(O) down(O) from(O) 5.9(O) percent(O) a(O) year(O) earlier(O) ,(O) and(O) some(O) private(O) sector(O) economists(O) have(O) revised(O) downwards(O) their(O) predictions(O) for(O) the(O) 1996(O) year(O) .(O)","Input: Hong Kong 's economy grew by only 3.1 percent in the first quarter , down from 5.9 percent a year earlier , and some private sector economists have revised downwards their predictions for the 1996 year .
Output: Hong(B-Location) Kong(I-Location) 's(O) economy(O) grew(O) by(O) only(O) 3.1(O) percent(O) in(O) the(O) first(O) quarter(O) ,(O) down(O) from(O) 5.9(O) percent(O) a(O) year(O) earlier(O) ,(O) and(O) some(O) private(O) sector(O) economists(O) have(O) revised(O) downwards(O) their(O) predictions(O) for(O) the(O) 1996(O) year(O) .(O)"
10428,"['lost' ',' 'winning' 'percentage' 'and' 'games' 'behind' ')' ':']","['O', 'O', 'O', 'O', 'O', 'O', 'O', 'O', 'O']","lost , winning percentage and games behind ) :","['lost(O)', ',(O)', 'winning(O)', 'percentage(O)', 'and(O)', 'games(O)', 'behind(O)', ')(O)', ':(O)']","lost(O) ,(O) winning(O) percentage(O) and(O) games(O) behind(O) )(O) :(O)","Input: lost , winning percentage and games behind ) :
Output: lost(O) ,(O) winning(O) percentage(O) and(O) games(O) behind(O) )(O) :(O)"
4669,['2.' 'Anne' 'Marken' '(' 'Belgium' ')' '55.90'],"['O', 'B-Person', 'I-Person', 'O', 'B-Location', 'O', 'O']",2. Anne Marken ( Belgium ) 55.90,"['2.(O)', 'Anne(B-Person)', 'Marken(I-Person)', '((O)', 'Belgium(B-Location)', ')(O)', '55.90(O)']",2.(O) Anne(B-Person) Marken(I-Person) ((O) Belgium(B-Location) )(O) 55.90(O),"Input: 2. Anne Marken ( Belgium ) 55.90
Output: 2.(O) Anne(B-Person) Marken(I-Person) ((O) Belgium(B-Location) )(O) 55.90(O)"
8635,"['Chang' 'committed' 'an' 'untidy' '53' 'unforced' 'errors' ',' 'though'
 'he' 'made' 'seven' 'fewer' 'than' 'the' 'Brazilian' ',' 'who' 'also'
 'walloped' 'a' 'woeful' '24' 'double' 'faults' '.']","['B-Person', 'O', 'O', 'O', 'O', 'O', 'O', 'O', 'O', 'O', 'O', 'O', 'O', 'O', 'O', 'B-Miscellaneous', 'O', 'O', 'O', 'O', 'O', 'O', 'O', 'O', 'O', 'O']","Chang committed an untidy 53 unforced errors , though he made seven fewer than the Brazilian , who also walloped a woeful 24 double faults .","['Chang(B-Person)', 'committed(O)', 'an(O)', 'untidy(O)', '53(O)', 'unforced(O)', 'errors(O)', ',(O)', 'though(O)', 'he(O)', 'made(O)', 'seven(O)', 'fewer(O)', 'than(O)', 'the(O)', 'Brazilian(B-Miscellaneous)', ',(O)', 'who(O)', 'also(O)', 'walloped(O)', 'a(O)', 'woeful(O)', '24(O)', 'double(O)', 'faults(O)', '.(O)']","Chang(B-Person) committed(O) an(O) untidy(O) 53(O) unforced(O) errors(O) ,(O) though(O) he(O) made(O) seven(O) fewer(O) than(O) the(O) Brazilian(B-Miscellaneous) ,(O) who(O) also(O) walloped(O) a(O) woeful(O) 24(O) double(O) faults(O) .(O)","Input: Chang committed an untidy 53 unforced errors , though he made seven fewer than the Brazilian , who also walloped a woeful 24 double faults .
Output: Chang(B-Person) committed(O) an(O) untidy(O) 53(O) unforced(O) errors(O) ,(O) though(O) he(O) made(O) seven(O) fewer(O) than(O) the(O) Brazilian(B-Miscellaneous) ,(O) who(O) also(O) walloped(O) a(O) woeful(O) 24(O) double(O) faults(O) .(O)"
3813,['W' 'D' 'L' 'PCT' 'GB'],"['O', 'O', 'O', 'O', 'O']",W D L PCT GB,"['W(O)', 'D(O)', 'L(O)', 'PCT(O)', 'GB(O)']",W(O) D(O) L(O) PCT(O) GB(O),"Input: W D L PCT GB
Output: W(O) D(O) L(O) PCT(O) GB(O)"
5926,['Moslem' 'refugees' 'seek' 'to' 'vote' 'in' 'Serb-held' 'town' '.'],"['B-Miscellaneous', 'O', 'O', 'O', 'O', 'O', 'B-Miscellaneous', 'O', 'O']",Moslem refugees seek to vote in Serb-held town .,"['Moslem(B-Miscellaneous)', 'refugees(O)', 'seek(O)', 'to(O)', 'vote(O)', 'in(O)', 'Serb-held(B-Miscellaneous)', 'town(O)', '.(O)']",Moslem(B-Miscellaneous) refugees(O) seek(O) to(O) vote(O) in(O) Serb-held(B-Miscellaneous) town(O) .(O),"Input: Moslem refugees seek to vote in Serb-held town .
Output: Moslem(B-Miscellaneous) refugees(O) seek(O) to(O) vote(O) in(O) Serb-held(B-Miscellaneous) town(O) .(O)"
1546,"['The' 'officials' 'had' 'been' 'positive' 'about' 'Kinkel' ""'s"" 'request'
 'on' 'Wednesday' 'that' 'President' 'Boris' 'Yeltsin' ""'s"" 'security'
 'chief' 'Alexander' 'Lebed' 'should' ',' 'on' 'his' 'return' 'to'
 'Moscow' ',' 'meet' 'Tim' 'Goldiman' ',' 'the' 'OSCE' 'representative'
 'responsible' 'for' 'Chechnya' ',' 'he' 'said' '.']","['O', 'O', 'O', 'O', 'O', 'O', 'B-Person', 'O', 'O', 'O', 'O', 'O', 'O', 'B-Person', 'I-Person', 'O', 'O', 'O', 'B-Person', 'I-Person', 'O', 'O', 'O', 'O', 'O', 'O', 'B-Location', 'O', 'O', 'B-Person', 'I-Person', 'O', 'O', 'B-Organization', 'O', 'O', 'O', 'B-Location', 'O', 'O', 'O', 'O']","The officials had been positive about Kinkel 's request on Wednesday that President Boris Yeltsin 's security chief Alexander Lebed should , on his return to Moscow , meet Tim Goldiman , the OSCE representative responsible for Chechnya , he said .","['The(O)', 'officials(O)', 'had(O)', 'been(O)', 'positive(O)', 'about(O)', 'Kinkel(B-Person)', ""'s(O)"", 'request(O)', 'on(O)', 'Wednesday(O)', 'that(O)', 'President(O)', 'Boris(B-Person)', 'Yeltsin(I-Person)', ""'s(O)"", 'security(O)', 'chief(O)', 'Alexander(B-Person)', 'Lebed(I-Person)', 'should(O)', ',(O)', 'on(O)', 'his(O)', 'return(O)', 'to(O)', 'Moscow(B-Location)', ',(O)', 'meet(O)', 'Tim(B-Person)', 'Goldiman(I-Person)', ',(O)', 'the(O)', 'OSCE(B-Organization)', 'representative(O)', 'responsible(O)', 'for(O)', 'Chechnya(B-Location)', ',(O)', 'he(O)', 'said(O)', '.(O)']","The(O) officials(O) had(O) been(O) positive(O) about(O) Kinkel(B-Person) 's(O) request(O) on(O) Wednesday(O) that(O) President(O) Boris(B-Person) Yeltsin(I-Person) 's(O) security(O) chief(O) Alexander(B-Person) Lebed(I-Person) should(O) ,(O) on(O) his(O) return(O) to(O) Moscow(B-Location) ,(O) meet(O) Tim(B-Person) Goldiman(I-Person) ,(O) the(O) OSCE(B-Organization) representative(O) responsible(O) for(O) Chechnya(B-Location) ,(O) he(O) said(O) .(O)","Input: The officials had been positive about Kinkel 's request on Wednesday that President Boris Yeltsin 's security chief Alexander Lebed should , on his return to Moscow , meet Tim Goldiman , the OSCE representative responsible for Chechnya , he said .
Output: The(O) officials(O) had(O) been(O) positive(O) about(O) Kinkel(B-Person) 's(O) request(O) on(O) Wednesday(O) that(O) President(O) Boris(B-Person) Yeltsin(I-Person) 's(O) security(O) chief(O) Alexander(B-Person) Lebed(I-Person) should(O) ,(O) on(O) his(O) return(O) to(O) Moscow(B-Location) ,(O) meet(O) Tim(B-Person) Goldiman(I-Person) ,(O) the(O) OSCE(B-Organization) representative(O) responsible(O) for(O) Chechnya(B-Location) ,(O) he(O) said(O) .(O)"
5358,['TEXAS' '74' '56' '.569' '-'],"['B-Organization', 'O', 'O', 'O', 'O']",TEXAS 74 56 .569 -,"['TEXAS(B-Organization)', '74(O)', '56(O)', '.569(O)', '-(O)']",TEXAS(B-Organization) 74(O) 56(O) .569(O) -(O),"Input: TEXAS 74 56 .569 -
Output: TEXAS(B-Organization) 74(O) 56(O) .569(O) -(O)"
4382,"['VERONA' ',' 'Italy' '1996-08-24']","['B-Location', 'O', 'B-Location', 'O']","VERONA , Italy 1996-08-24","['VERONA(B-Location)', ',(O)', 'Italy(B-Location)', '1996-08-24(O)']","VERONA(B-Location) ,(O) Italy(B-Location) 1996-08-24(O)","Input: VERONA , Italy 1996-08-24
Output: VERONA(B-Location) ,(O) Italy(B-Location) 1996-08-24(O)"
5927,['Samir' 'Arnaut'],"['B-Person', 'I-Person']",Samir Arnaut,"['Samir(B-Person)', 'Arnaut(I-Person)']",Samir(B-Person) Arnaut(I-Person),"Input: Samir Arnaut
Output: Samir(B-Person) Arnaut(I-Person)"
7328,"['""' 'The' 'head' 'of' 'state' ""'s"" 'holiday' 'has' 'only' 'just' 'begun'
 ',' '""' 'the' 'agency' 'quoted' 'Sergei' 'Yastrzhembsky' 'as' 'saying'
 ',' 'adding' 'that' 'the' 'president' 'was' 'currently' 'in' 'a'
 'Kremlin' 'residence' 'near' 'Moscow' '.']","['O', 'O', 'O', 'O', 'O', 'O', 'O', 'O', 'O', 'O', 'O', 'O', 'O', 'O', 'O', 'O', 'B-Person', 'I-Person', 'O', 'O', 'O', 'O', 'O', 'O', 'O', 'O', 'O', 'O', 'O', 'B-Location', 'O', 'O', 'B-Location', 'O']",""" The head of state 's holiday has only just begun , "" the agency quoted Sergei Yastrzhembsky as saying , adding that the president was currently in a Kremlin residence near Moscow .","['""(O)', 'The(O)', 'head(O)', 'of(O)', 'state(O)', ""'s(O)"", 'holiday(O)', 'has(O)', 'only(O)', 'just(O)', 'begun(O)', ',(O)', '""(O)', 'the(O)', 'agency(O)', 'quoted(O)', 'Sergei(B-Person)', 'Yastrzhembsky(I-Person)', 'as(O)', 'saying(O)', ',(O)', 'adding(O)', 'that(O)', 'the(O)', 'president(O)', 'was(O)', 'currently(O)', 'in(O)', 'a(O)', 'Kremlin(B-Location)', 'residence(O)', 'near(O)', 'Moscow(B-Location)', '.(O)']","""(O) The(O) head(O) of(O) state(O) 's(O) holiday(O) has(O) only(O) just(O) begun(O) ,(O) ""(O) the(O) agency(O) quoted(O) Sergei(B-Person) Yastrzhembsky(I-Person) as(O) saying(O) ,(O) adding(O) that(O) the(O) president(O) was(O) currently(O) in(O) a(O) Kremlin(B-Location) residence(O) near(O) Moscow(B-Location) .(O)","Input: "" The head of state 's holiday has only just begun , "" the agency quoted Sergei Yastrzhembsky as saying , adding that the president was currently in a Kremlin residence near Moscow .
Output: ""(O) The(O) head(O) of(O) state(O) 's(O) holiday(O) has(O) only(O) just(O) begun(O) ,(O) ""(O) the(O) agency(O) quoted(O) Sergei(B-Person) Yastrzhembsky(I-Person) as(O) saying(O) ,(O) adding(O) that(O) the(O) president(O) was(O) currently(O) in(O) a(O) Kremlin(B-Location) residence(O) near(O) Moscow(B-Location) .(O)"
6336,"['Summary' 'of' 'Monday' ""'s"" 'English']","['O', 'O', 'O', 'O', 'B-Miscellaneous']",Summary of Monday 's English,"['Summary(O)', 'of(O)', 'Monday(O)', ""'s(O)"", 'English(B-Miscellaneous)']",Summary(O) of(O) Monday(O) 's(O) English(B-Miscellaneous),"Input: Summary of Monday 's English
Output: Summary(O) of(O) Monday(O) 's(O) English(B-Miscellaneous)"
12334,"['Bowling' ':' 'Wasim' 'Akram' '9.4-1-45-3' ',' 'Waqar' 'Younis'
 '7-0-28-1' ',']","['O', 'O', 'B-Person', 'I-Person', 'O', 'O', 'B-Person', 'I-Person', 'O', 'O']","Bowling : Wasim Akram 9.4-1-45-3 , Waqar Younis 7-0-28-1 ,","['Bowling(O)', ':(O)', 'Wasim(B-Person)', 'Akram(I-Person)', '9.4-1-45-3(O)', ',(O)', 'Waqar(B-Person)', 'Younis(I-Person)', '7-0-28-1(O)', ',(O)']","Bowling(O) :(O) Wasim(B-Person) Akram(I-Person) 9.4-1-45-3(O) ,(O) Waqar(B-Person) Younis(I-Person) 7-0-28-1(O) ,(O)","Input: Bowling : Wasim Akram 9.4-1-45-3 , Waqar Younis 7-0-28-1 ,
Output: Bowling(O) :(O) Wasim(B-Person) Akram(I-Person) 9.4-1-45-3(O) ,(O) Waqar(B-Person) Younis(I-Person) 7-0-28-1(O) ,(O)"
319,"['EU' 'leaders' 'agreed' 'at' 'a' 'summit' 'in' 'June' 'to' 'a'
 'progressive' 'lifting' 'of' 'the' 'ban' 'as' 'Britain' 'takes'
 'parallel' 'measures' 'to' 'eradicate' 'the' 'disease' '.']","['B-Organization', 'O', 'O', 'O', 'O', 'O', 'O', 'O', 'O', 'O', 'O', 'O', 'O', 'O', 'O', 'O', 'B-Location', 'O', 'O', 'O', 'O', 'O', 'O', 'O', 'O']",EU leaders agreed at a summit in June to a progressive lifting of the ban as Britain takes parallel measures to eradicate the disease .,"['EU(B-Organization)', 'leaders(O)', 'agreed(O)', 'at(O)', 'a(O)', 'summit(O)', 'in(O)', 'June(O)', 'to(O)', 'a(O)', 'progressive(O)', 'lifting(O)', 'of(O)', 'the(O)', 'ban(O)', 'as(O)', 'Britain(B-Location)', 'takes(O)', 'parallel(O)', 'measures(O)', 'to(O)', 'eradicate(O)', 'the(O)', 'disease(O)', '.(O)']",EU(B-Organization) leaders(O) agreed(O) at(O) a(O) summit(O) in(O) June(O) to(O) a(O) progressive(O) lifting(O) of(O) the(O) ban(O) as(O) Britain(B-Location) takes(O) parallel(O) measures(O) to(O) eradicate(O) the(O) disease(O) .(O),"Input: EU leaders agreed at a summit in June to a progressive lifting of the ban as Britain takes parallel measures to eradicate the disease .
Output: EU(B-Organization) leaders(O) agreed(O) at(O) a(O) summit(O) in(O) June(O) to(O) a(O) progressive(O) lifting(O) of(O) the(O) ban(O) as(O) Britain(B-Location) takes(O) parallel(O) measures(O) to(O) eradicate(O) the(O) disease(O) .(O)"
10917,"['Testing' 'has' 'begun' 'and' 'results' 'will' 'be' 'announced' 'within'
 'the' 'next' 'several' 'days' ',' 'Arch' 'said' '.']","['O', 'O', 'O', 'O', 'O', 'O', 'O', 'O', 'O', 'O', 'O', 'O', 'O', 'O', 'B-Organization', 'O', 'O']","Testing has begun and results will be announced within the next several days , Arch said .","['Testing(O)', 'has(O)', 'begun(O)', 'and(O)', 'results(O)', 'will(O)', 'be(O)', 'announced(O)', 'within(O)', 'the(O)', 'next(O)', 'several(O)', 'days(O)', ',(O)', 'Arch(B-Organization)', 'said(O)', '.(O)']","Testing(O) has(O) begun(O) and(O) results(O) will(O) be(O) announced(O) within(O) the(O) next(O) several(O) days(O) ,(O) Arch(B-Organization) said(O) .(O)","Input: Testing has begun and results will be announced within the next several days , Arch said .
Output: Testing(O) has(O) begun(O) and(O) results(O) will(O) be(O) announced(O) within(O) the(O) next(O) several(O) days(O) ,(O) Arch(B-Organization) said(O) .(O)"
11581,"['Talking' 'about' 'the' 'cement' 'industry' 'in' 'general' ','
 'Palkhivala' 'said' 'Indian' 'production' 'rose' 'by' 'about' '10'
 'percent' 'in' '1995/96' '.']","['O', 'O', 'O', 'O', 'O', 'O', 'O', 'O', 'B-Person', 'O', 'B-Miscellaneous', 'O', 'O', 'O', 'O', 'O', 'O', 'O', 'O', 'O']","Talking about the cement industry in general , Palkhivala said Indian production rose by about 10 percent in 1995/96 .","['Talking(O)', 'about(O)', 'the(O)', 'cement(O)', 'industry(O)', 'in(O)', 'general(O)', ',(O)', 'Palkhivala(B-Person)', 'said(O)', 'Indian(B-Miscellaneous)', 'production(O)', 'rose(O)', 'by(O)', 'about(O)', '10(O)', 'percent(O)', 'in(O)', '1995/96(O)', '.(O)']","Talking(O) about(O) the(O) cement(O) industry(O) in(O) general(O) ,(O) Palkhivala(B-Person) said(O) Indian(B-Miscellaneous) production(O) rose(O) by(O) about(O) 10(O) percent(O) in(O) 1995/96(O) .(O)","Input: Talking about the cement industry in general , Palkhivala said Indian production rose by about 10 percent in 1995/96 .
Output: Talking(O) about(O) the(O) cement(O) industry(O) in(O) general(O) ,(O) Palkhivala(B-Person) said(O) Indian(B-Miscellaneous) production(O) rose(O) by(O) about(O) 10(O) percent(O) in(O) 1995/96(O) .(O)"
6655,['Inter' 'Bratislava' '0' 'Slovan' 'Bratislava' '2'],"['B-Organization', 'I-Organization', 'O', 'B-Organization', 'I-Organization', 'O']",Inter Bratislava 0 Slovan Bratislava 2,"['Inter(B-Organization)', 'Bratislava(I-Organization)', '0(O)', 'Slovan(B-Organization)', 'Bratislava(I-Organization)', '2(O)']",Inter(B-Organization) Bratislava(I-Organization) 0(O) Slovan(B-Organization) Bratislava(I-Organization) 2(O),"Input: Inter Bratislava 0 Slovan Bratislava 2
Output: Inter(B-Organization) Bratislava(I-Organization) 0(O) Slovan(B-Organization) Bratislava(I-Organization) 2(O)"
9047,"['Although' 'Gajdos' 'spoke' 'of' '""' 'girls' '""' 'his' 'deputy' ',' 'Eva'
 'Boudova' ',' 'said' 'the' 'case' 'involved' 'about' '10' 'young' 'women'
 'in' 'their' 'early' '20s' '.']","['O', 'B-Person', 'O', 'O', 'O', 'O', 'O', 'O', 'O', 'O', 'B-Person', 'I-Person', 'O', 'O', 'O', 'O', 'O', 'O', 'O', 'O', 'O', 'O', 'O', 'O', 'O', 'O']","Although Gajdos spoke of "" girls "" his deputy , Eva Boudova , said the case involved about 10 young women in their early 20s .","['Although(O)', 'Gajdos(B-Person)', 'spoke(O)', 'of(O)', '""(O)', 'girls(O)', '""(O)', 'his(O)', 'deputy(O)', ',(O)', 'Eva(B-Person)', 'Boudova(I-Person)', ',(O)', 'said(O)', 'the(O)', 'case(O)', 'involved(O)', 'about(O)', '10(O)', 'young(O)', 'women(O)', 'in(O)', 'their(O)', 'early(O)', '20s(O)', '.(O)']","Although(O) Gajdos(B-Person) spoke(O) of(O) ""(O) girls(O) ""(O) his(O) deputy(O) ,(O) Eva(B-Person) Boudova(I-Person) ,(O) said(O) the(O) case(O) involved(O) about(O) 10(O) young(O) women(O) in(O) their(O) early(O) 20s(O) .(O)","Input: Although Gajdos spoke of "" girls "" his deputy , Eva Boudova , said the case involved about 10 young women in their early 20s .
Output: Although(O) Gajdos(B-Person) spoke(O) of(O) ""(O) girls(O) ""(O) his(O) deputy(O) ,(O) Eva(B-Person) Boudova(I-Person) ,(O) said(O) the(O) case(O) involved(O) about(O) 10(O) young(O) women(O) in(O) their(O) early(O) 20s(O) .(O)"
584,['Scorers' ':'],"['O', 'O']",Scorers :,"['Scorers(O)', ':(O)']",Scorers(O) :(O),"Input: Scorers :
Output: Scorers(O) :(O)"
11040,"['The' 'two' 'Davis' 'Cup' 'team-mates' 'were' 'pitted' 'against' 'each'
 'other' 'after' 'last' 'week' ""'s"" 'controversial' 'redraw' 'of' 'the'
 'men' ""'s"" 'singles' 'competition' '.']","['O', 'O', 'B-Miscellaneous', 'I-Miscellaneous', 'O', 'O', 'O', 'O', 'O', 'O', 'O', 'O', 'O', 'O', 'O', 'O', 'O', 'O', 'O', 'O', 'O', 'O', 'O']",The two Davis Cup team-mates were pitted against each other after last week 's controversial redraw of the men 's singles competition .,"['The(O)', 'two(O)', 'Davis(B-Miscellaneous)', 'Cup(I-Miscellaneous)', 'team-mates(O)', 'were(O)', 'pitted(O)', 'against(O)', 'each(O)', 'other(O)', 'after(O)', 'last(O)', 'week(O)', ""'s(O)"", 'controversial(O)', 'redraw(O)', 'of(O)', 'the(O)', 'men(O)', ""'s(O)"", 'singles(O)', 'competition(O)', '.(O)']",The(O) two(O) Davis(B-Miscellaneous) Cup(I-Miscellaneous) team-mates(O) were(O) pitted(O) against(O) each(O) other(O) after(O) last(O) week(O) 's(O) controversial(O) redraw(O) of(O) the(O) men(O) 's(O) singles(O) competition(O) .(O),"Input: The two Davis Cup team-mates were pitted against each other after last week 's controversial redraw of the men 's singles competition .
Output: The(O) two(O) Davis(B-Miscellaneous) Cup(I-Miscellaneous) team-mates(O) were(O) pitted(O) against(O) each(O) other(O) after(O) last(O) week(O) 's(O) controversial(O) redraw(O) of(O) the(O) men(O) 's(O) singles(O) competition(O) .(O)"
846,"['The' 'Indians' 'sent' 'the' 'game' 'into' 'extra' 'innings' 'in' 'the'
 'ninth' 'on' 'Kenny' 'Lofton' ""'s"" 'two-run' 'single' '.']","['O', 'B-Organization', 'O', 'O', 'O', 'O', 'O', 'O', 'O', 'O', 'O', 'O', 'B-Person', 'I-Person', 'O', 'O', 'O', 'O']",The Indians sent the game into extra innings in the ninth on Kenny Lofton 's two-run single .,"['The(O)', 'Indians(B-Organization)', 'sent(O)', 'the(O)', 'game(O)', 'into(O)', 'extra(O)', 'innings(O)', 'in(O)', 'the(O)', 'ninth(O)', 'on(O)', 'Kenny(B-Person)', 'Lofton(I-Person)', ""'s(O)"", 'two-run(O)', 'single(O)', '.(O)']",The(O) Indians(B-Organization) sent(O) the(O) game(O) into(O) extra(O) innings(O) in(O) the(O) ninth(O) on(O) Kenny(B-Person) Lofton(I-Person) 's(O) two-run(O) single(O) .(O),"Input: The Indians sent the game into extra innings in the ninth on Kenny Lofton 's two-run single .
Output: The(O) Indians(B-Organization) sent(O) the(O) game(O) into(O) extra(O) innings(O) in(O) the(O) ninth(O) on(O) Kenny(B-Person) Lofton(I-Person) 's(O) two-run(O) single(O) .(O)"
10987,"['--' 'Jacqueline' 'Wong' ',' 'New' 'York' 'Energy' 'Desk' '+1' '212'
 '859' '1620']","['O', 'B-Person', 'I-Person', 'O', 'B-Organization', 'I-Organization', 'I-Organization', 'I-Organization', 'O', 'O', 'O', 'O']","-- Jacqueline Wong , New York Energy Desk +1 212 859 1620","['--(O)', 'Jacqueline(B-Person)', 'Wong(I-Person)', ',(O)', 'New(B-Organization)', 'York(I-Organization)', 'Energy(I-Organization)', 'Desk(I-Organization)', '+1(O)', '212(O)', '859(O)', '1620(O)']","--(O) Jacqueline(B-Person) Wong(I-Person) ,(O) New(B-Organization) York(I-Organization) Energy(I-Organization) Desk(I-Organization) +1(O) 212(O) 859(O) 1620(O)","Input: -- Jacqueline Wong , New York Energy Desk +1 212 859 1620
Output: --(O) Jacqueline(B-Person) Wong(I-Person) ,(O) New(B-Organization) York(I-Organization) Energy(I-Organization) Desk(I-Organization) +1(O) 212(O) 859(O) 1620(O)"
2646,['LONDON' '1996-08-23'],"['B-Location', 'O']",LONDON 1996-08-23,"['LONDON(B-Location)', '1996-08-23(O)']",LONDON(B-Location) 1996-08-23(O),"Input: LONDON 1996-08-23
Output: LONDON(B-Location) 1996-08-23(O)"
11450,['WHEAT--Rains' 'boost' 'U.S.' 'HRW' 'planting' 'prospects' '.'],"['O', 'O', 'B-Location', 'O', 'O', 'O', 'O']",WHEAT--Rains boost U.S. HRW planting prospects .,"['WHEAT--Rains(O)', 'boost(O)', 'U.S.(B-Location)', 'HRW(O)', 'planting(O)', 'prospects(O)', '.(O)']",WHEAT--Rains(O) boost(O) U.S.(B-Location) HRW(O) planting(O) prospects(O) .(O),"Input: WHEAT--Rains boost U.S. HRW planting prospects .
Output: WHEAT--Rains(O) boost(O) U.S.(B-Location) HRW(O) planting(O) prospects(O) .(O)"
10448,"['WEDNESDAY' ',' 'AUGUST' '28TH' 'SCHEDULE']","['O', 'O', 'O', 'O', 'O']","WEDNESDAY , AUGUST 28TH SCHEDULE","['WEDNESDAY(O)', ',(O)', 'AUGUST(O)', '28TH(O)', 'SCHEDULE(O)']","WEDNESDAY(O) ,(O) AUGUST(O) 28TH(O) SCHEDULE(O)","Input: WEDNESDAY , AUGUST 28TH SCHEDULE
Output: WEDNESDAY(O) ,(O) AUGUST(O) 28TH(O) SCHEDULE(O)"
1915,['English' 'County' 'Championship' 'cricket' 'matches' 'on' 'Friday' ':'],"['B-Miscellaneous', 'I-Miscellaneous', 'I-Miscellaneous', 'O', 'O', 'O', 'O', 'O']",English County Championship cricket matches on Friday :,"['English(B-Miscellaneous)', 'County(I-Miscellaneous)', 'Championship(I-Miscellaneous)', 'cricket(O)', 'matches(O)', 'on(O)', 'Friday(O)', ':(O)']",English(B-Miscellaneous) County(I-Miscellaneous) Championship(I-Miscellaneous) cricket(O) matches(O) on(O) Friday(O) :(O),"Input: English County Championship cricket matches on Friday :
Output: English(B-Miscellaneous) County(I-Miscellaneous) Championship(I-Miscellaneous) cricket(O) matches(O) on(O) Friday(O) :(O)"
4245,"['Acting' 'Socialist' 'leader' 'Servet' 'Pellumbi' 'has' 'said' 'he' 'too'
 'will' 'urge' 'the' 'party' 'to' 'scrap' 'the' 'ideas' 'of' 'Karl' 'Marx'
 'at' 'the' 'congress' '.']","['O', 'O', 'O', 'B-Person', 'I-Person', 'O', 'O', 'O', 'O', 'O', 'O', 'O', 'O', 'O', 'O', 'O', 'O', 'O', 'B-Person', 'I-Person', 'O', 'O', 'O', 'O']",Acting Socialist leader Servet Pellumbi has said he too will urge the party to scrap the ideas of Karl Marx at the congress .,"['Acting(O)', 'Socialist(O)', 'leader(O)', 'Servet(B-Person)', 'Pellumbi(I-Person)', 'has(O)', 'said(O)', 'he(O)', 'too(O)', 'will(O)', 'urge(O)', 'the(O)', 'party(O)', 'to(O)', 'scrap(O)', 'the(O)', 'ideas(O)', 'of(O)', 'Karl(B-Person)', 'Marx(I-Person)', 'at(O)', 'the(O)', 'congress(O)', '.(O)']",Acting(O) Socialist(O) leader(O) Servet(B-Person) Pellumbi(I-Person) has(O) said(O) he(O) too(O) will(O) urge(O) the(O) party(O) to(O) scrap(O) the(O) ideas(O) of(O) Karl(B-Person) Marx(I-Person) at(O) the(O) congress(O) .(O),"Input: Acting Socialist leader Servet Pellumbi has said he too will urge the party to scrap the ideas of Karl Marx at the congress .
Output: Acting(O) Socialist(O) leader(O) Servet(B-Person) Pellumbi(I-Person) has(O) said(O) he(O) too(O) will(O) urge(O) the(O) party(O) to(O) scrap(O) the(O) ideas(O) of(O) Karl(B-Person) Marx(I-Person) at(O) the(O) congress(O) .(O)"
210,"['-' 'Confrontation' 'is' 'escalating' 'between' 'Hizbollah' 'and' 'the'
 'government' '.']","['O', 'O', 'O', 'O', 'O', 'B-Organization', 'O', 'O', 'O', 'O']",- Confrontation is escalating between Hizbollah and the government .,"['-(O)', 'Confrontation(O)', 'is(O)', 'escalating(O)', 'between(O)', 'Hizbollah(B-Organization)', 'and(O)', 'the(O)', 'government(O)', '.(O)']",-(O) Confrontation(O) is(O) escalating(O) between(O) Hizbollah(B-Organization) and(O) the(O) government(O) .(O),"Input: - Confrontation is escalating between Hizbollah and the government .
Output: -(O) Confrontation(O) is(O) escalating(O) between(O) Hizbollah(B-Organization) and(O) the(O) government(O) .(O)"
3239,"['They' 'are' 'lost' 'forever' ',' '""' 'said' 'one' 'professor' '.']","['O', 'O', 'O', 'O', 'O', 'O', 'O', 'O', 'O', 'O']","They are lost forever , "" said one professor .","['They(O)', 'are(O)', 'lost(O)', 'forever(O)', ',(O)', '""(O)', 'said(O)', 'one(O)', 'professor(O)', '.(O)']","They(O) are(O) lost(O) forever(O) ,(O) ""(O) said(O) one(O) professor(O) .(O)","Input: They are lost forever , "" said one professor .
Output: They(O) are(O) lost(O) forever(O) ,(O) ""(O) said(O) one(O) professor(O) .(O)"
13024,"['The' 'campaign' 'pits' 'Dole' ',' 'a' 'man' 'of' 'quick' 'and'
 'withering' 'wit' 'and' 'long-time' 'public' 'service' ',' 'but'
 'stilted' 'speaking' 'style' ',' 'against' 'the' 'glib' 'and' 'confident'
 'Clinton' ',' 'who' 'has' 'perfected' 'a' 'style' 'that' 'makes' 'direct'
 'eye' 'contact' 'with' 'his' 'audience' '.']","['O', 'O', 'O', 'B-Person', 'O', 'O', 'O', 'O', 'O', 'O', 'O', 'O', 'O', 'O', 'O', 'O', 'O', 'O', 'O', 'O', 'O', 'O', 'O', 'O', 'O', 'O', 'O', 'B-Person', 'O', 'O', 'O', 'O', 'O', 'O', 'O', 'O', 'O', 'O', 'O', 'O', 'O', 'O', 'O']","The campaign pits Dole , a man of quick and withering wit and long-time public service , but stilted speaking style , against the glib and confident Clinton , who has perfected a style that makes direct eye contact with his audience .","['The(O)', 'campaign(O)', 'pits(O)', 'Dole(B-Person)', ',(O)', 'a(O)', 'man(O)', 'of(O)', 'quick(O)', 'and(O)', 'withering(O)', 'wit(O)', 'and(O)', 'long-time(O)', 'public(O)', 'service(O)', ',(O)', 'but(O)', 'stilted(O)', 'speaking(O)', 'style(O)', ',(O)', 'against(O)', 'the(O)', 'glib(O)', 'and(O)', 'confident(O)', 'Clinton(B-Person)', ',(O)', 'who(O)', 'has(O)', 'perfected(O)', 'a(O)', 'style(O)', 'that(O)', 'makes(O)', 'direct(O)', 'eye(O)', 'contact(O)', 'with(O)', 'his(O)', 'audience(O)', '.(O)']","The(O) campaign(O) pits(O) Dole(B-Person) ,(O) a(O) man(O) of(O) quick(O) and(O) withering(O) wit(O) and(O) long-time(O) public(O) service(O) ,(O) but(O) stilted(O) speaking(O) style(O) ,(O) against(O) the(O) glib(O) and(O) confident(O) Clinton(B-Person) ,(O) who(O) has(O) perfected(O) a(O) style(O) that(O) makes(O) direct(O) eye(O) contact(O) with(O) his(O) audience(O) .(O)","Input: The campaign pits Dole , a man of quick and withering wit and long-time public service , but stilted speaking style , against the glib and confident Clinton , who has perfected a style that makes direct eye contact with his audience .
Output: The(O) campaign(O) pits(O) Dole(B-Person) ,(O) a(O) man(O) of(O) quick(O) and(O) withering(O) wit(O) and(O) long-time(O) public(O) service(O) ,(O) but(O) stilted(O) speaking(O) style(O) ,(O) against(O) the(O) glib(O) and(O) confident(O) Clinton(B-Person) ,(O) who(O) has(O) perfected(O) a(O) style(O) that(O) makes(O) direct(O) eye(O) contact(O) with(O) his(O) audience(O) .(O)"
2437,['6.' 'Chandra' 'Sturrup' '(' 'Bahamas' ')' '22.85'],"['O', 'B-Person', 'I-Person', 'O', 'B-Location', 'O', 'O']",6. Chandra Sturrup ( Bahamas ) 22.85,"['6.(O)', 'Chandra(B-Person)', 'Sturrup(I-Person)', '((O)', 'Bahamas(B-Location)', ')(O)', '22.85(O)']",6.(O) Chandra(B-Person) Sturrup(I-Person) ((O) Bahamas(B-Location) )(O) 22.85(O),"Input: 6. Chandra Sturrup ( Bahamas ) 22.85
Output: 6.(O) Chandra(B-Person) Sturrup(I-Person) ((O) Bahamas(B-Location) )(O) 22.85(O)"
10035,"['CYCLING' '-' 'VAN' 'HEESWIJK' 'WINS' 'SECOND' 'STAGE' 'OF' 'TOUR' 'OF'
 'NETHERLANDS' '.']","['O', 'O', 'B-Person', 'I-Person', 'O', 'O', 'O', 'O', 'B-Miscellaneous', 'I-Miscellaneous', 'I-Miscellaneous', 'O']",CYCLING - VAN HEESWIJK WINS SECOND STAGE OF TOUR OF NETHERLANDS .,"['CYCLING(O)', '-(O)', 'VAN(B-Person)', 'HEESWIJK(I-Person)', 'WINS(O)', 'SECOND(O)', 'STAGE(O)', 'OF(O)', 'TOUR(B-Miscellaneous)', 'OF(I-Miscellaneous)', 'NETHERLANDS(I-Miscellaneous)', '.(O)']",CYCLING(O) -(O) VAN(B-Person) HEESWIJK(I-Person) WINS(O) SECOND(O) STAGE(O) OF(O) TOUR(B-Miscellaneous) OF(I-Miscellaneous) NETHERLANDS(I-Miscellaneous) .(O),"Input: CYCLING - VAN HEESWIJK WINS SECOND STAGE OF TOUR OF NETHERLANDS .
Output: CYCLING(O) -(O) VAN(B-Person) HEESWIJK(I-Person) WINS(O) SECOND(O) STAGE(O) OF(O) TOUR(B-Miscellaneous) OF(I-Miscellaneous) NETHERLANDS(I-Miscellaneous) .(O)"
8958,"['But' 'Lebed' ',' 'who' 'has' 'no' 'real' 'power' 'without' 'his' 'boss'
 'and' 'has' 'hinted' 'at' 'dark' 'forces' 'in' 'Moscow' 'working'
 'against' 'him' ',' 'appears' 'to' 'think' 'a' 'deal' 'will' 'not'
 'stick' 'without' 'strong' 'backing' 'from' 'Yeltsin' '.']","['O', 'B-Person', 'O', 'O', 'O', 'O', 'O', 'O', 'O', 'O', 'O', 'O', 'O', 'O', 'O', 'O', 'O', 'O', 'B-Location', 'O', 'O', 'O', 'O', 'O', 'O', 'O', 'O', 'O', 'O', 'O', 'O', 'O', 'O', 'O', 'O', 'B-Person', 'O']","But Lebed , who has no real power without his boss and has hinted at dark forces in Moscow working against him , appears to think a deal will not stick without strong backing from Yeltsin .","['But(O)', 'Lebed(B-Person)', ',(O)', 'who(O)', 'has(O)', 'no(O)', 'real(O)', 'power(O)', 'without(O)', 'his(O)', 'boss(O)', 'and(O)', 'has(O)', 'hinted(O)', 'at(O)', 'dark(O)', 'forces(O)', 'in(O)', 'Moscow(B-Location)', 'working(O)', 'against(O)', 'him(O)', ',(O)', 'appears(O)', 'to(O)', 'think(O)', 'a(O)', 'deal(O)', 'will(O)', 'not(O)', 'stick(O)', 'without(O)', 'strong(O)', 'backing(O)', 'from(O)', 'Yeltsin(B-Person)', '.(O)']","But(O) Lebed(B-Person) ,(O) who(O) has(O) no(O) real(O) power(O) without(O) his(O) boss(O) and(O) has(O) hinted(O) at(O) dark(O) forces(O) in(O) Moscow(B-Location) working(O) against(O) him(O) ,(O) appears(O) to(O) think(O) a(O) deal(O) will(O) not(O) stick(O) without(O) strong(O) backing(O) from(O) Yeltsin(B-Person) .(O)","Input: But Lebed , who has no real power without his boss and has hinted at dark forces in Moscow working against him , appears to think a deal will not stick without strong backing from Yeltsin .
Output: But(O) Lebed(B-Person) ,(O) who(O) has(O) no(O) real(O) power(O) without(O) his(O) boss(O) and(O) has(O) hinted(O) at(O) dark(O) forces(O) in(O) Moscow(B-Location) working(O) against(O) him(O) ,(O) appears(O) to(O) think(O) a(O) deal(O) will(O) not(O) stick(O) without(O) strong(O) backing(O) from(O) Yeltsin(B-Person) .(O)"
3719,['(' 'Sweden' ')' '7-5' '6-2'],"['O', 'B-Location', 'O', 'O', 'O']",( Sweden ) 7-5 6-2,"['((O)', 'Sweden(B-Location)', ')(O)', '7-5(O)', '6-2(O)']",((O) Sweden(B-Location) )(O) 7-5(O) 6-2(O),"Input: ( Sweden ) 7-5 6-2
Output: ((O) Sweden(B-Location) )(O) 7-5(O) 6-2(O)"
2496,['Nele' 'Zilinskiene' '(' 'Lithuania' ')' '1.85'],"['B-Person', 'I-Person', 'O', 'B-Location', 'O', 'O']",Nele Zilinskiene ( Lithuania ) 1.85,"['Nele(B-Person)', 'Zilinskiene(I-Person)', '((O)', 'Lithuania(B-Location)', ')(O)', '1.85(O)']",Nele(B-Person) Zilinskiene(I-Person) ((O) Lithuania(B-Location) )(O) 1.85(O),"Input: Nele Zilinskiene ( Lithuania ) 1.85
Output: Nele(B-Person) Zilinskiene(I-Person) ((O) Lithuania(B-Location) )(O) 1.85(O)"
6094,"['""' 'The' 'good' 'news' 'is' ',' 'if' 'you' ""'re"" 'highly' 'skilled'
 'and' 'have' 'many' 'abilities' ',' 'you' ""'ll"" 'be' 'paid' 'more' ','
 '""' 'said' ""O'Neal"" '.']","['O', 'O', 'O', 'O', 'O', 'O', 'O', 'O', 'O', 'O', 'O', 'O', 'O', 'O', 'O', 'O', 'O', 'O', 'O', 'O', 'O', 'O', 'O', 'O', 'B-Person', 'O']",""" The good news is , if you 're highly skilled and have many abilities , you 'll be paid more , "" said O'Neal .","['""(O)', 'The(O)', 'good(O)', 'news(O)', 'is(O)', ',(O)', 'if(O)', 'you(O)', ""'re(O)"", 'highly(O)', 'skilled(O)', 'and(O)', 'have(O)', 'many(O)', 'abilities(O)', ',(O)', 'you(O)', ""'ll(O)"", 'be(O)', 'paid(O)', 'more(O)', ',(O)', '""(O)', 'said(O)', ""O'Neal(B-Person)"", '.(O)']","""(O) The(O) good(O) news(O) is(O) ,(O) if(O) you(O) 're(O) highly(O) skilled(O) and(O) have(O) many(O) abilities(O) ,(O) you(O) 'll(O) be(O) paid(O) more(O) ,(O) ""(O) said(O) O'Neal(B-Person) .(O)","Input: "" The good news is , if you 're highly skilled and have many abilities , you 'll be paid more , "" said O'Neal .
Output: ""(O) The(O) good(O) news(O) is(O) ,(O) if(O) you(O) 're(O) highly(O) skilled(O) and(O) have(O) many(O) abilities(O) ,(O) you(O) 'll(O) be(O) paid(O) more(O) ,(O) ""(O) said(O) O'Neal(B-Person) .(O)"
3848,['MILWAUKEE' 'AT' 'CLEVELAND'],"['B-Organization', 'O', 'B-Location']",MILWAUKEE AT CLEVELAND,"['MILWAUKEE(B-Organization)', 'AT(O)', 'CLEVELAND(B-Location)']",MILWAUKEE(B-Organization) AT(O) CLEVELAND(B-Location),"Input: MILWAUKEE AT CLEVELAND
Output: MILWAUKEE(B-Organization) AT(O) CLEVELAND(B-Location)"
1664,"['A' 'budgeted' 'profit' 'increase' 'of' 'at' 'least' '20' 'percent' 'for'
 'the' 'full' 'year' 'currently' 'appears' 'very' 'attainable' ',' '""'
 'News' 'Corp' 'said' '.']","['O', 'O', 'O', 'O', 'O', 'O', 'O', 'O', 'O', 'O', 'O', 'O', 'O', 'O', 'O', 'O', 'O', 'O', 'O', 'B-Organization', 'I-Organization', 'O', 'O']","A budgeted profit increase of at least 20 percent for the full year currently appears very attainable , "" News Corp said .","['A(O)', 'budgeted(O)', 'profit(O)', 'increase(O)', 'of(O)', 'at(O)', 'least(O)', '20(O)', 'percent(O)', 'for(O)', 'the(O)', 'full(O)', 'year(O)', 'currently(O)', 'appears(O)', 'very(O)', 'attainable(O)', ',(O)', '""(O)', 'News(B-Organization)', 'Corp(I-Organization)', 'said(O)', '.(O)']","A(O) budgeted(O) profit(O) increase(O) of(O) at(O) least(O) 20(O) percent(O) for(O) the(O) full(O) year(O) currently(O) appears(O) very(O) attainable(O) ,(O) ""(O) News(B-Organization) Corp(I-Organization) said(O) .(O)","Input: A budgeted profit increase of at least 20 percent for the full year currently appears very attainable , "" News Corp said .
Output: A(O) budgeted(O) profit(O) increase(O) of(O) at(O) least(O) 20(O) percent(O) for(O) the(O) full(O) year(O) currently(O) appears(O) very(O) attainable(O) ,(O) ""(O) News(B-Organization) Corp(I-Organization) said(O) .(O)"
4799,['2.' 'Marcus' 'Gronholm' '(' 'Finland' ')' 'Toyota' 'Celica' '1:46'],"['O', 'B-Person', 'I-Person', 'O', 'B-Location', 'O', 'B-Miscellaneous', 'I-Miscellaneous', 'O']",2. Marcus Gronholm ( Finland ) Toyota Celica 1:46,"['2.(O)', 'Marcus(B-Person)', 'Gronholm(I-Person)', '((O)', 'Finland(B-Location)', ')(O)', 'Toyota(B-Miscellaneous)', 'Celica(I-Miscellaneous)', '1:46(O)']",2.(O) Marcus(B-Person) Gronholm(I-Person) ((O) Finland(B-Location) )(O) Toyota(B-Miscellaneous) Celica(I-Miscellaneous) 1:46(O),"Input: 2. Marcus Gronholm ( Finland ) Toyota Celica 1:46
Output: 2.(O) Marcus(B-Person) Gronholm(I-Person) ((O) Finland(B-Location) )(O) Toyota(B-Miscellaneous) Celica(I-Miscellaneous) 1:46(O)"
13915,"['Should' 'Rubin' 'leave' ',' 'Wall' 'Street' 'would' 'worry' 'that' 'he'
 'might' 'take' 'his' 'strong-dollar' 'policy' 'with' 'him' '.']","['O', 'B-Person', 'O', 'O', 'B-Location', 'I-Location', 'O', 'O', 'O', 'O', 'O', 'O', 'O', 'O', 'O', 'O', 'O', 'O']","Should Rubin leave , Wall Street would worry that he might take his strong-dollar policy with him .","['Should(O)', 'Rubin(B-Person)', 'leave(O)', ',(O)', 'Wall(B-Location)', 'Street(I-Location)', 'would(O)', 'worry(O)', 'that(O)', 'he(O)', 'might(O)', 'take(O)', 'his(O)', 'strong-dollar(O)', 'policy(O)', 'with(O)', 'him(O)', '.(O)']","Should(O) Rubin(B-Person) leave(O) ,(O) Wall(B-Location) Street(I-Location) would(O) worry(O) that(O) he(O) might(O) take(O) his(O) strong-dollar(O) policy(O) with(O) him(O) .(O)","Input: Should Rubin leave , Wall Street would worry that he might take his strong-dollar policy with him .
Output: Should(O) Rubin(B-Person) leave(O) ,(O) Wall(B-Location) Street(I-Location) would(O) worry(O) that(O) he(O) might(O) take(O) his(O) strong-dollar(O) policy(O) with(O) him(O) .(O)"
8613,['Larry' 'Fine'],"['B-Person', 'I-Person']",Larry Fine,"['Larry(B-Person)', 'Fine(I-Person)']",Larry(B-Person) Fine(I-Person),"Input: Larry Fine
Output: Larry(B-Person) Fine(I-Person)"
3322,['(' 'in' 'millions' 'of' 'yuan' 'unless' 'stated' ')'],"['O', 'O', 'O', 'O', 'O', 'O', 'O', 'O']",( in millions of yuan unless stated ),"['((O)', 'in(O)', 'millions(O)', 'of(O)', 'yuan(O)', 'unless(O)', 'stated(O)', ')(O)']",((O) in(O) millions(O) of(O) yuan(O) unless(O) stated(O) )(O),"Input: ( in millions of yuan unless stated )
Output: ((O) in(O) millions(O) of(O) yuan(O) unless(O) stated(O) )(O)"
13909,"['Wall' 'Street' 'ponders' 'Rubin' ""'s"" 'role' 'if' 'Clinton' 'wins' '.']","['B-Location', 'I-Location', 'O', 'B-Person', 'O', 'O', 'O', 'B-Person', 'O', 'O']",Wall Street ponders Rubin 's role if Clinton wins .,"['Wall(B-Location)', 'Street(I-Location)', 'ponders(O)', 'Rubin(B-Person)', ""'s(O)"", 'role(O)', 'if(O)', 'Clinton(B-Person)', 'wins(O)', '.(O)']",Wall(B-Location) Street(I-Location) ponders(O) Rubin(B-Person) 's(O) role(O) if(O) Clinton(B-Person) wins(O) .(O),"Input: Wall Street ponders Rubin 's role if Clinton wins .
Output: Wall(B-Location) Street(I-Location) ponders(O) Rubin(B-Person) 's(O) role(O) if(O) Clinton(B-Person) wins(O) .(O)"
7214,"['Bowling' ':' 'Streak' '10-1-50-1' '(' '2w' ',' '2nb' ')' ',' 'Brandes'
 '10-1-47-2' '(' '1w' ')' ',']","['O', 'O', 'B-Person', 'O', 'O', 'O', 'O', 'O', 'O', 'O', 'B-Person', 'O', 'O', 'O', 'O', 'O']","Bowling : Streak 10-1-50-1 ( 2w , 2nb ) , Brandes 10-1-47-2 ( 1w ) ,","['Bowling(O)', ':(O)', 'Streak(B-Person)', '10-1-50-1(O)', '((O)', '2w(O)', ',(O)', '2nb(O)', ')(O)', ',(O)', 'Brandes(B-Person)', '10-1-47-2(O)', '((O)', '1w(O)', ')(O)', ',(O)']","Bowling(O) :(O) Streak(B-Person) 10-1-50-1(O) ((O) 2w(O) ,(O) 2nb(O) )(O) ,(O) Brandes(B-Person) 10-1-47-2(O) ((O) 1w(O) )(O) ,(O)","Input: Bowling : Streak 10-1-50-1 ( 2w , 2nb ) , Brandes 10-1-47-2 ( 1w ) ,
Output: Bowling(O) :(O) Streak(B-Person) 10-1-50-1(O) ((O) 2w(O) ,(O) 2nb(O) )(O) ,(O) Brandes(B-Person) 10-1-47-2(O) ((O) 1w(O) )(O) ,(O)"
12115,['EXPANSION'],['B-Organization'],EXPANSION,['EXPANSION(B-Organization)'],EXPANSION(B-Organization),"Input: EXPANSION
Output: EXPANSION(B-Organization)"
4635,"['4.' 'Thomas' 'Bscher' '(' 'Germany' ')' '/' 'Peter' 'Kox' '('
 'Netherlands' ')' 'West' 'McLaren']","['O', 'B-Person', 'I-Person', 'O', 'B-Location', 'O', 'O', 'B-Person', 'I-Person', 'O', 'B-Location', 'O', 'B-Miscellaneous', 'I-Miscellaneous']",4. Thomas Bscher ( Germany ) / Peter Kox ( Netherlands ) West McLaren,"['4.(O)', 'Thomas(B-Person)', 'Bscher(I-Person)', '((O)', 'Germany(B-Location)', ')(O)', '/(O)', 'Peter(B-Person)', 'Kox(I-Person)', '((O)', 'Netherlands(B-Location)', ')(O)', 'West(B-Miscellaneous)', 'McLaren(I-Miscellaneous)']",4.(O) Thomas(B-Person) Bscher(I-Person) ((O) Germany(B-Location) )(O) /(O) Peter(B-Person) Kox(I-Person) ((O) Netherlands(B-Location) )(O) West(B-Miscellaneous) McLaren(I-Miscellaneous),"Input: 4. Thomas Bscher ( Germany ) / Peter Kox ( Netherlands ) West McLaren
Output: 4.(O) Thomas(B-Person) Bscher(I-Person) ((O) Germany(B-Location) )(O) /(O) Peter(B-Person) Kox(I-Person) ((O) Netherlands(B-Location) )(O) West(B-Miscellaneous) McLaren(I-Miscellaneous)"
8316,['Robert' 'Croft' '1' '2' '1' '11' '6' '11.00'],"['B-Person', 'I-Person', 'O', 'O', 'O', 'O', 'O', 'O']",Robert Croft 1 2 1 11 6 11.00,"['Robert(B-Person)', 'Croft(I-Person)', '1(O)', '2(O)', '1(O)', '11(O)', '6(O)', '11.00(O)']",Robert(B-Person) Croft(I-Person) 1(O) 2(O) 1(O) 11(O) 6(O) 11.00(O),"Input: Robert Croft 1 2 1 11 6 11.00
Output: Robert(B-Person) Croft(I-Person) 1(O) 2(O) 1(O) 11(O) 6(O) 11.00(O)"
10096,"['Francis' 'Moreau' '(' 'France' ')' '4:16.274' 'beat' 'Heiko' 'Szonn' '('
 'Germany' ')']","['B-Person', 'I-Person', 'O', 'B-Location', 'O', 'O', 'O', 'B-Person', 'I-Person', 'O', 'B-Location', 'O']",Francis Moreau ( France ) 4:16.274 beat Heiko Szonn ( Germany ),"['Francis(B-Person)', 'Moreau(I-Person)', '((O)', 'France(B-Location)', ')(O)', '4:16.274(O)', 'beat(O)', 'Heiko(B-Person)', 'Szonn(I-Person)', '((O)', 'Germany(B-Location)', ')(O)']",Francis(B-Person) Moreau(I-Person) ((O) France(B-Location) )(O) 4:16.274(O) beat(O) Heiko(B-Person) Szonn(I-Person) ((O) Germany(B-Location) )(O),"Input: Francis Moreau ( France ) 4:16.274 beat Heiko Szonn ( Germany )
Output: Francis(B-Person) Moreau(I-Person) ((O) France(B-Location) )(O) 4:16.274(O) beat(O) Heiko(B-Person) Szonn(I-Person) ((O) Germany(B-Location) )(O)"
2387,['4.' 'Yekaterina' 'Podkopayeva' '(' 'Russia' ')' '4:04.78'],"['O', 'B-Person', 'I-Person', 'O', 'B-Location', 'O', 'O']",4. Yekaterina Podkopayeva ( Russia ) 4:04.78,"['4.(O)', 'Yekaterina(B-Person)', 'Podkopayeva(I-Person)', '((O)', 'Russia(B-Location)', ')(O)', '4:04.78(O)']",4.(O) Yekaterina(B-Person) Podkopayeva(I-Person) ((O) Russia(B-Location) )(O) 4:04.78(O),"Input: 4. Yekaterina Podkopayeva ( Russia ) 4:04.78
Output: 4.(O) Yekaterina(B-Person) Podkopayeva(I-Person) ((O) Russia(B-Location) )(O) 4:04.78(O)"
9777,"['""' 'That' 'is' 'the' 'plan' 'at' 'the' 'moment' '.']","['O', 'O', 'O', 'O', 'O', 'O', 'O', 'O', 'O']",""" That is the plan at the moment .","['""(O)', 'That(O)', 'is(O)', 'the(O)', 'plan(O)', 'at(O)', 'the(O)', 'moment(O)', '.(O)']","""(O) That(O) is(O) the(O) plan(O) at(O) the(O) moment(O) .(O)","Input: "" That is the plan at the moment .
Output: ""(O) That(O) is(O) the(O) plan(O) at(O) the(O) moment(O) .(O)"
9554,['DHAKA' '1996-08-27'],"['B-Location', 'O']",DHAKA 1996-08-27,"['DHAKA(B-Location)', '1996-08-27(O)']",DHAKA(B-Location) 1996-08-27(O),"Input: DHAKA 1996-08-27
Output: DHAKA(B-Location) 1996-08-27(O)"
11206,"['Germany' 'has' 'been' 'one' 'of' 'the' 'loudest' 'critics' 'of' 'Russia'
 ""'s"" 'military' 'intervention' 'in' 'Chechnya' ',' 'a' '20-month-old'
 'conflict' 'in' 'which' 'tens' 'of' 'thousands' 'of' 'people' 'have'
 'been' 'killed' '.']","['B-Location', 'O', 'O', 'O', 'O', 'O', 'O', 'O', 'O', 'B-Location', 'O', 'O', 'O', 'O', 'B-Location', 'O', 'O', 'O', 'O', 'O', 'O', 'O', 'O', 'O', 'O', 'O', 'O', 'O', 'O', 'O']","Germany has been one of the loudest critics of Russia 's military intervention in Chechnya , a 20-month-old conflict in which tens of thousands of people have been killed .","['Germany(B-Location)', 'has(O)', 'been(O)', 'one(O)', 'of(O)', 'the(O)', 'loudest(O)', 'critics(O)', 'of(O)', 'Russia(B-Location)', ""'s(O)"", 'military(O)', 'intervention(O)', 'in(O)', 'Chechnya(B-Location)', ',(O)', 'a(O)', '20-month-old(O)', 'conflict(O)', 'in(O)', 'which(O)', 'tens(O)', 'of(O)', 'thousands(O)', 'of(O)', 'people(O)', 'have(O)', 'been(O)', 'killed(O)', '.(O)']","Germany(B-Location) has(O) been(O) one(O) of(O) the(O) loudest(O) critics(O) of(O) Russia(B-Location) 's(O) military(O) intervention(O) in(O) Chechnya(B-Location) ,(O) a(O) 20-month-old(O) conflict(O) in(O) which(O) tens(O) of(O) thousands(O) of(O) people(O) have(O) been(O) killed(O) .(O)","Input: Germany has been one of the loudest critics of Russia 's military intervention in Chechnya , a 20-month-old conflict in which tens of thousands of people have been killed .
Output: Germany(B-Location) has(O) been(O) one(O) of(O) the(O) loudest(O) critics(O) of(O) Russia(B-Location) 's(O) military(O) intervention(O) in(O) Chechnya(B-Location) ,(O) a(O) 20-month-old(O) conflict(O) in(O) which(O) tens(O) of(O) thousands(O) of(O) people(O) have(O) been(O) killed(O) .(O)"
8909,"['But' 'the' 'church' 'learned' 'in' 'a' 'recent' 'meeting' 'with' 'the'
 'local' 'commander' 'that' 'no' 'instructions' 'to' 'release' 'the'
 'prisoners' 'were' 'received' 'and' 'they' 'would' 'be' 'held' 'until'
 'investigations' 'were' 'completed' '.']","['O', 'O', 'O', 'O', 'O', 'O', 'O', 'O', 'O', 'O', 'O', 'O', 'O', 'O', 'O', 'O', 'O', 'O', 'O', 'O', 'O', 'O', 'O', 'O', 'O', 'O', 'O', 'O', 'O', 'O', 'O']",But the church learned in a recent meeting with the local commander that no instructions to release the prisoners were received and they would be held until investigations were completed .,"['But(O)', 'the(O)', 'church(O)', 'learned(O)', 'in(O)', 'a(O)', 'recent(O)', 'meeting(O)', 'with(O)', 'the(O)', 'local(O)', 'commander(O)', 'that(O)', 'no(O)', 'instructions(O)', 'to(O)', 'release(O)', 'the(O)', 'prisoners(O)', 'were(O)', 'received(O)', 'and(O)', 'they(O)', 'would(O)', 'be(O)', 'held(O)', 'until(O)', 'investigations(O)', 'were(O)', 'completed(O)', '.(O)']",But(O) the(O) church(O) learned(O) in(O) a(O) recent(O) meeting(O) with(O) the(O) local(O) commander(O) that(O) no(O) instructions(O) to(O) release(O) the(O) prisoners(O) were(O) received(O) and(O) they(O) would(O) be(O) held(O) until(O) investigations(O) were(O) completed(O) .(O),"Input: But the church learned in a recent meeting with the local commander that no instructions to release the prisoners were received and they would be held until investigations were completed .
Output: But(O) the(O) church(O) learned(O) in(O) a(O) recent(O) meeting(O) with(O) the(O) local(O) commander(O) that(O) no(O) instructions(O) to(O) release(O) the(O) prisoners(O) were(O) received(O) and(O) they(O) would(O) be(O) held(O) until(O) investigations(O) were(O) completed(O) .(O)"
11015,"['1965' '-' 'Albert' 'Schweitzer' ',' 'theologian' ',' 'philosopher' 'and'
 'organist' 'died' 'in' 'Gabon' 'where' 'he' 'had' 'set' 'up' 'a'
 'hospital' 'in' '1913' '.']","['O', 'O', 'B-Person', 'I-Person', 'O', 'O', 'O', 'O', 'O', 'O', 'O', 'O', 'B-Location', 'O', 'O', 'O', 'O', 'O', 'O', 'O', 'O', 'O', 'O']","1965 - Albert Schweitzer , theologian , philosopher and organist died in Gabon where he had set up a hospital in 1913 .","['1965(O)', '-(O)', 'Albert(B-Person)', 'Schweitzer(I-Person)', ',(O)', 'theologian(O)', ',(O)', 'philosopher(O)', 'and(O)', 'organist(O)', 'died(O)', 'in(O)', 'Gabon(B-Location)', 'where(O)', 'he(O)', 'had(O)', 'set(O)', 'up(O)', 'a(O)', 'hospital(O)', 'in(O)', '1913(O)', '.(O)']","1965(O) -(O) Albert(B-Person) Schweitzer(I-Person) ,(O) theologian(O) ,(O) philosopher(O) and(O) organist(O) died(O) in(O) Gabon(B-Location) where(O) he(O) had(O) set(O) up(O) a(O) hospital(O) in(O) 1913(O) .(O)","Input: 1965 - Albert Schweitzer , theologian , philosopher and organist died in Gabon where he had set up a hospital in 1913 .
Output: 1965(O) -(O) Albert(B-Person) Schweitzer(I-Person) ,(O) theologian(O) ,(O) philosopher(O) and(O) organist(O) died(O) in(O) Gabon(B-Location) where(O) he(O) had(O) set(O) up(O) a(O) hospital(O) in(O) 1913(O) .(O)"
2813,['Jordan' 'expels' 'Iraqi' 'diplomat' 'after' 'bread' 'riots' '.'],"['B-Location', 'O', 'B-Miscellaneous', 'O', 'O', 'O', 'O', 'O']",Jordan expels Iraqi diplomat after bread riots .,"['Jordan(B-Location)', 'expels(O)', 'Iraqi(B-Miscellaneous)', 'diplomat(O)', 'after(O)', 'bread(O)', 'riots(O)', '.(O)']",Jordan(B-Location) expels(O) Iraqi(B-Miscellaneous) diplomat(O) after(O) bread(O) riots(O) .(O),"Input: Jordan expels Iraqi diplomat after bread riots .
Output: Jordan(B-Location) expels(O) Iraqi(B-Miscellaneous) diplomat(O) after(O) bread(O) riots(O) .(O)"
11168,"['Her' 'attacker' ',' 'identified' 'only' 'as' 'Jerzy' 'L.' ',' '36' ','
 'was' 'arrested' 'by' 'police' 'and' 'will' 'appear' 'in' 'court' 'on'
 'Thursday' 'morning' ',' 'television' 'reported' '.']","['O', 'O', 'O', 'O', 'O', 'O', 'B-Person', 'I-Person', 'O', 'O', 'O', 'O', 'O', 'O', 'O', 'O', 'O', 'O', 'O', 'O', 'O', 'O', 'O', 'O', 'O', 'O', 'O']","Her attacker , identified only as Jerzy L. , 36 , was arrested by police and will appear in court on Thursday morning , television reported .","['Her(O)', 'attacker(O)', ',(O)', 'identified(O)', 'only(O)', 'as(O)', 'Jerzy(B-Person)', 'L.(I-Person)', ',(O)', '36(O)', ',(O)', 'was(O)', 'arrested(O)', 'by(O)', 'police(O)', 'and(O)', 'will(O)', 'appear(O)', 'in(O)', 'court(O)', 'on(O)', 'Thursday(O)', 'morning(O)', ',(O)', 'television(O)', 'reported(O)', '.(O)']","Her(O) attacker(O) ,(O) identified(O) only(O) as(O) Jerzy(B-Person) L.(I-Person) ,(O) 36(O) ,(O) was(O) arrested(O) by(O) police(O) and(O) will(O) appear(O) in(O) court(O) on(O) Thursday(O) morning(O) ,(O) television(O) reported(O) .(O)","Input: Her attacker , identified only as Jerzy L. , 36 , was arrested by police and will appear in court on Thursday morning , television reported .
Output: Her(O) attacker(O) ,(O) identified(O) only(O) as(O) Jerzy(B-Person) L.(I-Person) ,(O) 36(O) ,(O) was(O) arrested(O) by(O) police(O) and(O) will(O) appear(O) in(O) court(O) on(O) Thursday(O) morning(O) ,(O) television(O) reported(O) .(O)"
4835,['4.' 'Fogarty' '236'],"['O', 'B-Person', 'O']",4. Fogarty 236,"['4.(O)', 'Fogarty(B-Person)', '236(O)']",4.(O) Fogarty(B-Person) 236(O),"Input: 4. Fogarty 236
Output: 4.(O) Fogarty(B-Person) 236(O)"
6321,"['Swede' 'Kenneth' 'Eriksson' 'kept' 'Subaru' 'in' 'the' 'hunt' 'for'
 'the' 'manufacturers' ""'"" 'title' 'with' 'fifth' 'place' 'in' 'spite'
 'of' 'a' 'gearbox' 'problem' 'that' 'nearly' 'forced' 'him' 'off' 'the'
 'road' 'close' 'to' 'the' 'end' 'of' 'the' 'event' '.']","['B-Miscellaneous', 'B-Person', 'I-Person', 'O', 'B-Organization', 'O', 'O', 'O', 'O', 'O', 'O', 'O', 'O', 'O', 'O', 'O', 'O', 'O', 'O', 'O', 'O', 'O', 'O', 'O', 'O', 'O', 'O', 'O', 'O', 'O', 'O', 'O', 'O', 'O', 'O', 'O', 'O']",Swede Kenneth Eriksson kept Subaru in the hunt for the manufacturers ' title with fifth place in spite of a gearbox problem that nearly forced him off the road close to the end of the event .,"['Swede(B-Miscellaneous)', 'Kenneth(B-Person)', 'Eriksson(I-Person)', 'kept(O)', 'Subaru(B-Organization)', 'in(O)', 'the(O)', 'hunt(O)', 'for(O)', 'the(O)', 'manufacturers(O)', ""'(O)"", 'title(O)', 'with(O)', 'fifth(O)', 'place(O)', 'in(O)', 'spite(O)', 'of(O)', 'a(O)', 'gearbox(O)', 'problem(O)', 'that(O)', 'nearly(O)', 'forced(O)', 'him(O)', 'off(O)', 'the(O)', 'road(O)', 'close(O)', 'to(O)', 'the(O)', 'end(O)', 'of(O)', 'the(O)', 'event(O)', '.(O)']",Swede(B-Miscellaneous) Kenneth(B-Person) Eriksson(I-Person) kept(O) Subaru(B-Organization) in(O) the(O) hunt(O) for(O) the(O) manufacturers(O) '(O) title(O) with(O) fifth(O) place(O) in(O) spite(O) of(O) a(O) gearbox(O) problem(O) that(O) nearly(O) forced(O) him(O) off(O) the(O) road(O) close(O) to(O) the(O) end(O) of(O) the(O) event(O) .(O),"Input: Swede Kenneth Eriksson kept Subaru in the hunt for the manufacturers ' title with fifth place in spite of a gearbox problem that nearly forced him off the road close to the end of the event .
Output: Swede(B-Miscellaneous) Kenneth(B-Person) Eriksson(I-Person) kept(O) Subaru(B-Organization) in(O) the(O) hunt(O) for(O) the(O) manufacturers(O) '(O) title(O) with(O) fifth(O) place(O) in(O) spite(O) of(O) a(O) gearbox(O) problem(O) that(O) nearly(O) forced(O) him(O) off(O) the(O) road(O) close(O) to(O) the(O) end(O) of(O) the(O) event(O) .(O)"
10722,['Munich' '1860' '4' '1' '1' '2' '3' '5' '4'],"['B-Organization', 'I-Organization', 'O', 'O', 'O', 'O', 'O', 'O', 'O']",Munich 1860 4 1 1 2 3 5 4,"['Munich(B-Organization)', '1860(I-Organization)', '4(O)', '1(O)', '1(O)', '2(O)', '3(O)', '5(O)', '4(O)']",Munich(B-Organization) 1860(I-Organization) 4(O) 1(O) 1(O) 2(O) 3(O) 5(O) 4(O),"Input: Munich 1860 4 1 1 2 3 5 4
Output: Munich(B-Organization) 1860(I-Organization) 4(O) 1(O) 1(O) 2(O) 3(O) 5(O) 4(O)"
7340,"['Trade' 'unions' 'demanded' 'payment' 'of' 'June' 'and' 'July' 'wages'
 'and' 'last' 'year' ""'s"" 'holiday' 'pay' ',' 'and' 'called' 'on'
 'government' 'to' 'develop' 'a' 'revival' 'programme' 'for' 'the' 'plant'
 '.']","['O', 'O', 'O', 'O', 'O', 'O', 'O', 'O', 'O', 'O', 'O', 'O', 'O', 'O', 'O', 'O', 'O', 'O', 'O', 'O', 'O', 'O', 'O', 'O', 'O', 'O', 'O', 'O', 'O']","Trade unions demanded payment of June and July wages and last year 's holiday pay , and called on government to develop a revival programme for the plant .","['Trade(O)', 'unions(O)', 'demanded(O)', 'payment(O)', 'of(O)', 'June(O)', 'and(O)', 'July(O)', 'wages(O)', 'and(O)', 'last(O)', 'year(O)', ""'s(O)"", 'holiday(O)', 'pay(O)', ',(O)', 'and(O)', 'called(O)', 'on(O)', 'government(O)', 'to(O)', 'develop(O)', 'a(O)', 'revival(O)', 'programme(O)', 'for(O)', 'the(O)', 'plant(O)', '.(O)']","Trade(O) unions(O) demanded(O) payment(O) of(O) June(O) and(O) July(O) wages(O) and(O) last(O) year(O) 's(O) holiday(O) pay(O) ,(O) and(O) called(O) on(O) government(O) to(O) develop(O) a(O) revival(O) programme(O) for(O) the(O) plant(O) .(O)","Input: Trade unions demanded payment of June and July wages and last year 's holiday pay , and called on government to develop a revival programme for the plant .
Output: Trade(O) unions(O) demanded(O) payment(O) of(O) June(O) and(O) July(O) wages(O) and(O) last(O) year(O) 's(O) holiday(O) pay(O) ,(O) and(O) called(O) on(O) government(O) to(O) develop(O) a(O) revival(O) programme(O) for(O) the(O) plant(O) .(O)"
5895,['--' 'Sydney' 'Newsroom' '61-2' '9373-1800'],"['O', 'B-Organization', 'I-Organization', 'O', 'O']",-- Sydney Newsroom 61-2 9373-1800,"['--(O)', 'Sydney(B-Organization)', 'Newsroom(I-Organization)', '61-2(O)', '9373-1800(O)']",--(O) Sydney(B-Organization) Newsroom(I-Organization) 61-2(O) 9373-1800(O),"Input: -- Sydney Newsroom 61-2 9373-1800
Output: --(O) Sydney(B-Organization) Newsroom(I-Organization) 61-2(O) 9373-1800(O)"
8377,"['Lupu' 'is' 'one' 'of' 'the' 'tallest' 'players' 'in' 'Romania' ""'s""
 'first' 'division' ',' 'towering' 'over' 'Cozma' 'by' 'some' '17' 'cms'
 ',']","['B-Person', 'O', 'O', 'O', 'O', 'O', 'O', 'O', 'B-Location', 'O', 'O', 'O', 'O', 'O', 'O', 'B-Person', 'O', 'O', 'O', 'O', 'O']","Lupu is one of the tallest players in Romania 's first division , towering over Cozma by some 17 cms ,","['Lupu(B-Person)', 'is(O)', 'one(O)', 'of(O)', 'the(O)', 'tallest(O)', 'players(O)', 'in(O)', 'Romania(B-Location)', ""'s(O)"", 'first(O)', 'division(O)', ',(O)', 'towering(O)', 'over(O)', 'Cozma(B-Person)', 'by(O)', 'some(O)', '17(O)', 'cms(O)', ',(O)']","Lupu(B-Person) is(O) one(O) of(O) the(O) tallest(O) players(O) in(O) Romania(B-Location) 's(O) first(O) division(O) ,(O) towering(O) over(O) Cozma(B-Person) by(O) some(O) 17(O) cms(O) ,(O)","Input: Lupu is one of the tallest players in Romania 's first division , towering over Cozma by some 17 cms ,
Output: Lupu(B-Person) is(O) one(O) of(O) the(O) tallest(O) players(O) in(O) Romania(B-Location) 's(O) first(O) division(O) ,(O) towering(O) over(O) Cozma(B-Person) by(O) some(O) 17(O) cms(O) ,(O)"
5698,['Aalst' '4' '1' '1' '2' '5' '6' '4'],"['B-Organization', 'O', 'O', 'O', 'O', 'O', 'O', 'O']",Aalst 4 1 1 2 5 6 4,"['Aalst(B-Organization)', '4(O)', '1(O)', '1(O)', '2(O)', '5(O)', '6(O)', '4(O)']",Aalst(B-Organization) 4(O) 1(O) 1(O) 2(O) 5(O) 6(O) 4(O),"Input: Aalst 4 1 1 2 5 6 4
Output: Aalst(B-Organization) 4(O) 1(O) 1(O) 2(O) 5(O) 6(O) 4(O)"
9004,"['If' 'the' 'third' 'vote' 'fails' 'to' 'give' 'either' 'Meri' 'or'
 'Ruutel' '68' 'votes' ',' 'the' 'parliamentary' 'speaker' 'will'
 'convene' 'an' 'electoral' 'college' 'of' '101' 'MPs' 'and' '273' 'local'
 'goverment' 'representatives' 'to' 'hold' 'a' 'new' 'poll' 'that' 'could'
 'include' 'new' 'nominations' '.']","['O', 'O', 'O', 'O', 'O', 'O', 'O', 'O', 'B-Person', 'O', 'B-Person', 'O', 'O', 'O', 'O', 'O', 'O', 'O', 'O', 'O', 'O', 'O', 'O', 'O', 'O', 'O', 'O', 'O', 'O', 'O', 'O', 'O', 'O', 'O', 'O', 'O', 'O', 'O', 'O', 'O', 'O']","If the third vote fails to give either Meri or Ruutel 68 votes , the parliamentary speaker will convene an electoral college of 101 MPs and 273 local goverment representatives to hold a new poll that could include new nominations .","['If(O)', 'the(O)', 'third(O)', 'vote(O)', 'fails(O)', 'to(O)', 'give(O)', 'either(O)', 'Meri(B-Person)', 'or(O)', 'Ruutel(B-Person)', '68(O)', 'votes(O)', ',(O)', 'the(O)', 'parliamentary(O)', 'speaker(O)', 'will(O)', 'convene(O)', 'an(O)', 'electoral(O)', 'college(O)', 'of(O)', '101(O)', 'MPs(O)', 'and(O)', '273(O)', 'local(O)', 'goverment(O)', 'representatives(O)', 'to(O)', 'hold(O)', 'a(O)', 'new(O)', 'poll(O)', 'that(O)', 'could(O)', 'include(O)', 'new(O)', 'nominations(O)', '.(O)']","If(O) the(O) third(O) vote(O) fails(O) to(O) give(O) either(O) Meri(B-Person) or(O) Ruutel(B-Person) 68(O) votes(O) ,(O) the(O) parliamentary(O) speaker(O) will(O) convene(O) an(O) electoral(O) college(O) of(O) 101(O) MPs(O) and(O) 273(O) local(O) goverment(O) representatives(O) to(O) hold(O) a(O) new(O) poll(O) that(O) could(O) include(O) new(O) nominations(O) .(O)","Input: If the third vote fails to give either Meri or Ruutel 68 votes , the parliamentary speaker will convene an electoral college of 101 MPs and 273 local goverment representatives to hold a new poll that could include new nominations .
Output: If(O) the(O) third(O) vote(O) fails(O) to(O) give(O) either(O) Meri(B-Person) or(O) Ruutel(B-Person) 68(O) votes(O) ,(O) the(O) parliamentary(O) speaker(O) will(O) convene(O) an(O) electoral(O) college(O) of(O) 101(O) MPs(O) and(O) 273(O) local(O) goverment(O) representatives(O) to(O) hold(O) a(O) new(O) poll(O) that(O) could(O) include(O) new(O) nominations(O) .(O)"
2985,['Jordan' 'expels' 'Iraqi' 'diplomat' '.'],"['B-Location', 'O', 'B-Miscellaneous', 'O', 'O']",Jordan expels Iraqi diplomat .,"['Jordan(B-Location)', 'expels(O)', 'Iraqi(B-Miscellaneous)', 'diplomat(O)', '.(O)']",Jordan(B-Location) expels(O) Iraqi(B-Miscellaneous) diplomat(O) .(O),"Input: Jordan expels Iraqi diplomat .
Output: Jordan(B-Location) expels(O) Iraqi(B-Miscellaneous) diplomat(O) .(O)"
10301,['MOSCOW' '1996-08-28'],"['B-Location', 'O']",MOSCOW 1996-08-28,"['MOSCOW(B-Location)', '1996-08-28(O)']",MOSCOW(B-Location) 1996-08-28(O),"Input: MOSCOW 1996-08-28
Output: MOSCOW(B-Location) 1996-08-28(O)"
6201,"['Collective' 'farms' 'and' 'Ukraine' ""'s"" 'nascent' 'private' 'farming'
 'sector' 'have' 'no' 'money' 'for' 'fertiliser' ',' 'no' 'money' 'for'
 'herbicides' 'and' 'pesticides' ',' 'no' 'money' 'to' 'repair' 'old' 'or'
 'buy' 'new' 'machinery' ',' 'no' 'money' 'for' 'fuel' ',' 'and' 'none'
 'to' 'buy' 'good' 'seed' '.']","['O', 'O', 'O', 'B-Location', 'O', 'O', 'O', 'O', 'O', 'O', 'O', 'O', 'O', 'O', 'O', 'O', 'O', 'O', 'O', 'O', 'O', 'O', 'O', 'O', 'O', 'O', 'O', 'O', 'O', 'O', 'O', 'O', 'O', 'O', 'O', 'O', 'O', 'O', 'O', 'O', 'O', 'O', 'O', 'O']","Collective farms and Ukraine 's nascent private farming sector have no money for fertiliser , no money for herbicides and pesticides , no money to repair old or buy new machinery , no money for fuel , and none to buy good seed .","['Collective(O)', 'farms(O)', 'and(O)', 'Ukraine(B-Location)', ""'s(O)"", 'nascent(O)', 'private(O)', 'farming(O)', 'sector(O)', 'have(O)', 'no(O)', 'money(O)', 'for(O)', 'fertiliser(O)', ',(O)', 'no(O)', 'money(O)', 'for(O)', 'herbicides(O)', 'and(O)', 'pesticides(O)', ',(O)', 'no(O)', 'money(O)', 'to(O)', 'repair(O)', 'old(O)', 'or(O)', 'buy(O)', 'new(O)', 'machinery(O)', ',(O)', 'no(O)', 'money(O)', 'for(O)', 'fuel(O)', ',(O)', 'and(O)', 'none(O)', 'to(O)', 'buy(O)', 'good(O)', 'seed(O)', '.(O)']","Collective(O) farms(O) and(O) Ukraine(B-Location) 's(O) nascent(O) private(O) farming(O) sector(O) have(O) no(O) money(O) for(O) fertiliser(O) ,(O) no(O) money(O) for(O) herbicides(O) and(O) pesticides(O) ,(O) no(O) money(O) to(O) repair(O) old(O) or(O) buy(O) new(O) machinery(O) ,(O) no(O) money(O) for(O) fuel(O) ,(O) and(O) none(O) to(O) buy(O) good(O) seed(O) .(O)","Input: Collective farms and Ukraine 's nascent private farming sector have no money for fertiliser , no money for herbicides and pesticides , no money to repair old or buy new machinery , no money for fuel , and none to buy good seed .
Output: Collective(O) farms(O) and(O) Ukraine(B-Location) 's(O) nascent(O) private(O) farming(O) sector(O) have(O) no(O) money(O) for(O) fertiliser(O) ,(O) no(O) money(O) for(O) herbicides(O) and(O) pesticides(O) ,(O) no(O) money(O) to(O) repair(O) old(O) or(O) buy(O) new(O) machinery(O) ,(O) no(O) money(O) for(O) fuel(O) ,(O) and(O) none(O) to(O) buy(O) good(O) seed(O) .(O)"
6390,['English' 'County' 'Championship'],"['B-Miscellaneous', 'I-Miscellaneous', 'I-Miscellaneous']",English County Championship,"['English(B-Miscellaneous)', 'County(I-Miscellaneous)', 'Championship(I-Miscellaneous)']",English(B-Miscellaneous) County(I-Miscellaneous) Championship(I-Miscellaneous),"Input: English County Championship
Output: English(B-Miscellaneous) County(I-Miscellaneous) Championship(I-Miscellaneous)"
10625,['3-1' '.'],"['O', 'O']",3-1 .,"['3-1(O)', '.(O)']",3-1(O) .(O),"Input: 3-1 .
Output: 3-1(O) .(O)"
1085,['LONDON' '1996-08-22'],"['B-Location', 'O']",LONDON 1996-08-22,"['LONDON(B-Location)', '1996-08-22(O)']",LONDON(B-Location) 1996-08-22(O),"Input: LONDON 1996-08-22
Output: LONDON(B-Location) 1996-08-22(O)"
5625,['6.' 'Baldato' '77'],"['O', 'B-Person', 'O']",6. Baldato 77,"['6.(O)', 'Baldato(B-Person)', '77(O)']",6.(O) Baldato(B-Person) 77(O),"Input: 6. Baldato 77
Output: 6.(O) Baldato(B-Person) 77(O)"
37,['China' 'says' 'time' 'right' 'for' 'Taiwan' 'talks' '.'],"['B-Location', 'O', 'O', 'O', 'O', 'B-Location', 'O', 'O']",China says time right for Taiwan talks .,"['China(B-Location)', 'says(O)', 'time(O)', 'right(O)', 'for(O)', 'Taiwan(B-Location)', 'talks(O)', '.(O)']",China(B-Location) says(O) time(O) right(O) for(O) Taiwan(B-Location) talks(O) .(O),"Input: China says time right for Taiwan talks .
Output: China(B-Location) says(O) time(O) right(O) for(O) Taiwan(B-Location) talks(O) .(O)"
6741,['AC' 'Sparta' 'Praha' '2' '0' '1' '1' '3' '4' '1'],"['B-Organization', 'I-Organization', 'I-Organization', 'O', 'O', 'O', 'O', 'O', 'O', 'O']",AC Sparta Praha 2 0 1 1 3 4 1,"['AC(B-Organization)', 'Sparta(I-Organization)', 'Praha(I-Organization)', '2(O)', '0(O)', '1(O)', '1(O)', '3(O)', '4(O)', '1(O)']",AC(B-Organization) Sparta(I-Organization) Praha(I-Organization) 2(O) 0(O) 1(O) 1(O) 3(O) 4(O) 1(O),"Input: AC Sparta Praha 2 0 1 1 3 4 1
Output: AC(B-Organization) Sparta(I-Organization) Praha(I-Organization) 2(O) 0(O) 1(O) 1(O) 3(O) 4(O) 1(O)"
11053,['WELLINGTON' '1996-08-28'],"['B-Location', 'O']",WELLINGTON 1996-08-28,"['WELLINGTON(B-Location)', '1996-08-28(O)']",WELLINGTON(B-Location) 1996-08-28(O),"Input: WELLINGTON 1996-08-28
Output: WELLINGTON(B-Location) 1996-08-28(O)"
12329,['R.' 'Irani' 'not' 'out' '6'],"['B-Person', 'I-Person', 'O', 'O', 'O']",R. Irani not out 6,"['R.(B-Person)', 'Irani(I-Person)', 'not(O)', 'out(O)', '6(O)']",R.(B-Person) Irani(I-Person) not(O) out(O) 6(O),"Input: R. Irani not out 6
Output: R.(B-Person) Irani(I-Person) not(O) out(O) 6(O)"
6988,"['I' 'feel' 'that' 'we' 'should' 'have' 'maybe' 'just' 'cancelled' 'out'
 'the' 'Monday' ',' 'not' 'show' 'up' 'today' 'and' 'start' 'the'
 'tournament' 'tomorrow' '.' '""']","['O', 'O', 'O', 'O', 'O', 'O', 'O', 'O', 'O', 'O', 'O', 'O', 'O', 'O', 'O', 'O', 'O', 'O', 'O', 'O', 'O', 'O', 'O', 'O']","I feel that we should have maybe just cancelled out the Monday , not show up today and start the tournament tomorrow . ""","['I(O)', 'feel(O)', 'that(O)', 'we(O)', 'should(O)', 'have(O)', 'maybe(O)', 'just(O)', 'cancelled(O)', 'out(O)', 'the(O)', 'Monday(O)', ',(O)', 'not(O)', 'show(O)', 'up(O)', 'today(O)', 'and(O)', 'start(O)', 'the(O)', 'tournament(O)', 'tomorrow(O)', '.(O)', '""(O)']","I(O) feel(O) that(O) we(O) should(O) have(O) maybe(O) just(O) cancelled(O) out(O) the(O) Monday(O) ,(O) not(O) show(O) up(O) today(O) and(O) start(O) the(O) tournament(O) tomorrow(O) .(O) ""(O)","Input: I feel that we should have maybe just cancelled out the Monday , not show up today and start the tournament tomorrow . ""
Output: I(O) feel(O) that(O) we(O) should(O) have(O) maybe(O) just(O) cancelled(O) out(O) the(O) Monday(O) ,(O) not(O) show(O) up(O) today(O) and(O) start(O) the(O) tournament(O) tomorrow(O) .(O) ""(O)"
4356,['PARIS' '1996-08-24'],"['B-Location', 'O']",PARIS 1996-08-24,"['PARIS(B-Location)', '1996-08-24(O)']",PARIS(B-Location) 1996-08-24(O),"Input: PARIS 1996-08-24
Output: PARIS(B-Location) 1996-08-24(O)"
6889,['pro-baseball' 'games' 'played' 'on' 'Sunday' '.'],"['O', 'O', 'O', 'O', 'O', 'O']",pro-baseball games played on Sunday .,"['pro-baseball(O)', 'games(O)', 'played(O)', 'on(O)', 'Sunday(O)', '.(O)']",pro-baseball(O) games(O) played(O) on(O) Sunday(O) .(O),"Input: pro-baseball games played on Sunday .
Output: pro-baseball(O) games(O) played(O) on(O) Sunday(O) .(O)"
11777,"['Perot' 'won' 'his' 'party' ""'s"" 'official' 'nomination' 'as' 'its'
 'presidential' 'candidate' 'in' 'a' 'secret' 'ballot' 'earlier' 'this'
 'month' '.']","['B-Person', 'O', 'O', 'O', 'O', 'O', 'O', 'O', 'O', 'O', 'O', 'O', 'O', 'O', 'O', 'O', 'O', 'O', 'O']",Perot won his party 's official nomination as its presidential candidate in a secret ballot earlier this month .,"['Perot(B-Person)', 'won(O)', 'his(O)', 'party(O)', ""'s(O)"", 'official(O)', 'nomination(O)', 'as(O)', 'its(O)', 'presidential(O)', 'candidate(O)', 'in(O)', 'a(O)', 'secret(O)', 'ballot(O)', 'earlier(O)', 'this(O)', 'month(O)', '.(O)']",Perot(B-Person) won(O) his(O) party(O) 's(O) official(O) nomination(O) as(O) its(O) presidential(O) candidate(O) in(O) a(O) secret(O) ballot(O) earlier(O) this(O) month(O) .(O),"Input: Perot won his party 's official nomination as its presidential candidate in a secret ballot earlier this month .
Output: Perot(B-Person) won(O) his(O) party(O) 's(O) official(O) nomination(O) as(O) its(O) presidential(O) candidate(O) in(O) a(O) secret(O) ballot(O) earlier(O) this(O) month(O) .(O)"
1628,"['The' 'task' 'Mother' 'Teresa' 'began' 'alone' 'in' '1949' 'in' 'the'
 'slums' 'of' 'densely-populated' 'Calcutta' ',' 'and' 'grew' 'to' 'touch'
 'the' 'hearts' 'of' 'people' 'around' 'the' 'world' '.']","['O', 'O', 'B-Person', 'I-Person', 'O', 'O', 'O', 'O', 'O', 'O', 'O', 'O', 'O', 'B-Location', 'O', 'O', 'O', 'O', 'O', 'O', 'O', 'O', 'O', 'O', 'O', 'O', 'O']","The task Mother Teresa began alone in 1949 in the slums of densely-populated Calcutta , and grew to touch the hearts of people around the world .","['The(O)', 'task(O)', 'Mother(B-Person)', 'Teresa(I-Person)', 'began(O)', 'alone(O)', 'in(O)', '1949(O)', 'in(O)', 'the(O)', 'slums(O)', 'of(O)', 'densely-populated(O)', 'Calcutta(B-Location)', ',(O)', 'and(O)', 'grew(O)', 'to(O)', 'touch(O)', 'the(O)', 'hearts(O)', 'of(O)', 'people(O)', 'around(O)', 'the(O)', 'world(O)', '.(O)']","The(O) task(O) Mother(B-Person) Teresa(I-Person) began(O) alone(O) in(O) 1949(O) in(O) the(O) slums(O) of(O) densely-populated(O) Calcutta(B-Location) ,(O) and(O) grew(O) to(O) touch(O) the(O) hearts(O) of(O) people(O) around(O) the(O) world(O) .(O)","Input: The task Mother Teresa began alone in 1949 in the slums of densely-populated Calcutta , and grew to touch the hearts of people around the world .
Output: The(O) task(O) Mother(B-Person) Teresa(I-Person) began(O) alone(O) in(O) 1949(O) in(O) the(O) slums(O) of(O) densely-populated(O) Calcutta(B-Location) ,(O) and(O) grew(O) to(O) touch(O) the(O) hearts(O) of(O) people(O) around(O) the(O) world(O) .(O)"
6565,['Scorers' ':'],"['O', 'O']",Scorers :,"['Scorers(O)', ':(O)']",Scorers(O) :(O),"Input: Scorers :
Output: Scorers(O) :(O)"
2342,['7.' 'Hubert' 'Grossard' '(' 'Belgium' ')' '13.65'],"['O', 'B-Person', 'I-Person', 'O', 'B-Location', 'O', 'O']",7. Hubert Grossard ( Belgium ) 13.65,"['7.(O)', 'Hubert(B-Person)', 'Grossard(I-Person)', '((O)', 'Belgium(B-Location)', ')(O)', '13.65(O)']",7.(O) Hubert(B-Person) Grossard(I-Person) ((O) Belgium(B-Location) )(O) 13.65(O),"Input: 7. Hubert Grossard ( Belgium ) 13.65
Output: 7.(O) Hubert(B-Person) Grossard(I-Person) ((O) Belgium(B-Location) )(O) 13.65(O)"
12155,"['At' 'issue' 'was' 'a' 'May' '20' 'agreement' 'allowing' 'Iraq' 'to'
 'sell' '$' '2' 'billion' 'worth' 'of' 'oil' 'to' 'purchase' 'badly'
 'needed' 'food' ',' 'medicine' 'and' 'other' 'supplies' 'to' 'ease' 'the'
 'impact' 'of' 'sanctions' 'in' 'force' 'since' 'its' 'troops' 'invaded'
 'Kuwait' 'in' 'August' '1990' '.']","['O', 'O', 'O', 'O', 'O', 'O', 'O', 'O', 'B-Location', 'O', 'O', 'O', 'O', 'O', 'O', 'O', 'O', 'O', 'O', 'O', 'O', 'O', 'O', 'O', 'O', 'O', 'O', 'O', 'O', 'O', 'O', 'O', 'O', 'O', 'O', 'O', 'O', 'O', 'O', 'B-Location', 'O', 'O', 'O', 'O']","At issue was a May 20 agreement allowing Iraq to sell $ 2 billion worth of oil to purchase badly needed food , medicine and other supplies to ease the impact of sanctions in force since its troops invaded Kuwait in August 1990 .","['At(O)', 'issue(O)', 'was(O)', 'a(O)', 'May(O)', '20(O)', 'agreement(O)', 'allowing(O)', 'Iraq(B-Location)', 'to(O)', 'sell(O)', '$(O)', '2(O)', 'billion(O)', 'worth(O)', 'of(O)', 'oil(O)', 'to(O)', 'purchase(O)', 'badly(O)', 'needed(O)', 'food(O)', ',(O)', 'medicine(O)', 'and(O)', 'other(O)', 'supplies(O)', 'to(O)', 'ease(O)', 'the(O)', 'impact(O)', 'of(O)', 'sanctions(O)', 'in(O)', 'force(O)', 'since(O)', 'its(O)', 'troops(O)', 'invaded(O)', 'Kuwait(B-Location)', 'in(O)', 'August(O)', '1990(O)', '.(O)']","At(O) issue(O) was(O) a(O) May(O) 20(O) agreement(O) allowing(O) Iraq(B-Location) to(O) sell(O) $(O) 2(O) billion(O) worth(O) of(O) oil(O) to(O) purchase(O) badly(O) needed(O) food(O) ,(O) medicine(O) and(O) other(O) supplies(O) to(O) ease(O) the(O) impact(O) of(O) sanctions(O) in(O) force(O) since(O) its(O) troops(O) invaded(O) Kuwait(B-Location) in(O) August(O) 1990(O) .(O)","Input: At issue was a May 20 agreement allowing Iraq to sell $ 2 billion worth of oil to purchase badly needed food , medicine and other supplies to ease the impact of sanctions in force since its troops invaded Kuwait in August 1990 .
Output: At(O) issue(O) was(O) a(O) May(O) 20(O) agreement(O) allowing(O) Iraq(B-Location) to(O) sell(O) $(O) 2(O) billion(O) worth(O) of(O) oil(O) to(O) purchase(O) badly(O) needed(O) food(O) ,(O) medicine(O) and(O) other(O) supplies(O) to(O) ease(O) the(O) impact(O) of(O) sanctions(O) in(O) force(O) since(O) its(O) troops(O) invaded(O) Kuwait(B-Location) in(O) August(O) 1990(O) .(O)"
5405,['I' 'was' 'just' 'trying' 'to' 'put' 'the' 'ball' 'in' 'play' '.'],"['O', 'O', 'O', 'O', 'O', 'O', 'O', 'O', 'O', 'O', 'O']",I was just trying to put the ball in play .,"['I(O)', 'was(O)', 'just(O)', 'trying(O)', 'to(O)', 'put(O)', 'the(O)', 'ball(O)', 'in(O)', 'play(O)', '.(O)']",I(O) was(O) just(O) trying(O) to(O) put(O) the(O) ball(O) in(O) play(O) .(O),"Input: I was just trying to put the ball in play .
Output: I(O) was(O) just(O) trying(O) to(O) put(O) the(O) ball(O) in(O) play(O) .(O)"
10992,"['King' 'from' '1249-1286' ',' 'he' 'consolidated' 'royal' 'power' ','
 'leaving' 'Scotland' 'united' 'and' 'independent' '.']","['O', 'O', 'O', 'O', 'O', 'O', 'O', 'O', 'O', 'O', 'B-Location', 'O', 'O', 'O', 'O']","King from 1249-1286 , he consolidated royal power , leaving Scotland united and independent .","['King(O)', 'from(O)', '1249-1286(O)', ',(O)', 'he(O)', 'consolidated(O)', 'royal(O)', 'power(O)', ',(O)', 'leaving(O)', 'Scotland(B-Location)', 'united(O)', 'and(O)', 'independent(O)', '.(O)']","King(O) from(O) 1249-1286(O) ,(O) he(O) consolidated(O) royal(O) power(O) ,(O) leaving(O) Scotland(B-Location) united(O) and(O) independent(O) .(O)","Input: King from 1249-1286 , he consolidated royal power , leaving Scotland united and independent .
Output: King(O) from(O) 1249-1286(O) ,(O) he(O) consolidated(O) royal(O) power(O) ,(O) leaving(O) Scotland(B-Location) united(O) and(O) independent(O) .(O)"
12741,['ITALIAN' 'GOVT' 'BOND' '(' 'SEP' ')' '115.62' '115.58' '115.32'],"['B-Miscellaneous', 'O', 'O', 'O', 'O', 'O', 'O', 'O', 'O']",ITALIAN GOVT BOND ( SEP ) 115.62 115.58 115.32,"['ITALIAN(B-Miscellaneous)', 'GOVT(O)', 'BOND(O)', '((O)', 'SEP(O)', ')(O)', '115.62(O)', '115.58(O)', '115.32(O)']",ITALIAN(B-Miscellaneous) GOVT(O) BOND(O) ((O) SEP(O) )(O) 115.62(O) 115.58(O) 115.32(O),"Input: ITALIAN GOVT BOND ( SEP ) 115.62 115.58 115.32
Output: ITALIAN(B-Miscellaneous) GOVT(O) BOND(O) ((O) SEP(O) )(O) 115.62(O) 115.58(O) 115.32(O)"
12085,"['The' 'Beijing-funded' 'WEN' 'WEI' 'PO' 'said' 'Taiwan' ""'s"" 'government'
 'could' 'not' 'hope' 'to' 'stem' 'the' 'island' ""'s"" 'economic' 'and'
 'trade' 'exchanges' 'with' 'China' '.']","['O', 'B-Miscellaneous', 'B-Organization', 'I-Organization', 'I-Organization', 'O', 'B-Location', 'O', 'O', 'O', 'O', 'O', 'O', 'O', 'O', 'O', 'O', 'O', 'O', 'O', 'O', 'O', 'B-Location', 'O']",The Beijing-funded WEN WEI PO said Taiwan 's government could not hope to stem the island 's economic and trade exchanges with China .,"['The(O)', 'Beijing-funded(B-Miscellaneous)', 'WEN(B-Organization)', 'WEI(I-Organization)', 'PO(I-Organization)', 'said(O)', 'Taiwan(B-Location)', ""'s(O)"", 'government(O)', 'could(O)', 'not(O)', 'hope(O)', 'to(O)', 'stem(O)', 'the(O)', 'island(O)', ""'s(O)"", 'economic(O)', 'and(O)', 'trade(O)', 'exchanges(O)', 'with(O)', 'China(B-Location)', '.(O)']",The(O) Beijing-funded(B-Miscellaneous) WEN(B-Organization) WEI(I-Organization) PO(I-Organization) said(O) Taiwan(B-Location) 's(O) government(O) could(O) not(O) hope(O) to(O) stem(O) the(O) island(O) 's(O) economic(O) and(O) trade(O) exchanges(O) with(O) China(B-Location) .(O),"Input: The Beijing-funded WEN WEI PO said Taiwan 's government could not hope to stem the island 's economic and trade exchanges with China .
Output: The(O) Beijing-funded(B-Miscellaneous) WEN(B-Organization) WEI(I-Organization) PO(I-Organization) said(O) Taiwan(B-Location) 's(O) government(O) could(O) not(O) hope(O) to(O) stem(O) the(O) island(O) 's(O) economic(O) and(O) trade(O) exchanges(O) with(O) China(B-Location) .(O)"
13418,"['President' 'Bill' 'Clinton' 'earlier' 'this' 'month' 'invoked' 'special'
 'powers' 'to' 'appoint' 'Fowler' 'during' 'the' 'congressional' 'recess'
 'because' 'the' 'Senate' 'delayed' 'confirming' 'his' 'nomination' '.']","['O', 'B-Person', 'I-Person', 'O', 'O', 'O', 'O', 'O', 'O', 'O', 'O', 'B-Person', 'O', 'O', 'O', 'O', 'O', 'O', 'B-Organization', 'O', 'O', 'O', 'O', 'O']",President Bill Clinton earlier this month invoked special powers to appoint Fowler during the congressional recess because the Senate delayed confirming his nomination .,"['President(O)', 'Bill(B-Person)', 'Clinton(I-Person)', 'earlier(O)', 'this(O)', 'month(O)', 'invoked(O)', 'special(O)', 'powers(O)', 'to(O)', 'appoint(O)', 'Fowler(B-Person)', 'during(O)', 'the(O)', 'congressional(O)', 'recess(O)', 'because(O)', 'the(O)', 'Senate(B-Organization)', 'delayed(O)', 'confirming(O)', 'his(O)', 'nomination(O)', '.(O)']",President(O) Bill(B-Person) Clinton(I-Person) earlier(O) this(O) month(O) invoked(O) special(O) powers(O) to(O) appoint(O) Fowler(B-Person) during(O) the(O) congressional(O) recess(O) because(O) the(O) Senate(B-Organization) delayed(O) confirming(O) his(O) nomination(O) .(O),"Input: President Bill Clinton earlier this month invoked special powers to appoint Fowler during the congressional recess because the Senate delayed confirming his nomination .
Output: President(O) Bill(B-Person) Clinton(I-Person) earlier(O) this(O) month(O) invoked(O) special(O) powers(O) to(O) appoint(O) Fowler(B-Person) during(O) the(O) congressional(O) recess(O) because(O) the(O) Senate(B-Organization) delayed(O) confirming(O) his(O) nomination(O) .(O)"
10665,"['Reigning' 'champions' 'Auxerre' 'had' 'to' 'settle' 'for' 'a' 'goalless'
 'draw' 'against' 'Marseille' 'on' 'Tuesday' '.']","['O', 'O', 'B-Organization', 'O', 'O', 'O', 'O', 'O', 'O', 'O', 'O', 'B-Organization', 'O', 'O', 'O']",Reigning champions Auxerre had to settle for a goalless draw against Marseille on Tuesday .,"['Reigning(O)', 'champions(O)', 'Auxerre(B-Organization)', 'had(O)', 'to(O)', 'settle(O)', 'for(O)', 'a(O)', 'goalless(O)', 'draw(O)', 'against(O)', 'Marseille(B-Organization)', 'on(O)', 'Tuesday(O)', '.(O)']",Reigning(O) champions(O) Auxerre(B-Organization) had(O) to(O) settle(O) for(O) a(O) goalless(O) draw(O) against(O) Marseille(B-Organization) on(O) Tuesday(O) .(O),"Input: Reigning champions Auxerre had to settle for a goalless draw against Marseille on Tuesday .
Output: Reigning(O) champions(O) Auxerre(B-Organization) had(O) to(O) settle(O) for(O) a(O) goalless(O) draw(O) against(O) Marseille(B-Organization) on(O) Tuesday(O) .(O)"
6011,"['""' 'This' 'finding' 'is' 'important' 'because' 'one' 'of' 'the' 'jars'
 'still' 'contains' 'substances' 'and' 'materials' 'used' 'in' 'the'
 'conservation' 'of' 'mummies' 'and' 'the' 'conservation' 'of' 'the'
 'intestines' 'and' 'all' 'the' 'things' 'which' 'were' 'in' 'the'
 'cavity' 'of' 'a' 'person' 'we' 'have' 'not' 'identified' 'yet' ',' '""'
 'Saleh' 'said' '.']","['O', 'O', 'O', 'O', 'O', 'O', 'O', 'O', 'O', 'O', 'O', 'O', 'O', 'O', 'O', 'O', 'O', 'O', 'O', 'O', 'O', 'O', 'O', 'O', 'O', 'O', 'O', 'O', 'O', 'O', 'O', 'O', 'O', 'O', 'O', 'O', 'O', 'O', 'O', 'O', 'O', 'O', 'O', 'O', 'O', 'O', 'B-Person', 'O', 'O']",""" This finding is important because one of the jars still contains substances and materials used in the conservation of mummies and the conservation of the intestines and all the things which were in the cavity of a person we have not identified yet , "" Saleh said .","['""(O)', 'This(O)', 'finding(O)', 'is(O)', 'important(O)', 'because(O)', 'one(O)', 'of(O)', 'the(O)', 'jars(O)', 'still(O)', 'contains(O)', 'substances(O)', 'and(O)', 'materials(O)', 'used(O)', 'in(O)', 'the(O)', 'conservation(O)', 'of(O)', 'mummies(O)', 'and(O)', 'the(O)', 'conservation(O)', 'of(O)', 'the(O)', 'intestines(O)', 'and(O)', 'all(O)', 'the(O)', 'things(O)', 'which(O)', 'were(O)', 'in(O)', 'the(O)', 'cavity(O)', 'of(O)', 'a(O)', 'person(O)', 'we(O)', 'have(O)', 'not(O)', 'identified(O)', 'yet(O)', ',(O)', '""(O)', 'Saleh(B-Person)', 'said(O)', '.(O)']","""(O) This(O) finding(O) is(O) important(O) because(O) one(O) of(O) the(O) jars(O) still(O) contains(O) substances(O) and(O) materials(O) used(O) in(O) the(O) conservation(O) of(O) mummies(O) and(O) the(O) conservation(O) of(O) the(O) intestines(O) and(O) all(O) the(O) things(O) which(O) were(O) in(O) the(O) cavity(O) of(O) a(O) person(O) we(O) have(O) not(O) identified(O) yet(O) ,(O) ""(O) Saleh(B-Person) said(O) .(O)","Input: "" This finding is important because one of the jars still contains substances and materials used in the conservation of mummies and the conservation of the intestines and all the things which were in the cavity of a person we have not identified yet , "" Saleh said .
Output: ""(O) This(O) finding(O) is(O) important(O) because(O) one(O) of(O) the(O) jars(O) still(O) contains(O) substances(O) and(O) materials(O) used(O) in(O) the(O) conservation(O) of(O) mummies(O) and(O) the(O) conservation(O) of(O) the(O) intestines(O) and(O) all(O) the(O) things(O) which(O) were(O) in(O) the(O) cavity(O) of(O) a(O) person(O) we(O) have(O) not(O) identified(O) yet(O) ,(O) ""(O) Saleh(B-Person) said(O) .(O)"
977,['31.' 'Austria' '8.05'],"['O', 'B-Location', 'O']",31. Austria 8.05,"['31.(O)', 'Austria(B-Location)', '8.05(O)']",31.(O) Austria(B-Location) 8.05(O),"Input: 31. Austria 8.05
Output: 31.(O) Austria(B-Location) 8.05(O)"
11871,"['Gente' 'said' 'Ducruet' ',' 'a' 'keen' 'racing' 'driver' ',' 'met'
 'Houteman' 'during' 'a' 'race' 'in' 'Belgium' 'and' 'photographers' 'had'
 'been' 'on' 'their' 'trail' 'ever' 'since' '.']","['B-Organization', 'O', 'B-Person', 'O', 'O', 'O', 'O', 'O', 'O', 'O', 'B-Person', 'O', 'O', 'O', 'O', 'B-Location', 'O', 'O', 'O', 'O', 'O', 'O', 'O', 'O', 'O', 'O']","Gente said Ducruet , a keen racing driver , met Houteman during a race in Belgium and photographers had been on their trail ever since .","['Gente(B-Organization)', 'said(O)', 'Ducruet(B-Person)', ',(O)', 'a(O)', 'keen(O)', 'racing(O)', 'driver(O)', ',(O)', 'met(O)', 'Houteman(B-Person)', 'during(O)', 'a(O)', 'race(O)', 'in(O)', 'Belgium(B-Location)', 'and(O)', 'photographers(O)', 'had(O)', 'been(O)', 'on(O)', 'their(O)', 'trail(O)', 'ever(O)', 'since(O)', '.(O)']","Gente(B-Organization) said(O) Ducruet(B-Person) ,(O) a(O) keen(O) racing(O) driver(O) ,(O) met(O) Houteman(B-Person) during(O) a(O) race(O) in(O) Belgium(B-Location) and(O) photographers(O) had(O) been(O) on(O) their(O) trail(O) ever(O) since(O) .(O)","Input: Gente said Ducruet , a keen racing driver , met Houteman during a race in Belgium and photographers had been on their trail ever since .
Output: Gente(B-Organization) said(O) Ducruet(B-Person) ,(O) a(O) keen(O) racing(O) driver(O) ,(O) met(O) Houteman(B-Person) during(O) a(O) race(O) in(O) Belgium(B-Location) and(O) photographers(O) had(O) been(O) on(O) their(O) trail(O) ever(O) since(O) .(O)"
7027,"['Men' ""'s"" 'singles']","['O', 'O', 'O']",Men 's singles,"['Men(O)', ""'s(O)"", 'singles(O)']",Men(O) 's(O) singles(O),"Input: Men 's singles
Output: Men(O) 's(O) singles(O)"
13970,"['Women' ""'s"" 'world' 'points' 'race' 'championship' '(' '24-km' ')' ':']","['O', 'O', 'O', 'O', 'O', 'O', 'O', 'O', 'O', 'O']",Women 's world points race championship ( 24-km ) :,"['Women(O)', ""'s(O)"", 'world(O)', 'points(O)', 'race(O)', 'championship(O)', '((O)', '24-km(O)', ')(O)', ':(O)']",Women(O) 's(O) world(O) points(O) race(O) championship(O) ((O) 24-km(O) )(O) :(O),"Input: Women 's world points race championship ( 24-km ) :
Output: Women(O) 's(O) world(O) points(O) race(O) championship(O) ((O) 24-km(O) )(O) :(O)"
5583,"['winners' 'on' 'the' 'European' 'Tour' 'after' 'Sunday' ""'s"" 'German'
 'Open' '(' 'Britain']","['O', 'O', 'O', 'B-Miscellaneous', 'I-Miscellaneous', 'O', 'O', 'O', 'B-Miscellaneous', 'I-Miscellaneous', 'O', 'B-Location']",winners on the European Tour after Sunday 's German Open ( Britain,"['winners(O)', 'on(O)', 'the(O)', 'European(B-Miscellaneous)', 'Tour(I-Miscellaneous)', 'after(O)', 'Sunday(O)', ""'s(O)"", 'German(B-Miscellaneous)', 'Open(I-Miscellaneous)', '((O)', 'Britain(B-Location)']",winners(O) on(O) the(O) European(B-Miscellaneous) Tour(I-Miscellaneous) after(O) Sunday(O) 's(O) German(B-Miscellaneous) Open(I-Miscellaneous) ((O) Britain(B-Location),"Input: winners on the European Tour after Sunday 's German Open ( Britain
Output: winners(O) on(O) the(O) European(B-Miscellaneous) Tour(I-Miscellaneous) after(O) Sunday(O) 's(O) German(B-Miscellaneous) Open(I-Miscellaneous) ((O) Britain(B-Location)"
11783,['MINNEAPOLIS' '1996-08-28'],"['B-Location', 'O']",MINNEAPOLIS 1996-08-28,"['MINNEAPOLIS(B-Location)', '1996-08-28(O)']",MINNEAPOLIS(B-Location) 1996-08-28(O),"Input: MINNEAPOLIS 1996-08-28
Output: MINNEAPOLIS(B-Location) 1996-08-28(O)"
12841,"['Starting' 'price' 'at' 'the' 'auction' 'was' '2,746' 'roubles' 'a'
 'share' 'and' 'the' '40' 'lots' 'sold' 'for' 'between' '2,840' 'and'
 '2,998' 'roubles' 'a' 'share' ',' 'the' 'FFK' 'said' 'in' 'a' 'statement'
 '.']","['O', 'O', 'O', 'O', 'O', 'O', 'O', 'O', 'O', 'O', 'O', 'O', 'O', 'O', 'O', 'O', 'O', 'O', 'O', 'O', 'O', 'O', 'O', 'O', 'O', 'B-Organization', 'O', 'O', 'O', 'O', 'O']","Starting price at the auction was 2,746 roubles a share and the 40 lots sold for between 2,840 and 2,998 roubles a share , the FFK said in a statement .","['Starting(O)', 'price(O)', 'at(O)', 'the(O)', 'auction(O)', 'was(O)', '2,746(O)', 'roubles(O)', 'a(O)', 'share(O)', 'and(O)', 'the(O)', '40(O)', 'lots(O)', 'sold(O)', 'for(O)', 'between(O)', '2,840(O)', 'and(O)', '2,998(O)', 'roubles(O)', 'a(O)', 'share(O)', ',(O)', 'the(O)', 'FFK(B-Organization)', 'said(O)', 'in(O)', 'a(O)', 'statement(O)', '.(O)']","Starting(O) price(O) at(O) the(O) auction(O) was(O) 2,746(O) roubles(O) a(O) share(O) and(O) the(O) 40(O) lots(O) sold(O) for(O) between(O) 2,840(O) and(O) 2,998(O) roubles(O) a(O) share(O) ,(O) the(O) FFK(B-Organization) said(O) in(O) a(O) statement(O) .(O)","Input: Starting price at the auction was 2,746 roubles a share and the 40 lots sold for between 2,840 and 2,998 roubles a share , the FFK said in a statement .
Output: Starting(O) price(O) at(O) the(O) auction(O) was(O) 2,746(O) roubles(O) a(O) share(O) and(O) the(O) 40(O) lots(O) sold(O) for(O) between(O) 2,840(O) and(O) 2,998(O) roubles(O) a(O) share(O) ,(O) the(O) FFK(B-Organization) said(O) in(O) a(O) statement(O) .(O)"
6842,['Cruzeiro' '3' '2' '1' '0' '4' '2' '7'],"['B-Organization', 'O', 'O', 'O', 'O', 'O', 'O', 'O']",Cruzeiro 3 2 1 0 4 2 7,"['Cruzeiro(B-Organization)', '3(O)', '2(O)', '1(O)', '0(O)', '4(O)', '2(O)', '7(O)']",Cruzeiro(B-Organization) 3(O) 2(O) 1(O) 0(O) 4(O) 2(O) 7(O),"Input: Cruzeiro 3 2 1 0 4 2 7
Output: Cruzeiro(B-Organization) 3(O) 2(O) 1(O) 0(O) 4(O) 2(O) 7(O)"
1658,['RTRS' '-' 'FOCUS-News' 'forecasts' 'alien-led' 'profit' 'boost' '.'],"['B-Organization', 'O', 'O', 'O', 'O', 'O', 'O', 'O']",RTRS - FOCUS-News forecasts alien-led profit boost .,"['RTRS(B-Organization)', '-(O)', 'FOCUS-News(O)', 'forecasts(O)', 'alien-led(O)', 'profit(O)', 'boost(O)', '.(O)']",RTRS(B-Organization) -(O) FOCUS-News(O) forecasts(O) alien-led(O) profit(O) boost(O) .(O),"Input: RTRS - FOCUS-News forecasts alien-led profit boost .
Output: RTRS(B-Organization) -(O) FOCUS-News(O) forecasts(O) alien-led(O) profit(O) boost(O) .(O)"
10460,['MONTREAL' '70' '60' '.538' '11'],"['B-Organization', 'O', 'O', 'O', 'O']",MONTREAL 70 60 .538 11,"['MONTREAL(B-Organization)', '70(O)', '60(O)', '.538(O)', '11(O)']",MONTREAL(B-Organization) 70(O) 60(O) .538(O) 11(O),"Input: MONTREAL 70 60 .538 11
Output: MONTREAL(B-Organization) 70(O) 60(O) .538(O) 11(O)"
11324,['Briton' 'held' 'in' 'Thailand' 'over' '4.4' 'kg' 'heroin' 'find' '.'],"['B-Miscellaneous', 'O', 'O', 'B-Location', 'O', 'O', 'O', 'O', 'O', 'O']",Briton held in Thailand over 4.4 kg heroin find .,"['Briton(B-Miscellaneous)', 'held(O)', 'in(O)', 'Thailand(B-Location)', 'over(O)', '4.4(O)', 'kg(O)', 'heroin(O)', 'find(O)', '.(O)']",Briton(B-Miscellaneous) held(O) in(O) Thailand(B-Location) over(O) 4.4(O) kg(O) heroin(O) find(O) .(O),"Input: Briton held in Thailand over 4.4 kg heroin find .
Output: Briton(B-Miscellaneous) held(O) in(O) Thailand(B-Location) over(O) 4.4(O) kg(O) heroin(O) find(O) .(O)"
1866,"['Crawley' ',' 'unbeaten' 'on' '94' 'overnight' 'in' 'an' 'England'
 'total' 'of' '278' 'for' 'six' ',' 'was' 'spotted' 'strumming' 'a'
 'guitar' 'in' 'the' 'dressing-room' 'as' 'the' 'Oval' 'ground' 'staff'
 'took' 'centre' 'stage' '.']","['B-Person', 'O', 'O', 'O', 'O', 'O', 'O', 'O', 'B-Location', 'O', 'O', 'O', 'O', 'O', 'O', 'O', 'O', 'O', 'O', 'O', 'O', 'O', 'O', 'O', 'O', 'B-Location', 'O', 'O', 'O', 'O', 'O', 'O']","Crawley , unbeaten on 94 overnight in an England total of 278 for six , was spotted strumming a guitar in the dressing-room as the Oval ground staff took centre stage .","['Crawley(B-Person)', ',(O)', 'unbeaten(O)', 'on(O)', '94(O)', 'overnight(O)', 'in(O)', 'an(O)', 'England(B-Location)', 'total(O)', 'of(O)', '278(O)', 'for(O)', 'six(O)', ',(O)', 'was(O)', 'spotted(O)', 'strumming(O)', 'a(O)', 'guitar(O)', 'in(O)', 'the(O)', 'dressing-room(O)', 'as(O)', 'the(O)', 'Oval(B-Location)', 'ground(O)', 'staff(O)', 'took(O)', 'centre(O)', 'stage(O)', '.(O)']","Crawley(B-Person) ,(O) unbeaten(O) on(O) 94(O) overnight(O) in(O) an(O) England(B-Location) total(O) of(O) 278(O) for(O) six(O) ,(O) was(O) spotted(O) strumming(O) a(O) guitar(O) in(O) the(O) dressing-room(O) as(O) the(O) Oval(B-Location) ground(O) staff(O) took(O) centre(O) stage(O) .(O)","Input: Crawley , unbeaten on 94 overnight in an England total of 278 for six , was spotted strumming a guitar in the dressing-room as the Oval ground staff took centre stage .
Output: Crawley(B-Person) ,(O) unbeaten(O) on(O) 94(O) overnight(O) in(O) an(O) England(B-Location) total(O) of(O) 278(O) for(O) six(O) ,(O) was(O) spotted(O) strumming(O) a(O) guitar(O) in(O) the(O) dressing-room(O) as(O) the(O) Oval(B-Location) ground(O) staff(O) took(O) centre(O) stage(O) .(O)"
6816,"['(' 'halftime' '3-0' ')' 'in' 'a' 'friendly' 'soccer' 'international'
 'on' 'Sunday' '.']","['O', 'O', 'O', 'O', 'O', 'O', 'O', 'O', 'O', 'O', 'O', 'O']",( halftime 3-0 ) in a friendly soccer international on Sunday .,"['((O)', 'halftime(O)', '3-0(O)', ')(O)', 'in(O)', 'a(O)', 'friendly(O)', 'soccer(O)', 'international(O)', 'on(O)', 'Sunday(O)', '.(O)']",((O) halftime(O) 3-0(O) )(O) in(O) a(O) friendly(O) soccer(O) international(O) on(O) Sunday(O) .(O),"Input: ( halftime 3-0 ) in a friendly soccer international on Sunday .
Output: ((O) halftime(O) 3-0(O) )(O) in(O) a(O) friendly(O) soccer(O) international(O) on(O) Sunday(O) .(O)"
13037,['Researchers' 'report' 'progress' 'in' 'muscular' 'dystrophy' '.'],"['O', 'O', 'O', 'O', 'O', 'O', 'O']",Researchers report progress in muscular dystrophy .,"['Researchers(O)', 'report(O)', 'progress(O)', 'in(O)', 'muscular(O)', 'dystrophy(O)', '.(O)']",Researchers(O) report(O) progress(O) in(O) muscular(O) dystrophy(O) .(O),"Input: Researchers report progress in muscular dystrophy .
Output: Researchers(O) report(O) progress(O) in(O) muscular(O) dystrophy(O) .(O)"
4426,"['The' 'explosion' 'was' 'the' 'latest' 'in' 'series' 'of' 'bomb'
 'attacks' 'in' 'Algeria' ""'s"" 'four-year-old' 'civil' 'strife' '.']","['O', 'O', 'O', 'O', 'O', 'O', 'O', 'O', 'O', 'O', 'O', 'B-Location', 'O', 'O', 'O', 'O', 'O']",The explosion was the latest in series of bomb attacks in Algeria 's four-year-old civil strife .,"['The(O)', 'explosion(O)', 'was(O)', 'the(O)', 'latest(O)', 'in(O)', 'series(O)', 'of(O)', 'bomb(O)', 'attacks(O)', 'in(O)', 'Algeria(B-Location)', ""'s(O)"", 'four-year-old(O)', 'civil(O)', 'strife(O)', '.(O)']",The(O) explosion(O) was(O) the(O) latest(O) in(O) series(O) of(O) bomb(O) attacks(O) in(O) Algeria(B-Location) 's(O) four-year-old(O) civil(O) strife(O) .(O),"Input: The explosion was the latest in series of bomb attacks in Algeria 's four-year-old civil strife .
Output: The(O) explosion(O) was(O) the(O) latest(O) in(O) series(O) of(O) bomb(O) attacks(O) in(O) Algeria(B-Location) 's(O) four-year-old(O) civil(O) strife(O) .(O)"
6894,"['Standings' 'after' 'games' 'played' 'on' 'Sunday' '(' 'tabulate' 'under'
 'won' ',']","['O', 'O', 'O', 'O', 'O', 'O', 'O', 'O', 'O', 'O', 'O']","Standings after games played on Sunday ( tabulate under won ,","['Standings(O)', 'after(O)', 'games(O)', 'played(O)', 'on(O)', 'Sunday(O)', '((O)', 'tabulate(O)', 'under(O)', 'won(O)', ',(O)']","Standings(O) after(O) games(O) played(O) on(O) Sunday(O) ((O) tabulate(O) under(O) won(O) ,(O)","Input: Standings after games played on Sunday ( tabulate under won ,
Output: Standings(O) after(O) games(O) played(O) on(O) Sunday(O) ((O) tabulate(O) under(O) won(O) ,(O)"
10331,['MANILA' '1996-08-28'],"['B-Location', 'O']",MANILA 1996-08-28,"['MANILA(B-Location)', '1996-08-28(O)']",MANILA(B-Location) 1996-08-28(O),"Input: MANILA 1996-08-28
Output: MANILA(B-Location) 1996-08-28(O)"
2368,['5.' 'Jean-Paul' 'Bruwier' '(' 'Belgium' ')' '49.24'],"['O', 'B-Person', 'I-Person', 'O', 'B-Location', 'O', 'O']",5. Jean-Paul Bruwier ( Belgium ) 49.24,"['5.(O)', 'Jean-Paul(B-Person)', 'Bruwier(I-Person)', '((O)', 'Belgium(B-Location)', ')(O)', '49.24(O)']",5.(O) Jean-Paul(B-Person) Bruwier(I-Person) ((O) Belgium(B-Location) )(O) 49.24(O),"Input: 5. Jean-Paul Bruwier ( Belgium ) 49.24
Output: 5.(O) Jean-Paul(B-Person) Bruwier(I-Person) ((O) Belgium(B-Location) )(O) 49.24(O)"
11536,"['A' 'Finance' 'Ministry' 'official' 'explained' 'that' 'the' 'cheques'
 'for' 'corporate' 'tax' 'payments' 'had' 'been' 'sucked' 'into' 'the'
 'ventilation' 'system' ',' 'the' 'weekly' 'reported' '.']","['O', 'B-Organization', 'I-Organization', 'O', 'O', 'O', 'O', 'O', 'O', 'O', 'O', 'O', 'O', 'O', 'O', 'O', 'O', 'O', 'O', 'O', 'O', 'O', 'O', 'O']","A Finance Ministry official explained that the cheques for corporate tax payments had been sucked into the ventilation system , the weekly reported .","['A(O)', 'Finance(B-Organization)', 'Ministry(I-Organization)', 'official(O)', 'explained(O)', 'that(O)', 'the(O)', 'cheques(O)', 'for(O)', 'corporate(O)', 'tax(O)', 'payments(O)', 'had(O)', 'been(O)', 'sucked(O)', 'into(O)', 'the(O)', 'ventilation(O)', 'system(O)', ',(O)', 'the(O)', 'weekly(O)', 'reported(O)', '.(O)']","A(O) Finance(B-Organization) Ministry(I-Organization) official(O) explained(O) that(O) the(O) cheques(O) for(O) corporate(O) tax(O) payments(O) had(O) been(O) sucked(O) into(O) the(O) ventilation(O) system(O) ,(O) the(O) weekly(O) reported(O) .(O)","Input: A Finance Ministry official explained that the cheques for corporate tax payments had been sucked into the ventilation system , the weekly reported .
Output: A(O) Finance(B-Organization) Ministry(I-Organization) official(O) explained(O) that(O) the(O) cheques(O) for(O) corporate(O) tax(O) payments(O) had(O) been(O) sucked(O) into(O) the(O) ventilation(O) system(O) ,(O) the(O) weekly(O) reported(O) .(O)"
11235,"['This' 'comes' 'after' 'three' 'votes' 'in' 'the' '101-strong'
 'parliament' 'on' 'Monday' 'and' 'Tuesday' 'failed' 'to' 'give' 'either'
 'incumbent' 'Lennart' 'Meri' 'or' 'rival' 'candidate' 'Arnold' 'Ruutel'
 'the' 'necessary' '68' 'votes' 'for' 'a' 'clear' 'mandate' '.']","['O', 'O', 'O', 'O', 'O', 'O', 'O', 'O', 'O', 'O', 'O', 'O', 'O', 'O', 'O', 'O', 'O', 'O', 'B-Person', 'I-Person', 'O', 'O', 'O', 'B-Person', 'I-Person', 'O', 'O', 'O', 'O', 'O', 'O', 'O', 'O', 'O']",This comes after three votes in the 101-strong parliament on Monday and Tuesday failed to give either incumbent Lennart Meri or rival candidate Arnold Ruutel the necessary 68 votes for a clear mandate .,"['This(O)', 'comes(O)', 'after(O)', 'three(O)', 'votes(O)', 'in(O)', 'the(O)', '101-strong(O)', 'parliament(O)', 'on(O)', 'Monday(O)', 'and(O)', 'Tuesday(O)', 'failed(O)', 'to(O)', 'give(O)', 'either(O)', 'incumbent(O)', 'Lennart(B-Person)', 'Meri(I-Person)', 'or(O)', 'rival(O)', 'candidate(O)', 'Arnold(B-Person)', 'Ruutel(I-Person)', 'the(O)', 'necessary(O)', '68(O)', 'votes(O)', 'for(O)', 'a(O)', 'clear(O)', 'mandate(O)', '.(O)']",This(O) comes(O) after(O) three(O) votes(O) in(O) the(O) 101-strong(O) parliament(O) on(O) Monday(O) and(O) Tuesday(O) failed(O) to(O) give(O) either(O) incumbent(O) Lennart(B-Person) Meri(I-Person) or(O) rival(O) candidate(O) Arnold(B-Person) Ruutel(I-Person) the(O) necessary(O) 68(O) votes(O) for(O) a(O) clear(O) mandate(O) .(O),"Input: This comes after three votes in the 101-strong parliament on Monday and Tuesday failed to give either incumbent Lennart Meri or rival candidate Arnold Ruutel the necessary 68 votes for a clear mandate .
Output: This(O) comes(O) after(O) three(O) votes(O) in(O) the(O) 101-strong(O) parliament(O) on(O) Monday(O) and(O) Tuesday(O) failed(O) to(O) give(O) either(O) incumbent(O) Lennart(B-Person) Meri(I-Person) or(O) rival(O) candidate(O) Arnold(B-Person) Ruutel(I-Person) the(O) necessary(O) 68(O) votes(O) for(O) a(O) clear(O) mandate(O) .(O)"
11236,"['The' 'outcome' 'was' 'a' 'rebuff' 'for' 'Meri' ',' 'failing' 'three'
 'times' 'to' 'win' 'backing' 'in' 'his' 'bid' 'for' 'a' 'second' 'term'
 'as' 'head' 'of' 'state' 'of' 'the' 'former' 'Soviet' 'republic' '.']","['O', 'O', 'O', 'O', 'O', 'O', 'B-Person', 'O', 'O', 'O', 'O', 'O', 'O', 'O', 'O', 'O', 'O', 'O', 'O', 'O', 'O', 'O', 'O', 'O', 'O', 'O', 'O', 'O', 'B-Miscellaneous', 'O', 'O']","The outcome was a rebuff for Meri , failing three times to win backing in his bid for a second term as head of state of the former Soviet republic .","['The(O)', 'outcome(O)', 'was(O)', 'a(O)', 'rebuff(O)', 'for(O)', 'Meri(B-Person)', ',(O)', 'failing(O)', 'three(O)', 'times(O)', 'to(O)', 'win(O)', 'backing(O)', 'in(O)', 'his(O)', 'bid(O)', 'for(O)', 'a(O)', 'second(O)', 'term(O)', 'as(O)', 'head(O)', 'of(O)', 'state(O)', 'of(O)', 'the(O)', 'former(O)', 'Soviet(B-Miscellaneous)', 'republic(O)', '.(O)']","The(O) outcome(O) was(O) a(O) rebuff(O) for(O) Meri(B-Person) ,(O) failing(O) three(O) times(O) to(O) win(O) backing(O) in(O) his(O) bid(O) for(O) a(O) second(O) term(O) as(O) head(O) of(O) state(O) of(O) the(O) former(O) Soviet(B-Miscellaneous) republic(O) .(O)","Input: The outcome was a rebuff for Meri , failing three times to win backing in his bid for a second term as head of state of the former Soviet republic .
Output: The(O) outcome(O) was(O) a(O) rebuff(O) for(O) Meri(B-Person) ,(O) failing(O) three(O) times(O) to(O) win(O) backing(O) in(O) his(O) bid(O) for(O) a(O) second(O) term(O) as(O) head(O) of(O) state(O) of(O) the(O) former(O) Soviet(B-Miscellaneous) republic(O) .(O)"
13094,['Capt' '.'],"['O', 'O']",Capt .,"['Capt(O)', '.(O)']",Capt(O) .(O),"Input: Capt .
Output: Capt(O) .(O)"
11811,"['That' 'case' '""' 'is' 'what' 'I' 'call' 'the' 'most' 'significant'
 'alternate' 'remedy' 'for' 'us' ',' '""' 'Chiate' 'said' '.']","['O', 'O', 'O', 'O', 'O', 'O', 'O', 'O', 'O', 'O', 'O', 'O', 'O', 'O', 'O', 'O', 'B-Person', 'O', 'O']","That case "" is what I call the most significant alternate remedy for us , "" Chiate said .","['That(O)', 'case(O)', '""(O)', 'is(O)', 'what(O)', 'I(O)', 'call(O)', 'the(O)', 'most(O)', 'significant(O)', 'alternate(O)', 'remedy(O)', 'for(O)', 'us(O)', ',(O)', '""(O)', 'Chiate(B-Person)', 'said(O)', '.(O)']","That(O) case(O) ""(O) is(O) what(O) I(O) call(O) the(O) most(O) significant(O) alternate(O) remedy(O) for(O) us(O) ,(O) ""(O) Chiate(B-Person) said(O) .(O)","Input: That case "" is what I call the most significant alternate remedy for us , "" Chiate said .
Output: That(O) case(O) ""(O) is(O) what(O) I(O) call(O) the(O) most(O) significant(O) alternate(O) remedy(O) for(O) us(O) ,(O) ""(O) Chiate(B-Person) said(O) .(O)"
11571,"['He' 'said' 'only' 'the' 'removal' 'of' 'the' 'government' 'and' 'an'
 'early' 'election' 'could' 'save' 'Pakistan' 'from' 'disaster' '.' '""']","['O', 'O', 'O', 'O', 'O', 'O', 'O', 'O', 'O', 'O', 'O', 'O', 'O', 'O', 'B-Location', 'O', 'O', 'O', 'O']","He said only the removal of the government and an early election could save Pakistan from disaster . ""","['He(O)', 'said(O)', 'only(O)', 'the(O)', 'removal(O)', 'of(O)', 'the(O)', 'government(O)', 'and(O)', 'an(O)', 'early(O)', 'election(O)', 'could(O)', 'save(O)', 'Pakistan(B-Location)', 'from(O)', 'disaster(O)', '.(O)', '""(O)']","He(O) said(O) only(O) the(O) removal(O) of(O) the(O) government(O) and(O) an(O) early(O) election(O) could(O) save(O) Pakistan(B-Location) from(O) disaster(O) .(O) ""(O)","Input: He said only the removal of the government and an early election could save Pakistan from disaster . ""
Output: He(O) said(O) only(O) the(O) removal(O) of(O) the(O) government(O) and(O) an(O) early(O) election(O) could(O) save(O) Pakistan(B-Location) from(O) disaster(O) .(O) ""(O)"
11843,"['The' 'Greek' 'government' 'was' 'asked' 'for' 'an' 'official' 'meeting'
 'with' 'the' 'prime' 'minister' 'and' 'the' 'foreign' 'minister' 'and'
 'it' 'said' 'yes' ',' '""' 'Reppas' 'said' '.']","['O', 'B-Miscellaneous', 'O', 'O', 'O', 'O', 'O', 'O', 'O', 'O', 'O', 'O', 'O', 'O', 'O', 'O', 'O', 'O', 'O', 'O', 'O', 'O', 'O', 'B-Person', 'O', 'O']","The Greek government was asked for an official meeting with the prime minister and the foreign minister and it said yes , "" Reppas said .","['The(O)', 'Greek(B-Miscellaneous)', 'government(O)', 'was(O)', 'asked(O)', 'for(O)', 'an(O)', 'official(O)', 'meeting(O)', 'with(O)', 'the(O)', 'prime(O)', 'minister(O)', 'and(O)', 'the(O)', 'foreign(O)', 'minister(O)', 'and(O)', 'it(O)', 'said(O)', 'yes(O)', ',(O)', '""(O)', 'Reppas(B-Person)', 'said(O)', '.(O)']","The(O) Greek(B-Miscellaneous) government(O) was(O) asked(O) for(O) an(O) official(O) meeting(O) with(O) the(O) prime(O) minister(O) and(O) the(O) foreign(O) minister(O) and(O) it(O) said(O) yes(O) ,(O) ""(O) Reppas(B-Person) said(O) .(O)","Input: The Greek government was asked for an official meeting with the prime minister and the foreign minister and it said yes , "" Reppas said .
Output: The(O) Greek(B-Miscellaneous) government(O) was(O) asked(O) for(O) an(O) official(O) meeting(O) with(O) the(O) prime(O) minister(O) and(O) the(O) foreign(O) minister(O) and(O) it(O) said(O) yes(O) ,(O) ""(O) Reppas(B-Person) said(O) .(O)"
11481,['Amoco' 'says' 'in' 'talks' 'over' 'Yemen' 'oil' 'acreage' '.'],"['B-Organization', 'O', 'O', 'O', 'O', 'B-Location', 'O', 'O', 'O']",Amoco says in talks over Yemen oil acreage .,"['Amoco(B-Organization)', 'says(O)', 'in(O)', 'talks(O)', 'over(O)', 'Yemen(B-Location)', 'oil(O)', 'acreage(O)', '.(O)']",Amoco(B-Organization) says(O) in(O) talks(O) over(O) Yemen(B-Location) oil(O) acreage(O) .(O),"Input: Amoco says in talks over Yemen oil acreage .
Output: Amoco(B-Organization) says(O) in(O) talks(O) over(O) Yemen(B-Location) oil(O) acreage(O) .(O)"
7988,"['The' 'Security' 'Council' 'on' 'Friday' 'asked' 'Iraq' 'to' 'stop'
 'blocking' 'arms' 'inspectors' 'search' 'for' 'concealed' 'weapons' 'or'
 'materials' 'they' 'believe' 'were' 'being' 'shuttled' 'around' 'to'
 'avoid' 'detection' '.']","['O', 'B-Organization', 'I-Organization', 'O', 'O', 'O', 'B-Location', 'O', 'O', 'O', 'O', 'O', 'O', 'O', 'O', 'O', 'O', 'O', 'O', 'O', 'O', 'O', 'O', 'O', 'O', 'O', 'O', 'O']",The Security Council on Friday asked Iraq to stop blocking arms inspectors search for concealed weapons or materials they believe were being shuttled around to avoid detection .,"['The(O)', 'Security(B-Organization)', 'Council(I-Organization)', 'on(O)', 'Friday(O)', 'asked(O)', 'Iraq(B-Location)', 'to(O)', 'stop(O)', 'blocking(O)', 'arms(O)', 'inspectors(O)', 'search(O)', 'for(O)', 'concealed(O)', 'weapons(O)', 'or(O)', 'materials(O)', 'they(O)', 'believe(O)', 'were(O)', 'being(O)', 'shuttled(O)', 'around(O)', 'to(O)', 'avoid(O)', 'detection(O)', '.(O)']",The(O) Security(B-Organization) Council(I-Organization) on(O) Friday(O) asked(O) Iraq(B-Location) to(O) stop(O) blocking(O) arms(O) inspectors(O) search(O) for(O) concealed(O) weapons(O) or(O) materials(O) they(O) believe(O) were(O) being(O) shuttled(O) around(O) to(O) avoid(O) detection(O) .(O),"Input: The Security Council on Friday asked Iraq to stop blocking arms inspectors search for concealed weapons or materials they believe were being shuttled around to avoid detection .
Output: The(O) Security(B-Organization) Council(I-Organization) on(O) Friday(O) asked(O) Iraq(B-Location) to(O) stop(O) blocking(O) arms(O) inspectors(O) search(O) for(O) concealed(O) weapons(O) or(O) materials(O) they(O) believe(O) were(O) being(O) shuttled(O) around(O) to(O) avoid(O) detection(O) .(O)"
5804,['Auckland' '21' '11' '0' '10' '406' '389' '22'],"['B-Organization', 'O', 'O', 'O', 'O', 'O', 'O', 'O']",Auckland 21 11 0 10 406 389 22,"['Auckland(B-Organization)', '21(O)', '11(O)', '0(O)', '10(O)', '406(O)', '389(O)', '22(O)']",Auckland(B-Organization) 21(O) 11(O) 0(O) 10(O) 406(O) 389(O) 22(O),"Input: Auckland 21 11 0 10 406 389 22
Output: Auckland(B-Organization) 21(O) 11(O) 0(O) 10(O) 406(O) 389(O) 22(O)"
11259,"['Six-month' 'expenditures' 'stood' 'at' '9.50' 'trillion' 'lei' ',' 'up'
 'from' '7.56' 'trillion' 'lei' 'at' 'end-May' ',' 'with' 'education'
 'and' 'health' 'spending' 'accounting' 'for' '31.6' 'percent' 'of'
 'state' 'expenses' 'and' 'economic' 'subsidies' 'and' 'support' 'taking'
 'some' '26' 'percent' '.']","['O', 'O', 'O', 'O', 'O', 'O', 'O', 'O', 'O', 'O', 'O', 'O', 'O', 'O', 'O', 'O', 'O', 'O', 'O', 'O', 'O', 'O', 'O', 'O', 'O', 'O', 'O', 'O', 'O', 'O', 'O', 'O', 'O', 'O', 'O', 'O', 'O', 'O']","Six-month expenditures stood at 9.50 trillion lei , up from 7.56 trillion lei at end-May , with education and health spending accounting for 31.6 percent of state expenses and economic subsidies and support taking some 26 percent .","['Six-month(O)', 'expenditures(O)', 'stood(O)', 'at(O)', '9.50(O)', 'trillion(O)', 'lei(O)', ',(O)', 'up(O)', 'from(O)', '7.56(O)', 'trillion(O)', 'lei(O)', 'at(O)', 'end-May(O)', ',(O)', 'with(O)', 'education(O)', 'and(O)', 'health(O)', 'spending(O)', 'accounting(O)', 'for(O)', '31.6(O)', 'percent(O)', 'of(O)', 'state(O)', 'expenses(O)', 'and(O)', 'economic(O)', 'subsidies(O)', 'and(O)', 'support(O)', 'taking(O)', 'some(O)', '26(O)', 'percent(O)', '.(O)']","Six-month(O) expenditures(O) stood(O) at(O) 9.50(O) trillion(O) lei(O) ,(O) up(O) from(O) 7.56(O) trillion(O) lei(O) at(O) end-May(O) ,(O) with(O) education(O) and(O) health(O) spending(O) accounting(O) for(O) 31.6(O) percent(O) of(O) state(O) expenses(O) and(O) economic(O) subsidies(O) and(O) support(O) taking(O) some(O) 26(O) percent(O) .(O)","Input: Six-month expenditures stood at 9.50 trillion lei , up from 7.56 trillion lei at end-May , with education and health spending accounting for 31.6 percent of state expenses and economic subsidies and support taking some 26 percent .
Output: Six-month(O) expenditures(O) stood(O) at(O) 9.50(O) trillion(O) lei(O) ,(O) up(O) from(O) 7.56(O) trillion(O) lei(O) at(O) end-May(O) ,(O) with(O) education(O) and(O) health(O) spending(O) accounting(O) for(O) 31.6(O) percent(O) of(O) state(O) expenses(O) and(O) economic(O) subsidies(O) and(O) support(O) taking(O) some(O) 26(O) percent(O) .(O)"
6863,['number' 'of' 'games' 'won' '.'],"['O', 'O', 'O', 'O', 'O']",number of games won .,"['number(O)', 'of(O)', 'games(O)', 'won(O)', '.(O)']",number(O) of(O) games(O) won(O) .(O),"Input: number of games won .
Output: number(O) of(O) games(O) won(O) .(O)"
11495,"['Burundi' ""'s"" 'ambassador' 'on' 'Wednesday' 'lashed' 'out' 'at'
 'economic' 'sanctions' 'imposed' 'by' 'African' 'states' 'and' 'said'
 'any' 'thought' 'of' 'an' 'arms' 'embargo' 'would' 'be' 'a' 'windfall'
 'for' 'guerrillas' 'fighting' 'his' 'army-run' 'government' '.']","['B-Location', 'O', 'O', 'O', 'O', 'O', 'O', 'O', 'O', 'O', 'O', 'O', 'B-Miscellaneous', 'O', 'O', 'O', 'O', 'O', 'O', 'O', 'O', 'O', 'O', 'O', 'O', 'O', 'O', 'O', 'O', 'O', 'O', 'O', 'O']",Burundi 's ambassador on Wednesday lashed out at economic sanctions imposed by African states and said any thought of an arms embargo would be a windfall for guerrillas fighting his army-run government .,"['Burundi(B-Location)', ""'s(O)"", 'ambassador(O)', 'on(O)', 'Wednesday(O)', 'lashed(O)', 'out(O)', 'at(O)', 'economic(O)', 'sanctions(O)', 'imposed(O)', 'by(O)', 'African(B-Miscellaneous)', 'states(O)', 'and(O)', 'said(O)', 'any(O)', 'thought(O)', 'of(O)', 'an(O)', 'arms(O)', 'embargo(O)', 'would(O)', 'be(O)', 'a(O)', 'windfall(O)', 'for(O)', 'guerrillas(O)', 'fighting(O)', 'his(O)', 'army-run(O)', 'government(O)', '.(O)']",Burundi(B-Location) 's(O) ambassador(O) on(O) Wednesday(O) lashed(O) out(O) at(O) economic(O) sanctions(O) imposed(O) by(O) African(B-Miscellaneous) states(O) and(O) said(O) any(O) thought(O) of(O) an(O) arms(O) embargo(O) would(O) be(O) a(O) windfall(O) for(O) guerrillas(O) fighting(O) his(O) army-run(O) government(O) .(O),"Input: Burundi 's ambassador on Wednesday lashed out at economic sanctions imposed by African states and said any thought of an arms embargo would be a windfall for guerrillas fighting his army-run government .
Output: Burundi(B-Location) 's(O) ambassador(O) on(O) Wednesday(O) lashed(O) out(O) at(O) economic(O) sanctions(O) imposed(O) by(O) African(B-Miscellaneous) states(O) and(O) said(O) any(O) thought(O) of(O) an(O) arms(O) embargo(O) would(O) be(O) a(O) windfall(O) for(O) guerrillas(O) fighting(O) his(O) army-run(O) government(O) .(O)"
2691,"['Maybe' 'I' 'have' ""n't"" 'been' 'as' 'keyed' 'up' 'as' 'I' 'should'
 'have' 'been' '.' '""']","['O', 'O', 'O', 'O', 'O', 'O', 'O', 'O', 'O', 'O', 'O', 'O', 'O', 'O', 'O']","Maybe I have n't been as keyed up as I should have been . ""","['Maybe(O)', 'I(O)', 'have(O)', ""n't(O)"", 'been(O)', 'as(O)', 'keyed(O)', 'up(O)', 'as(O)', 'I(O)', 'should(O)', 'have(O)', 'been(O)', '.(O)', '""(O)']","Maybe(O) I(O) have(O) n't(O) been(O) as(O) keyed(O) up(O) as(O) I(O) should(O) have(O) been(O) .(O) ""(O)","Input: Maybe I have n't been as keyed up as I should have been . ""
Output: Maybe(O) I(O) have(O) n't(O) been(O) as(O) keyed(O) up(O) as(O) I(O) should(O) have(O) been(O) .(O) ""(O)"
4610,['1.' 'Tortelli' '40' 'points'],"['O', 'B-Person', 'O', 'O']",1. Tortelli 40 points,"['1.(O)', 'Tortelli(B-Person)', '40(O)', 'points(O)']",1.(O) Tortelli(B-Person) 40(O) points(O),"Input: 1. Tortelli 40 points
Output: 1.(O) Tortelli(B-Person) 40(O) points(O)"
9259,"['Durum' 'bids' 'were' 'steady' 'after' 'jumping' '50' 'cents' 'per'
 'bushel' 'in' 'some' 'areas' 'on' 'Monday' '.']","['O', 'O', 'O', 'O', 'O', 'O', 'O', 'O', 'O', 'O', 'O', 'O', 'O', 'O', 'O', 'O']",Durum bids were steady after jumping 50 cents per bushel in some areas on Monday .,"['Durum(O)', 'bids(O)', 'were(O)', 'steady(O)', 'after(O)', 'jumping(O)', '50(O)', 'cents(O)', 'per(O)', 'bushel(O)', 'in(O)', 'some(O)', 'areas(O)', 'on(O)', 'Monday(O)', '.(O)']",Durum(O) bids(O) were(O) steady(O) after(O) jumping(O) 50(O) cents(O) per(O) bushel(O) in(O) some(O) areas(O) on(O) Monday(O) .(O),"Input: Durum bids were steady after jumping 50 cents per bushel in some areas on Monday .
Output: Durum(O) bids(O) were(O) steady(O) after(O) jumping(O) 50(O) cents(O) per(O) bushel(O) in(O) some(O) areas(O) on(O) Monday(O) .(O)"
470,['LONDON' '1996-08-22'],"['B-Location', 'O']",LONDON 1996-08-22,"['LONDON(B-Location)', '1996-08-22(O)']",LONDON(B-Location) 1996-08-22(O),"Input: LONDON 1996-08-22
Output: LONDON(B-Location) 1996-08-22(O)"
12689,"['""' 'Jesse' 'Owens' 'inspired' 'everyone' 'here' 'and' 'it' 'is' 'great'
 'to' 'have' 'a' 'tribute' 'to' 'him' '.' '""']","['O', 'B-Person', 'I-Person', 'O', 'O', 'O', 'O', 'O', 'O', 'O', 'O', 'O', 'O', 'O', 'O', 'O', 'O', 'O']",""" Jesse Owens inspired everyone here and it is great to have a tribute to him . ""","['""(O)', 'Jesse(B-Person)', 'Owens(I-Person)', 'inspired(O)', 'everyone(O)', 'here(O)', 'and(O)', 'it(O)', 'is(O)', 'great(O)', 'to(O)', 'have(O)', 'a(O)', 'tribute(O)', 'to(O)', 'him(O)', '.(O)', '""(O)']","""(O) Jesse(B-Person) Owens(I-Person) inspired(O) everyone(O) here(O) and(O) it(O) is(O) great(O) to(O) have(O) a(O) tribute(O) to(O) him(O) .(O) ""(O)","Input: "" Jesse Owens inspired everyone here and it is great to have a tribute to him . ""
Output: ""(O) Jesse(B-Person) Owens(I-Person) inspired(O) everyone(O) here(O) and(O) it(O) is(O) great(O) to(O) have(O) a(O) tribute(O) to(O) him(O) .(O) ""(O)"
5489,['MILAN' '1996-08-25'],"['B-Location', 'O']",MILAN 1996-08-25,"['MILAN(B-Location)', '1996-08-25(O)']",MILAN(B-Location) 1996-08-25(O),"Input: MILAN 1996-08-25
Output: MILAN(B-Location) 1996-08-25(O)"
8093,"['""' 'But' 'they' 'are' 'more' 'alert' 'than' 'they' 'were' '3-4' 'years'
 'ago' '.']","['O', 'O', 'O', 'O', 'O', 'O', 'O', 'O', 'O', 'O', 'O', 'O', 'O']",""" But they are more alert than they were 3-4 years ago .","['""(O)', 'But(O)', 'they(O)', 'are(O)', 'more(O)', 'alert(O)', 'than(O)', 'they(O)', 'were(O)', '3-4(O)', 'years(O)', 'ago(O)', '.(O)']","""(O) But(O) they(O) are(O) more(O) alert(O) than(O) they(O) were(O) 3-4(O) years(O) ago(O) .(O)","Input: "" But they are more alert than they were 3-4 years ago .
Output: ""(O) But(O) they(O) are(O) more(O) alert(O) than(O) they(O) were(O) 3-4(O) years(O) ago(O) .(O)"
7710,"['Almost' 'entirely' 'paralyzed' ',' 'Reeve' 'underwent' 'extensive'
 'surgery' 'to' 'fuse' 'the' 'vertebrae' 'to' 'the' 'base' 'of' 'the'
 'skull' 'and' 'prevent' 'any' 'further' 'damage' 'to' 'his' 'spine' '.']","['O', 'O', 'O', 'O', 'B-Person', 'O', 'O', 'O', 'O', 'O', 'O', 'O', 'O', 'O', 'O', 'O', 'O', 'O', 'O', 'O', 'O', 'O', 'O', 'O', 'O', 'O', 'O']","Almost entirely paralyzed , Reeve underwent extensive surgery to fuse the vertebrae to the base of the skull and prevent any further damage to his spine .","['Almost(O)', 'entirely(O)', 'paralyzed(O)', ',(O)', 'Reeve(B-Person)', 'underwent(O)', 'extensive(O)', 'surgery(O)', 'to(O)', 'fuse(O)', 'the(O)', 'vertebrae(O)', 'to(O)', 'the(O)', 'base(O)', 'of(O)', 'the(O)', 'skull(O)', 'and(O)', 'prevent(O)', 'any(O)', 'further(O)', 'damage(O)', 'to(O)', 'his(O)', 'spine(O)', '.(O)']","Almost(O) entirely(O) paralyzed(O) ,(O) Reeve(B-Person) underwent(O) extensive(O) surgery(O) to(O) fuse(O) the(O) vertebrae(O) to(O) the(O) base(O) of(O) the(O) skull(O) and(O) prevent(O) any(O) further(O) damage(O) to(O) his(O) spine(O) .(O)","Input: Almost entirely paralyzed , Reeve underwent extensive surgery to fuse the vertebrae to the base of the skull and prevent any further damage to his spine .
Output: Almost(O) entirely(O) paralyzed(O) ,(O) Reeve(B-Person) underwent(O) extensive(O) surgery(O) to(O) fuse(O) the(O) vertebrae(O) to(O) the(O) base(O) of(O) the(O) skull(O) and(O) prevent(O) any(O) further(O) damage(O) to(O) his(O) spine(O) .(O)"
4285,['Kurdish' 'group' 'says' 'two' 'killed' 'in' 'Iraqi' 'shelling' '.'],"['B-Miscellaneous', 'O', 'O', 'O', 'O', 'O', 'B-Miscellaneous', 'O', 'O']",Kurdish group says two killed in Iraqi shelling .,"['Kurdish(B-Miscellaneous)', 'group(O)', 'says(O)', 'two(O)', 'killed(O)', 'in(O)', 'Iraqi(B-Miscellaneous)', 'shelling(O)', '.(O)']",Kurdish(B-Miscellaneous) group(O) says(O) two(O) killed(O) in(O) Iraqi(B-Miscellaneous) shelling(O) .(O),"Input: Kurdish group says two killed in Iraqi shelling .
Output: Kurdish(B-Miscellaneous) group(O) says(O) two(O) killed(O) in(O) Iraqi(B-Miscellaneous) shelling(O) .(O)"
9809,['SBPUs' 'seven-day' '14-day'],"['O', 'O', 'O']",SBPUs seven-day 14-day,"['SBPUs(O)', 'seven-day(O)', '14-day(O)']",SBPUs(O) seven-day(O) 14-day(O),"Input: SBPUs seven-day 14-day
Output: SBPUs(O) seven-day(O) 14-day(O)"
10853,['Sri' 'Lanka'],"['B-Location', 'I-Location']",Sri Lanka,"['Sri(B-Location)', 'Lanka(I-Location)']",Sri(B-Location) Lanka(I-Location),"Input: Sri Lanka
Output: Sri(B-Location) Lanka(I-Location)"
5073,['LOME' '1996-08-25'],"['B-Location', 'O']",LOME 1996-08-25,"['LOME(B-Location)', '1996-08-25(O)']",LOME(B-Location) 1996-08-25(O),"Input: LOME 1996-08-25
Output: LOME(B-Location) 1996-08-25(O)"
8698,"['played' ',' 'won' ',' 'drawn' ',' 'lost' ',' 'goals' 'for' ',' 'goals'
 'against' ',' 'points' ')' ':']","['O', 'O', 'O', 'O', 'O', 'O', 'O', 'O', 'O', 'O', 'O', 'O', 'O', 'O', 'O', 'O', 'O']","played , won , drawn , lost , goals for , goals against , points ) :","['played(O)', ',(O)', 'won(O)', ',(O)', 'drawn(O)', ',(O)', 'lost(O)', ',(O)', 'goals(O)', 'for(O)', ',(O)', 'goals(O)', 'against(O)', ',(O)', 'points(O)', ')(O)', ':(O)']","played(O) ,(O) won(O) ,(O) drawn(O) ,(O) lost(O) ,(O) goals(O) for(O) ,(O) goals(O) against(O) ,(O) points(O) )(O) :(O)","Input: played , won , drawn , lost , goals for , goals against , points ) :
Output: played(O) ,(O) won(O) ,(O) drawn(O) ,(O) lost(O) ,(O) goals(O) for(O) ,(O) goals(O) against(O) ,(O) points(O) )(O) :(O)"
1301,"['--' 'Jason' 'Webb' ',' 'Buenos' 'Aires' 'Newsroom' '+541' '318-0655']","['O', 'B-Person', 'I-Person', 'O', 'B-Organization', 'I-Organization', 'I-Organization', 'O', 'O']","-- Jason Webb , Buenos Aires Newsroom +541 318-0655","['--(O)', 'Jason(B-Person)', 'Webb(I-Person)', ',(O)', 'Buenos(B-Organization)', 'Aires(I-Organization)', 'Newsroom(I-Organization)', '+541(O)', '318-0655(O)']","--(O) Jason(B-Person) Webb(I-Person) ,(O) Buenos(B-Organization) Aires(I-Organization) Newsroom(I-Organization) +541(O) 318-0655(O)","Input: -- Jason Webb , Buenos Aires Newsroom +541 318-0655
Output: --(O) Jason(B-Person) Webb(I-Person) ,(O) Buenos(B-Organization) Aires(I-Organization) Newsroom(I-Organization) +541(O) 318-0655(O)"
2886,"['The' 'following' 'table' 'shows' 'Lufthansa' 'Cargo' 'AG' 'second'
 'quarter' '1996' 'results' ',' 'based' 'on' 'figures' 'published' 'by'
 'Deutsche' 'Lufthansa' 'AG' 'in-house' 'newspaper']","['O', 'O', 'O', 'O', 'B-Organization', 'I-Organization', 'I-Organization', 'O', 'O', 'O', 'O', 'O', 'O', 'O', 'O', 'O', 'O', 'B-Organization', 'I-Organization', 'I-Organization', 'O', 'O']","The following table shows Lufthansa Cargo AG second quarter 1996 results , based on figures published by Deutsche Lufthansa AG in-house newspaper","['The(O)', 'following(O)', 'table(O)', 'shows(O)', 'Lufthansa(B-Organization)', 'Cargo(I-Organization)', 'AG(I-Organization)', 'second(O)', 'quarter(O)', '1996(O)', 'results(O)', ',(O)', 'based(O)', 'on(O)', 'figures(O)', 'published(O)', 'by(O)', 'Deutsche(B-Organization)', 'Lufthansa(I-Organization)', 'AG(I-Organization)', 'in-house(O)', 'newspaper(O)']","The(O) following(O) table(O) shows(O) Lufthansa(B-Organization) Cargo(I-Organization) AG(I-Organization) second(O) quarter(O) 1996(O) results(O) ,(O) based(O) on(O) figures(O) published(O) by(O) Deutsche(B-Organization) Lufthansa(I-Organization) AG(I-Organization) in-house(O) newspaper(O)","Input: The following table shows Lufthansa Cargo AG second quarter 1996 results , based on figures published by Deutsche Lufthansa AG in-house newspaper
Output: The(O) following(O) table(O) shows(O) Lufthansa(B-Organization) Cargo(I-Organization) AG(I-Organization) second(O) quarter(O) 1996(O) results(O) ,(O) based(O) on(O) figures(O) published(O) by(O) Deutsche(B-Organization) Lufthansa(I-Organization) AG(I-Organization) in-house(O) newspaper(O)"
5952,['Eight' 'killed' 'in' 'Moscow' 'casino' 'blaze' '.'],"['O', 'O', 'O', 'B-Location', 'O', 'O', 'O']",Eight killed in Moscow casino blaze .,"['Eight(O)', 'killed(O)', 'in(O)', 'Moscow(B-Location)', 'casino(O)', 'blaze(O)', '.(O)']",Eight(O) killed(O) in(O) Moscow(B-Location) casino(O) blaze(O) .(O),"Input: Eight killed in Moscow casino blaze .
Output: Eight(O) killed(O) in(O) Moscow(B-Location) casino(O) blaze(O) .(O)"
539,['AEK' 'Larnaca' 'win' '5-1' 'on' 'aggregate'],"['B-Organization', 'I-Organization', 'O', 'O', 'O', 'O']",AEK Larnaca win 5-1 on aggregate,"['AEK(B-Organization)', 'Larnaca(I-Organization)', 'win(O)', '5-1(O)', 'on(O)', 'aggregate(O)']",AEK(B-Organization) Larnaca(I-Organization) win(O) 5-1(O) on(O) aggregate(O),"Input: AEK Larnaca win 5-1 on aggregate
Output: AEK(B-Organization) Larnaca(I-Organization) win(O) 5-1(O) on(O) aggregate(O)"
387,['6-4'],['O'],6-4,['6-4(O)'],6-4(O),"Input: 6-4
Output: 6-4(O)"
4686,['3.' 'Margaret' 'Crowley' '(' 'Australia' ')' '2:02.40'],"['O', 'B-Person', 'I-Person', 'O', 'B-Location', 'O', 'O']",3. Margaret Crowley ( Australia ) 2:02.40,"['3.(O)', 'Margaret(B-Person)', 'Crowley(I-Person)', '((O)', 'Australia(B-Location)', ')(O)', '2:02.40(O)']",3.(O) Margaret(B-Person) Crowley(I-Person) ((O) Australia(B-Location) )(O) 2:02.40(O),"Input: 3. Margaret Crowley ( Australia ) 2:02.40
Output: 3.(O) Margaret(B-Person) Crowley(I-Person) ((O) Australia(B-Location) )(O) 2:02.40(O)"
6367,['Wimbledon' '3' '0' '0' '3' '0' '6' '0'],"['B-Organization', 'O', 'O', 'O', 'O', 'O', 'O', 'O']",Wimbledon 3 0 0 3 0 6 0,"['Wimbledon(B-Organization)', '3(O)', '0(O)', '0(O)', '3(O)', '0(O)', '6(O)', '0(O)']",Wimbledon(B-Organization) 3(O) 0(O) 0(O) 3(O) 0(O) 6(O) 0(O),"Input: Wimbledon 3 0 0 3 0 6 0
Output: Wimbledon(B-Organization) 3(O) 0(O) 0(O) 3(O) 0(O) 6(O) 0(O)"
7243,['Teams' ':'],"['O', 'O']",Teams :,"['Teams(O)', ':(O)']",Teams(O) :(O),"Input: Teams :
Output: Teams(O) :(O)"
8677,['2-0' '.'],"['O', 'O']",2-0 .,"['2-0(O)', '.(O)']",2-0(O) .(O),"Input: 2-0 .
Output: 2-0(O) .(O)"
2774,"['""' 'There' 'has' 'been' 'some' 'shooting' 'from' 'their' 'side' 'but'
 'it' 'has' 'been' 'relatively' 'quiet' ',' '""' 'said' 'fighter' 'Aslan'
 'Shabazov' ',' 'a' 'bearded' 'man' 'wearing' 'a' 'white' 't-shirt' 'and'
 'camoflage' 'trousers' '.']","['O', 'O', 'O', 'O', 'O', 'O', 'O', 'O', 'O', 'O', 'O', 'O', 'O', 'O', 'O', 'O', 'O', 'O', 'O', 'B-Person', 'I-Person', 'O', 'O', 'O', 'O', 'O', 'O', 'O', 'O', 'O', 'O', 'O', 'O']",""" There has been some shooting from their side but it has been relatively quiet , "" said fighter Aslan Shabazov , a bearded man wearing a white t-shirt and camoflage trousers .","['""(O)', 'There(O)', 'has(O)', 'been(O)', 'some(O)', 'shooting(O)', 'from(O)', 'their(O)', 'side(O)', 'but(O)', 'it(O)', 'has(O)', 'been(O)', 'relatively(O)', 'quiet(O)', ',(O)', '""(O)', 'said(O)', 'fighter(O)', 'Aslan(B-Person)', 'Shabazov(I-Person)', ',(O)', 'a(O)', 'bearded(O)', 'man(O)', 'wearing(O)', 'a(O)', 'white(O)', 't-shirt(O)', 'and(O)', 'camoflage(O)', 'trousers(O)', '.(O)']","""(O) There(O) has(O) been(O) some(O) shooting(O) from(O) their(O) side(O) but(O) it(O) has(O) been(O) relatively(O) quiet(O) ,(O) ""(O) said(O) fighter(O) Aslan(B-Person) Shabazov(I-Person) ,(O) a(O) bearded(O) man(O) wearing(O) a(O) white(O) t-shirt(O) and(O) camoflage(O) trousers(O) .(O)","Input: "" There has been some shooting from their side but it has been relatively quiet , "" said fighter Aslan Shabazov , a bearded man wearing a white t-shirt and camoflage trousers .
Output: ""(O) There(O) has(O) been(O) some(O) shooting(O) from(O) their(O) side(O) but(O) it(O) has(O) been(O) relatively(O) quiet(O) ,(O) ""(O) said(O) fighter(O) Aslan(B-Person) Shabazov(I-Person) ,(O) a(O) bearded(O) man(O) wearing(O) a(O) white(O) t-shirt(O) and(O) camoflage(O) trousers(O) .(O)"
6936,"['It' 'must' 'be' 'the' 'cost' 'of' 'flying' 'those' 'rolls' 'over' 'from'
 'Tuscany' 'every' 'day' 'that' 'drives' 'up' 'the' 'price' 'of' 'the'
 'sandwich' '.']","['O', 'O', 'O', 'O', 'O', 'O', 'O', 'O', 'O', 'O', 'O', 'B-Location', 'O', 'O', 'O', 'O', 'O', 'O', 'O', 'O', 'O', 'O', 'O']",It must be the cost of flying those rolls over from Tuscany every day that drives up the price of the sandwich .,"['It(O)', 'must(O)', 'be(O)', 'the(O)', 'cost(O)', 'of(O)', 'flying(O)', 'those(O)', 'rolls(O)', 'over(O)', 'from(O)', 'Tuscany(B-Location)', 'every(O)', 'day(O)', 'that(O)', 'drives(O)', 'up(O)', 'the(O)', 'price(O)', 'of(O)', 'the(O)', 'sandwich(O)', '.(O)']",It(O) must(O) be(O) the(O) cost(O) of(O) flying(O) those(O) rolls(O) over(O) from(O) Tuscany(B-Location) every(O) day(O) that(O) drives(O) up(O) the(O) price(O) of(O) the(O) sandwich(O) .(O),"Input: It must be the cost of flying those rolls over from Tuscany every day that drives up the price of the sandwich .
Output: It(O) must(O) be(O) the(O) cost(O) of(O) flying(O) those(O) rolls(O) over(O) from(O) Tuscany(B-Location) every(O) day(O) that(O) drives(O) up(O) the(O) price(O) of(O) the(O) sandwich(O) .(O)"
1069,['-' 'stocks' 'of' 'finished' 'goods' '+17' '+19' '+17' '+25'],"['O', 'O', 'O', 'O', 'O', 'O', 'O', 'O', 'O']",- stocks of finished goods +17 +19 +17 +25,"['-(O)', 'stocks(O)', 'of(O)', 'finished(O)', 'goods(O)', '+17(O)', '+19(O)', '+17(O)', '+25(O)']",-(O) stocks(O) of(O) finished(O) goods(O) +17(O) +19(O) +17(O) +25(O),"Input: - stocks of finished goods +17 +19 +17 +25
Output: -(O) stocks(O) of(O) finished(O) goods(O) +17(O) +19(O) +17(O) +25(O)"
4695,"['Women' ""'s"" '400' 'metres']","['O', 'O', 'O', 'O']",Women 's 400 metres,"['Women(O)', ""'s(O)"", '400(O)', 'metres(O)']",Women(O) 's(O) 400(O) metres(O),"Input: Women 's 400 metres
Output: Women(O) 's(O) 400(O) metres(O)"
5359,['SEATTLE' '66' '62' '.516' '7'],"['B-Organization', 'O', 'O', 'O', 'O']",SEATTLE 66 62 .516 7,"['SEATTLE(B-Organization)', '66(O)', '62(O)', '.516(O)', '7(O)']",SEATTLE(B-Organization) 66(O) 62(O) .516(O) 7(O),"Input: SEATTLE 66 62 .516 7
Output: SEATTLE(B-Organization) 66(O) 62(O) .516(O) 7(O)"
6486,"['Fall' 'of' 'wickets' ':' '1-96' '2-136' '3-166' '4-179' '5-187' '6-205'
 '7-220']","['O', 'O', 'O', 'O', 'O', 'O', 'O', 'O', 'O', 'O', 'O']",Fall of wickets : 1-96 2-136 3-166 4-179 5-187 6-205 7-220,"['Fall(O)', 'of(O)', 'wickets(O)', ':(O)', '1-96(O)', '2-136(O)', '3-166(O)', '4-179(O)', '5-187(O)', '6-205(O)', '7-220(O)']",Fall(O) of(O) wickets(O) :(O) 1-96(O) 2-136(O) 3-166(O) 4-179(O) 5-187(O) 6-205(O) 7-220(O),"Input: Fall of wickets : 1-96 2-136 3-166 4-179 5-187 6-205 7-220
Output: Fall(O) of(O) wickets(O) :(O) 1-96(O) 2-136(O) 3-166(O) 4-179(O) 5-187(O) 6-205(O) 7-220(O)"
329,"['70' 'Tim' 'Herron' ',' 'Duffy' 'Waldorf' ',' 'Davis' 'Love' ',' 'Anders'
 'Forsbrand']","['O', 'B-Person', 'I-Person', 'O', 'B-Person', 'I-Person', 'O', 'B-Person', 'I-Person', 'O', 'B-Person', 'I-Person']","70 Tim Herron , Duffy Waldorf , Davis Love , Anders Forsbrand","['70(O)', 'Tim(B-Person)', 'Herron(I-Person)', ',(O)', 'Duffy(B-Person)', 'Waldorf(I-Person)', ',(O)', 'Davis(B-Person)', 'Love(I-Person)', ',(O)', 'Anders(B-Person)', 'Forsbrand(I-Person)']","70(O) Tim(B-Person) Herron(I-Person) ,(O) Duffy(B-Person) Waldorf(I-Person) ,(O) Davis(B-Person) Love(I-Person) ,(O) Anders(B-Person) Forsbrand(I-Person)","Input: 70 Tim Herron , Duffy Waldorf , Davis Love , Anders Forsbrand
Output: 70(O) Tim(B-Person) Herron(I-Person) ,(O) Duffy(B-Person) Waldorf(I-Person) ,(O) Davis(B-Person) Love(I-Person) ,(O) Anders(B-Person) Forsbrand(I-Person)"
2259,['BRUSSELS' '1996-08-23'],"['B-Location', 'O']",BRUSSELS 1996-08-23,"['BRUSSELS(B-Location)', '1996-08-23(O)']",BRUSSELS(B-Location) 1996-08-23(O),"Input: BRUSSELS 1996-08-23
Output: BRUSSELS(B-Location) 1996-08-23(O)"
1748,"['""' 'It' 'is' 'hoped' 'that' 'livestock' 'breeders' 'and' 'feedmillers'
 'will' 'abide' 'by' 'the' 'laws' 'and' 'respect' 'the' 'cabinet'
 'decision' 'in' 'the' 'interest' 'of' 'consumer' 'safety' ',' '""'
 'Health' 'Minister' 'Chua' 'Jui' 'Meng' 'was' 'quoted' 'as' 'saying' 'by'
 'the' 'national' 'Bernama' 'news' 'agency' '.']","['O', 'O', 'O', 'O', 'O', 'O', 'O', 'O', 'O', 'O', 'O', 'O', 'O', 'O', 'O', 'O', 'O', 'O', 'O', 'O', 'O', 'O', 'O', 'O', 'O', 'O', 'O', 'O', 'O', 'B-Person', 'I-Person', 'O', 'O', 'O', 'O', 'O', 'O', 'O', 'O', 'B-Organization', 'O', 'O', 'O']",""" It is hoped that livestock breeders and feedmillers will abide by the laws and respect the cabinet decision in the interest of consumer safety , "" Health Minister Chua Jui Meng was quoted as saying by the national Bernama news agency .","['""(O)', 'It(O)', 'is(O)', 'hoped(O)', 'that(O)', 'livestock(O)', 'breeders(O)', 'and(O)', 'feedmillers(O)', 'will(O)', 'abide(O)', 'by(O)', 'the(O)', 'laws(O)', 'and(O)', 'respect(O)', 'the(O)', 'cabinet(O)', 'decision(O)', 'in(O)', 'the(O)', 'interest(O)', 'of(O)', 'consumer(O)', 'safety(O)', ',(O)', '""(O)', 'Health(O)', 'Minister(O)', 'Chua(B-Person)', 'Jui(I-Person)', 'Meng(O)', 'was(O)', 'quoted(O)', 'as(O)', 'saying(O)', 'by(O)', 'the(O)', 'national(O)', 'Bernama(B-Organization)', 'news(O)', 'agency(O)', '.(O)']","""(O) It(O) is(O) hoped(O) that(O) livestock(O) breeders(O) and(O) feedmillers(O) will(O) abide(O) by(O) the(O) laws(O) and(O) respect(O) the(O) cabinet(O) decision(O) in(O) the(O) interest(O) of(O) consumer(O) safety(O) ,(O) ""(O) Health(O) Minister(O) Chua(B-Person) Jui(I-Person) Meng(O) was(O) quoted(O) as(O) saying(O) by(O) the(O) national(O) Bernama(B-Organization) news(O) agency(O) .(O)","Input: "" It is hoped that livestock breeders and feedmillers will abide by the laws and respect the cabinet decision in the interest of consumer safety , "" Health Minister Chua Jui Meng was quoted as saying by the national Bernama news agency .
Output: ""(O) It(O) is(O) hoped(O) that(O) livestock(O) breeders(O) and(O) feedmillers(O) will(O) abide(O) by(O) the(O) laws(O) and(O) respect(O) the(O) cabinet(O) decision(O) in(O) the(O) interest(O) of(O) consumer(O) safety(O) ,(O) ""(O) Health(O) Minister(O) Chua(B-Person) Jui(I-Person) Meng(O) was(O) quoted(O) as(O) saying(O) by(O) the(O) national(O) Bernama(B-Organization) news(O) agency(O) .(O)"
10192,['Port' 'Vale' '3' '0' '2' '1' '2' '4' '2'],"['B-Organization', 'I-Organization', 'O', 'O', 'O', 'O', 'O', 'O', 'O']",Port Vale 3 0 2 1 2 4 2,"['Port(B-Organization)', 'Vale(I-Organization)', '3(O)', '0(O)', '2(O)', '1(O)', '2(O)', '4(O)', '2(O)']",Port(B-Organization) Vale(I-Organization) 3(O) 0(O) 2(O) 1(O) 2(O) 4(O) 2(O),"Input: Port Vale 3 0 2 1 2 4 2
Output: Port(B-Organization) Vale(I-Organization) 3(O) 0(O) 2(O) 1(O) 2(O) 4(O) 2(O)"
3426,"['The' 'unnamed' 'victim' 'died' 'during' 'the' 'night' ',' 'a' 'hospital'
 'spokesman' 'said' 'on' 'Saturday' '.']","['O', 'O', 'O', 'O', 'O', 'O', 'O', 'O', 'O', 'O', 'O', 'O', 'O', 'O', 'O']","The unnamed victim died during the night , a hospital spokesman said on Saturday .","['The(O)', 'unnamed(O)', 'victim(O)', 'died(O)', 'during(O)', 'the(O)', 'night(O)', ',(O)', 'a(O)', 'hospital(O)', 'spokesman(O)', 'said(O)', 'on(O)', 'Saturday(O)', '.(O)']","The(O) unnamed(O) victim(O) died(O) during(O) the(O) night(O) ,(O) a(O) hospital(O) spokesman(O) said(O) on(O) Saturday(O) .(O)","Input: The unnamed victim died during the night , a hospital spokesman said on Saturday .
Output: The(O) unnamed(O) victim(O) died(O) during(O) the(O) night(O) ,(O) a(O) hospital(O) spokesman(O) said(O) on(O) Saturday(O) .(O)"
10868,"['CRICKET' '-' 'INDIA' 'WIN' 'TOSS' 'AND' 'BAT' 'AGAINST' 'SRI' 'LANKA'
 '.']","['O', 'O', 'B-Location', 'O', 'O', 'O', 'O', 'O', 'B-Location', 'I-Location', 'O']",CRICKET - INDIA WIN TOSS AND BAT AGAINST SRI LANKA .,"['CRICKET(O)', '-(O)', 'INDIA(B-Location)', 'WIN(O)', 'TOSS(O)', 'AND(O)', 'BAT(O)', 'AGAINST(O)', 'SRI(B-Location)', 'LANKA(I-Location)', '.(O)']",CRICKET(O) -(O) INDIA(B-Location) WIN(O) TOSS(O) AND(O) BAT(O) AGAINST(O) SRI(B-Location) LANKA(I-Location) .(O),"Input: CRICKET - INDIA WIN TOSS AND BAT AGAINST SRI LANKA .
Output: CRICKET(O) -(O) INDIA(B-Location) WIN(O) TOSS(O) AND(O) BAT(O) AGAINST(O) SRI(B-Location) LANKA(I-Location) .(O)"
931,['Cooper'],['B-Person'],Cooper,['Cooper(B-Person)'],Cooper(B-Person),"Input: Cooper
Output: Cooper(B-Person)"
245,['Summary' 'of' 'Consolidated' 'Financial' 'Data'],"['O', 'O', 'B-Organization', 'I-Organization', 'I-Organization']",Summary of Consolidated Financial Data,"['Summary(O)', 'of(O)', 'Consolidated(B-Organization)', 'Financial(I-Organization)', 'Data(I-Organization)']",Summary(O) of(O) Consolidated(B-Organization) Financial(I-Organization) Data(I-Organization),"Input: Summary of Consolidated Financial Data
Output: Summary(O) of(O) Consolidated(B-Organization) Financial(I-Organization) Data(I-Organization)"
12558,['SAN' 'DIEGO' 'AT' 'NEW' 'YORK'],"['B-Organization', 'I-Organization', 'O', 'B-Location', 'I-Location']",SAN DIEGO AT NEW YORK,"['SAN(B-Organization)', 'DIEGO(I-Organization)', 'AT(O)', 'NEW(B-Location)', 'YORK(I-Location)']",SAN(B-Organization) DIEGO(I-Organization) AT(O) NEW(B-Location) YORK(I-Location),"Input: SAN DIEGO AT NEW YORK
Output: SAN(B-Organization) DIEGO(I-Organization) AT(O) NEW(B-Location) YORK(I-Location)"
3733,"['PRETORIA' ',' 'South' 'Africa' '1996-08-24']","['B-Location', 'O', 'B-Location', 'I-Location', 'O']","PRETORIA , South Africa 1996-08-24","['PRETORIA(B-Location)', ',(O)', 'South(B-Location)', 'Africa(I-Location)', '1996-08-24(O)']","PRETORIA(B-Location) ,(O) South(B-Location) Africa(I-Location) 1996-08-24(O)","Input: PRETORIA , South Africa 1996-08-24
Output: PRETORIA(B-Location) ,(O) South(B-Location) Africa(I-Location) 1996-08-24(O)"
11397,"['That' ""'s"" 'all' 'I' 'said' ',' '""' 'he' 'replied' 'as' 'he' 'was'
 'shaking' 'hands' 'with' 'well-wishers' '.']","['O', 'O', 'O', 'O', 'O', 'O', 'O', 'O', 'O', 'O', 'O', 'O', 'O', 'O', 'O', 'O', 'O']","That 's all I said , "" he replied as he was shaking hands with well-wishers .","['That(O)', ""'s(O)"", 'all(O)', 'I(O)', 'said(O)', ',(O)', '""(O)', 'he(O)', 'replied(O)', 'as(O)', 'he(O)', 'was(O)', 'shaking(O)', 'hands(O)', 'with(O)', 'well-wishers(O)', '.(O)']","That(O) 's(O) all(O) I(O) said(O) ,(O) ""(O) he(O) replied(O) as(O) he(O) was(O) shaking(O) hands(O) with(O) well-wishers(O) .(O)","Input: That 's all I said , "" he replied as he was shaking hands with well-wishers .
Output: That(O) 's(O) all(O) I(O) said(O) ,(O) ""(O) he(O) replied(O) as(O) he(O) was(O) shaking(O) hands(O) with(O) well-wishers(O) .(O)"
3589,"['S.' 'Renshaw' '4-56' ',' 'J.' 'Bovill' '4-102' ')' '.']","['B-Person', 'I-Person', 'O', 'O', 'B-Person', 'I-Person', 'O', 'O', 'O']","S. Renshaw 4-56 , J. Bovill 4-102 ) .","['S.(B-Person)', 'Renshaw(I-Person)', '4-56(O)', ',(O)', 'J.(B-Person)', 'Bovill(I-Person)', '4-102(O)', ')(O)', '.(O)']","S.(B-Person) Renshaw(I-Person) 4-56(O) ,(O) J.(B-Person) Bovill(I-Person) 4-102(O) )(O) .(O)","Input: S. Renshaw 4-56 , J. Bovill 4-102 ) .
Output: S.(B-Person) Renshaw(I-Person) 4-56(O) ,(O) J.(B-Person) Bovill(I-Person) 4-102(O) )(O) .(O)"
9703,"['The' 'Bradys' 'walked' 'on' 'to' 'the' 'stage' ',' 'he' 'on' 'her' 'arm'
 'and' 'with' 'the' 'aid' 'of' 'a' 'cane' ',' 'to' 'a' 'rousing'
 'reception' 'from' 'the' 'convention' '.']","['O', 'B-Person', 'O', 'O', 'O', 'O', 'O', 'O', 'O', 'O', 'O', 'O', 'O', 'O', 'O', 'O', 'O', 'O', 'O', 'O', 'O', 'O', 'O', 'O', 'O', 'O', 'O', 'O']","The Bradys walked on to the stage , he on her arm and with the aid of a cane , to a rousing reception from the convention .","['The(O)', 'Bradys(B-Person)', 'walked(O)', 'on(O)', 'to(O)', 'the(O)', 'stage(O)', ',(O)', 'he(O)', 'on(O)', 'her(O)', 'arm(O)', 'and(O)', 'with(O)', 'the(O)', 'aid(O)', 'of(O)', 'a(O)', 'cane(O)', ',(O)', 'to(O)', 'a(O)', 'rousing(O)', 'reception(O)', 'from(O)', 'the(O)', 'convention(O)', '.(O)']","The(O) Bradys(B-Person) walked(O) on(O) to(O) the(O) stage(O) ,(O) he(O) on(O) her(O) arm(O) and(O) with(O) the(O) aid(O) of(O) a(O) cane(O) ,(O) to(O) a(O) rousing(O) reception(O) from(O) the(O) convention(O) .(O)","Input: The Bradys walked on to the stage , he on her arm and with the aid of a cane , to a rousing reception from the convention .
Output: The(O) Bradys(B-Person) walked(O) on(O) to(O) the(O) stage(O) ,(O) he(O) on(O) her(O) arm(O) and(O) with(O) the(O) aid(O) of(O) a(O) cane(O) ,(O) to(O) a(O) rousing(O) reception(O) from(O) the(O) convention(O) .(O)"
2017,"['""' 'I' 'feel' 'I' ""'m"" 'hitting' 'the' 'ball' 'well' 'even' 'though' 'I'
 ""'m"" 'having' 'more' 'mental' 'letdowns' 'than' 'I' 'did' 'last' 'week'
 ',' '""' ""O'Brien"" 'said' '.' '""']","['O', 'O', 'O', 'O', 'O', 'O', 'O', 'O', 'O', 'O', 'O', 'O', 'O', 'O', 'O', 'O', 'O', 'O', 'O', 'O', 'O', 'O', 'O', 'O', 'B-Person', 'O', 'O', 'O']",""" I feel I 'm hitting the ball well even though I 'm having more mental letdowns than I did last week , "" O'Brien said . ""","['""(O)', 'I(O)', 'feel(O)', 'I(O)', ""'m(O)"", 'hitting(O)', 'the(O)', 'ball(O)', 'well(O)', 'even(O)', 'though(O)', 'I(O)', ""'m(O)"", 'having(O)', 'more(O)', 'mental(O)', 'letdowns(O)', 'than(O)', 'I(O)', 'did(O)', 'last(O)', 'week(O)', ',(O)', '""(O)', ""O'Brien(B-Person)"", 'said(O)', '.(O)', '""(O)']","""(O) I(O) feel(O) I(O) 'm(O) hitting(O) the(O) ball(O) well(O) even(O) though(O) I(O) 'm(O) having(O) more(O) mental(O) letdowns(O) than(O) I(O) did(O) last(O) week(O) ,(O) ""(O) O'Brien(B-Person) said(O) .(O) ""(O)","Input: "" I feel I 'm hitting the ball well even though I 'm having more mental letdowns than I did last week , "" O'Brien said . ""
Output: ""(O) I(O) feel(O) I(O) 'm(O) hitting(O) the(O) ball(O) well(O) even(O) though(O) I(O) 'm(O) having(O) more(O) mental(O) letdowns(O) than(O) I(O) did(O) last(O) week(O) ,(O) ""(O) O'Brien(B-Person) said(O) .(O) ""(O)"
7393,"['He' 'also' 'said' 'shareholders' 'approved' 'the' 'issue' 'of' '2.6'
 'million' 'new' 'shares' ',' 'two' 'million' 'of' 'which' 'are'
 'earmarked' 'for' 'large' 'investors' 'and' '600,000' 'for' 'retail'
 'domestic' 'investors' '.']","['O', 'O', 'O', 'O', 'O', 'O', 'O', 'O', 'O', 'O', 'O', 'O', 'O', 'O', 'O', 'O', 'O', 'O', 'O', 'O', 'O', 'O', 'O', 'O', 'O', 'O', 'O', 'O', 'O']","He also said shareholders approved the issue of 2.6 million new shares , two million of which are earmarked for large investors and 600,000 for retail domestic investors .","['He(O)', 'also(O)', 'said(O)', 'shareholders(O)', 'approved(O)', 'the(O)', 'issue(O)', 'of(O)', '2.6(O)', 'million(O)', 'new(O)', 'shares(O)', ',(O)', 'two(O)', 'million(O)', 'of(O)', 'which(O)', 'are(O)', 'earmarked(O)', 'for(O)', 'large(O)', 'investors(O)', 'and(O)', '600,000(O)', 'for(O)', 'retail(O)', 'domestic(O)', 'investors(O)', '.(O)']","He(O) also(O) said(O) shareholders(O) approved(O) the(O) issue(O) of(O) 2.6(O) million(O) new(O) shares(O) ,(O) two(O) million(O) of(O) which(O) are(O) earmarked(O) for(O) large(O) investors(O) and(O) 600,000(O) for(O) retail(O) domestic(O) investors(O) .(O)","Input: He also said shareholders approved the issue of 2.6 million new shares , two million of which are earmarked for large investors and 600,000 for retail domestic investors .
Output: He(O) also(O) said(O) shareholders(O) approved(O) the(O) issue(O) of(O) 2.6(O) million(O) new(O) shares(O) ,(O) two(O) million(O) of(O) which(O) are(O) earmarked(O) for(O) large(O) investors(O) and(O) 600,000(O) for(O) retail(O) domestic(O) investors(O) .(O)"
9620,['Education' '42' '6' '36' '3'],"['O', 'O', 'O', 'O', 'O']",Education 42 6 36 3,"['Education(O)', '42(O)', '6(O)', '36(O)', '3(O)']",Education(O) 42(O) 6(O) 36(O) 3(O),"Input: Education 42 6 36 3
Output: Education(O) 42(O) 6(O) 36(O) 3(O)"
6770,['Morelia' '3' '0' '1' '2' '3' '8' '1'],"['B-Organization', 'O', 'O', 'O', 'O', 'O', 'O', 'O']",Morelia 3 0 1 2 3 8 1,"['Morelia(B-Organization)', '3(O)', '0(O)', '1(O)', '2(O)', '3(O)', '8(O)', '1(O)']",Morelia(B-Organization) 3(O) 0(O) 1(O) 2(O) 3(O) 8(O) 1(O),"Input: Morelia 3 0 1 2 3 8 1
Output: Morelia(B-Organization) 3(O) 0(O) 1(O) 2(O) 3(O) 8(O) 1(O)"
6792,"['Botafogo' 'striker' 'Tulio' ',' 'who' 'was' 'overlooked' 'by' 'Zagalo'
 'for' 'the' 'tour' 'which' 'also' 'features' 'a' 'game' 'away' 'to' 'the'
 'Netherlands' 'on' 'Sunday' ',' 'scored' 'his' 'third' 'goal' 'in'
 'three' 'games' 'as' 'the' 'defending' 'champions' 'beat' 'Bahia' '2-1'
 'away' '.']","['B-Organization', 'O', 'B-Person', 'O', 'O', 'O', 'O', 'O', 'B-Person', 'O', 'O', 'O', 'O', 'O', 'O', 'O', 'O', 'O', 'O', 'O', 'B-Location', 'O', 'O', 'O', 'O', 'O', 'O', 'O', 'O', 'O', 'O', 'O', 'O', 'O', 'O', 'O', 'B-Organization', 'O', 'O', 'O']","Botafogo striker Tulio , who was overlooked by Zagalo for the tour which also features a game away to the Netherlands on Sunday , scored his third goal in three games as the defending champions beat Bahia 2-1 away .","['Botafogo(B-Organization)', 'striker(O)', 'Tulio(B-Person)', ',(O)', 'who(O)', 'was(O)', 'overlooked(O)', 'by(O)', 'Zagalo(B-Person)', 'for(O)', 'the(O)', 'tour(O)', 'which(O)', 'also(O)', 'features(O)', 'a(O)', 'game(O)', 'away(O)', 'to(O)', 'the(O)', 'Netherlands(B-Location)', 'on(O)', 'Sunday(O)', ',(O)', 'scored(O)', 'his(O)', 'third(O)', 'goal(O)', 'in(O)', 'three(O)', 'games(O)', 'as(O)', 'the(O)', 'defending(O)', 'champions(O)', 'beat(O)', 'Bahia(B-Organization)', '2-1(O)', 'away(O)', '.(O)']","Botafogo(B-Organization) striker(O) Tulio(B-Person) ,(O) who(O) was(O) overlooked(O) by(O) Zagalo(B-Person) for(O) the(O) tour(O) which(O) also(O) features(O) a(O) game(O) away(O) to(O) the(O) Netherlands(B-Location) on(O) Sunday(O) ,(O) scored(O) his(O) third(O) goal(O) in(O) three(O) games(O) as(O) the(O) defending(O) champions(O) beat(O) Bahia(B-Organization) 2-1(O) away(O) .(O)","Input: Botafogo striker Tulio , who was overlooked by Zagalo for the tour which also features a game away to the Netherlands on Sunday , scored his third goal in three games as the defending champions beat Bahia 2-1 away .
Output: Botafogo(B-Organization) striker(O) Tulio(B-Person) ,(O) who(O) was(O) overlooked(O) by(O) Zagalo(B-Person) for(O) the(O) tour(O) which(O) also(O) features(O) a(O) game(O) away(O) to(O) the(O) Netherlands(B-Location) on(O) Sunday(O) ,(O) scored(O) his(O) third(O) goal(O) in(O) three(O) games(O) as(O) the(O) defending(O) champions(O) beat(O) Bahia(B-Organization) 2-1(O) away(O) .(O)"
8328,['Hick' '13' '2' '42' '1' '42.00'],"['B-Person', 'O', 'O', 'O', 'O', 'O']",Hick 13 2 42 1 42.00,"['Hick(B-Person)', '13(O)', '2(O)', '42(O)', '1(O)', '42.00(O)']",Hick(B-Person) 13(O) 2(O) 42(O) 1(O) 42.00(O),"Input: Hick 13 2 42 1 42.00
Output: Hick(B-Person) 13(O) 2(O) 42(O) 1(O) 42.00(O)"
6777,['Santos' '3' '3' '0' '0' '4' '1' '9'],"['B-Organization', 'O', 'O', 'O', 'O', 'O', 'O', 'O']",Santos 3 3 0 0 4 1 9,"['Santos(B-Organization)', '3(O)', '3(O)', '0(O)', '0(O)', '4(O)', '1(O)', '9(O)']",Santos(B-Organization) 3(O) 3(O) 0(O) 0(O) 4(O) 1(O) 9(O),"Input: Santos 3 3 0 0 4 1 9
Output: Santos(B-Organization) 3(O) 3(O) 0(O) 0(O) 4(O) 1(O) 9(O)"
10634,"['15,000' '.']","['O', 'O']","15,000 .","['15,000(O)', '.(O)']","15,000(O) .(O)","Input: 15,000 .
Output: 15,000(O) .(O)"
4171,"['Organisers' 'expect' 'about' 'two-thirds' 'of' 'the' 'participants' 'to'
 'drop' 'out' 'or' 'be' 'disqualified' 'before' 'the' 'finish' '.']","['O', 'O', 'O', 'O', 'O', 'O', 'O', 'O', 'O', 'O', 'O', 'O', 'O', 'O', 'O', 'O', 'O']",Organisers expect about two-thirds of the participants to drop out or be disqualified before the finish .,"['Organisers(O)', 'expect(O)', 'about(O)', 'two-thirds(O)', 'of(O)', 'the(O)', 'participants(O)', 'to(O)', 'drop(O)', 'out(O)', 'or(O)', 'be(O)', 'disqualified(O)', 'before(O)', 'the(O)', 'finish(O)', '.(O)']",Organisers(O) expect(O) about(O) two-thirds(O) of(O) the(O) participants(O) to(O) drop(O) out(O) or(O) be(O) disqualified(O) before(O) the(O) finish(O) .(O),"Input: Organisers expect about two-thirds of the participants to drop out or be disqualified before the finish .
Output: Organisers(O) expect(O) about(O) two-thirds(O) of(O) the(O) participants(O) to(O) drop(O) out(O) or(O) be(O) disqualified(O) before(O) the(O) finish(O) .(O)"
13397,"['Gas' 'oil' ',' 'assessed' 'at' '$' '24.00' '-' '$' '24.20' 'a' 'barrel'
 'fob' 'Gulf' ',' 'was' 'little' 'changed' 'on' 'Thursday' 'from' 'last'
 'week' ""'s"" '$' '24.10' '-' '$' '24.24' '.']","['O', 'O', 'O', 'O', 'O', 'O', 'O', 'O', 'O', 'O', 'O', 'O', 'O', 'B-Location', 'O', 'O', 'O', 'O', 'O', 'O', 'O', 'O', 'O', 'O', 'O', 'O', 'O', 'O', 'O', 'O']","Gas oil , assessed at $ 24.00 - $ 24.20 a barrel fob Gulf , was little changed on Thursday from last week 's $ 24.10 - $ 24.24 .","['Gas(O)', 'oil(O)', ',(O)', 'assessed(O)', 'at(O)', '$(O)', '24.00(O)', '-(O)', '$(O)', '24.20(O)', 'a(O)', 'barrel(O)', 'fob(O)', 'Gulf(B-Location)', ',(O)', 'was(O)', 'little(O)', 'changed(O)', 'on(O)', 'Thursday(O)', 'from(O)', 'last(O)', 'week(O)', ""'s(O)"", '$(O)', '24.10(O)', '-(O)', '$(O)', '24.24(O)', '.(O)']","Gas(O) oil(O) ,(O) assessed(O) at(O) $(O) 24.00(O) -(O) $(O) 24.20(O) a(O) barrel(O) fob(O) Gulf(B-Location) ,(O) was(O) little(O) changed(O) on(O) Thursday(O) from(O) last(O) week(O) 's(O) $(O) 24.10(O) -(O) $(O) 24.24(O) .(O)","Input: Gas oil , assessed at $ 24.00 - $ 24.20 a barrel fob Gulf , was little changed on Thursday from last week 's $ 24.10 - $ 24.24 .
Output: Gas(O) oil(O) ,(O) assessed(O) at(O) $(O) 24.00(O) -(O) $(O) 24.20(O) a(O) barrel(O) fob(O) Gulf(B-Location) ,(O) was(O) little(O) changed(O) on(O) Thursday(O) from(O) last(O) week(O) 's(O) $(O) 24.10(O) -(O) $(O) 24.24(O) .(O)"
11429,['2002' '-' '895M' '600M'],"['O', 'O', 'O', 'O']",2002 - 895M 600M,"['2002(O)', '-(O)', '895M(O)', '600M(O)']",2002(O) -(O) 895M(O) 600M(O),"Input: 2002 - 895M 600M
Output: 2002(O) -(O) 895M(O) 600M(O)"
2152,"['Norm' 'Charlton' 'retired' 'the' 'final' 'three' 'batters' 'to' 'seal'
 'the' 'victory' '.']","['B-Person', 'I-Person', 'O', 'O', 'O', 'O', 'O', 'O', 'O', 'O', 'O', 'O']",Norm Charlton retired the final three batters to seal the victory .,"['Norm(B-Person)', 'Charlton(I-Person)', 'retired(O)', 'the(O)', 'final(O)', 'three(O)', 'batters(O)', 'to(O)', 'seal(O)', 'the(O)', 'victory(O)', '.(O)']",Norm(B-Person) Charlton(I-Person) retired(O) the(O) final(O) three(O) batters(O) to(O) seal(O) the(O) victory(O) .(O),"Input: Norm Charlton retired the final three batters to seal the victory .
Output: Norm(B-Person) Charlton(I-Person) retired(O) the(O) final(O) three(O) batters(O) to(O) seal(O) the(O) victory(O) .(O)"
167,['Hilary' 'Gush'],"['B-Person', 'I-Person']",Hilary Gush,"['Hilary(B-Person)', 'Gush(I-Person)']",Hilary(B-Person) Gush(I-Person),"Input: Hilary Gush
Output: Hilary(B-Person) Gush(I-Person)"
10389,"['Men' ""'s"" 'singles' ',' 'first' 'round']","['O', 'O', 'O', 'O', 'O', 'O']","Men 's singles , first round","['Men(O)', ""'s(O)"", 'singles(O)', ',(O)', 'first(O)', 'round(O)']","Men(O) 's(O) singles(O) ,(O) first(O) round(O)","Input: Men 's singles , first round
Output: Men(O) 's(O) singles(O) ,(O) first(O) round(O)"
307,"['""' 'I' 'do' 'not' 'want' 'to' 'say' 'that' 'there' 'is' 'a' 'concrete'
 'danger' 'for' 'consumers' ',' '""' 'he' 'added' '.' '""']","['O', 'O', 'O', 'O', 'O', 'O', 'O', 'O', 'O', 'O', 'O', 'O', 'O', 'O', 'O', 'O', 'O', 'O', 'O', 'O', 'O']",""" I do not want to say that there is a concrete danger for consumers , "" he added . ""","['""(O)', 'I(O)', 'do(O)', 'not(O)', 'want(O)', 'to(O)', 'say(O)', 'that(O)', 'there(O)', 'is(O)', 'a(O)', 'concrete(O)', 'danger(O)', 'for(O)', 'consumers(O)', ',(O)', '""(O)', 'he(O)', 'added(O)', '.(O)', '""(O)']","""(O) I(O) do(O) not(O) want(O) to(O) say(O) that(O) there(O) is(O) a(O) concrete(O) danger(O) for(O) consumers(O) ,(O) ""(O) he(O) added(O) .(O) ""(O)","Input: "" I do not want to say that there is a concrete danger for consumers , "" he added . ""
Output: ""(O) I(O) do(O) not(O) want(O) to(O) say(O) that(O) there(O) is(O) a(O) concrete(O) danger(O) for(O) consumers(O) ,(O) ""(O) he(O) added(O) .(O) ""(O)"
1667,"['Analysts' 'had' 'on' 'average' 'expected' 'a' 'pre-abnormals' 'profit'
 'of' 'A$' '1.343' 'billion' '.']","['O', 'O', 'O', 'O', 'O', 'O', 'O', 'O', 'O', 'B-Miscellaneous', 'O', 'O', 'O']",Analysts had on average expected a pre-abnormals profit of A$ 1.343 billion .,"['Analysts(O)', 'had(O)', 'on(O)', 'average(O)', 'expected(O)', 'a(O)', 'pre-abnormals(O)', 'profit(O)', 'of(O)', 'A$(B-Miscellaneous)', '1.343(O)', 'billion(O)', '.(O)']",Analysts(O) had(O) on(O) average(O) expected(O) a(O) pre-abnormals(O) profit(O) of(O) A$(B-Miscellaneous) 1.343(O) billion(O) .(O),"Input: Analysts had on average expected a pre-abnormals profit of A$ 1.343 billion .
Output: Analysts(O) had(O) on(O) average(O) expected(O) a(O) pre-abnormals(O) profit(O) of(O) A$(B-Miscellaneous) 1.343(O) billion(O) .(O)"
13000,"['""' 'Dick' 'Morris' 'is' 'my' 'friend' ',' 'and' 'he' 'is' 'a' 'superb'
 'political' 'strategist' ',' '""' 'Clinton' 'said' 'in' 'a' 'written'
 'statement' '.' '""']","['O', 'B-Person', 'I-Person', 'O', 'O', 'O', 'O', 'O', 'O', 'O', 'O', 'O', 'O', 'O', 'O', 'O', 'B-Person', 'O', 'O', 'O', 'O', 'O', 'O', 'O']",""" Dick Morris is my friend , and he is a superb political strategist , "" Clinton said in a written statement . ""","['""(O)', 'Dick(B-Person)', 'Morris(I-Person)', 'is(O)', 'my(O)', 'friend(O)', ',(O)', 'and(O)', 'he(O)', 'is(O)', 'a(O)', 'superb(O)', 'political(O)', 'strategist(O)', ',(O)', '""(O)', 'Clinton(B-Person)', 'said(O)', 'in(O)', 'a(O)', 'written(O)', 'statement(O)', '.(O)', '""(O)']","""(O) Dick(B-Person) Morris(I-Person) is(O) my(O) friend(O) ,(O) and(O) he(O) is(O) a(O) superb(O) political(O) strategist(O) ,(O) ""(O) Clinton(B-Person) said(O) in(O) a(O) written(O) statement(O) .(O) ""(O)","Input: "" Dick Morris is my friend , and he is a superb political strategist , "" Clinton said in a written statement . ""
Output: ""(O) Dick(B-Person) Morris(I-Person) is(O) my(O) friend(O) ,(O) and(O) he(O) is(O) a(O) superb(O) political(O) strategist(O) ,(O) ""(O) Clinton(B-Person) said(O) in(O) a(O) written(O) statement(O) .(O) ""(O)"
1386,"['The' 'IMKB-100' 'lost' '0.19' 'percent' 'or' '123.89' 'points' 'to'
 'end' 'at' '64,178.78' '.']","['O', 'B-Miscellaneous', 'O', 'O', 'O', 'O', 'O', 'O', 'O', 'O', 'O', 'O', 'O']","The IMKB-100 lost 0.19 percent or 123.89 points to end at 64,178.78 .","['The(O)', 'IMKB-100(B-Miscellaneous)', 'lost(O)', '0.19(O)', 'percent(O)', 'or(O)', '123.89(O)', 'points(O)', 'to(O)', 'end(O)', 'at(O)', '64,178.78(O)', '.(O)']","The(O) IMKB-100(B-Miscellaneous) lost(O) 0.19(O) percent(O) or(O) 123.89(O) points(O) to(O) end(O) at(O) 64,178.78(O) .(O)","Input: The IMKB-100 lost 0.19 percent or 123.89 points to end at 64,178.78 .
Output: The(O) IMKB-100(B-Miscellaneous) lost(O) 0.19(O) percent(O) or(O) 123.89(O) points(O) to(O) end(O) at(O) 64,178.78(O) .(O)"
6991,"['Others' 'advancing' 'early' 'on' 'Monday' 'included' '11th-seeded'
 'American' 'Malivai' 'Washington' ',' 'the' 'Wimbledon' 'runner-up' ','
 'Sweden' ""'s"" 'Magnus' 'Gustafsson' ',' 'and' 'two-time' 'former'
 'French' 'Open' 'champion' 'Sergi' 'Bruguera' 'of' 'Spain' ',' 'who'
 'will' 'be' 'Stich' ""'s"" 'next' 'opponent' '.']","['O', 'O', 'O', 'O', 'O', 'O', 'O', 'B-Miscellaneous', 'B-Person', 'I-Person', 'O', 'O', 'B-Miscellaneous', 'O', 'O', 'B-Location', 'O', 'B-Person', 'I-Person', 'O', 'O', 'O', 'O', 'B-Miscellaneous', 'I-Miscellaneous', 'O', 'B-Person', 'I-Person', 'O', 'B-Location', 'O', 'O', 'O', 'O', 'B-Person', 'O', 'O', 'O', 'O']","Others advancing early on Monday included 11th-seeded American Malivai Washington , the Wimbledon runner-up , Sweden 's Magnus Gustafsson , and two-time former French Open champion Sergi Bruguera of Spain , who will be Stich 's next opponent .","['Others(O)', 'advancing(O)', 'early(O)', 'on(O)', 'Monday(O)', 'included(O)', '11th-seeded(O)', 'American(B-Miscellaneous)', 'Malivai(B-Person)', 'Washington(I-Person)', ',(O)', 'the(O)', 'Wimbledon(B-Miscellaneous)', 'runner-up(O)', ',(O)', 'Sweden(B-Location)', ""'s(O)"", 'Magnus(B-Person)', 'Gustafsson(I-Person)', ',(O)', 'and(O)', 'two-time(O)', 'former(O)', 'French(B-Miscellaneous)', 'Open(I-Miscellaneous)', 'champion(O)', 'Sergi(B-Person)', 'Bruguera(I-Person)', 'of(O)', 'Spain(B-Location)', ',(O)', 'who(O)', 'will(O)', 'be(O)', 'Stich(B-Person)', ""'s(O)"", 'next(O)', 'opponent(O)', '.(O)']","Others(O) advancing(O) early(O) on(O) Monday(O) included(O) 11th-seeded(O) American(B-Miscellaneous) Malivai(B-Person) Washington(I-Person) ,(O) the(O) Wimbledon(B-Miscellaneous) runner-up(O) ,(O) Sweden(B-Location) 's(O) Magnus(B-Person) Gustafsson(I-Person) ,(O) and(O) two-time(O) former(O) French(B-Miscellaneous) Open(I-Miscellaneous) champion(O) Sergi(B-Person) Bruguera(I-Person) of(O) Spain(B-Location) ,(O) who(O) will(O) be(O) Stich(B-Person) 's(O) next(O) opponent(O) .(O)","Input: Others advancing early on Monday included 11th-seeded American Malivai Washington , the Wimbledon runner-up , Sweden 's Magnus Gustafsson , and two-time former French Open champion Sergi Bruguera of Spain , who will be Stich 's next opponent .
Output: Others(O) advancing(O) early(O) on(O) Monday(O) included(O) 11th-seeded(O) American(B-Miscellaneous) Malivai(B-Person) Washington(I-Person) ,(O) the(O) Wimbledon(B-Miscellaneous) runner-up(O) ,(O) Sweden(B-Location) 's(O) Magnus(B-Person) Gustafsson(I-Person) ,(O) and(O) two-time(O) former(O) French(B-Miscellaneous) Open(I-Miscellaneous) champion(O) Sergi(B-Person) Bruguera(I-Person) of(O) Spain(B-Location) ,(O) who(O) will(O) be(O) Stich(B-Person) 's(O) next(O) opponent(O) .(O)"
13842,['Total' 'M4' 'adj' '.'],"['O', 'O', 'O', 'O']",Total M4 adj .,"['Total(O)', 'M4(O)', 'adj(O)', '.(O)']",Total(O) M4(O) adj(O) .(O),"Input: Total M4 adj .
Output: Total(O) M4(O) adj(O) .(O)"
12553,['SAN' 'DIEGO' '74' '60' '.552' '-'],"['B-Organization', 'I-Organization', 'O', 'O', 'O', 'O']",SAN DIEGO 74 60 .552 -,"['SAN(B-Organization)', 'DIEGO(I-Organization)', '74(O)', '60(O)', '.552(O)', '-(O)']",SAN(B-Organization) DIEGO(I-Organization) 74(O) 60(O) .552(O) -(O),"Input: SAN DIEGO 74 60 .552 -
Output: SAN(B-Organization) DIEGO(I-Organization) 74(O) 60(O) .552(O) -(O)"
2736,['LAGOS' '1996-08-23'],"['B-Location', 'O']",LAGOS 1996-08-23,"['LAGOS(B-Location)', '1996-08-23(O)']",LAGOS(B-Location) 1996-08-23(O),"Input: LAGOS 1996-08-23
Output: LAGOS(B-Location) 1996-08-23(O)"
8418,"['TENNIS' '-' 'TUESDAY' ""'S"" 'RESULTS' 'FROM' 'U.S.' 'OPEN' '.']","['O', 'O', 'O', 'O', 'O', 'O', 'B-Miscellaneous', 'I-Miscellaneous', 'O']",TENNIS - TUESDAY 'S RESULTS FROM U.S. OPEN .,"['TENNIS(O)', '-(O)', 'TUESDAY(O)', ""'S(O)"", 'RESULTS(O)', 'FROM(O)', 'U.S.(B-Miscellaneous)', 'OPEN(I-Miscellaneous)', '.(O)']",TENNIS(O) -(O) TUESDAY(O) 'S(O) RESULTS(O) FROM(O) U.S.(B-Miscellaneous) OPEN(I-Miscellaneous) .(O),"Input: TENNIS - TUESDAY 'S RESULTS FROM U.S. OPEN .
Output: TENNIS(O) -(O) TUESDAY(O) 'S(O) RESULTS(O) FROM(O) U.S.(B-Miscellaneous) OPEN(I-Miscellaneous) .(O)"
8024,"['He' 'reiterates' 'promise' 'that' 'a' 'future' 'Labour' 'government'
 'will' 'remove' 'VAT' '.']","['O', 'O', 'O', 'O', 'O', 'O', 'B-Organization', 'O', 'O', 'O', 'O', 'O']",He reiterates promise that a future Labour government will remove VAT .,"['He(O)', 'reiterates(O)', 'promise(O)', 'that(O)', 'a(O)', 'future(O)', 'Labour(B-Organization)', 'government(O)', 'will(O)', 'remove(O)', 'VAT(O)', '.(O)']",He(O) reiterates(O) promise(O) that(O) a(O) future(O) Labour(B-Organization) government(O) will(O) remove(O) VAT(O) .(O),"Input: He reiterates promise that a future Labour government will remove VAT .
Output: He(O) reiterates(O) promise(O) that(O) a(O) future(O) Labour(B-Organization) government(O) will(O) remove(O) VAT(O) .(O)"
7826,['OCASEK' 'GOVERNMENT' 'OFFICE' 'BUILDING'],"['O', 'O', 'O', 'O']",OCASEK GOVERNMENT OFFICE BUILDING,"['OCASEK(O)', 'GOVERNMENT(O)', 'OFFICE(O)', 'BUILDING(O)']",OCASEK(O) GOVERNMENT(O) OFFICE(O) BUILDING(O),"Input: OCASEK GOVERNMENT OFFICE BUILDING
Output: OCASEK(O) GOVERNMENT(O) OFFICE(O) BUILDING(O)"
125,"['Up' 'to' 'today' ',' 'we' 'have' 'no' 'knowledge' 'of' 'any' 'nurse'
 'stranded' 'or' 'kept' 'in' 'Libya' 'without' 'her' 'will' ',' 'and' 'we'
 'have' 'not' 'received' 'any' 'complaint' ',' '""' 'the' 'Polish'
 'embassy' ""'s"" 'charge' ""d'affaires"" 'in' 'Tripoli' ',' 'Tadeusz'
 'Awdankiewicz' ',' 'told' 'Reuters' 'by' 'telephone' '.']","['O', 'O', 'O', 'O', 'O', 'O', 'O', 'O', 'O', 'O', 'O', 'O', 'O', 'O', 'O', 'B-Location', 'O', 'O', 'O', 'O', 'O', 'O', 'O', 'O', 'O', 'O', 'O', 'O', 'O', 'O', 'B-Miscellaneous', 'O', 'O', 'O', 'O', 'O', 'B-Location', 'O', 'B-Person', 'I-Person', 'O', 'O', 'B-Organization', 'O', 'O', 'O']","Up to today , we have no knowledge of any nurse stranded or kept in Libya without her will , and we have not received any complaint , "" the Polish embassy 's charge d'affaires in Tripoli , Tadeusz Awdankiewicz , told Reuters by telephone .","['Up(O)', 'to(O)', 'today(O)', ',(O)', 'we(O)', 'have(O)', 'no(O)', 'knowledge(O)', 'of(O)', 'any(O)', 'nurse(O)', 'stranded(O)', 'or(O)', 'kept(O)', 'in(O)', 'Libya(B-Location)', 'without(O)', 'her(O)', 'will(O)', ',(O)', 'and(O)', 'we(O)', 'have(O)', 'not(O)', 'received(O)', 'any(O)', 'complaint(O)', ',(O)', '""(O)', 'the(O)', 'Polish(B-Miscellaneous)', 'embassy(O)', ""'s(O)"", 'charge(O)', ""d'affaires(O)"", 'in(O)', 'Tripoli(B-Location)', ',(O)', 'Tadeusz(B-Person)', 'Awdankiewicz(I-Person)', ',(O)', 'told(O)', 'Reuters(B-Organization)', 'by(O)', 'telephone(O)', '.(O)']","Up(O) to(O) today(O) ,(O) we(O) have(O) no(O) knowledge(O) of(O) any(O) nurse(O) stranded(O) or(O) kept(O) in(O) Libya(B-Location) without(O) her(O) will(O) ,(O) and(O) we(O) have(O) not(O) received(O) any(O) complaint(O) ,(O) ""(O) the(O) Polish(B-Miscellaneous) embassy(O) 's(O) charge(O) d'affaires(O) in(O) Tripoli(B-Location) ,(O) Tadeusz(B-Person) Awdankiewicz(I-Person) ,(O) told(O) Reuters(B-Organization) by(O) telephone(O) .(O)","Input: Up to today , we have no knowledge of any nurse stranded or kept in Libya without her will , and we have not received any complaint , "" the Polish embassy 's charge d'affaires in Tripoli , Tadeusz Awdankiewicz , told Reuters by telephone .
Output: Up(O) to(O) today(O) ,(O) we(O) have(O) no(O) knowledge(O) of(O) any(O) nurse(O) stranded(O) or(O) kept(O) in(O) Libya(B-Location) without(O) her(O) will(O) ,(O) and(O) we(O) have(O) not(O) received(O) any(O) complaint(O) ,(O) ""(O) the(O) Polish(B-Miscellaneous) embassy(O) 's(O) charge(O) d'affaires(O) in(O) Tripoli(B-Location) ,(O) Tadeusz(B-Person) Awdankiewicz(I-Person) ,(O) told(O) Reuters(B-Organization) by(O) telephone(O) .(O)"
4124,"['""' 'For' 'the' 'first' 'period' 'we' 'were' 'held' 'in' 'a' 'small'
 'room' 'with' 'no' 'bed' 'or' 'anything' '.']","['O', 'O', 'O', 'O', 'O', 'O', 'O', 'O', 'O', 'O', 'O', 'O', 'O', 'O', 'O', 'O', 'O', 'O']",""" For the first period we were held in a small room with no bed or anything .","['""(O)', 'For(O)', 'the(O)', 'first(O)', 'period(O)', 'we(O)', 'were(O)', 'held(O)', 'in(O)', 'a(O)', 'small(O)', 'room(O)', 'with(O)', 'no(O)', 'bed(O)', 'or(O)', 'anything(O)', '.(O)']","""(O) For(O) the(O) first(O) period(O) we(O) were(O) held(O) in(O) a(O) small(O) room(O) with(O) no(O) bed(O) or(O) anything(O) .(O)","Input: "" For the first period we were held in a small room with no bed or anything .
Output: ""(O) For(O) the(O) first(O) period(O) we(O) were(O) held(O) in(O) a(O) small(O) room(O) with(O) no(O) bed(O) or(O) anything(O) .(O)"
10667,['AMSTERDAM' '1996-08-28'],"['B-Location', 'O']",AMSTERDAM 1996-08-28,"['AMSTERDAM(B-Location)', '1996-08-28(O)']",AMSTERDAM(B-Location) 1996-08-28(O),"Input: AMSTERDAM 1996-08-28
Output: AMSTERDAM(B-Location) 1996-08-28(O)"
1800,"['Paris' 'CAC-40' 'General' 'index' '--' '2,355.93' '(' 'Feb' '2/94' ')']","['B-Location', 'B-Miscellaneous', 'I-Miscellaneous', 'O', 'O', 'O', 'O', 'O', 'O', 'O']","Paris CAC-40 General index -- 2,355.93 ( Feb 2/94 )","['Paris(B-Location)', 'CAC-40(B-Miscellaneous)', 'General(I-Miscellaneous)', 'index(O)', '--(O)', '2,355.93(O)', '((O)', 'Feb(O)', '2/94(O)', ')(O)']","Paris(B-Location) CAC-40(B-Miscellaneous) General(I-Miscellaneous) index(O) --(O) 2,355.93(O) ((O) Feb(O) 2/94(O) )(O)","Input: Paris CAC-40 General index -- 2,355.93 ( Feb 2/94 )
Output: Paris(B-Location) CAC-40(B-Miscellaneous) General(I-Miscellaneous) index(O) --(O) 2,355.93(O) ((O) Feb(O) 2/94(O) )(O)"
3649,['Results' 'of' 'English' 'league' 'soccer'],"['O', 'O', 'B-Miscellaneous', 'O', 'O']",Results of English league soccer,"['Results(O)', 'of(O)', 'English(B-Miscellaneous)', 'league(O)', 'soccer(O)']",Results(O) of(O) English(B-Miscellaneous) league(O) soccer(O),"Input: Results of English league soccer
Output: Results(O) of(O) English(B-Miscellaneous) league(O) soccer(O)"
728,['Qualifier' 'vs.' 'Chuck' 'Adams' '(' 'U.S.' ')'],"['O', 'O', 'B-Person', 'I-Person', 'O', 'B-Location', 'O']",Qualifier vs. Chuck Adams ( U.S. ),"['Qualifier(O)', 'vs.(O)', 'Chuck(B-Person)', 'Adams(I-Person)', '((O)', 'U.S.(B-Location)', ')(O)']",Qualifier(O) vs.(O) Chuck(B-Person) Adams(I-Person) ((O) U.S.(B-Location) )(O),"Input: Qualifier vs. Chuck Adams ( U.S. )
Output: Qualifier(O) vs.(O) Chuck(B-Person) Adams(I-Person) ((O) U.S.(B-Location) )(O)"
4322,['Laurence' 'McQuillan'],"['B-Person', 'I-Person']",Laurence McQuillan,"['Laurence(B-Person)', 'McQuillan(I-Person)']",Laurence(B-Person) McQuillan(I-Person),"Input: Laurence McQuillan
Output: Laurence(B-Person) McQuillan(I-Person)"
4567,['4.' 'Jacky' 'Martens' '(' 'Belgium' ')' 'Husqvarna'],"['O', 'B-Person', 'I-Person', 'O', 'B-Location', 'O', 'B-Organization']",4. Jacky Martens ( Belgium ) Husqvarna,"['4.(O)', 'Jacky(B-Person)', 'Martens(I-Person)', '((O)', 'Belgium(B-Location)', ')(O)', 'Husqvarna(B-Organization)']",4.(O) Jacky(B-Person) Martens(I-Person) ((O) Belgium(B-Location) )(O) Husqvarna(B-Organization),"Input: 4. Jacky Martens ( Belgium ) Husqvarna
Output: 4.(O) Jacky(B-Person) Martens(I-Person) ((O) Belgium(B-Location) )(O) Husqvarna(B-Organization)"
2755,"['Hungary' ""'s"" 'gross' 'foreign' 'debt' 'rose' 'to' '$' '27.53' 'billion'
 'in' 'June' 'from' '$' '27.25' 'billion' 'in' 'May' ',' 'the']","['B-Location', 'O', 'O', 'O', 'O', 'O', 'O', 'O', 'O', 'O', 'O', 'O', 'O', 'O', 'O', 'O', 'O', 'O', 'O', 'O']","Hungary 's gross foreign debt rose to $ 27.53 billion in June from $ 27.25 billion in May , the","['Hungary(B-Location)', ""'s(O)"", 'gross(O)', 'foreign(O)', 'debt(O)', 'rose(O)', 'to(O)', '$(O)', '27.53(O)', 'billion(O)', 'in(O)', 'June(O)', 'from(O)', '$(O)', '27.25(O)', 'billion(O)', 'in(O)', 'May(O)', ',(O)', 'the(O)']","Hungary(B-Location) 's(O) gross(O) foreign(O) debt(O) rose(O) to(O) $(O) 27.53(O) billion(O) in(O) June(O) from(O) $(O) 27.25(O) billion(O) in(O) May(O) ,(O) the(O)","Input: Hungary 's gross foreign debt rose to $ 27.53 billion in June from $ 27.25 billion in May , the
Output: Hungary(B-Location) 's(O) gross(O) foreign(O) debt(O) rose(O) to(O) $(O) 27.53(O) billion(O) in(O) June(O) from(O) $(O) 27.25(O) billion(O) in(O) May(O) ,(O) the(O)"
9324,"['Tuesday' ""'s"" 'poll' 'involved' '1,002' 'registered' 'voters' 'and'
 'had' 'a' 'margin' 'of' 'error' 'of' '3.5' 'percentage' 'points' '.']","['O', 'O', 'O', 'O', 'O', 'O', 'O', 'O', 'O', 'O', 'O', 'O', 'O', 'O', 'O', 'O', 'O', 'O']","Tuesday 's poll involved 1,002 registered voters and had a margin of error of 3.5 percentage points .","['Tuesday(O)', ""'s(O)"", 'poll(O)', 'involved(O)', '1,002(O)', 'registered(O)', 'voters(O)', 'and(O)', 'had(O)', 'a(O)', 'margin(O)', 'of(O)', 'error(O)', 'of(O)', '3.5(O)', 'percentage(O)', 'points(O)', '.(O)']","Tuesday(O) 's(O) poll(O) involved(O) 1,002(O) registered(O) voters(O) and(O) had(O) a(O) margin(O) of(O) error(O) of(O) 3.5(O) percentage(O) points(O) .(O)","Input: Tuesday 's poll involved 1,002 registered voters and had a margin of error of 3.5 percentage points .
Output: Tuesday(O) 's(O) poll(O) involved(O) 1,002(O) registered(O) voters(O) and(O) had(O) a(O) margin(O) of(O) error(O) of(O) 3.5(O) percentage(O) points(O) .(O)"
8998,"['His' 'only' 'political' 'role' 'is' 'to' 'smoothe' 'the' 'functioning'
 'of' 'government' 'in' 'periods' 'of' 'crisis' '.']","['O', 'O', 'O', 'O', 'O', 'O', 'O', 'O', 'O', 'O', 'O', 'O', 'O', 'O', 'O', 'O']",His only political role is to smoothe the functioning of government in periods of crisis .,"['His(O)', 'only(O)', 'political(O)', 'role(O)', 'is(O)', 'to(O)', 'smoothe(O)', 'the(O)', 'functioning(O)', 'of(O)', 'government(O)', 'in(O)', 'periods(O)', 'of(O)', 'crisis(O)', '.(O)']",His(O) only(O) political(O) role(O) is(O) to(O) smoothe(O) the(O) functioning(O) of(O) government(O) in(O) periods(O) of(O) crisis(O) .(O),"Input: His only political role is to smoothe the functioning of government in periods of crisis .
Output: His(O) only(O) political(O) role(O) is(O) to(O) smoothe(O) the(O) functioning(O) of(O) government(O) in(O) periods(O) of(O) crisis(O) .(O)"
13406,"['In' 'the' 'second' 'half' 'of' 'September' 'and' 'October' 'we' 'see'
 'the' 'premium' 'coming' 'off' 'to' '70-75' 'cents' '.' '""']","['O', 'O', 'O', 'O', 'O', 'O', 'O', 'O', 'O', 'O', 'O', 'O', 'O', 'O', 'O', 'O', 'O', 'O', 'O']","In the second half of September and October we see the premium coming off to 70-75 cents . ""","['In(O)', 'the(O)', 'second(O)', 'half(O)', 'of(O)', 'September(O)', 'and(O)', 'October(O)', 'we(O)', 'see(O)', 'the(O)', 'premium(O)', 'coming(O)', 'off(O)', 'to(O)', '70-75(O)', 'cents(O)', '.(O)', '""(O)']","In(O) the(O) second(O) half(O) of(O) September(O) and(O) October(O) we(O) see(O) the(O) premium(O) coming(O) off(O) to(O) 70-75(O) cents(O) .(O) ""(O)","Input: In the second half of September and October we see the premium coming off to 70-75 cents . ""
Output: In(O) the(O) second(O) half(O) of(O) September(O) and(O) October(O) we(O) see(O) the(O) premium(O) coming(O) off(O) to(O) 70-75(O) cents(O) .(O) ""(O)"
5749,['Vitesse' 'Arnhem' '1' 'Utrecht' '0'],"['B-Organization', 'I-Organization', 'O', 'B-Organization', 'O']",Vitesse Arnhem 1 Utrecht 0,"['Vitesse(B-Organization)', 'Arnhem(I-Organization)', '1(O)', 'Utrecht(B-Organization)', '0(O)']",Vitesse(B-Organization) Arnhem(I-Organization) 1(O) Utrecht(B-Organization) 0(O),"Input: Vitesse Arnhem 1 Utrecht 0
Output: Vitesse(B-Organization) Arnhem(I-Organization) 1(O) Utrecht(B-Organization) 0(O)"
12162,"['In' 'addition' 'another' '$' '12' 'million' 'was' 'anticipated' 'to'
 'cover' 'other' 'expenses' ',' 'such' 'as' 'oil' 'experts' 'and'
 'administrative' 'costs' '.']","['O', 'O', 'O', 'O', 'O', 'O', 'O', 'O', 'O', 'O', 'O', 'O', 'O', 'O', 'O', 'O', 'O', 'O', 'O', 'O', 'O']","In addition another $ 12 million was anticipated to cover other expenses , such as oil experts and administrative costs .","['In(O)', 'addition(O)', 'another(O)', '$(O)', '12(O)', 'million(O)', 'was(O)', 'anticipated(O)', 'to(O)', 'cover(O)', 'other(O)', 'expenses(O)', ',(O)', 'such(O)', 'as(O)', 'oil(O)', 'experts(O)', 'and(O)', 'administrative(O)', 'costs(O)', '.(O)']","In(O) addition(O) another(O) $(O) 12(O) million(O) was(O) anticipated(O) to(O) cover(O) other(O) expenses(O) ,(O) such(O) as(O) oil(O) experts(O) and(O) administrative(O) costs(O) .(O)","Input: In addition another $ 12 million was anticipated to cover other expenses , such as oil experts and administrative costs .
Output: In(O) addition(O) another(O) $(O) 12(O) million(O) was(O) anticipated(O) to(O) cover(O) other(O) expenses(O) ,(O) such(O) as(O) oil(O) experts(O) and(O) administrative(O) costs(O) .(O)"
2772,"['Rebel' 'fighters' 'and' 'Russian' 'soldiers' 'said' 'a' 'ceasefire'
 'effective' 'at' 'noon' '(' '0800' 'GMT' ')' 'on' 'Friday' 'was' 'being'
 'generally' 'observed' ',' 'although' 'scattered' 'gunfire' 'echoed'
 'through' 'the' 'Chechen' 'capital' 'Grozny' '.']","['O', 'O', 'O', 'B-Miscellaneous', 'O', 'O', 'O', 'O', 'O', 'O', 'O', 'O', 'O', 'B-Miscellaneous', 'O', 'O', 'O', 'O', 'O', 'O', 'O', 'O', 'O', 'O', 'O', 'O', 'O', 'O', 'B-Miscellaneous', 'O', 'B-Location', 'O']","Rebel fighters and Russian soldiers said a ceasefire effective at noon ( 0800 GMT ) on Friday was being generally observed , although scattered gunfire echoed through the Chechen capital Grozny .","['Rebel(O)', 'fighters(O)', 'and(O)', 'Russian(B-Miscellaneous)', 'soldiers(O)', 'said(O)', 'a(O)', 'ceasefire(O)', 'effective(O)', 'at(O)', 'noon(O)', '((O)', '0800(O)', 'GMT(B-Miscellaneous)', ')(O)', 'on(O)', 'Friday(O)', 'was(O)', 'being(O)', 'generally(O)', 'observed(O)', ',(O)', 'although(O)', 'scattered(O)', 'gunfire(O)', 'echoed(O)', 'through(O)', 'the(O)', 'Chechen(B-Miscellaneous)', 'capital(O)', 'Grozny(B-Location)', '.(O)']","Rebel(O) fighters(O) and(O) Russian(B-Miscellaneous) soldiers(O) said(O) a(O) ceasefire(O) effective(O) at(O) noon(O) ((O) 0800(O) GMT(B-Miscellaneous) )(O) on(O) Friday(O) was(O) being(O) generally(O) observed(O) ,(O) although(O) scattered(O) gunfire(O) echoed(O) through(O) the(O) Chechen(B-Miscellaneous) capital(O) Grozny(B-Location) .(O)","Input: Rebel fighters and Russian soldiers said a ceasefire effective at noon ( 0800 GMT ) on Friday was being generally observed , although scattered gunfire echoed through the Chechen capital Grozny .
Output: Rebel(O) fighters(O) and(O) Russian(B-Miscellaneous) soldiers(O) said(O) a(O) ceasefire(O) effective(O) at(O) noon(O) ((O) 0800(O) GMT(B-Miscellaneous) )(O) on(O) Friday(O) was(O) being(O) generally(O) observed(O) ,(O) although(O) scattered(O) gunfire(O) echoed(O) through(O) the(O) Chechen(B-Miscellaneous) capital(O) Grozny(B-Location) .(O)"
4527,['TENNIS' '-' 'RESULTS' 'AT' 'HAMLET' 'CUP' '.'],"['O', 'O', 'O', 'O', 'B-Miscellaneous', 'I-Miscellaneous', 'O']",TENNIS - RESULTS AT HAMLET CUP .,"['TENNIS(O)', '-(O)', 'RESULTS(O)', 'AT(O)', 'HAMLET(B-Miscellaneous)', 'CUP(I-Miscellaneous)', '.(O)']",TENNIS(O) -(O) RESULTS(O) AT(O) HAMLET(B-Miscellaneous) CUP(I-Miscellaneous) .(O),"Input: TENNIS - RESULTS AT HAMLET CUP .
Output: TENNIS(O) -(O) RESULTS(O) AT(O) HAMLET(B-Miscellaneous) CUP(I-Miscellaneous) .(O)"
6804,['Racing' 'Club' '0' 'Rosario' 'Central' '2'],"['B-Organization', 'I-Organization', 'O', 'B-Organization', 'I-Organization', 'O']",Racing Club 0 Rosario Central 2,"['Racing(B-Organization)', 'Club(I-Organization)', '0(O)', 'Rosario(B-Organization)', 'Central(I-Organization)', '2(O)']",Racing(B-Organization) Club(I-Organization) 0(O) Rosario(B-Organization) Central(I-Organization) 2(O),"Input: Racing Club 0 Rosario Central 2
Output: Racing(B-Organization) Club(I-Organization) 0(O) Rosario(B-Organization) Central(I-Organization) 2(O)"
7552,"['The' 'factions' 'reached' 'a' 'ceasefire' 'on' 'Friday' 'after' 'a'
 'week' 'of' 'fierce' 'fighting' 'which' 'had' 'put' 'an' 'end' 'to' 'a'
 'truce' 'agreed' 'a' 'year' 'earlier' '.']","['O', 'O', 'O', 'O', 'O', 'O', 'O', 'O', 'O', 'O', 'O', 'O', 'O', 'O', 'O', 'O', 'O', 'O', 'O', 'O', 'O', 'O', 'O', 'O', 'O', 'O']",The factions reached a ceasefire on Friday after a week of fierce fighting which had put an end to a truce agreed a year earlier .,"['The(O)', 'factions(O)', 'reached(O)', 'a(O)', 'ceasefire(O)', 'on(O)', 'Friday(O)', 'after(O)', 'a(O)', 'week(O)', 'of(O)', 'fierce(O)', 'fighting(O)', 'which(O)', 'had(O)', 'put(O)', 'an(O)', 'end(O)', 'to(O)', 'a(O)', 'truce(O)', 'agreed(O)', 'a(O)', 'year(O)', 'earlier(O)', '.(O)']",The(O) factions(O) reached(O) a(O) ceasefire(O) on(O) Friday(O) after(O) a(O) week(O) of(O) fierce(O) fighting(O) which(O) had(O) put(O) an(O) end(O) to(O) a(O) truce(O) agreed(O) a(O) year(O) earlier(O) .(O),"Input: The factions reached a ceasefire on Friday after a week of fierce fighting which had put an end to a truce agreed a year earlier .
Output: The(O) factions(O) reached(O) a(O) ceasefire(O) on(O) Friday(O) after(O) a(O) week(O) of(O) fierce(O) fighting(O) which(O) had(O) put(O) an(O) end(O) to(O) a(O) truce(O) agreed(O) a(O) year(O) earlier(O) .(O)"
12703,['Nice' 'are' '18th' 'in' 'the' 'table' '.'],"['B-Organization', 'O', 'O', 'O', 'O', 'O', 'O']",Nice are 18th in the table .,"['Nice(B-Organization)', 'are(O)', '18th(O)', 'in(O)', 'the(O)', 'table(O)', '.(O)']",Nice(B-Organization) are(O) 18th(O) in(O) the(O) table(O) .(O),"Input: Nice are 18th in the table .
Output: Nice(B-Organization) are(O) 18th(O) in(O) the(O) table(O) .(O)"
4547,"['JYVASKLYA' ',' 'Finland' '1996-08-25']","['B-Location', 'O', 'B-Location', 'O']","JYVASKLYA , Finland 1996-08-25","['JYVASKLYA(B-Location)', ',(O)', 'Finland(B-Location)', '1996-08-25(O)']","JYVASKLYA(B-Location) ,(O) Finland(B-Location) 1996-08-25(O)","Input: JYVASKLYA , Finland 1996-08-25
Output: JYVASKLYA(B-Location) ,(O) Finland(B-Location) 1996-08-25(O)"
4412,"['Dutch' 'police' 'are' 'also' 'holding' 'a' '74-year' 'old' 'Dutchman'
 'in' 'connection' 'with' 'the' 'disappearance' 'of' 'An' 'and' 'Eefje'
 ',' 'although' 'a' 'spokesman' 'said' 'no' 'direct' 'link' 'had' 'yet'
 'been' 'established' '.']","['B-Miscellaneous', 'O', 'O', 'O', 'O', 'O', 'O', 'O', 'B-Miscellaneous', 'O', 'O', 'O', 'O', 'O', 'O', 'B-Person', 'O', 'B-Person', 'O', 'O', 'O', 'O', 'O', 'O', 'O', 'O', 'O', 'O', 'O', 'O', 'O']","Dutch police are also holding a 74-year old Dutchman in connection with the disappearance of An and Eefje , although a spokesman said no direct link had yet been established .","['Dutch(B-Miscellaneous)', 'police(O)', 'are(O)', 'also(O)', 'holding(O)', 'a(O)', '74-year(O)', 'old(O)', 'Dutchman(B-Miscellaneous)', 'in(O)', 'connection(O)', 'with(O)', 'the(O)', 'disappearance(O)', 'of(O)', 'An(B-Person)', 'and(O)', 'Eefje(B-Person)', ',(O)', 'although(O)', 'a(O)', 'spokesman(O)', 'said(O)', 'no(O)', 'direct(O)', 'link(O)', 'had(O)', 'yet(O)', 'been(O)', 'established(O)', '.(O)']","Dutch(B-Miscellaneous) police(O) are(O) also(O) holding(O) a(O) 74-year(O) old(O) Dutchman(B-Miscellaneous) in(O) connection(O) with(O) the(O) disappearance(O) of(O) An(B-Person) and(O) Eefje(B-Person) ,(O) although(O) a(O) spokesman(O) said(O) no(O) direct(O) link(O) had(O) yet(O) been(O) established(O) .(O)","Input: Dutch police are also holding a 74-year old Dutchman in connection with the disappearance of An and Eefje , although a spokesman said no direct link had yet been established .
Output: Dutch(B-Miscellaneous) police(O) are(O) also(O) holding(O) a(O) 74-year(O) old(O) Dutchman(B-Miscellaneous) in(O) connection(O) with(O) the(O) disappearance(O) of(O) An(B-Person) and(O) Eefje(B-Person) ,(O) although(O) a(O) spokesman(O) said(O) no(O) direct(O) link(O) had(O) yet(O) been(O) established(O) .(O)"
4533,"['5' '-' 'Andrei' 'Medvedev' '(' 'Ukraine' ')' 'beat' 'Martin' 'Damm' '('
 'Czech']","['O', 'O', 'B-Person', 'I-Person', 'O', 'B-Location', 'O', 'O', 'B-Person', 'I-Person', 'O', 'B-Location']",5 - Andrei Medvedev ( Ukraine ) beat Martin Damm ( Czech,"['5(O)', '-(O)', 'Andrei(B-Person)', 'Medvedev(I-Person)', '((O)', 'Ukraine(B-Location)', ')(O)', 'beat(O)', 'Martin(B-Person)', 'Damm(I-Person)', '((O)', 'Czech(B-Location)']",5(O) -(O) Andrei(B-Person) Medvedev(I-Person) ((O) Ukraine(B-Location) )(O) beat(O) Martin(B-Person) Damm(I-Person) ((O) Czech(B-Location),"Input: 5 - Andrei Medvedev ( Ukraine ) beat Martin Damm ( Czech
Output: 5(O) -(O) Andrei(B-Person) Medvedev(I-Person) ((O) Ukraine(B-Location) )(O) beat(O) Martin(B-Person) Damm(I-Person) ((O) Czech(B-Location)"
7045,"['Women' ""'s"" 'singles']","['O', 'O', 'O']",Women 's singles,"['Women(O)', ""'s(O)"", 'singles(O)']",Women(O) 's(O) singles(O),"Input: Women 's singles
Output: Women(O) 's(O) singles(O)"
7536,"['He' 'had' 'earlier' 'visited' 'Japan' ',' 'South' 'Korea' 'and' 'China'
 '.']","['O', 'O', 'O', 'O', 'B-Location', 'O', 'B-Location', 'I-Location', 'O', 'B-Location', 'O']","He had earlier visited Japan , South Korea and China .","['He(O)', 'had(O)', 'earlier(O)', 'visited(O)', 'Japan(B-Location)', ',(O)', 'South(B-Location)', 'Korea(I-Location)', 'and(O)', 'China(B-Location)', '.(O)']","He(O) had(O) earlier(O) visited(O) Japan(B-Location) ,(O) South(B-Location) Korea(I-Location) and(O) China(B-Location) .(O)","Input: He had earlier visited Japan , South Korea and China .
Output: He(O) had(O) earlier(O) visited(O) Japan(B-Location) ,(O) South(B-Location) Korea(I-Location) and(O) China(B-Location) .(O)"
12032,"['The' 'presence' 'of' 'Takemura' ',' 'whose' 'role' 'as' 'finance'
 'minister' 'in' 'passing' 'an' 'unpopular' 'plan' 'to' 'use' 'taxpayer'
 'funds' 'to' 'wind' 'up' 'failed' 'housing' 'loan' 'firms' 'ruined' 'his'
 'reputation' 'as' 'a' 'reformer' ',' 'has' 'stalled' 'Hatoyama' ""'s""
 'efforts' 'to' 'attract' 'to' 'his' 'new' 'group' 'defectors' 'from'
 'the' 'opposition' 'camp' ',' 'analysts' 'said' '.']","['O', 'O', 'O', 'B-Person', 'O', 'O', 'O', 'O', 'O', 'O', 'O', 'O', 'O', 'O', 'O', 'O', 'O', 'O', 'O', 'O', 'O', 'O', 'O', 'O', 'O', 'O', 'O', 'O', 'O', 'O', 'O', 'O', 'O', 'O', 'O', 'B-Person', 'O', 'O', 'O', 'O', 'O', 'O', 'O', 'O', 'O', 'O', 'O', 'O', 'O', 'O', 'O', 'O', 'O']","The presence of Takemura , whose role as finance minister in passing an unpopular plan to use taxpayer funds to wind up failed housing loan firms ruined his reputation as a reformer , has stalled Hatoyama 's efforts to attract to his new group defectors from the opposition camp , analysts said .","['The(O)', 'presence(O)', 'of(O)', 'Takemura(B-Person)', ',(O)', 'whose(O)', 'role(O)', 'as(O)', 'finance(O)', 'minister(O)', 'in(O)', 'passing(O)', 'an(O)', 'unpopular(O)', 'plan(O)', 'to(O)', 'use(O)', 'taxpayer(O)', 'funds(O)', 'to(O)', 'wind(O)', 'up(O)', 'failed(O)', 'housing(O)', 'loan(O)', 'firms(O)', 'ruined(O)', 'his(O)', 'reputation(O)', 'as(O)', 'a(O)', 'reformer(O)', ',(O)', 'has(O)', 'stalled(O)', 'Hatoyama(B-Person)', ""'s(O)"", 'efforts(O)', 'to(O)', 'attract(O)', 'to(O)', 'his(O)', 'new(O)', 'group(O)', 'defectors(O)', 'from(O)', 'the(O)', 'opposition(O)', 'camp(O)', ',(O)', 'analysts(O)', 'said(O)', '.(O)']","The(O) presence(O) of(O) Takemura(B-Person) ,(O) whose(O) role(O) as(O) finance(O) minister(O) in(O) passing(O) an(O) unpopular(O) plan(O) to(O) use(O) taxpayer(O) funds(O) to(O) wind(O) up(O) failed(O) housing(O) loan(O) firms(O) ruined(O) his(O) reputation(O) as(O) a(O) reformer(O) ,(O) has(O) stalled(O) Hatoyama(B-Person) 's(O) efforts(O) to(O) attract(O) to(O) his(O) new(O) group(O) defectors(O) from(O) the(O) opposition(O) camp(O) ,(O) analysts(O) said(O) .(O)","Input: The presence of Takemura , whose role as finance minister in passing an unpopular plan to use taxpayer funds to wind up failed housing loan firms ruined his reputation as a reformer , has stalled Hatoyama 's efforts to attract to his new group defectors from the opposition camp , analysts said .
Output: The(O) presence(O) of(O) Takemura(B-Person) ,(O) whose(O) role(O) as(O) finance(O) minister(O) in(O) passing(O) an(O) unpopular(O) plan(O) to(O) use(O) taxpayer(O) funds(O) to(O) wind(O) up(O) failed(O) housing(O) loan(O) firms(O) ruined(O) his(O) reputation(O) as(O) a(O) reformer(O) ,(O) has(O) stalled(O) Hatoyama(B-Person) 's(O) efforts(O) to(O) attract(O) to(O) his(O) new(O) group(O) defectors(O) from(O) the(O) opposition(O) camp(O) ,(O) analysts(O) said(O) .(O)"
6681,['SOCCER' '-' 'HUNGARY' 'FIRST' 'DIVISION' 'RESULTS' '/' 'STANDINGS' '.'],"['O', 'O', 'B-Location', 'O', 'O', 'O', 'O', 'O', 'O']",SOCCER - HUNGARY FIRST DIVISION RESULTS / STANDINGS .,"['SOCCER(O)', '-(O)', 'HUNGARY(B-Location)', 'FIRST(O)', 'DIVISION(O)', 'RESULTS(O)', '/(O)', 'STANDINGS(O)', '.(O)']",SOCCER(O) -(O) HUNGARY(B-Location) FIRST(O) DIVISION(O) RESULTS(O) /(O) STANDINGS(O) .(O),"Input: SOCCER - HUNGARY FIRST DIVISION RESULTS / STANDINGS .
Output: SOCCER(O) -(O) HUNGARY(B-Location) FIRST(O) DIVISION(O) RESULTS(O) /(O) STANDINGS(O) .(O)"
2248,['Masterkova' 'clearly' 'enjoyed' 'it' '.'],"['B-Person', 'O', 'O', 'O', 'O']",Masterkova clearly enjoyed it .,"['Masterkova(B-Person)', 'clearly(O)', 'enjoyed(O)', 'it(O)', '.(O)']",Masterkova(B-Person) clearly(O) enjoyed(O) it(O) .(O),"Input: Masterkova clearly enjoyed it .
Output: Masterkova(B-Person) clearly(O) enjoyed(O) it(O) .(O)"
10862,"['Muthiah' 'Muralitharan' ',' 'Ravindra' 'Pushpakumara']","['B-Person', 'I-Person', 'O', 'B-Person', 'I-Person']","Muthiah Muralitharan , Ravindra Pushpakumara","['Muthiah(B-Person)', 'Muralitharan(I-Person)', ',(O)', 'Ravindra(B-Person)', 'Pushpakumara(I-Person)']","Muthiah(B-Person) Muralitharan(I-Person) ,(O) Ravindra(B-Person) Pushpakumara(I-Person)","Input: Muthiah Muralitharan , Ravindra Pushpakumara
Output: Muthiah(B-Person) Muralitharan(I-Person) ,(O) Ravindra(B-Person) Pushpakumara(I-Person)"
10359,"['""' 'The' 'whole' 'day' 'I' ""'m"" 'thinking' 'abnout' 'tennis' '.']","['O', 'O', 'O', 'O', 'O', 'O', 'O', 'O', 'O', 'O']",""" The whole day I 'm thinking abnout tennis .","['""(O)', 'The(O)', 'whole(O)', 'day(O)', 'I(O)', ""'m(O)"", 'thinking(O)', 'abnout(O)', 'tennis(O)', '.(O)']","""(O) The(O) whole(O) day(O) I(O) 'm(O) thinking(O) abnout(O) tennis(O) .(O)","Input: "" The whole day I 'm thinking abnout tennis .
Output: ""(O) The(O) whole(O) day(O) I(O) 'm(O) thinking(O) abnout(O) tennis(O) .(O)"
2593,['THU' 'JD' 'Group' 'YR' 'DIV' '41.8' '41.0-42.5' '33.0'],"['O', 'B-Organization', 'I-Organization', 'O', 'O', 'O', 'O', 'O']",THU JD Group YR DIV 41.8 41.0-42.5 33.0,"['THU(O)', 'JD(B-Organization)', 'Group(I-Organization)', 'YR(O)', 'DIV(O)', '41.8(O)', '41.0-42.5(O)', '33.0(O)']",THU(O) JD(B-Organization) Group(I-Organization) YR(O) DIV(O) 41.8(O) 41.0-42.5(O) 33.0(O),"Input: THU JD Group YR DIV 41.8 41.0-42.5 33.0
Output: THU(O) JD(B-Organization) Group(I-Organization) YR(O) DIV(O) 41.8(O) 41.0-42.5(O) 33.0(O)"
8195,['Birmingham' '2' '1' '1' '0' '5' '4' '4'],"['B-Organization', 'O', 'O', 'O', 'O', 'O', 'O', 'O']",Birmingham 2 1 1 0 5 4 4,"['Birmingham(B-Organization)', '2(O)', '1(O)', '1(O)', '0(O)', '5(O)', '4(O)', '4(O)']",Birmingham(B-Organization) 2(O) 1(O) 1(O) 0(O) 5(O) 4(O) 4(O),"Input: Birmingham 2 1 1 0 5 4 4
Output: Birmingham(B-Organization) 2(O) 1(O) 1(O) 0(O) 5(O) 4(O) 4(O)"
13646,"['The' 'men' 'could' 'face' 'charges' 'carrying' 'up' 'to' 'six' 'to' '10'
 'years' 'in' 'prison' ',' 'he' 'said' '.']","['O', 'O', 'O', 'O', 'O', 'O', 'O', 'O', 'O', 'O', 'O', 'O', 'O', 'O', 'O', 'O', 'O', 'O']","The men could face charges carrying up to six to 10 years in prison , he said .","['The(O)', 'men(O)', 'could(O)', 'face(O)', 'charges(O)', 'carrying(O)', 'up(O)', 'to(O)', 'six(O)', 'to(O)', '10(O)', 'years(O)', 'in(O)', 'prison(O)', ',(O)', 'he(O)', 'said(O)', '.(O)']","The(O) men(O) could(O) face(O) charges(O) carrying(O) up(O) to(O) six(O) to(O) 10(O) years(O) in(O) prison(O) ,(O) he(O) said(O) .(O)","Input: The men could face charges carrying up to six to 10 years in prison , he said .
Output: The(O) men(O) could(O) face(O) charges(O) carrying(O) up(O) to(O) six(O) to(O) 10(O) years(O) in(O) prison(O) ,(O) he(O) said(O) .(O)"
10854,['S.' 'Jayasuriya' 'not' 'out' '120'],"['B-Person', 'I-Person', 'O', 'O', 'O']",S. Jayasuriya not out 120,"['S.(B-Person)', 'Jayasuriya(I-Person)', 'not(O)', 'out(O)', '120(O)']",S.(B-Person) Jayasuriya(I-Person) not(O) out(O) 120(O),"Input: S. Jayasuriya not out 120
Output: S.(B-Person) Jayasuriya(I-Person) not(O) out(O) 120(O)"
446,['G.' 'Thorpe' 'lbw' 'b' 'Mohammad' 'Akram' '54'],"['B-Person', 'I-Person', 'O', 'O', 'B-Person', 'I-Person', 'O']",G. Thorpe lbw b Mohammad Akram 54,"['G.(B-Person)', 'Thorpe(I-Person)', 'lbw(O)', 'b(O)', 'Mohammad(B-Person)', 'Akram(I-Person)', '54(O)']",G.(B-Person) Thorpe(I-Person) lbw(O) b(O) Mohammad(B-Person) Akram(I-Person) 54(O),"Input: G. Thorpe lbw b Mohammad Akram 54
Output: G.(B-Person) Thorpe(I-Person) lbw(O) b(O) Mohammad(B-Person) Akram(I-Person) 54(O)"
8658,"['Auxerre' ',' 'who' 'start' 'their' 'European' 'Cup' 'campaign' 'next'
 'week' 'against' 'Ajax' 'Amsterdam' ',' 'dominated' 'the' 'match' 'but'
 'were' 'unable' 'to' 'score' '.']","['B-Organization', 'O', 'O', 'O', 'O', 'B-Miscellaneous', 'I-Miscellaneous', 'O', 'O', 'O', 'O', 'B-Organization', 'I-Organization', 'O', 'O', 'O', 'O', 'O', 'O', 'O', 'O', 'O', 'O']","Auxerre , who start their European Cup campaign next week against Ajax Amsterdam , dominated the match but were unable to score .","['Auxerre(B-Organization)', ',(O)', 'who(O)', 'start(O)', 'their(O)', 'European(B-Miscellaneous)', 'Cup(I-Miscellaneous)', 'campaign(O)', 'next(O)', 'week(O)', 'against(O)', 'Ajax(B-Organization)', 'Amsterdam(I-Organization)', ',(O)', 'dominated(O)', 'the(O)', 'match(O)', 'but(O)', 'were(O)', 'unable(O)', 'to(O)', 'score(O)', '.(O)']","Auxerre(B-Organization) ,(O) who(O) start(O) their(O) European(B-Miscellaneous) Cup(I-Miscellaneous) campaign(O) next(O) week(O) against(O) Ajax(B-Organization) Amsterdam(I-Organization) ,(O) dominated(O) the(O) match(O) but(O) were(O) unable(O) to(O) score(O) .(O)","Input: Auxerre , who start their European Cup campaign next week against Ajax Amsterdam , dominated the match but were unable to score .
Output: Auxerre(B-Organization) ,(O) who(O) start(O) their(O) European(B-Miscellaneous) Cup(I-Miscellaneous) campaign(O) next(O) week(O) against(O) Ajax(B-Organization) Amsterdam(I-Organization) ,(O) dominated(O) the(O) match(O) but(O) were(O) unable(O) to(O) score(O) .(O)"
13389,"['It' ""'s"" 'been' '99' 'cents' 'to' 'Korea' '.']","['O', 'O', 'O', 'O', 'O', 'O', 'B-Location', 'O']",It 's been 99 cents to Korea .,"['It(O)', ""'s(O)"", 'been(O)', '99(O)', 'cents(O)', 'to(O)', 'Korea(B-Location)', '.(O)']",It(O) 's(O) been(O) 99(O) cents(O) to(O) Korea(B-Location) .(O),"Input: It 's been 99 cents to Korea .
Output: It(O) 's(O) been(O) 99(O) cents(O) to(O) Korea(B-Location) .(O)"
11173,"['The' 'Russian' 'Trading' 'System' 'index' 'of' '21' 'issues' 'fell'
 '1.64' 'percent' 'to' '180.38' 'on' 'volume' 'of' '$' '4.38' 'million'
 '.']","['O', 'B-Miscellaneous', 'I-Miscellaneous', 'I-Miscellaneous', 'O', 'O', 'O', 'O', 'O', 'O', 'O', 'O', 'O', 'O', 'O', 'O', 'O', 'O', 'O', 'O']",The Russian Trading System index of 21 issues fell 1.64 percent to 180.38 on volume of $ 4.38 million .,"['The(O)', 'Russian(B-Miscellaneous)', 'Trading(I-Miscellaneous)', 'System(I-Miscellaneous)', 'index(O)', 'of(O)', '21(O)', 'issues(O)', 'fell(O)', '1.64(O)', 'percent(O)', 'to(O)', '180.38(O)', 'on(O)', 'volume(O)', 'of(O)', '$(O)', '4.38(O)', 'million(O)', '.(O)']",The(O) Russian(B-Miscellaneous) Trading(I-Miscellaneous) System(I-Miscellaneous) index(O) of(O) 21(O) issues(O) fell(O) 1.64(O) percent(O) to(O) 180.38(O) on(O) volume(O) of(O) $(O) 4.38(O) million(O) .(O),"Input: The Russian Trading System index of 21 issues fell 1.64 percent to 180.38 on volume of $ 4.38 million .
Output: The(O) Russian(B-Miscellaneous) Trading(I-Miscellaneous) System(I-Miscellaneous) index(O) of(O) 21(O) issues(O) fell(O) 1.64(O) percent(O) to(O) 180.38(O) on(O) volume(O) of(O) $(O) 4.38(O) million(O) .(O)"
1087,"['A' 'study' 'by' 'a' 'team' 'of' 'doctors' 'at' 'Oxford' 'University'
 'has' 'found' 'people' 'with' 'high' 'blood' 'cholesterol' 'do' 'not'
 'benefit' 'significantly' 'from' 'taking' 'garlic' 'tablets' '.']","['O', 'O', 'O', 'O', 'O', 'O', 'O', 'O', 'B-Organization', 'I-Organization', 'O', 'O', 'O', 'O', 'O', 'O', 'O', 'O', 'O', 'O', 'O', 'O', 'O', 'O', 'O', 'O']",A study by a team of doctors at Oxford University has found people with high blood cholesterol do not benefit significantly from taking garlic tablets .,"['A(O)', 'study(O)', 'by(O)', 'a(O)', 'team(O)', 'of(O)', 'doctors(O)', 'at(O)', 'Oxford(B-Organization)', 'University(I-Organization)', 'has(O)', 'found(O)', 'people(O)', 'with(O)', 'high(O)', 'blood(O)', 'cholesterol(O)', 'do(O)', 'not(O)', 'benefit(O)', 'significantly(O)', 'from(O)', 'taking(O)', 'garlic(O)', 'tablets(O)', '.(O)']",A(O) study(O) by(O) a(O) team(O) of(O) doctors(O) at(O) Oxford(B-Organization) University(I-Organization) has(O) found(O) people(O) with(O) high(O) blood(O) cholesterol(O) do(O) not(O) benefit(O) significantly(O) from(O) taking(O) garlic(O) tablets(O) .(O),"Input: A study by a team of doctors at Oxford University has found people with high blood cholesterol do not benefit significantly from taking garlic tablets .
Output: A(O) study(O) by(O) a(O) team(O) of(O) doctors(O) at(O) Oxford(B-Organization) University(I-Organization) has(O) found(O) people(O) with(O) high(O) blood(O) cholesterol(O) do(O) not(O) benefit(O) significantly(O) from(O) taking(O) garlic(O) tablets(O) .(O)"
3100,"['He' 'said' 'that' 'despite' 'the' 'new' 'law' ',' 'Wisconsin' 'will'
 'still' 'require' 'federal' 'waivers' 'allowing' 'the' 'working' 'poor'
 'to' 'acquire' 'health' 'care' 'coverage' 'from' 'the' 'state' ',' 'a'
 '60-day' 'residency' 'requirement' 'for' 'participation' 'in' 'the'
 'welfare' 'program' ',' 'and' 'child' 'support' 'collections' 'to' 'go'
 'directly' 'to' 'custodial' 'parents' '.']","['O', 'O', 'O', 'O', 'O', 'O', 'O', 'O', 'B-Location', 'O', 'O', 'O', 'O', 'O', 'O', 'O', 'O', 'O', 'O', 'O', 'O', 'O', 'O', 'O', 'O', 'O', 'O', 'O', 'O', 'O', 'O', 'O', 'O', 'O', 'O', 'O', 'O', 'O', 'O', 'O', 'O', 'O', 'O', 'O', 'O', 'O', 'O', 'O', 'O']","He said that despite the new law , Wisconsin will still require federal waivers allowing the working poor to acquire health care coverage from the state , a 60-day residency requirement for participation in the welfare program , and child support collections to go directly to custodial parents .","['He(O)', 'said(O)', 'that(O)', 'despite(O)', 'the(O)', 'new(O)', 'law(O)', ',(O)', 'Wisconsin(B-Location)', 'will(O)', 'still(O)', 'require(O)', 'federal(O)', 'waivers(O)', 'allowing(O)', 'the(O)', 'working(O)', 'poor(O)', 'to(O)', 'acquire(O)', 'health(O)', 'care(O)', 'coverage(O)', 'from(O)', 'the(O)', 'state(O)', ',(O)', 'a(O)', '60-day(O)', 'residency(O)', 'requirement(O)', 'for(O)', 'participation(O)', 'in(O)', 'the(O)', 'welfare(O)', 'program(O)', ',(O)', 'and(O)', 'child(O)', 'support(O)', 'collections(O)', 'to(O)', 'go(O)', 'directly(O)', 'to(O)', 'custodial(O)', 'parents(O)', '.(O)']","He(O) said(O) that(O) despite(O) the(O) new(O) law(O) ,(O) Wisconsin(B-Location) will(O) still(O) require(O) federal(O) waivers(O) allowing(O) the(O) working(O) poor(O) to(O) acquire(O) health(O) care(O) coverage(O) from(O) the(O) state(O) ,(O) a(O) 60-day(O) residency(O) requirement(O) for(O) participation(O) in(O) the(O) welfare(O) program(O) ,(O) and(O) child(O) support(O) collections(O) to(O) go(O) directly(O) to(O) custodial(O) parents(O) .(O)","Input: He said that despite the new law , Wisconsin will still require federal waivers allowing the working poor to acquire health care coverage from the state , a 60-day residency requirement for participation in the welfare program , and child support collections to go directly to custodial parents .
Output: He(O) said(O) that(O) despite(O) the(O) new(O) law(O) ,(O) Wisconsin(B-Location) will(O) still(O) require(O) federal(O) waivers(O) allowing(O) the(O) working(O) poor(O) to(O) acquire(O) health(O) care(O) coverage(O) from(O) the(O) state(O) ,(O) a(O) 60-day(O) residency(O) requirement(O) for(O) participation(O) in(O) the(O) welfare(O) program(O) ,(O) and(O) child(O) support(O) collections(O) to(O) go(O) directly(O) to(O) custodial(O) parents(O) .(O)"
3539,"['The' 'visitors' 'had' 'started' 'the' 'day' 'optimistically' 'by'
 'sending' 'back' 'former' 'England' 'captain' 'Graham' 'Gooch' 'when'
 'he' 'added' 'just' 'six' 'to' 'his' 'overnight' '105' ',' 'but' 'Essex'
 'went' 'on' 'to' 'make' '532' 'for' 'eight' 'before' 'declaring' '.']","['O', 'O', 'O', 'O', 'O', 'O', 'O', 'O', 'O', 'O', 'O', 'B-Location', 'O', 'B-Person', 'I-Person', 'O', 'O', 'O', 'O', 'O', 'O', 'O', 'O', 'O', 'O', 'O', 'B-Organization', 'O', 'O', 'O', 'O', 'O', 'O', 'O', 'O', 'O', 'O']","The visitors had started the day optimistically by sending back former England captain Graham Gooch when he added just six to his overnight 105 , but Essex went on to make 532 for eight before declaring .","['The(O)', 'visitors(O)', 'had(O)', 'started(O)', 'the(O)', 'day(O)', 'optimistically(O)', 'by(O)', 'sending(O)', 'back(O)', 'former(O)', 'England(B-Location)', 'captain(O)', 'Graham(B-Person)', 'Gooch(I-Person)', 'when(O)', 'he(O)', 'added(O)', 'just(O)', 'six(O)', 'to(O)', 'his(O)', 'overnight(O)', '105(O)', ',(O)', 'but(O)', 'Essex(B-Organization)', 'went(O)', 'on(O)', 'to(O)', 'make(O)', '532(O)', 'for(O)', 'eight(O)', 'before(O)', 'declaring(O)', '.(O)']","The(O) visitors(O) had(O) started(O) the(O) day(O) optimistically(O) by(O) sending(O) back(O) former(O) England(B-Location) captain(O) Graham(B-Person) Gooch(I-Person) when(O) he(O) added(O) just(O) six(O) to(O) his(O) overnight(O) 105(O) ,(O) but(O) Essex(B-Organization) went(O) on(O) to(O) make(O) 532(O) for(O) eight(O) before(O) declaring(O) .(O)","Input: The visitors had started the day optimistically by sending back former England captain Graham Gooch when he added just six to his overnight 105 , but Essex went on to make 532 for eight before declaring .
Output: The(O) visitors(O) had(O) started(O) the(O) day(O) optimistically(O) by(O) sending(O) back(O) former(O) England(B-Location) captain(O) Graham(B-Person) Gooch(I-Person) when(O) he(O) added(O) just(O) six(O) to(O) his(O) overnight(O) 105(O) ,(O) but(O) Essex(B-Organization) went(O) on(O) to(O) make(O) 532(O) for(O) eight(O) before(O) declaring(O) .(O)"
10152,['1.' 'Chris' 'Boardman' '(' 'Britain' ')' '4:13.353'],"['O', 'B-Person', 'I-Person', 'O', 'B-Location', 'O', 'O']",1. Chris Boardman ( Britain ) 4:13.353,"['1.(O)', 'Chris(B-Person)', 'Boardman(I-Person)', '((O)', 'Britain(B-Location)', ')(O)', '4:13.353(O)']",1.(O) Chris(B-Person) Boardman(I-Person) ((O) Britain(B-Location) )(O) 4:13.353(O),"Input: 1. Chris Boardman ( Britain ) 4:13.353
Output: 1.(O) Chris(B-Person) Boardman(I-Person) ((O) Britain(B-Location) )(O) 4:13.353(O)"
10218,"['Leading' 'rider' 'Jason' 'Weaver' 'received' 'a' '21-day' 'ban' 'from'
 'the' 'disciplinary' 'committee' 'of' 'the' 'Jockey' 'Club' 'on'
 'Wednesday' '.']","['O', 'O', 'B-Person', 'I-Person', 'O', 'O', 'O', 'O', 'O', 'O', 'O', 'O', 'O', 'O', 'B-Organization', 'I-Organization', 'O', 'O', 'O']",Leading rider Jason Weaver received a 21-day ban from the disciplinary committee of the Jockey Club on Wednesday .,"['Leading(O)', 'rider(O)', 'Jason(B-Person)', 'Weaver(I-Person)', 'received(O)', 'a(O)', '21-day(O)', 'ban(O)', 'from(O)', 'the(O)', 'disciplinary(O)', 'committee(O)', 'of(O)', 'the(O)', 'Jockey(B-Organization)', 'Club(I-Organization)', 'on(O)', 'Wednesday(O)', '.(O)']",Leading(O) rider(O) Jason(B-Person) Weaver(I-Person) received(O) a(O) 21-day(O) ban(O) from(O) the(O) disciplinary(O) committee(O) of(O) the(O) Jockey(B-Organization) Club(I-Organization) on(O) Wednesday(O) .(O),"Input: Leading rider Jason Weaver received a 21-day ban from the disciplinary committee of the Jockey Club on Wednesday .
Output: Leading(O) rider(O) Jason(B-Person) Weaver(I-Person) received(O) a(O) 21-day(O) ban(O) from(O) the(O) disciplinary(O) committee(O) of(O) the(O) Jockey(B-Organization) Club(I-Organization) on(O) Wednesday(O) .(O)"
10750,"['Metz' '3' '(' 'Pires' '35th' ',' '48th' ',' '74th' ')' 'Strasbourg' '1'
 '(' 'Rodriguez' '56th' ')' '.']","['B-Organization', 'O', 'O', 'B-Person', 'O', 'O', 'O', 'O', 'O', 'O', 'B-Organization', 'O', 'O', 'B-Person', 'O', 'O', 'O']","Metz 3 ( Pires 35th , 48th , 74th ) Strasbourg 1 ( Rodriguez 56th ) .","['Metz(B-Organization)', '3(O)', '((O)', 'Pires(B-Person)', '35th(O)', ',(O)', '48th(O)', ',(O)', '74th(O)', ')(O)', 'Strasbourg(B-Organization)', '1(O)', '((O)', 'Rodriguez(B-Person)', '56th(O)', ')(O)', '.(O)']","Metz(B-Organization) 3(O) ((O) Pires(B-Person) 35th(O) ,(O) 48th(O) ,(O) 74th(O) )(O) Strasbourg(B-Organization) 1(O) ((O) Rodriguez(B-Person) 56th(O) )(O) .(O)","Input: Metz 3 ( Pires 35th , 48th , 74th ) Strasbourg 1 ( Rodriguez 56th ) .
Output: Metz(B-Organization) 3(O) ((O) Pires(B-Person) 35th(O) ,(O) 48th(O) ,(O) 74th(O) )(O) Strasbourg(B-Organization) 1(O) ((O) Rodriguez(B-Person) 56th(O) )(O) .(O)"
13864,['GDP' 'figures' 'are' 'quarterly' 'on' 'annualised' 'basis' '.'],"['O', 'O', 'O', 'O', 'O', 'O', 'O', 'O']",GDP figures are quarterly on annualised basis .,"['GDP(O)', 'figures(O)', 'are(O)', 'quarterly(O)', 'on(O)', 'annualised(O)', 'basis(O)', '.(O)']",GDP(O) figures(O) are(O) quarterly(O) on(O) annualised(O) basis(O) .(O),"Input: GDP figures are quarterly on annualised basis .
Output: GDP(O) figures(O) are(O) quarterly(O) on(O) annualised(O) basis(O) .(O)"
2669,"['Neptune' 'Crux' '30' '02/09' 'Singapore' '/' 'options' '$' '185,000'
 'Sietco' '.']","['B-Organization', 'I-Organization', 'O', 'O', 'B-Location', 'O', 'O', 'O', 'O', 'B-Organization', 'O']","Neptune Crux 30 02/09 Singapore / options $ 185,000 Sietco .","['Neptune(B-Organization)', 'Crux(I-Organization)', '30(O)', '02/09(O)', 'Singapore(B-Location)', '/(O)', 'options(O)', '$(O)', '185,000(O)', 'Sietco(B-Organization)', '.(O)']","Neptune(B-Organization) Crux(I-Organization) 30(O) 02/09(O) Singapore(B-Location) /(O) options(O) $(O) 185,000(O) Sietco(B-Organization) .(O)","Input: Neptune Crux 30 02/09 Singapore / options $ 185,000 Sietco .
Output: Neptune(B-Organization) Crux(I-Organization) 30(O) 02/09(O) Singapore(B-Location) /(O) options(O) $(O) 185,000(O) Sietco(B-Organization) .(O)"
4393,['Jeremy' 'Lovell'],"['B-Person', 'I-Person']",Jeremy Lovell,"['Jeremy(B-Person)', 'Lovell(I-Person)']",Jeremy(B-Person) Lovell(I-Person),"Input: Jeremy Lovell
Output: Jeremy(B-Person) Lovell(I-Person)"
5231,['8' '(' '80' ')'],"['O', 'O', 'O', 'O']",8 ( 80 ),"['8(O)', '((O)', '80(O)', ')(O)']",8(O) ((O) 80(O) )(O),"Input: 8 ( 80 )
Output: 8(O) ((O) 80(O) )(O)"
1594,"['Prime' 'Minister' 'H.D.' 'Deve' 'Gowda' ""'s"" 'centre-left' 'government'
 'hopes' 'the' 'elections' 'will' 'help' 'restore' 'normality' 'and'
 'democratic' 'rule' 'in' 'Jammu' 'and' 'Kashmir' ',' 'where' 'more'
 'than' '20,000' 'people' 'have' 'died' 'in' 'insurgency-related'
 'violence' 'since' '1990' '.']","['O', 'O', 'B-Person', 'I-Person', 'I-Person', 'O', 'O', 'O', 'O', 'O', 'O', 'O', 'O', 'O', 'O', 'O', 'O', 'O', 'O', 'B-Location', 'O', 'B-Location', 'O', 'O', 'O', 'O', 'O', 'O', 'O', 'O', 'O', 'O', 'O', 'O', 'O', 'O']","Prime Minister H.D. Deve Gowda 's centre-left government hopes the elections will help restore normality and democratic rule in Jammu and Kashmir , where more than 20,000 people have died in insurgency-related violence since 1990 .","['Prime(O)', 'Minister(O)', 'H.D.(B-Person)', 'Deve(I-Person)', 'Gowda(I-Person)', ""'s(O)"", 'centre-left(O)', 'government(O)', 'hopes(O)', 'the(O)', 'elections(O)', 'will(O)', 'help(O)', 'restore(O)', 'normality(O)', 'and(O)', 'democratic(O)', 'rule(O)', 'in(O)', 'Jammu(B-Location)', 'and(O)', 'Kashmir(B-Location)', ',(O)', 'where(O)', 'more(O)', 'than(O)', '20,000(O)', 'people(O)', 'have(O)', 'died(O)', 'in(O)', 'insurgency-related(O)', 'violence(O)', 'since(O)', '1990(O)', '.(O)']","Prime(O) Minister(O) H.D.(B-Person) Deve(I-Person) Gowda(I-Person) 's(O) centre-left(O) government(O) hopes(O) the(O) elections(O) will(O) help(O) restore(O) normality(O) and(O) democratic(O) rule(O) in(O) Jammu(B-Location) and(O) Kashmir(B-Location) ,(O) where(O) more(O) than(O) 20,000(O) people(O) have(O) died(O) in(O) insurgency-related(O) violence(O) since(O) 1990(O) .(O)","Input: Prime Minister H.D. Deve Gowda 's centre-left government hopes the elections will help restore normality and democratic rule in Jammu and Kashmir , where more than 20,000 people have died in insurgency-related violence since 1990 .
Output: Prime(O) Minister(O) H.D.(B-Person) Deve(I-Person) Gowda(I-Person) 's(O) centre-left(O) government(O) hopes(O) the(O) elections(O) will(O) help(O) restore(O) normality(O) and(O) democratic(O) rule(O) in(O) Jammu(B-Location) and(O) Kashmir(B-Location) ,(O) where(O) more(O) than(O) 20,000(O) people(O) have(O) died(O) in(O) insurgency-related(O) violence(O) since(O) 1990(O) .(O)"
11597,['India' 'fishermen' 'say' 'forced' 'to' 'carry' 'Tamil' 'refugees' '.'],"['B-Location', 'O', 'O', 'O', 'O', 'O', 'B-Miscellaneous', 'O', 'O']",India fishermen say forced to carry Tamil refugees .,"['India(B-Location)', 'fishermen(O)', 'say(O)', 'forced(O)', 'to(O)', 'carry(O)', 'Tamil(B-Miscellaneous)', 'refugees(O)', '.(O)']",India(B-Location) fishermen(O) say(O) forced(O) to(O) carry(O) Tamil(B-Miscellaneous) refugees(O) .(O),"Input: India fishermen say forced to carry Tamil refugees .
Output: India(B-Location) fishermen(O) say(O) forced(O) to(O) carry(O) Tamil(B-Miscellaneous) refugees(O) .(O)"
1833,"['Tirana' ""'s"" 'national' 'library' 'has' 'three' 'copies' 'of' 'the' '""'
 'Book' 'of' 'Mass' ""'"" '.' '""']","['B-Location', 'O', 'O', 'O', 'O', 'O', 'O', 'O', 'O', 'O', 'B-Miscellaneous', 'I-Miscellaneous', 'I-Miscellaneous', 'O', 'O', 'O']","Tirana 's national library has three copies of the "" Book of Mass ' . ""","['Tirana(B-Location)', ""'s(O)"", 'national(O)', 'library(O)', 'has(O)', 'three(O)', 'copies(O)', 'of(O)', 'the(O)', '""(O)', 'Book(B-Miscellaneous)', 'of(I-Miscellaneous)', 'Mass(I-Miscellaneous)', ""'(O)"", '.(O)', '""(O)']","Tirana(B-Location) 's(O) national(O) library(O) has(O) three(O) copies(O) of(O) the(O) ""(O) Book(B-Miscellaneous) of(I-Miscellaneous) Mass(I-Miscellaneous) '(O) .(O) ""(O)","Input: Tirana 's national library has three copies of the "" Book of Mass ' . ""
Output: Tirana(B-Location) 's(O) national(O) library(O) has(O) three(O) copies(O) of(O) the(O) ""(O) Book(B-Miscellaneous) of(I-Miscellaneous) Mass(I-Miscellaneous) '(O) .(O) ""(O)"
6939,['NEW' 'YORK' '1996-08-26'],"['B-Location', 'I-Location', 'O']",NEW YORK 1996-08-26,"['NEW(B-Location)', 'YORK(I-Location)', '1996-08-26(O)']",NEW(B-Location) YORK(I-Location) 1996-08-26(O),"Input: NEW YORK 1996-08-26
Output: NEW(B-Location) YORK(I-Location) 1996-08-26(O)"
10168,['Barnsley' '3' 'Reading' '0'],"['B-Organization', 'O', 'B-Organization', 'O']",Barnsley 3 Reading 0,"['Barnsley(B-Organization)', '3(O)', 'Reading(B-Organization)', '0(O)']",Barnsley(B-Organization) 3(O) Reading(B-Organization) 0(O),"Input: Barnsley 3 Reading 0
Output: Barnsley(B-Organization) 3(O) Reading(B-Organization) 0(O)"
4047,"['Stuttgart' '2' '(' 'Balakow' '50th' ',' 'Bobic' '61st' ')' 'Werder'
 'Bremen' '1' '(' 'Votava']","['B-Organization', 'O', 'O', 'B-Person', 'O', 'O', 'B-Person', 'O', 'O', 'B-Organization', 'I-Organization', 'O', 'O', 'B-Person']","Stuttgart 2 ( Balakow 50th , Bobic 61st ) Werder Bremen 1 ( Votava","['Stuttgart(B-Organization)', '2(O)', '((O)', 'Balakow(B-Person)', '50th(O)', ',(O)', 'Bobic(B-Person)', '61st(O)', ')(O)', 'Werder(B-Organization)', 'Bremen(I-Organization)', '1(O)', '((O)', 'Votava(B-Person)']","Stuttgart(B-Organization) 2(O) ((O) Balakow(B-Person) 50th(O) ,(O) Bobic(B-Person) 61st(O) )(O) Werder(B-Organization) Bremen(I-Organization) 1(O) ((O) Votava(B-Person)","Input: Stuttgart 2 ( Balakow 50th , Bobic 61st ) Werder Bremen 1 ( Votava
Output: Stuttgart(B-Organization) 2(O) ((O) Balakow(B-Person) 50th(O) ,(O) Bobic(B-Person) 61st(O) )(O) Werder(B-Organization) Bremen(I-Organization) 1(O) ((O) Votava(B-Person)"
11104,['Aid' 'agency' 'says' 'Sudan' 'missionaries' 'released' '.'],"['O', 'O', 'O', 'B-Location', 'O', 'O', 'O']",Aid agency says Sudan missionaries released .,"['Aid(O)', 'agency(O)', 'says(O)', 'Sudan(B-Location)', 'missionaries(O)', 'released(O)', '.(O)']",Aid(O) agency(O) says(O) Sudan(B-Location) missionaries(O) released(O) .(O),"Input: Aid agency says Sudan missionaries released .
Output: Aid(O) agency(O) says(O) Sudan(B-Location) missionaries(O) released(O) .(O)"
2093,['SEATTLE' '65' '61' '.516' '8'],"['B-Organization', 'O', 'O', 'O', 'O']",SEATTLE 65 61 .516 8,"['SEATTLE(B-Organization)', '65(O)', '61(O)', '.516(O)', '8(O)']",SEATTLE(B-Organization) 65(O) 61(O) .516(O) 8(O),"Input: SEATTLE 65 61 .516 8
Output: SEATTLE(B-Organization) 65(O) 61(O) .516(O) 8(O)"
8968,"['Poland' 'and' 'Slovenia' 'are' 'hoping' 'to' 'be' 'among' 'the' 'first'
 'group' 'of' 'former' 'eastern' 'bloc' 'countries' 'to' 'join' 'the'
 'European' 'Union' 'and' 'NATO' '.']","['B-Location', 'O', 'B-Location', 'O', 'O', 'O', 'O', 'O', 'O', 'O', 'O', 'O', 'O', 'O', 'O', 'O', 'O', 'O', 'O', 'B-Organization', 'I-Organization', 'O', 'B-Organization', 'O']",Poland and Slovenia are hoping to be among the first group of former eastern bloc countries to join the European Union and NATO .,"['Poland(B-Location)', 'and(O)', 'Slovenia(B-Location)', 'are(O)', 'hoping(O)', 'to(O)', 'be(O)', 'among(O)', 'the(O)', 'first(O)', 'group(O)', 'of(O)', 'former(O)', 'eastern(O)', 'bloc(O)', 'countries(O)', 'to(O)', 'join(O)', 'the(O)', 'European(B-Organization)', 'Union(I-Organization)', 'and(O)', 'NATO(B-Organization)', '.(O)']",Poland(B-Location) and(O) Slovenia(B-Location) are(O) hoping(O) to(O) be(O) among(O) the(O) first(O) group(O) of(O) former(O) eastern(O) bloc(O) countries(O) to(O) join(O) the(O) European(B-Organization) Union(I-Organization) and(O) NATO(B-Organization) .(O),"Input: Poland and Slovenia are hoping to be among the first group of former eastern bloc countries to join the European Union and NATO .
Output: Poland(B-Location) and(O) Slovenia(B-Location) are(O) hoping(O) to(O) be(O) among(O) the(O) first(O) group(O) of(O) former(O) eastern(O) bloc(O) countries(O) to(O) join(O) the(O) European(B-Organization) Union(I-Organization) and(O) NATO(B-Organization) .(O)"
8160,"['Thomson' 'said' ':' '""' 'I' 'am' 'leaving' 'with' 'my' 'dignity' 'and'
 'my' 'pride' 'intact' ',' 'and' 'that' 'is' 'very' 'important' 'to' 'me'
 '.']","['B-Person', 'O', 'O', 'O', 'O', 'O', 'O', 'O', 'O', 'O', 'O', 'O', 'O', 'O', 'O', 'O', 'O', 'O', 'O', 'O', 'O', 'O', 'O']","Thomson said : "" I am leaving with my dignity and my pride intact , and that is very important to me .","['Thomson(B-Person)', 'said(O)', ':(O)', '""(O)', 'I(O)', 'am(O)', 'leaving(O)', 'with(O)', 'my(O)', 'dignity(O)', 'and(O)', 'my(O)', 'pride(O)', 'intact(O)', ',(O)', 'and(O)', 'that(O)', 'is(O)', 'very(O)', 'important(O)', 'to(O)', 'me(O)', '.(O)']","Thomson(B-Person) said(O) :(O) ""(O) I(O) am(O) leaving(O) with(O) my(O) dignity(O) and(O) my(O) pride(O) intact(O) ,(O) and(O) that(O) is(O) very(O) important(O) to(O) me(O) .(O)","Input: Thomson said : "" I am leaving with my dignity and my pride intact , and that is very important to me .
Output: Thomson(B-Person) said(O) :(O) ""(O) I(O) am(O) leaving(O) with(O) my(O) dignity(O) and(O) my(O) pride(O) intact(O) ,(O) and(O) that(O) is(O) very(O) important(O) to(O) me(O) .(O)"
4551,"['1.' 'Tommi' 'Makinen' '(' 'Finland' ')' 'Mitsubishi' 'Lancer' 'three'
 'hours']","['O', 'B-Person', 'I-Person', 'O', 'B-Location', 'O', 'B-Miscellaneous', 'I-Miscellaneous', 'O', 'O']",1. Tommi Makinen ( Finland ) Mitsubishi Lancer three hours,"['1.(O)', 'Tommi(B-Person)', 'Makinen(I-Person)', '((O)', 'Finland(B-Location)', ')(O)', 'Mitsubishi(B-Miscellaneous)', 'Lancer(I-Miscellaneous)', 'three(O)', 'hours(O)']",1.(O) Tommi(B-Person) Makinen(I-Person) ((O) Finland(B-Location) )(O) Mitsubishi(B-Miscellaneous) Lancer(I-Miscellaneous) three(O) hours(O),"Input: 1. Tommi Makinen ( Finland ) Mitsubishi Lancer three hours
Output: 1.(O) Tommi(B-Person) Makinen(I-Person) ((O) Finland(B-Location) )(O) Mitsubishi(B-Miscellaneous) Lancer(I-Miscellaneous) three(O) hours(O)"
3792,['Rakow' 'Czestochowa' '1' 'Stomil' 'Olsztyn' '4'],"['B-Organization', 'I-Organization', 'O', 'B-Organization', 'I-Organization', 'O']",Rakow Czestochowa 1 Stomil Olsztyn 4,"['Rakow(B-Organization)', 'Czestochowa(I-Organization)', '1(O)', 'Stomil(B-Organization)', 'Olsztyn(I-Organization)', '4(O)']",Rakow(B-Organization) Czestochowa(I-Organization) 1(O) Stomil(B-Organization) Olsztyn(I-Organization) 4(O),"Input: Rakow Czestochowa 1 Stomil Olsztyn 4
Output: Rakow(B-Organization) Czestochowa(I-Organization) 1(O) Stomil(B-Organization) Olsztyn(I-Organization) 4(O)"
9644,['--' 'London' 'Newsroom' '+' '00--44-171-542-7947'],"['O', 'B-Organization', 'I-Organization', 'O', 'O']",-- London Newsroom + 00--44-171-542-7947,"['--(O)', 'London(B-Organization)', 'Newsroom(I-Organization)', '+(O)', '00--44-171-542-7947(O)']",--(O) London(B-Organization) Newsroom(I-Organization) +(O) 00--44-171-542-7947(O),"Input: -- London Newsroom + 00--44-171-542-7947
Output: --(O) London(B-Organization) Newsroom(I-Organization) +(O) 00--44-171-542-7947(O)"
9648,['EXERCISE' 'PERIOD' '02.SEP.96-06.MAR.97' 'PAYDATE' '30.AUG.96'],"['O', 'O', 'O', 'O', 'O']",EXERCISE PERIOD 02.SEP.96-06.MAR.97 PAYDATE 30.AUG.96,"['EXERCISE(O)', 'PERIOD(O)', '02.SEP.96-06.MAR.97(O)', 'PAYDATE(O)', '30.AUG.96(O)']",EXERCISE(O) PERIOD(O) 02.SEP.96-06.MAR.97(O) PAYDATE(O) 30.AUG.96(O),"Input: EXERCISE PERIOD 02.SEP.96-06.MAR.97 PAYDATE 30.AUG.96
Output: EXERCISE(O) PERIOD(O) 02.SEP.96-06.MAR.97(O) PAYDATE(O) 30.AUG.96(O)"
11923,['Stagecoach' 'sees' 'Swebus' 'deal' 'agreed' 'next' 'week' '.'],"['B-Organization', 'O', 'B-Organization', 'O', 'O', 'O', 'O', 'O']",Stagecoach sees Swebus deal agreed next week .,"['Stagecoach(B-Organization)', 'sees(O)', 'Swebus(B-Organization)', 'deal(O)', 'agreed(O)', 'next(O)', 'week(O)', '.(O)']",Stagecoach(B-Organization) sees(O) Swebus(B-Organization) deal(O) agreed(O) next(O) week(O) .(O),"Input: Stagecoach sees Swebus deal agreed next week .
Output: Stagecoach(B-Organization) sees(O) Swebus(B-Organization) deal(O) agreed(O) next(O) week(O) .(O)"
10817,"['The' 'relay' 'race' ',' 'which' 'will' 'include' 'squads' 'from'
 'Africa' ',' 'the' 'United' 'States' 'and' 'Europe' 'as' 'well' 'as'
 'the' 'Owens' ""'"" 'quartet' ',' 'will' 'be' 'held' 'at' 'the' 'end' 'of'
 'the' 'meeting' '.']","['O', 'O', 'O', 'O', 'O', 'O', 'O', 'O', 'O', 'B-Location', 'O', 'O', 'B-Location', 'I-Location', 'O', 'B-Location', 'O', 'O', 'O', 'O', 'B-Person', 'O', 'O', 'O', 'O', 'O', 'O', 'O', 'O', 'O', 'O', 'O', 'O', 'O']","The relay race , which will include squads from Africa , the United States and Europe as well as the Owens ' quartet , will be held at the end of the meeting .","['The(O)', 'relay(O)', 'race(O)', ',(O)', 'which(O)', 'will(O)', 'include(O)', 'squads(O)', 'from(O)', 'Africa(B-Location)', ',(O)', 'the(O)', 'United(B-Location)', 'States(I-Location)', 'and(O)', 'Europe(B-Location)', 'as(O)', 'well(O)', 'as(O)', 'the(O)', 'Owens(B-Person)', ""'(O)"", 'quartet(O)', ',(O)', 'will(O)', 'be(O)', 'held(O)', 'at(O)', 'the(O)', 'end(O)', 'of(O)', 'the(O)', 'meeting(O)', '.(O)']","The(O) relay(O) race(O) ,(O) which(O) will(O) include(O) squads(O) from(O) Africa(B-Location) ,(O) the(O) United(B-Location) States(I-Location) and(O) Europe(B-Location) as(O) well(O) as(O) the(O) Owens(B-Person) '(O) quartet(O) ,(O) will(O) be(O) held(O) at(O) the(O) end(O) of(O) the(O) meeting(O) .(O)","Input: The relay race , which will include squads from Africa , the United States and Europe as well as the Owens ' quartet , will be held at the end of the meeting .
Output: The(O) relay(O) race(O) ,(O) which(O) will(O) include(O) squads(O) from(O) Africa(B-Location) ,(O) the(O) United(B-Location) States(I-Location) and(O) Europe(B-Location) as(O) well(O) as(O) the(O) Owens(B-Person) '(O) quartet(O) ,(O) will(O) be(O) held(O) at(O) the(O) end(O) of(O) the(O) meeting(O) .(O)"
10063,"['ALMERE' ',' 'Netherlands' '1996-08-28']","['B-Location', 'O', 'B-Location', 'O']","ALMERE , Netherlands 1996-08-28","['ALMERE(B-Location)', ',(O)', 'Netherlands(B-Location)', '1996-08-28(O)']","ALMERE(B-Location) ,(O) Netherlands(B-Location) 1996-08-28(O)","Input: ALMERE , Netherlands 1996-08-28
Output: ALMERE(B-Location) ,(O) Netherlands(B-Location) 1996-08-28(O)"
7616,['ingot' '75' 'cents' '/' 'pound'],"['O', 'O', 'O', 'O', 'O']",ingot 75 cents / pound,"['ingot(O)', '75(O)', 'cents(O)', '/(O)', 'pound(O)']",ingot(O) 75(O) cents(O) /(O) pound(O),"Input: ingot 75 cents / pound
Output: ingot(O) 75(O) cents(O) /(O) pound(O)"
13876,"['-' 'Government' 'wants' 'to' 'charge' 'for' 'prescriptions' 'and' 'some'
 'medical' 'services']","['O', 'O', 'O', 'O', 'O', 'O', 'O', 'O', 'O', 'O', 'O']",- Government wants to charge for prescriptions and some medical services,"['-(O)', 'Government(O)', 'wants(O)', 'to(O)', 'charge(O)', 'for(O)', 'prescriptions(O)', 'and(O)', 'some(O)', 'medical(O)', 'services(O)']",-(O) Government(O) wants(O) to(O) charge(O) for(O) prescriptions(O) and(O) some(O) medical(O) services(O),"Input: - Government wants to charge for prescriptions and some medical services
Output: -(O) Government(O) wants(O) to(O) charge(O) for(O) prescriptions(O) and(O) some(O) medical(O) services(O)"
13546,['STOCKHOLM' '1996-08-29'],"['B-Location', 'O']",STOCKHOLM 1996-08-29,"['STOCKHOLM(B-Location)', '1996-08-29(O)']",STOCKHOLM(B-Location) 1996-08-29(O),"Input: STOCKHOLM 1996-08-29
Output: STOCKHOLM(B-Location) 1996-08-29(O)"
10743,"['Lens' '3' '(' 'Vairelles' '8th' ',' 'Foe' '85th' ',' 'Smicer' '90th' ')'
 'Montpellier' '2']","['B-Organization', 'O', 'O', 'B-Person', 'O', 'O', 'B-Person', 'O', 'O', 'B-Person', 'O', 'O', 'B-Organization', 'O']","Lens 3 ( Vairelles 8th , Foe 85th , Smicer 90th ) Montpellier 2","['Lens(B-Organization)', '3(O)', '((O)', 'Vairelles(B-Person)', '8th(O)', ',(O)', 'Foe(B-Person)', '85th(O)', ',(O)', 'Smicer(B-Person)', '90th(O)', ')(O)', 'Montpellier(B-Organization)', '2(O)']","Lens(B-Organization) 3(O) ((O) Vairelles(B-Person) 8th(O) ,(O) Foe(B-Person) 85th(O) ,(O) Smicer(B-Person) 90th(O) )(O) Montpellier(B-Organization) 2(O)","Input: Lens 3 ( Vairelles 8th , Foe 85th , Smicer 90th ) Montpellier 2
Output: Lens(B-Organization) 3(O) ((O) Vairelles(B-Person) 8th(O) ,(O) Foe(B-Person) 85th(O) ,(O) Smicer(B-Person) 90th(O) )(O) Montpellier(B-Organization) 2(O)"
13455,"['The' 'suit' 'contends' 'America' 'Online' 'was' 'misappropriating' 'NBA'
 'property' 'by' 'providing' 'a' 'site' 'containing' 'continually'
 'updated' 'scores' 'and' 'statistics' 'of' 'NBA' 'games' 'in' 'progress'
 '.']","['O', 'O', 'O', 'B-Organization', 'I-Organization', 'O', 'O', 'B-Organization', 'O', 'O', 'O', 'O', 'O', 'O', 'O', 'O', 'O', 'O', 'O', 'O', 'B-Organization', 'O', 'O', 'O', 'O']",The suit contends America Online was misappropriating NBA property by providing a site containing continually updated scores and statistics of NBA games in progress .,"['The(O)', 'suit(O)', 'contends(O)', 'America(B-Organization)', 'Online(I-Organization)', 'was(O)', 'misappropriating(O)', 'NBA(B-Organization)', 'property(O)', 'by(O)', 'providing(O)', 'a(O)', 'site(O)', 'containing(O)', 'continually(O)', 'updated(O)', 'scores(O)', 'and(O)', 'statistics(O)', 'of(O)', 'NBA(B-Organization)', 'games(O)', 'in(O)', 'progress(O)', '.(O)']",The(O) suit(O) contends(O) America(B-Organization) Online(I-Organization) was(O) misappropriating(O) NBA(B-Organization) property(O) by(O) providing(O) a(O) site(O) containing(O) continually(O) updated(O) scores(O) and(O) statistics(O) of(O) NBA(B-Organization) games(O) in(O) progress(O) .(O),"Input: The suit contends America Online was misappropriating NBA property by providing a site containing continually updated scores and statistics of NBA games in progress .
Output: The(O) suit(O) contends(O) America(B-Organization) Online(I-Organization) was(O) misappropriating(O) NBA(B-Organization) property(O) by(O) providing(O) a(O) site(O) containing(O) continually(O) updated(O) scores(O) and(O) statistics(O) of(O) NBA(B-Organization) games(O) in(O) progress(O) .(O)"
11401,"['Dole' 'also' 'said' 'he' 'opposed' 'California' 'Proposition' '215'
 'which' ',' 'if' 'approved' 'by' 'voters' ',' 'would' 'allow' 'the'
 'cultivation' 'of' 'marijuana' 'plants' 'for' 'medicinal' 'uses' '.']","['B-Person', 'O', 'O', 'O', 'O', 'B-Miscellaneous', 'I-Miscellaneous', 'I-Miscellaneous', 'O', 'O', 'O', 'O', 'O', 'O', 'O', 'O', 'O', 'O', 'O', 'O', 'O', 'O', 'O', 'O', 'O', 'O']","Dole also said he opposed California Proposition 215 which , if approved by voters , would allow the cultivation of marijuana plants for medicinal uses .","['Dole(B-Person)', 'also(O)', 'said(O)', 'he(O)', 'opposed(O)', 'California(B-Miscellaneous)', 'Proposition(I-Miscellaneous)', '215(I-Miscellaneous)', 'which(O)', ',(O)', 'if(O)', 'approved(O)', 'by(O)', 'voters(O)', ',(O)', 'would(O)', 'allow(O)', 'the(O)', 'cultivation(O)', 'of(O)', 'marijuana(O)', 'plants(O)', 'for(O)', 'medicinal(O)', 'uses(O)', '.(O)']","Dole(B-Person) also(O) said(O) he(O) opposed(O) California(B-Miscellaneous) Proposition(I-Miscellaneous) 215(I-Miscellaneous) which(O) ,(O) if(O) approved(O) by(O) voters(O) ,(O) would(O) allow(O) the(O) cultivation(O) of(O) marijuana(O) plants(O) for(O) medicinal(O) uses(O) .(O)","Input: Dole also said he opposed California Proposition 215 which , if approved by voters , would allow the cultivation of marijuana plants for medicinal uses .
Output: Dole(B-Person) also(O) said(O) he(O) opposed(O) California(B-Miscellaneous) Proposition(I-Miscellaneous) 215(I-Miscellaneous) which(O) ,(O) if(O) approved(O) by(O) voters(O) ,(O) would(O) allow(O) the(O) cultivation(O) of(O) marijuana(O) plants(O) for(O) medicinal(O) uses(O) .(O)"
11771,['Former' 'Colorado' 'Democratic' 'Gov' '.'],"['O', 'B-Location', 'B-Miscellaneous', 'O', 'O']",Former Colorado Democratic Gov .,"['Former(O)', 'Colorado(B-Location)', 'Democratic(B-Miscellaneous)', 'Gov(O)', '.(O)']",Former(O) Colorado(B-Location) Democratic(B-Miscellaneous) Gov(O) .(O),"Input: Former Colorado Democratic Gov .
Output: Former(O) Colorado(B-Location) Democratic(B-Miscellaneous) Gov(O) .(O)"
2473,['6.' 'Francis' 'Agyepong' '(' 'Britain' ')' '16.63'],"['O', 'B-Person', 'I-Person', 'O', 'B-Location', 'O', 'O']",6. Francis Agyepong ( Britain ) 16.63,"['6.(O)', 'Francis(B-Person)', 'Agyepong(I-Person)', '((O)', 'Britain(B-Location)', ')(O)', '16.63(O)']",6.(O) Francis(B-Person) Agyepong(I-Person) ((O) Britain(B-Location) )(O) 16.63(O),"Input: 6. Francis Agyepong ( Britain ) 16.63
Output: 6.(O) Francis(B-Person) Agyepong(I-Person) ((O) Britain(B-Location) )(O) 16.63(O)"
11977,['SHANGHAI' '1996-08-28'],"['B-Location', 'O']",SHANGHAI 1996-08-28,"['SHANGHAI(B-Location)', '1996-08-28(O)']",SHANGHAI(B-Location) 1996-08-28(O),"Input: SHANGHAI 1996-08-28
Output: SHANGHAI(B-Location) 1996-08-28(O)"
2252,"['Evolution' 'of' 'the' 'women' ""'s"" '1,000']","['O', 'O', 'O', 'O', 'O', 'O']","Evolution of the women 's 1,000","['Evolution(O)', 'of(O)', 'the(O)', 'women(O)', ""'s(O)"", '1,000(O)']","Evolution(O) of(O) the(O) women(O) 's(O) 1,000(O)","Input: Evolution of the women 's 1,000
Output: Evolution(O) of(O) the(O) women(O) 's(O) 1,000(O)"
10909,"['The' 'Trax' 'well' 'is' 'one' 'of' 'the' 'prospects' 'developed' 'by'
 'Arch' 'through' 'its' 'early' '1996' 'purchase' 'of' 'Trax' 'Petroleums'
 'Ltd' ',' 'the' 'company' 'said' '.']","['O', 'B-Location', 'O', 'O', 'O', 'O', 'O', 'O', 'O', 'O', 'B-Organization', 'O', 'O', 'O', 'O', 'O', 'O', 'B-Organization', 'I-Organization', 'I-Organization', 'O', 'O', 'O', 'O', 'O']","The Trax well is one of the prospects developed by Arch through its early 1996 purchase of Trax Petroleums Ltd , the company said .","['The(O)', 'Trax(B-Location)', 'well(O)', 'is(O)', 'one(O)', 'of(O)', 'the(O)', 'prospects(O)', 'developed(O)', 'by(O)', 'Arch(B-Organization)', 'through(O)', 'its(O)', 'early(O)', '1996(O)', 'purchase(O)', 'of(O)', 'Trax(B-Organization)', 'Petroleums(I-Organization)', 'Ltd(I-Organization)', ',(O)', 'the(O)', 'company(O)', 'said(O)', '.(O)']","The(O) Trax(B-Location) well(O) is(O) one(O) of(O) the(O) prospects(O) developed(O) by(O) Arch(B-Organization) through(O) its(O) early(O) 1996(O) purchase(O) of(O) Trax(B-Organization) Petroleums(I-Organization) Ltd(I-Organization) ,(O) the(O) company(O) said(O) .(O)","Input: The Trax well is one of the prospects developed by Arch through its early 1996 purchase of Trax Petroleums Ltd , the company said .
Output: The(O) Trax(B-Location) well(O) is(O) one(O) of(O) the(O) prospects(O) developed(O) by(O) Arch(B-Organization) through(O) its(O) early(O) 1996(O) purchase(O) of(O) Trax(B-Organization) Petroleums(I-Organization) Ltd(I-Organization) ,(O) the(O) company(O) said(O) .(O)"
9588,['Barrick' 'gets' '93' 'pct' 'of' 'Arequipa' '.'],"['B-Organization', 'O', 'O', 'O', 'O', 'B-Organization', 'O']",Barrick gets 93 pct of Arequipa .,"['Barrick(B-Organization)', 'gets(O)', '93(O)', 'pct(O)', 'of(O)', 'Arequipa(B-Organization)', '.(O)']",Barrick(B-Organization) gets(O) 93(O) pct(O) of(O) Arequipa(B-Organization) .(O),"Input: Barrick gets 93 pct of Arequipa .
Output: Barrick(B-Organization) gets(O) 93(O) pct(O) of(O) Arequipa(B-Organization) .(O)"
267,"['--' 'Dimitris' 'Kontogiannis' ',' 'Athens' 'Newsroom' '+301' '3311812-4']","['O', 'B-Person', 'I-Person', 'O', 'B-Organization', 'I-Organization', 'O', 'O']","-- Dimitris Kontogiannis , Athens Newsroom +301 3311812-4","['--(O)', 'Dimitris(B-Person)', 'Kontogiannis(I-Person)', ',(O)', 'Athens(B-Organization)', 'Newsroom(I-Organization)', '+301(O)', '3311812-4(O)']","--(O) Dimitris(B-Person) Kontogiannis(I-Person) ,(O) Athens(B-Organization) Newsroom(I-Organization) +301(O) 3311812-4(O)","Input: -- Dimitris Kontogiannis , Athens Newsroom +301 3311812-4
Output: --(O) Dimitris(B-Person) Kontogiannis(I-Person) ,(O) Athens(B-Organization) Newsroom(I-Organization) +301(O) 3311812-4(O)"
9227,"['""' 'But' 'this' 'year' 'is' 'different' '.']","['O', 'O', 'O', 'O', 'O', 'O', 'O']",""" But this year is different .","['""(O)', 'But(O)', 'this(O)', 'year(O)', 'is(O)', 'different(O)', '.(O)']","""(O) But(O) this(O) year(O) is(O) different(O) .(O)","Input: "" But this year is different .
Output: ""(O) But(O) this(O) year(O) is(O) different(O) .(O)"
293,"['The' 'January-April' '1995' 'import' 'figure' 'was' 'revised' 'from'
 '39,584' 'million' 'markka' 'and' 'the' 'export' 'figure' 'from' '55,627'
 'million' 'markka' '.']","['O', 'O', 'O', 'O', 'O', 'O', 'O', 'O', 'O', 'O', 'O', 'O', 'O', 'O', 'O', 'O', 'O', 'O', 'O', 'O']","The January-April 1995 import figure was revised from 39,584 million markka and the export figure from 55,627 million markka .","['The(O)', 'January-April(O)', '1995(O)', 'import(O)', 'figure(O)', 'was(O)', 'revised(O)', 'from(O)', '39,584(O)', 'million(O)', 'markka(O)', 'and(O)', 'the(O)', 'export(O)', 'figure(O)', 'from(O)', '55,627(O)', 'million(O)', 'markka(O)', '.(O)']","The(O) January-April(O) 1995(O) import(O) figure(O) was(O) revised(O) from(O) 39,584(O) million(O) markka(O) and(O) the(O) export(O) figure(O) from(O) 55,627(O) million(O) markka(O) .(O)","Input: The January-April 1995 import figure was revised from 39,584 million markka and the export figure from 55,627 million markka .
Output: The(O) January-April(O) 1995(O) import(O) figure(O) was(O) revised(O) from(O) 39,584(O) million(O) markka(O) and(O) the(O) export(O) figure(O) from(O) 55,627(O) million(O) markka(O) .(O)"
4918,"['Scores' ':' 'England' '326' 'and' '74-0' ';' 'Pakistan' '521-8'
 'declared' '.']","['O', 'O', 'B-Location', 'O', 'O', 'O', 'O', 'B-Location', 'O', 'O', 'O']",Scores : England 326 and 74-0 ; Pakistan 521-8 declared .,"['Scores(O)', ':(O)', 'England(B-Location)', '326(O)', 'and(O)', '74-0(O)', ';(O)', 'Pakistan(B-Location)', '521-8(O)', 'declared(O)', '.(O)']",Scores(O) :(O) England(B-Location) 326(O) and(O) 74-0(O) ;(O) Pakistan(B-Location) 521-8(O) declared(O) .(O),"Input: Scores : England 326 and 74-0 ; Pakistan 521-8 declared .
Output: Scores(O) :(O) England(B-Location) 326(O) and(O) 74-0(O) ;(O) Pakistan(B-Location) 521-8(O) declared(O) .(O)"
10966,"['""' 'July' 'was' 'still' 'above' 'the' 'historic' 'average' 'for' 'that'
 'month' ',' '""' 'the' 'CBSA' 'said' '.']","['O', 'O', 'O', 'O', 'O', 'O', 'O', 'O', 'O', 'O', 'O', 'O', 'O', 'O', 'B-Organization', 'O', 'O']",""" July was still above the historic average for that month , "" the CBSA said .","['""(O)', 'July(O)', 'was(O)', 'still(O)', 'above(O)', 'the(O)', 'historic(O)', 'average(O)', 'for(O)', 'that(O)', 'month(O)', ',(O)', '""(O)', 'the(O)', 'CBSA(B-Organization)', 'said(O)', '.(O)']","""(O) July(O) was(O) still(O) above(O) the(O) historic(O) average(O) for(O) that(O) month(O) ,(O) ""(O) the(O) CBSA(B-Organization) said(O) .(O)","Input: "" July was still above the historic average for that month , "" the CBSA said .
Output: ""(O) July(O) was(O) still(O) above(O) the(O) historic(O) average(O) for(O) that(O) month(O) ,(O) ""(O) the(O) CBSA(B-Organization) said(O) .(O)"
3585,"['At' 'Cardiff' ':' 'Kent' '255-3' '(' 'D.' 'Fulton' '64' ',' 'M.'
 'Walker' '59' ',' 'C.' 'Hooper']","['O', 'B-Location', 'O', 'B-Organization', 'O', 'O', 'B-Person', 'I-Person', 'O', 'O', 'B-Person', 'I-Person', 'O', 'O', 'B-Person', 'I-Person']","At Cardiff : Kent 255-3 ( D. Fulton 64 , M. Walker 59 , C. Hooper","['At(O)', 'Cardiff(B-Location)', ':(O)', 'Kent(B-Organization)', '255-3(O)', '((O)', 'D.(B-Person)', 'Fulton(I-Person)', '64(O)', ',(O)', 'M.(B-Person)', 'Walker(I-Person)', '59(O)', ',(O)', 'C.(B-Person)', 'Hooper(I-Person)']","At(O) Cardiff(B-Location) :(O) Kent(B-Organization) 255-3(O) ((O) D.(B-Person) Fulton(I-Person) 64(O) ,(O) M.(B-Person) Walker(I-Person) 59(O) ,(O) C.(B-Person) Hooper(I-Person)","Input: At Cardiff : Kent 255-3 ( D. Fulton 64 , M. Walker 59 , C. Hooper
Output: At(O) Cardiff(B-Location) :(O) Kent(B-Organization) 255-3(O) ((O) D.(B-Person) Fulton(I-Person) 64(O) ,(O) M.(B-Person) Walker(I-Person) 59(O) ,(O) C.(B-Person) Hooper(I-Person)"
13150,['It' 'was' 'a' 'bush' 'that' 'bagged' 'the' 'bad' 'guys' '.'],"['O', 'O', 'O', 'O', 'O', 'O', 'O', 'O', 'O', 'O']",It was a bush that bagged the bad guys .,"['It(O)', 'was(O)', 'a(O)', 'bush(O)', 'that(O)', 'bagged(O)', 'the(O)', 'bad(O)', 'guys(O)', '.(O)']",It(O) was(O) a(O) bush(O) that(O) bagged(O) the(O) bad(O) guys(O) .(O),"Input: It was a bush that bagged the bad guys .
Output: It(O) was(O) a(O) bush(O) that(O) bagged(O) the(O) bad(O) guys(O) .(O)"
9451,"['Prayers' 'continued' 'in' 'Calcutta' ',' 'one' 'of' 'the' 'world' ""'s""
 'poorest' 'cities' ',' 'where' 'Mother' 'Teresa' ""'s"" 'Missionaries' 'of'
 'Charity' 'runs' 'several' 'homes' 'for' 'the' 'poor' 'and' 'destitute'
 '.']","['O', 'O', 'O', 'B-Location', 'O', 'O', 'O', 'O', 'O', 'O', 'O', 'O', 'O', 'O', 'B-Person', 'I-Person', 'O', 'B-Organization', 'I-Organization', 'I-Organization', 'O', 'O', 'O', 'O', 'O', 'O', 'O', 'O', 'O']","Prayers continued in Calcutta , one of the world 's poorest cities , where Mother Teresa 's Missionaries of Charity runs several homes for the poor and destitute .","['Prayers(O)', 'continued(O)', 'in(O)', 'Calcutta(B-Location)', ',(O)', 'one(O)', 'of(O)', 'the(O)', 'world(O)', ""'s(O)"", 'poorest(O)', 'cities(O)', ',(O)', 'where(O)', 'Mother(B-Person)', 'Teresa(I-Person)', ""'s(O)"", 'Missionaries(B-Organization)', 'of(I-Organization)', 'Charity(I-Organization)', 'runs(O)', 'several(O)', 'homes(O)', 'for(O)', 'the(O)', 'poor(O)', 'and(O)', 'destitute(O)', '.(O)']","Prayers(O) continued(O) in(O) Calcutta(B-Location) ,(O) one(O) of(O) the(O) world(O) 's(O) poorest(O) cities(O) ,(O) where(O) Mother(B-Person) Teresa(I-Person) 's(O) Missionaries(B-Organization) of(I-Organization) Charity(I-Organization) runs(O) several(O) homes(O) for(O) the(O) poor(O) and(O) destitute(O) .(O)","Input: Prayers continued in Calcutta , one of the world 's poorest cities , where Mother Teresa 's Missionaries of Charity runs several homes for the poor and destitute .
Output: Prayers(O) continued(O) in(O) Calcutta(B-Location) ,(O) one(O) of(O) the(O) world(O) 's(O) poorest(O) cities(O) ,(O) where(O) Mother(B-Person) Teresa(I-Person) 's(O) Missionaries(B-Organization) of(I-Organization) Charity(I-Organization) runs(O) several(O) homes(O) for(O) the(O) poor(O) and(O) destitute(O) .(O)"
12821,['BELGRADE' '1996-08-29'],"['B-Location', 'O']",BELGRADE 1996-08-29,"['BELGRADE(B-Location)', '1996-08-29(O)']",BELGRADE(B-Location) 1996-08-29(O),"Input: BELGRADE 1996-08-29
Output: BELGRADE(B-Location) 1996-08-29(O)"
5205,['Torpedo' 'Moscow' '25' '8' '9' '8' '31' '33' '33'],"['B-Organization', 'I-Organization', 'O', 'O', 'O', 'O', 'O', 'O', 'O']",Torpedo Moscow 25 8 9 8 31 33 33,"['Torpedo(B-Organization)', 'Moscow(I-Organization)', '25(O)', '8(O)', '9(O)', '8(O)', '31(O)', '33(O)', '33(O)']",Torpedo(B-Organization) Moscow(I-Organization) 25(O) 8(O) 9(O) 8(O) 31(O) 33(O) 33(O),"Input: Torpedo Moscow 25 8 9 8 31 33 33
Output: Torpedo(B-Organization) Moscow(I-Organization) 25(O) 8(O) 9(O) 8(O) 31(O) 33(O) 33(O)"
5455,['MINNESOTA' '6' 'Texas' '5'],"['B-Organization', 'O', 'B-Organization', 'O']",MINNESOTA 6 Texas 5,"['MINNESOTA(B-Organization)', '6(O)', 'Texas(B-Organization)', '5(O)']",MINNESOTA(B-Organization) 6(O) Texas(B-Organization) 5(O),"Input: MINNESOTA 6 Texas 5
Output: MINNESOTA(B-Organization) 6(O) Texas(B-Organization) 5(O)"
4231,['KHARTOUM' '1996-08-24'],"['B-Location', 'O']",KHARTOUM 1996-08-24,"['KHARTOUM(B-Location)', '1996-08-24(O)']",KHARTOUM(B-Location) 1996-08-24(O),"Input: KHARTOUM 1996-08-24
Output: KHARTOUM(B-Location) 1996-08-24(O)"
6377,"['Kapil' 'Dev' '(' 'India' ')' '434' 'wickets' ',' '131' 'Tests']","['B-Person', 'I-Person', 'O', 'B-Location', 'O', 'O', 'O', 'O', 'O', 'O']","Kapil Dev ( India ) 434 wickets , 131 Tests","['Kapil(B-Person)', 'Dev(I-Person)', '((O)', 'India(B-Location)', ')(O)', '434(O)', 'wickets(O)', ',(O)', '131(O)', 'Tests(O)']","Kapil(B-Person) Dev(I-Person) ((O) India(B-Location) )(O) 434(O) wickets(O) ,(O) 131(O) Tests(O)","Input: Kapil Dev ( India ) 434 wickets , 131 Tests
Output: Kapil(B-Person) Dev(I-Person) ((O) India(B-Location) )(O) 434(O) wickets(O) ,(O) 131(O) Tests(O)"
13561,"['Oil' 'product' 'inventories' 'held' 'in' 'independent' 'tankage' 'in'
 'the' 'Amsterdam-Rotterdam-Antwerp' 'area' 'were' 'at' 'the' 'following'
 'levels' ',' 'with' 'week-ago' 'and' 'year-ago' 'levels' ',' 'industry'
 'sources' 'said' '.']","['O', 'O', 'O', 'O', 'O', 'O', 'O', 'O', 'O', 'B-Location', 'O', 'O', 'O', 'O', 'O', 'O', 'O', 'O', 'O', 'O', 'O', 'O', 'O', 'O', 'O', 'O', 'O']","Oil product inventories held in independent tankage in the Amsterdam-Rotterdam-Antwerp area were at the following levels , with week-ago and year-ago levels , industry sources said .","['Oil(O)', 'product(O)', 'inventories(O)', 'held(O)', 'in(O)', 'independent(O)', 'tankage(O)', 'in(O)', 'the(O)', 'Amsterdam-Rotterdam-Antwerp(B-Location)', 'area(O)', 'were(O)', 'at(O)', 'the(O)', 'following(O)', 'levels(O)', ',(O)', 'with(O)', 'week-ago(O)', 'and(O)', 'year-ago(O)', 'levels(O)', ',(O)', 'industry(O)', 'sources(O)', 'said(O)', '.(O)']","Oil(O) product(O) inventories(O) held(O) in(O) independent(O) tankage(O) in(O) the(O) Amsterdam-Rotterdam-Antwerp(B-Location) area(O) were(O) at(O) the(O) following(O) levels(O) ,(O) with(O) week-ago(O) and(O) year-ago(O) levels(O) ,(O) industry(O) sources(O) said(O) .(O)","Input: Oil product inventories held in independent tankage in the Amsterdam-Rotterdam-Antwerp area were at the following levels , with week-ago and year-ago levels , industry sources said .
Output: Oil(O) product(O) inventories(O) held(O) in(O) independent(O) tankage(O) in(O) the(O) Amsterdam-Rotterdam-Antwerp(B-Location) area(O) were(O) at(O) the(O) following(O) levels(O) ,(O) with(O) week-ago(O) and(O) year-ago(O) levels(O) ,(O) industry(O) sources(O) said(O) .(O)"
6189,"['""' 'They' 'did' 'a' 'good' 'job' 'this' 'year' ',' 'but' 'they' 'need'
 'good' 'diesel' 'and' 'good' 'engine' 'oil' ',' '""' 'said' 'Ivan'
 'Odnosum' '.' '""']","['O', 'O', 'O', 'O', 'O', 'O', 'O', 'O', 'O', 'O', 'O', 'O', 'O', 'O', 'O', 'O', 'O', 'O', 'O', 'O', 'O', 'B-Person', 'I-Person', 'O', 'O']",""" They did a good job this year , but they need good diesel and good engine oil , "" said Ivan Odnosum . ""","['""(O)', 'They(O)', 'did(O)', 'a(O)', 'good(O)', 'job(O)', 'this(O)', 'year(O)', ',(O)', 'but(O)', 'they(O)', 'need(O)', 'good(O)', 'diesel(O)', 'and(O)', 'good(O)', 'engine(O)', 'oil(O)', ',(O)', '""(O)', 'said(O)', 'Ivan(B-Person)', 'Odnosum(I-Person)', '.(O)', '""(O)']","""(O) They(O) did(O) a(O) good(O) job(O) this(O) year(O) ,(O) but(O) they(O) need(O) good(O) diesel(O) and(O) good(O) engine(O) oil(O) ,(O) ""(O) said(O) Ivan(B-Person) Odnosum(I-Person) .(O) ""(O)","Input: "" They did a good job this year , but they need good diesel and good engine oil , "" said Ivan Odnosum . ""
Output: ""(O) They(O) did(O) a(O) good(O) job(O) this(O) year(O) ,(O) but(O) they(O) need(O) good(O) diesel(O) and(O) good(O) engine(O) oil(O) ,(O) ""(O) said(O) Ivan(B-Person) Odnosum(I-Person) .(O) ""(O)"
7888,"['""' 'I' 'have' 'paid' 'too' 'dearly' 'for' 'mixing' 'two' 'careers' ','
 '""' 'Tapie' 'said' '.' '""']","['O', 'O', 'O', 'O', 'O', 'O', 'O', 'O', 'O', 'O', 'O', 'O', 'B-Person', 'O', 'O', 'O']",""" I have paid too dearly for mixing two careers , "" Tapie said . ""","['""(O)', 'I(O)', 'have(O)', 'paid(O)', 'too(O)', 'dearly(O)', 'for(O)', 'mixing(O)', 'two(O)', 'careers(O)', ',(O)', '""(O)', 'Tapie(B-Person)', 'said(O)', '.(O)', '""(O)']","""(O) I(O) have(O) paid(O) too(O) dearly(O) for(O) mixing(O) two(O) careers(O) ,(O) ""(O) Tapie(B-Person) said(O) .(O) ""(O)","Input: "" I have paid too dearly for mixing two careers , "" Tapie said . ""
Output: ""(O) I(O) have(O) paid(O) too(O) dearly(O) for(O) mixing(O) two(O) careers(O) ,(O) ""(O) Tapie(B-Person) said(O) .(O) ""(O)"
6968,"['Olsza' 'is' 'undaunted' 'by' 'the' 'level' 'of' 'competition' 'in' 'the'
 'pros' '.']","['B-Person', 'O', 'O', 'O', 'O', 'O', 'O', 'O', 'O', 'O', 'O', 'O']",Olsza is undaunted by the level of competition in the pros .,"['Olsza(B-Person)', 'is(O)', 'undaunted(O)', 'by(O)', 'the(O)', 'level(O)', 'of(O)', 'competition(O)', 'in(O)', 'the(O)', 'pros(O)', '.(O)']",Olsza(B-Person) is(O) undaunted(O) by(O) the(O) level(O) of(O) competition(O) in(O) the(O) pros(O) .(O),"Input: Olsza is undaunted by the level of competition in the pros .
Output: Olsza(B-Person) is(O) undaunted(O) by(O) the(O) level(O) of(O) competition(O) in(O) the(O) pros(O) .(O)"
6141,"['""' 'The' 'texts' 'are' 'practically' 'ready' ',' '""' 'he' 'told'
 'reporters' 'after' 'a' 'weekend' 'of' 'talks' 'with' 'President'
 'Jacques' 'Chirac' 'in' 'a' 'Riviera' 'fortress' '.']","['O', 'O', 'O', 'O', 'O', 'O', 'O', 'O', 'O', 'O', 'O', 'O', 'O', 'O', 'O', 'O', 'O', 'O', 'B-Person', 'I-Person', 'O', 'O', 'B-Location', 'O', 'O']",""" The texts are practically ready , "" he told reporters after a weekend of talks with President Jacques Chirac in a Riviera fortress .","['""(O)', 'The(O)', 'texts(O)', 'are(O)', 'practically(O)', 'ready(O)', ',(O)', '""(O)', 'he(O)', 'told(O)', 'reporters(O)', 'after(O)', 'a(O)', 'weekend(O)', 'of(O)', 'talks(O)', 'with(O)', 'President(O)', 'Jacques(B-Person)', 'Chirac(I-Person)', 'in(O)', 'a(O)', 'Riviera(B-Location)', 'fortress(O)', '.(O)']","""(O) The(O) texts(O) are(O) practically(O) ready(O) ,(O) ""(O) he(O) told(O) reporters(O) after(O) a(O) weekend(O) of(O) talks(O) with(O) President(O) Jacques(B-Person) Chirac(I-Person) in(O) a(O) Riviera(B-Location) fortress(O) .(O)","Input: "" The texts are practically ready , "" he told reporters after a weekend of talks with President Jacques Chirac in a Riviera fortress .
Output: ""(O) The(O) texts(O) are(O) practically(O) ready(O) ,(O) ""(O) he(O) told(O) reporters(O) after(O) a(O) weekend(O) of(O) talks(O) with(O) President(O) Jacques(B-Person) Chirac(I-Person) in(O) a(O) Riviera(B-Location) fortress(O) .(O)"
2427,['5.' 'Veerle' 'De' 'Jaeghere' '(' 'Belgium' ')' '2:43.18'],"['O', 'B-Person', 'I-Person', 'I-Person', 'O', 'B-Location', 'O', 'O']",5. Veerle De Jaeghere ( Belgium ) 2:43.18,"['5.(O)', 'Veerle(B-Person)', 'De(I-Person)', 'Jaeghere(I-Person)', '((O)', 'Belgium(B-Location)', ')(O)', '2:43.18(O)']",5.(O) Veerle(B-Person) De(I-Person) Jaeghere(I-Person) ((O) Belgium(B-Location) )(O) 2:43.18(O),"Input: 5. Veerle De Jaeghere ( Belgium ) 2:43.18
Output: 5.(O) Veerle(B-Person) De(I-Person) Jaeghere(I-Person) ((O) Belgium(B-Location) )(O) 2:43.18(O)"
11613,"['""' 'Indian' 'fishermen' 'come' 'right' 'up' 'to' 'Pesalai' 'to' 'fish'
 ',' 'and' 'when' 'refugees' 'request' 'them' 'to' 'ferry' 'them' 'across'
 ',' 'they' 'readily' 'oblige' '.']","['O', 'B-Miscellaneous', 'O', 'O', 'O', 'O', 'O', 'B-Location', 'O', 'O', 'O', 'O', 'O', 'O', 'O', 'O', 'O', 'O', 'O', 'O', 'O', 'O', 'O', 'O', 'O']",""" Indian fishermen come right up to Pesalai to fish , and when refugees request them to ferry them across , they readily oblige .","['""(O)', 'Indian(B-Miscellaneous)', 'fishermen(O)', 'come(O)', 'right(O)', 'up(O)', 'to(O)', 'Pesalai(B-Location)', 'to(O)', 'fish(O)', ',(O)', 'and(O)', 'when(O)', 'refugees(O)', 'request(O)', 'them(O)', 'to(O)', 'ferry(O)', 'them(O)', 'across(O)', ',(O)', 'they(O)', 'readily(O)', 'oblige(O)', '.(O)']","""(O) Indian(B-Miscellaneous) fishermen(O) come(O) right(O) up(O) to(O) Pesalai(B-Location) to(O) fish(O) ,(O) and(O) when(O) refugees(O) request(O) them(O) to(O) ferry(O) them(O) across(O) ,(O) they(O) readily(O) oblige(O) .(O)","Input: "" Indian fishermen come right up to Pesalai to fish , and when refugees request them to ferry them across , they readily oblige .
Output: ""(O) Indian(B-Miscellaneous) fishermen(O) come(O) right(O) up(O) to(O) Pesalai(B-Location) to(O) fish(O) ,(O) and(O) when(O) refugees(O) request(O) them(O) to(O) ferry(O) them(O) across(O) ,(O) they(O) readily(O) oblige(O) .(O)"
8525,['MILWAUKEE' '63' '69' '.477' '15' '1/2'],"['B-Organization', 'O', 'O', 'O', 'O', 'O']",MILWAUKEE 63 69 .477 15 1/2,"['MILWAUKEE(B-Organization)', '63(O)', '69(O)', '.477(O)', '15(O)', '1/2(O)']",MILWAUKEE(B-Organization) 63(O) 69(O) .477(O) 15(O) 1/2(O),"Input: MILWAUKEE 63 69 .477 15 1/2
Output: MILWAUKEE(B-Organization) 63(O) 69(O) .477(O) 15(O) 1/2(O)"
8308,['Nick' 'Knight' '3' '5' '0' '190' '113' '38.00'],"['B-Person', 'I-Person', 'O', 'O', 'O', 'O', 'O', 'O']",Nick Knight 3 5 0 190 113 38.00,"['Nick(B-Person)', 'Knight(I-Person)', '3(O)', '5(O)', '0(O)', '190(O)', '113(O)', '38.00(O)']",Nick(B-Person) Knight(I-Person) 3(O) 5(O) 0(O) 190(O) 113(O) 38.00(O),"Input: Nick Knight 3 5 0 190 113 38.00
Output: Nick(B-Person) Knight(I-Person) 3(O) 5(O) 0(O) 190(O) 113(O) 38.00(O)"
11287,"['He' 'added' 'that' 'he' 'did' 'not' 'oppose' 'the' 'idea' 'of' 'opening'
 'a' 'public' 'debate' 'over' 'the' 'issue' '.']","['O', 'O', 'O', 'O', 'O', 'O', 'O', 'O', 'O', 'O', 'O', 'O', 'O', 'O', 'O', 'O', 'O', 'O']",He added that he did not oppose the idea of opening a public debate over the issue .,"['He(O)', 'added(O)', 'that(O)', 'he(O)', 'did(O)', 'not(O)', 'oppose(O)', 'the(O)', 'idea(O)', 'of(O)', 'opening(O)', 'a(O)', 'public(O)', 'debate(O)', 'over(O)', 'the(O)', 'issue(O)', '.(O)']",He(O) added(O) that(O) he(O) did(O) not(O) oppose(O) the(O) idea(O) of(O) opening(O) a(O) public(O) debate(O) over(O) the(O) issue(O) .(O),"Input: He added that he did not oppose the idea of opening a public debate over the issue .
Output: He(O) added(O) that(O) he(O) did(O) not(O) oppose(O) the(O) idea(O) of(O) opening(O) a(O) public(O) debate(O) over(O) the(O) issue(O) .(O)"
1408,"['Organisers' 'flatly' 'denied' 'ever' 'threatening' 'Machado' 'but'
 'immediately' 'put' 'her' 'under' 'wraps' 'and' 'blocked' 'access' 'to'
 'her' '.']","['O', 'O', 'O', 'O', 'O', 'B-Person', 'O', 'O', 'O', 'O', 'O', 'O', 'O', 'O', 'O', 'O', 'O', 'O']",Organisers flatly denied ever threatening Machado but immediately put her under wraps and blocked access to her .,"['Organisers(O)', 'flatly(O)', 'denied(O)', 'ever(O)', 'threatening(O)', 'Machado(B-Person)', 'but(O)', 'immediately(O)', 'put(O)', 'her(O)', 'under(O)', 'wraps(O)', 'and(O)', 'blocked(O)', 'access(O)', 'to(O)', 'her(O)', '.(O)']",Organisers(O) flatly(O) denied(O) ever(O) threatening(O) Machado(B-Person) but(O) immediately(O) put(O) her(O) under(O) wraps(O) and(O) blocked(O) access(O) to(O) her(O) .(O),"Input: Organisers flatly denied ever threatening Machado but immediately put her under wraps and blocked access to her .
Output: Organisers(O) flatly(O) denied(O) ever(O) threatening(O) Machado(B-Person) but(O) immediately(O) put(O) her(O) under(O) wraps(O) and(O) blocked(O) access(O) to(O) her(O) .(O)"
1248,"['""' 'Interviewed' 'in' 'the' 'presence' 'of' 'a' 'psychologist' ',' 'she'
 'said' 'she' 'wanted' 'to' 'use' 'the' 'money' 'for' 'school' 'books'
 'and' 'clothes' ',' '""' 'spokesman' 'Kazimierz' 'Socha' 'told' 'Reuters'
 '.']","['O', 'O', 'O', 'O', 'O', 'O', 'O', 'O', 'O', 'O', 'O', 'O', 'O', 'O', 'O', 'O', 'O', 'O', 'O', 'O', 'O', 'O', 'O', 'O', 'O', 'B-Person', 'I-Person', 'O', 'B-Organization', 'O']",""" Interviewed in the presence of a psychologist , she said she wanted to use the money for school books and clothes , "" spokesman Kazimierz Socha told Reuters .","['""(O)', 'Interviewed(O)', 'in(O)', 'the(O)', 'presence(O)', 'of(O)', 'a(O)', 'psychologist(O)', ',(O)', 'she(O)', 'said(O)', 'she(O)', 'wanted(O)', 'to(O)', 'use(O)', 'the(O)', 'money(O)', 'for(O)', 'school(O)', 'books(O)', 'and(O)', 'clothes(O)', ',(O)', '""(O)', 'spokesman(O)', 'Kazimierz(B-Person)', 'Socha(I-Person)', 'told(O)', 'Reuters(B-Organization)', '.(O)']","""(O) Interviewed(O) in(O) the(O) presence(O) of(O) a(O) psychologist(O) ,(O) she(O) said(O) she(O) wanted(O) to(O) use(O) the(O) money(O) for(O) school(O) books(O) and(O) clothes(O) ,(O) ""(O) spokesman(O) Kazimierz(B-Person) Socha(I-Person) told(O) Reuters(B-Organization) .(O)","Input: "" Interviewed in the presence of a psychologist , she said she wanted to use the money for school books and clothes , "" spokesman Kazimierz Socha told Reuters .
Output: ""(O) Interviewed(O) in(O) the(O) presence(O) of(O) a(O) psychologist(O) ,(O) she(O) said(O) she(O) wanted(O) to(O) use(O) the(O) money(O) for(O) school(O) books(O) and(O) clothes(O) ,(O) ""(O) spokesman(O) Kazimierz(B-Person) Socha(I-Person) told(O) Reuters(B-Organization) .(O)"
12532,['CALIFORNIA' '61' '72' '.459' '14'],"['B-Organization', 'O', 'O', 'O', 'O']",CALIFORNIA 61 72 .459 14,"['CALIFORNIA(B-Organization)', '61(O)', '72(O)', '.459(O)', '14(O)']",CALIFORNIA(B-Organization) 61(O) 72(O) .459(O) 14(O),"Input: CALIFORNIA 61 72 .459 14
Output: CALIFORNIA(B-Organization) 61(O) 72(O) .459(O) 14(O)"
4275,"['Mohamed' 'Ali' 'Khalfallah' ',' 'spokesman' 'for' 'the' 'Movement' 'of'
 'Socialist' 'Democrats' '(' 'MDS' ')' 'said' 'that' 'a' 'bailiff' 'who'
 'was' 'accompagnied' 'by' 'policemen' ',' 'on' 'Saturday' 'ordered' 'the'
 'party' 'to' 'leave' 'the' 'building' '.']","['B-Person', 'I-Person', 'I-Person', 'O', 'O', 'O', 'O', 'B-Organization', 'I-Organization', 'I-Organization', 'I-Organization', 'O', 'B-Organization', 'O', 'O', 'O', 'O', 'O', 'O', 'O', 'O', 'O', 'O', 'O', 'O', 'O', 'O', 'O', 'O', 'O', 'O', 'O', 'O', 'O']","Mohamed Ali Khalfallah , spokesman for the Movement of Socialist Democrats ( MDS ) said that a bailiff who was accompagnied by policemen , on Saturday ordered the party to leave the building .","['Mohamed(B-Person)', 'Ali(I-Person)', 'Khalfallah(I-Person)', ',(O)', 'spokesman(O)', 'for(O)', 'the(O)', 'Movement(B-Organization)', 'of(I-Organization)', 'Socialist(I-Organization)', 'Democrats(I-Organization)', '((O)', 'MDS(B-Organization)', ')(O)', 'said(O)', 'that(O)', 'a(O)', 'bailiff(O)', 'who(O)', 'was(O)', 'accompagnied(O)', 'by(O)', 'policemen(O)', ',(O)', 'on(O)', 'Saturday(O)', 'ordered(O)', 'the(O)', 'party(O)', 'to(O)', 'leave(O)', 'the(O)', 'building(O)', '.(O)']","Mohamed(B-Person) Ali(I-Person) Khalfallah(I-Person) ,(O) spokesman(O) for(O) the(O) Movement(B-Organization) of(I-Organization) Socialist(I-Organization) Democrats(I-Organization) ((O) MDS(B-Organization) )(O) said(O) that(O) a(O) bailiff(O) who(O) was(O) accompagnied(O) by(O) policemen(O) ,(O) on(O) Saturday(O) ordered(O) the(O) party(O) to(O) leave(O) the(O) building(O) .(O)","Input: Mohamed Ali Khalfallah , spokesman for the Movement of Socialist Democrats ( MDS ) said that a bailiff who was accompagnied by policemen , on Saturday ordered the party to leave the building .
Output: Mohamed(B-Person) Ali(I-Person) Khalfallah(I-Person) ,(O) spokesman(O) for(O) the(O) Movement(B-Organization) of(I-Organization) Socialist(I-Organization) Democrats(I-Organization) ((O) MDS(B-Organization) )(O) said(O) that(O) a(O) bailiff(O) who(O) was(O) accompagnied(O) by(O) policemen(O) ,(O) on(O) Saturday(O) ordered(O) the(O) party(O) to(O) leave(O) the(O) building(O) .(O)"
7079,"['But' 'I' 'ca' ""n't"" 'wait' 'to' 'see' 'how' 'good' 'he' ""'ll"" 'be'
 'when' 'he' 'grows' 'up' '.' '""']","['O', 'O', 'O', 'O', 'O', 'O', 'O', 'O', 'O', 'O', 'O', 'O', 'O', 'O', 'O', 'O', 'O', 'O']","But I ca n't wait to see how good he 'll be when he grows up . ""","['But(O)', 'I(O)', 'ca(O)', ""n't(O)"", 'wait(O)', 'to(O)', 'see(O)', 'how(O)', 'good(O)', 'he(O)', ""'ll(O)"", 'be(O)', 'when(O)', 'he(O)', 'grows(O)', 'up(O)', '.(O)', '""(O)']","But(O) I(O) ca(O) n't(O) wait(O) to(O) see(O) how(O) good(O) he(O) 'll(O) be(O) when(O) he(O) grows(O) up(O) .(O) ""(O)","Input: But I ca n't wait to see how good he 'll be when he grows up . ""
Output: But(O) I(O) ca(O) n't(O) wait(O) to(O) see(O) how(O) good(O) he(O) 'll(O) be(O) when(O) he(O) grows(O) up(O) .(O) ""(O)"
6398,['Surrey' '13' '6' '1' '6' '37' '48' '199'],"['B-Organization', 'O', 'O', 'O', 'O', 'O', 'O', 'O']",Surrey 13 6 1 6 37 48 199,"['Surrey(B-Organization)', '13(O)', '6(O)', '1(O)', '6(O)', '37(O)', '48(O)', '199(O)']",Surrey(B-Organization) 13(O) 6(O) 1(O) 6(O) 37(O) 48(O) 199(O),"Input: Surrey 13 6 1 6 37 48 199
Output: Surrey(B-Organization) 13(O) 6(O) 1(O) 6(O) 37(O) 48(O) 199(O)"
13670,"['America' ',' 'however' ',' 'is' 'looking' 'a' 'little' 'better' ',' '""'
 'he' 'said' '.']","['B-Location', 'O', 'O', 'O', 'O', 'O', 'O', 'O', 'O', 'O', 'O', 'O', 'O', 'O']","America , however , is looking a little better , "" he said .","['America(B-Location)', ',(O)', 'however(O)', ',(O)', 'is(O)', 'looking(O)', 'a(O)', 'little(O)', 'better(O)', ',(O)', '""(O)', 'he(O)', 'said(O)', '.(O)']","America(B-Location) ,(O) however(O) ,(O) is(O) looking(O) a(O) little(O) better(O) ,(O) ""(O) he(O) said(O) .(O)","Input: America , however , is looking a little better , "" he said .
Output: America(B-Location) ,(O) however(O) ,(O) is(O) looking(O) a(O) little(O) better(O) ,(O) ""(O) he(O) said(O) .(O)"
6133,"['Weinstein' 'was' 'found' 'dead' 'last' 'weekend' 'alongside' 'the'
 'bodies' 'of' 'eight-year-olds' 'Julie' 'Lejeune' 'and' 'Melissa' 'Russo'
 'in' 'a' 'house' 'belonging' 'to' 'Detroux' ',' 'who' 'said' 'they'
 'starved' 'to' 'death' 'earlier' 'this' 'year' ',' 'nine' 'months'
 'after' 'being' 'abducted' 'in' 'June' '1995' '.']","['B-Person', 'O', 'O', 'O', 'O', 'O', 'O', 'O', 'O', 'O', 'O', 'B-Person', 'I-Person', 'O', 'B-Person', 'I-Person', 'O', 'O', 'O', 'O', 'O', 'B-Person', 'O', 'O', 'O', 'O', 'O', 'O', 'O', 'O', 'O', 'O', 'O', 'O', 'O', 'O', 'O', 'O', 'O', 'O', 'O', 'O']","Weinstein was found dead last weekend alongside the bodies of eight-year-olds Julie Lejeune and Melissa Russo in a house belonging to Detroux , who said they starved to death earlier this year , nine months after being abducted in June 1995 .","['Weinstein(B-Person)', 'was(O)', 'found(O)', 'dead(O)', 'last(O)', 'weekend(O)', 'alongside(O)', 'the(O)', 'bodies(O)', 'of(O)', 'eight-year-olds(O)', 'Julie(B-Person)', 'Lejeune(I-Person)', 'and(O)', 'Melissa(B-Person)', 'Russo(I-Person)', 'in(O)', 'a(O)', 'house(O)', 'belonging(O)', 'to(O)', 'Detroux(B-Person)', ',(O)', 'who(O)', 'said(O)', 'they(O)', 'starved(O)', 'to(O)', 'death(O)', 'earlier(O)', 'this(O)', 'year(O)', ',(O)', 'nine(O)', 'months(O)', 'after(O)', 'being(O)', 'abducted(O)', 'in(O)', 'June(O)', '1995(O)', '.(O)']","Weinstein(B-Person) was(O) found(O) dead(O) last(O) weekend(O) alongside(O) the(O) bodies(O) of(O) eight-year-olds(O) Julie(B-Person) Lejeune(I-Person) and(O) Melissa(B-Person) Russo(I-Person) in(O) a(O) house(O) belonging(O) to(O) Detroux(B-Person) ,(O) who(O) said(O) they(O) starved(O) to(O) death(O) earlier(O) this(O) year(O) ,(O) nine(O) months(O) after(O) being(O) abducted(O) in(O) June(O) 1995(O) .(O)","Input: Weinstein was found dead last weekend alongside the bodies of eight-year-olds Julie Lejeune and Melissa Russo in a house belonging to Detroux , who said they starved to death earlier this year , nine months after being abducted in June 1995 .
Output: Weinstein(B-Person) was(O) found(O) dead(O) last(O) weekend(O) alongside(O) the(O) bodies(O) of(O) eight-year-olds(O) Julie(B-Person) Lejeune(I-Person) and(O) Melissa(B-Person) Russo(I-Person) in(O) a(O) house(O) belonging(O) to(O) Detroux(B-Person) ,(O) who(O) said(O) they(O) starved(O) to(O) death(O) earlier(O) this(O) year(O) ,(O) nine(O) months(O) after(O) being(O) abducted(O) in(O) June(O) 1995(O) .(O)"
965,['19.' 'France' '8.18'],"['O', 'B-Location', 'O']",19. France 8.18,"['19.(O)', 'France(B-Location)', '8.18(O)']",19.(O) France(B-Location) 8.18(O),"Input: 19. France 8.18
Output: 19.(O) France(B-Location) 8.18(O)"
7704,"['Reagan' 'recovered' 'fully' 'from' 'his' 'wounds' 'but' 'Brady' ','
 'who' 'was' 'close' 'to' 'death' 'after' 'being' 'shot' 'by' 'John'
 'Hinckley' 'Jr' '.']","['B-Person', 'O', 'O', 'O', 'O', 'O', 'O', 'B-Person', 'O', 'O', 'O', 'O', 'O', 'O', 'O', 'O', 'O', 'O', 'B-Person', 'I-Person', 'I-Person', 'O']","Reagan recovered fully from his wounds but Brady , who was close to death after being shot by John Hinckley Jr .","['Reagan(B-Person)', 'recovered(O)', 'fully(O)', 'from(O)', 'his(O)', 'wounds(O)', 'but(O)', 'Brady(B-Person)', ',(O)', 'who(O)', 'was(O)', 'close(O)', 'to(O)', 'death(O)', 'after(O)', 'being(O)', 'shot(O)', 'by(O)', 'John(B-Person)', 'Hinckley(I-Person)', 'Jr(I-Person)', '.(O)']","Reagan(B-Person) recovered(O) fully(O) from(O) his(O) wounds(O) but(O) Brady(B-Person) ,(O) who(O) was(O) close(O) to(O) death(O) after(O) being(O) shot(O) by(O) John(B-Person) Hinckley(I-Person) Jr(I-Person) .(O)","Input: Reagan recovered fully from his wounds but Brady , who was close to death after being shot by John Hinckley Jr .
Output: Reagan(B-Person) recovered(O) fully(O) from(O) his(O) wounds(O) but(O) Brady(B-Person) ,(O) who(O) was(O) close(O) to(O) death(O) after(O) being(O) shot(O) by(O) John(B-Person) Hinckley(I-Person) Jr(I-Person) .(O)"
2358,['4.' 'Ato' 'Boldon' '(' 'Trinidad' ')' '10.12'],"['O', 'B-Person', 'I-Person', 'O', 'B-Location', 'O', 'O']",4. Ato Boldon ( Trinidad ) 10.12,"['4.(O)', 'Ato(B-Person)', 'Boldon(I-Person)', '((O)', 'Trinidad(B-Location)', ')(O)', '10.12(O)']",4.(O) Ato(B-Person) Boldon(I-Person) ((O) Trinidad(B-Location) )(O) 10.12(O),"Input: 4. Ato Boldon ( Trinidad ) 10.12
Output: 4.(O) Ato(B-Person) Boldon(I-Person) ((O) Trinidad(B-Location) )(O) 10.12(O)"
8428,"['1' '-' 'Pete' 'Sampras' '(' 'U.S.' ')' 'beat' 'Jimy' 'Szymanski' '('
 'Venezuela' ')' '6-2' '6-2' '6' '-' '1']","['O', 'O', 'B-Person', 'I-Person', 'O', 'B-Location', 'O', 'O', 'B-Person', 'I-Person', 'O', 'B-Location', 'O', 'O', 'O', 'O', 'O', 'O']",1 - Pete Sampras ( U.S. ) beat Jimy Szymanski ( Venezuela ) 6-2 6-2 6 - 1,"['1(O)', '-(O)', 'Pete(B-Person)', 'Sampras(I-Person)', '((O)', 'U.S.(B-Location)', ')(O)', 'beat(O)', 'Jimy(B-Person)', 'Szymanski(I-Person)', '((O)', 'Venezuela(B-Location)', ')(O)', '6-2(O)', '6-2(O)', '6(O)', '-(O)', '1(O)']",1(O) -(O) Pete(B-Person) Sampras(I-Person) ((O) U.S.(B-Location) )(O) beat(O) Jimy(B-Person) Szymanski(I-Person) ((O) Venezuela(B-Location) )(O) 6-2(O) 6-2(O) 6(O) -(O) 1(O),"Input: 1 - Pete Sampras ( U.S. ) beat Jimy Szymanski ( Venezuela ) 6-2 6-2 6 - 1
Output: 1(O) -(O) Pete(B-Person) Sampras(I-Person) ((O) U.S.(B-Location) )(O) beat(O) Jimy(B-Person) Szymanski(I-Person) ((O) Venezuela(B-Location) )(O) 6-2(O) 6-2(O) 6(O) -(O) 1(O)"
13998,['Practice' 'times' 'set' 'on' 'Friday'],"['O', 'O', 'O', 'O', 'O']",Practice times set on Friday,"['Practice(O)', 'times(O)', 'set(O)', 'on(O)', 'Friday(O)']",Practice(O) times(O) set(O) on(O) Friday(O),"Input: Practice times set on Friday
Output: Practice(O) times(O) set(O) on(O) Friday(O)"
10940,['U.S.' 'Treasury' 'balances' 'at' 'Fed' 'rose' 'on' 'Aug' '27' '.'],"['B-Organization', 'I-Organization', 'O', 'O', 'B-Organization', 'O', 'O', 'O', 'O', 'O']",U.S. Treasury balances at Fed rose on Aug 27 .,"['U.S.(B-Organization)', 'Treasury(I-Organization)', 'balances(O)', 'at(O)', 'Fed(B-Organization)', 'rose(O)', 'on(O)', 'Aug(O)', '27(O)', '.(O)']",U.S.(B-Organization) Treasury(I-Organization) balances(O) at(O) Fed(B-Organization) rose(O) on(O) Aug(O) 27(O) .(O),"Input: U.S. Treasury balances at Fed rose on Aug 27 .
Output: U.S.(B-Organization) Treasury(I-Organization) balances(O) at(O) Fed(B-Organization) rose(O) on(O) Aug(O) 27(O) .(O)"
8517,['BALTIMORE' '69' '61' '.531' '5'],"['B-Organization', 'O', 'O', 'O', 'O']",BALTIMORE 69 61 .531 5,"['BALTIMORE(B-Organization)', '69(O)', '61(O)', '.531(O)', '5(O)']",BALTIMORE(B-Organization) 69(O) 61(O) .531(O) 5(O),"Input: BALTIMORE 69 61 .531 5
Output: BALTIMORE(B-Organization) 69(O) 61(O) .531(O) 5(O)"
8925,"['Diplomats' 'say' 'the' 'effect' 'of' 'the' 'electoral' 'engineering'
 'would' 'be' 'to' 'establish' 'political' 'control' 'over' 'districts'
 'they' 'conquered' 'and' 'ethnically' 'cleansed' 'in' 'war' '.']","['O', 'O', 'O', 'O', 'O', 'O', 'O', 'O', 'O', 'O', 'O', 'O', 'O', 'O', 'O', 'O', 'O', 'O', 'O', 'O', 'O', 'O', 'O', 'O']",Diplomats say the effect of the electoral engineering would be to establish political control over districts they conquered and ethnically cleansed in war .,"['Diplomats(O)', 'say(O)', 'the(O)', 'effect(O)', 'of(O)', 'the(O)', 'electoral(O)', 'engineering(O)', 'would(O)', 'be(O)', 'to(O)', 'establish(O)', 'political(O)', 'control(O)', 'over(O)', 'districts(O)', 'they(O)', 'conquered(O)', 'and(O)', 'ethnically(O)', 'cleansed(O)', 'in(O)', 'war(O)', '.(O)']",Diplomats(O) say(O) the(O) effect(O) of(O) the(O) electoral(O) engineering(O) would(O) be(O) to(O) establish(O) political(O) control(O) over(O) districts(O) they(O) conquered(O) and(O) ethnically(O) cleansed(O) in(O) war(O) .(O),"Input: Diplomats say the effect of the electoral engineering would be to establish political control over districts they conquered and ethnically cleansed in war .
Output: Diplomats(O) say(O) the(O) effect(O) of(O) the(O) electoral(O) engineering(O) would(O) be(O) to(O) establish(O) political(O) control(O) over(O) districts(O) they(O) conquered(O) and(O) ethnically(O) cleansed(O) in(O) war(O) .(O)"
9307,['State' ':' 'OH'],"['O', 'O', 'B-Location']",State : OH,"['State(O)', ':(O)', 'OH(B-Location)']",State(O) :(O) OH(B-Location),"Input: State : OH
Output: State(O) :(O) OH(B-Location)"
12993,"['Peres' 'is' 'expected' 'to' 'fly' 'home' 'on' 'Friday' ',' 'officials'
 'said' '.']","['B-Person', 'O', 'O', 'O', 'O', 'O', 'O', 'O', 'O', 'O', 'O', 'O']","Peres is expected to fly home on Friday , officials said .","['Peres(B-Person)', 'is(O)', 'expected(O)', 'to(O)', 'fly(O)', 'home(O)', 'on(O)', 'Friday(O)', ',(O)', 'officials(O)', 'said(O)', '.(O)']","Peres(B-Person) is(O) expected(O) to(O) fly(O) home(O) on(O) Friday(O) ,(O) officials(O) said(O) .(O)","Input: Peres is expected to fly home on Friday , officials said .
Output: Peres(B-Person) is(O) expected(O) to(O) fly(O) home(O) on(O) Friday(O) ,(O) officials(O) said(O) .(O)"
13604,['OSLO' '1996-08-29'],"['B-Location', 'O']",OSLO 1996-08-29,"['OSLO(B-Location)', '1996-08-29(O)']",OSLO(B-Location) 1996-08-29(O),"Input: OSLO 1996-08-29
Output: OSLO(B-Location) 1996-08-29(O)"
1057,"['""' 'Three' 'of' 'the' 'four' 'children' 'had' 'Crohn' ""'s"" 'disease' ','
 '""' 'Wakefield' ""'s"" 'group' 'wrote' 'in' 'the' 'Lancet' 'medical'
 'journal' '.']","['O', 'O', 'O', 'O', 'O', 'O', 'O', 'B-Person', 'O', 'O', 'O', 'O', 'B-Person', 'O', 'O', 'O', 'O', 'O', 'B-Organization', 'O', 'O', 'O']",""" Three of the four children had Crohn 's disease , "" Wakefield 's group wrote in the Lancet medical journal .","['""(O)', 'Three(O)', 'of(O)', 'the(O)', 'four(O)', 'children(O)', 'had(O)', 'Crohn(B-Person)', ""'s(O)"", 'disease(O)', ',(O)', '""(O)', 'Wakefield(B-Person)', ""'s(O)"", 'group(O)', 'wrote(O)', 'in(O)', 'the(O)', 'Lancet(B-Organization)', 'medical(O)', 'journal(O)', '.(O)']","""(O) Three(O) of(O) the(O) four(O) children(O) had(O) Crohn(B-Person) 's(O) disease(O) ,(O) ""(O) Wakefield(B-Person) 's(O) group(O) wrote(O) in(O) the(O) Lancet(B-Organization) medical(O) journal(O) .(O)","Input: "" Three of the four children had Crohn 's disease , "" Wakefield 's group wrote in the Lancet medical journal .
Output: ""(O) Three(O) of(O) the(O) four(O) children(O) had(O) Crohn(B-Person) 's(O) disease(O) ,(O) ""(O) Wakefield(B-Person) 's(O) group(O) wrote(O) in(O) the(O) Lancet(B-Organization) medical(O) journal(O) .(O)"
7671,"['""' 'They' 'want' 'to' 'drive' 'you' 'out' 'of' 'politics' 'and' 'they'
 'ca' ""n't"" ',' '""' 'he' 'added' '.' '""']","['O', 'O', 'O', 'O', 'O', 'O', 'O', 'O', 'O', 'O', 'O', 'O', 'O', 'O', 'O', 'O', 'O', 'O', 'O']",""" They want to drive you out of politics and they ca n't , "" he added . ""","['""(O)', 'They(O)', 'want(O)', 'to(O)', 'drive(O)', 'you(O)', 'out(O)', 'of(O)', 'politics(O)', 'and(O)', 'they(O)', 'ca(O)', ""n't(O)"", ',(O)', '""(O)', 'he(O)', 'added(O)', '.(O)', '""(O)']","""(O) They(O) want(O) to(O) drive(O) you(O) out(O) of(O) politics(O) and(O) they(O) ca(O) n't(O) ,(O) ""(O) he(O) added(O) .(O) ""(O)","Input: "" They want to drive you out of politics and they ca n't , "" he added . ""
Output: ""(O) They(O) want(O) to(O) drive(O) you(O) out(O) of(O) politics(O) and(O) they(O) ca(O) n't(O) ,(O) ""(O) he(O) added(O) .(O) ""(O)"
7649,"['He' 'said' 'Talbott' ',' 'who' 'was' 'scheduled' 'to' 'return' 'on'
 'Tuesday' ',' 'would' 'also' 'to' 'meet' 'his' 'Canadian' 'counterpart'
 ',' 'Gordon' 'Smith' ',' 'in' 'Ottawa' 'for' 'talks' 'that' 'would'
 'include' 'the' 'situation' 'in' 'Haiti' '.']","['O', 'O', 'B-Person', 'O', 'O', 'O', 'O', 'O', 'O', 'O', 'O', 'O', 'O', 'O', 'O', 'O', 'O', 'B-Miscellaneous', 'O', 'O', 'B-Person', 'I-Person', 'O', 'O', 'B-Location', 'O', 'O', 'O', 'O', 'O', 'O', 'O', 'O', 'B-Location', 'O']","He said Talbott , who was scheduled to return on Tuesday , would also to meet his Canadian counterpart , Gordon Smith , in Ottawa for talks that would include the situation in Haiti .","['He(O)', 'said(O)', 'Talbott(B-Person)', ',(O)', 'who(O)', 'was(O)', 'scheduled(O)', 'to(O)', 'return(O)', 'on(O)', 'Tuesday(O)', ',(O)', 'would(O)', 'also(O)', 'to(O)', 'meet(O)', 'his(O)', 'Canadian(B-Miscellaneous)', 'counterpart(O)', ',(O)', 'Gordon(B-Person)', 'Smith(I-Person)', ',(O)', 'in(O)', 'Ottawa(B-Location)', 'for(O)', 'talks(O)', 'that(O)', 'would(O)', 'include(O)', 'the(O)', 'situation(O)', 'in(O)', 'Haiti(B-Location)', '.(O)']","He(O) said(O) Talbott(B-Person) ,(O) who(O) was(O) scheduled(O) to(O) return(O) on(O) Tuesday(O) ,(O) would(O) also(O) to(O) meet(O) his(O) Canadian(B-Miscellaneous) counterpart(O) ,(O) Gordon(B-Person) Smith(I-Person) ,(O) in(O) Ottawa(B-Location) for(O) talks(O) that(O) would(O) include(O) the(O) situation(O) in(O) Haiti(B-Location) .(O)","Input: He said Talbott , who was scheduled to return on Tuesday , would also to meet his Canadian counterpart , Gordon Smith , in Ottawa for talks that would include the situation in Haiti .
Output: He(O) said(O) Talbott(B-Person) ,(O) who(O) was(O) scheduled(O) to(O) return(O) on(O) Tuesday(O) ,(O) would(O) also(O) to(O) meet(O) his(O) Canadian(B-Miscellaneous) counterpart(O) ,(O) Gordon(B-Person) Smith(I-Person) ,(O) in(O) Ottawa(B-Location) for(O) talks(O) that(O) would(O) include(O) the(O) situation(O) in(O) Haiti(B-Location) .(O)"
1591,"['Gupta' 'said' 'there' 'might' 'be' 'an' 'increase' 'in' 'the' 'number'
 'of' 'people' 'infiltrating' 'the' 'Kashmir' 'valley' 'to' 'create'
 'disturbance' 'in' 'the' 'region' '.']","['B-Person', 'O', 'O', 'O', 'O', 'O', 'O', 'O', 'O', 'O', 'O', 'O', 'O', 'O', 'B-Location', 'O', 'O', 'O', 'O', 'O', 'O', 'O', 'O']",Gupta said there might be an increase in the number of people infiltrating the Kashmir valley to create disturbance in the region .,"['Gupta(B-Person)', 'said(O)', 'there(O)', 'might(O)', 'be(O)', 'an(O)', 'increase(O)', 'in(O)', 'the(O)', 'number(O)', 'of(O)', 'people(O)', 'infiltrating(O)', 'the(O)', 'Kashmir(B-Location)', 'valley(O)', 'to(O)', 'create(O)', 'disturbance(O)', 'in(O)', 'the(O)', 'region(O)', '.(O)']",Gupta(B-Person) said(O) there(O) might(O) be(O) an(O) increase(O) in(O) the(O) number(O) of(O) people(O) infiltrating(O) the(O) Kashmir(B-Location) valley(O) to(O) create(O) disturbance(O) in(O) the(O) region(O) .(O),"Input: Gupta said there might be an increase in the number of people infiltrating the Kashmir valley to create disturbance in the region .
Output: Gupta(B-Person) said(O) there(O) might(O) be(O) an(O) increase(O) in(O) the(O) number(O) of(O) people(O) infiltrating(O) the(O) Kashmir(B-Location) valley(O) to(O) create(O) disturbance(O) in(O) the(O) region(O) .(O)"
194,['Zhirinovsky' 'visited' 'Iraq' 'twice' 'in' '1995' '.'],"['B-Person', 'O', 'B-Location', 'O', 'O', 'O', 'O']",Zhirinovsky visited Iraq twice in 1995 .,"['Zhirinovsky(B-Person)', 'visited(O)', 'Iraq(B-Location)', 'twice(O)', 'in(O)', '1995(O)', '.(O)']",Zhirinovsky(B-Person) visited(O) Iraq(B-Location) twice(O) in(O) 1995(O) .(O),"Input: Zhirinovsky visited Iraq twice in 1995 .
Output: Zhirinovsky(B-Person) visited(O) Iraq(B-Location) twice(O) in(O) 1995(O) .(O)"
13462,"['*' 'Sierra' 'Semiconductor' 'Corp' 'puts' 'modem' 'chipset' 'line' 'up'
 'for' 'sale' 'and' 'sets' 'layoffs' '.']","['O', 'B-Organization', 'I-Organization', 'I-Organization', 'O', 'O', 'O', 'O', 'O', 'O', 'O', 'O', 'O', 'O', 'O']",* Sierra Semiconductor Corp puts modem chipset line up for sale and sets layoffs .,"['*(O)', 'Sierra(B-Organization)', 'Semiconductor(I-Organization)', 'Corp(I-Organization)', 'puts(O)', 'modem(O)', 'chipset(O)', 'line(O)', 'up(O)', 'for(O)', 'sale(O)', 'and(O)', 'sets(O)', 'layoffs(O)', '.(O)']",*(O) Sierra(B-Organization) Semiconductor(I-Organization) Corp(I-Organization) puts(O) modem(O) chipset(O) line(O) up(O) for(O) sale(O) and(O) sets(O) layoffs(O) .(O),"Input: * Sierra Semiconductor Corp puts modem chipset line up for sale and sets layoffs .
Output: *(O) Sierra(B-Organization) Semiconductor(I-Organization) Corp(I-Organization) puts(O) modem(O) chipset(O) line(O) up(O) for(O) sale(O) and(O) sets(O) layoffs(O) .(O)"
11246,['Yeltsin' 'sent' 'him' 'there' 'to' 'compromise' 'him' '.'],"['B-Person', 'O', 'O', 'O', 'O', 'O', 'O', 'O']",Yeltsin sent him there to compromise him .,"['Yeltsin(B-Person)', 'sent(O)', 'him(O)', 'there(O)', 'to(O)', 'compromise(O)', 'him(O)', '.(O)']",Yeltsin(B-Person) sent(O) him(O) there(O) to(O) compromise(O) him(O) .(O),"Input: Yeltsin sent him there to compromise him .
Output: Yeltsin(B-Person) sent(O) him(O) there(O) to(O) compromise(O) him(O) .(O)"
10552,['SOCCER' '-' 'SUMMARY' 'OF' 'SPANISH' 'SUPER' 'CUP' '.'],"['O', 'O', 'O', 'O', 'B-Miscellaneous', 'B-Miscellaneous', 'I-Miscellaneous', 'O']",SOCCER - SUMMARY OF SPANISH SUPER CUP .,"['SOCCER(O)', '-(O)', 'SUMMARY(O)', 'OF(O)', 'SPANISH(B-Miscellaneous)', 'SUPER(B-Miscellaneous)', 'CUP(I-Miscellaneous)', '.(O)']",SOCCER(O) -(O) SUMMARY(O) OF(O) SPANISH(B-Miscellaneous) SUPER(B-Miscellaneous) CUP(I-Miscellaneous) .(O),"Input: SOCCER - SUMMARY OF SPANISH SUPER CUP .
Output: SOCCER(O) -(O) SUMMARY(O) OF(O) SPANISH(B-Miscellaneous) SUPER(B-Miscellaneous) CUP(I-Miscellaneous) .(O)"
12776,"['The' 'queen' 'will' 'be' 'accompanied' 'by' 'her' 'husband' 'Prince'
 'Claus' 'on' 'the' 'September' '30' 'to' 'October' '3' 'visit' '.']","['O', 'O', 'O', 'O', 'O', 'O', 'O', 'O', 'O', 'B-Person', 'O', 'O', 'O', 'O', 'O', 'O', 'O', 'O', 'O']",The queen will be accompanied by her husband Prince Claus on the September 30 to October 3 visit .,"['The(O)', 'queen(O)', 'will(O)', 'be(O)', 'accompanied(O)', 'by(O)', 'her(O)', 'husband(O)', 'Prince(O)', 'Claus(B-Person)', 'on(O)', 'the(O)', 'September(O)', '30(O)', 'to(O)', 'October(O)', '3(O)', 'visit(O)', '.(O)']",The(O) queen(O) will(O) be(O) accompanied(O) by(O) her(O) husband(O) Prince(O) Claus(B-Person) on(O) the(O) September(O) 30(O) to(O) October(O) 3(O) visit(O) .(O),"Input: The queen will be accompanied by her husband Prince Claus on the September 30 to October 3 visit .
Output: The(O) queen(O) will(O) be(O) accompanied(O) by(O) her(O) husband(O) Prince(O) Claus(B-Person) on(O) the(O) September(O) 30(O) to(O) October(O) 3(O) visit(O) .(O)"
3175,['ATHENS' '1996-08-23'],"['B-Location', 'O']",ATHENS 1996-08-23,"['ATHENS(B-Location)', '1996-08-23(O)']",ATHENS(B-Location) 1996-08-23(O),"Input: ATHENS 1996-08-23
Output: ATHENS(B-Location) 1996-08-23(O)"
9149,"['Lanusse' 'died' 'after' 'being' 'brought' 'to' 'a' 'hospital' 'a' 'week'
 'ago' 'following' 'a' 'fall' 'at' 'home' 'that' 'resulted' 'in' 'a'
 'blood' 'clot' 'in' 'the' 'brain' '.']","['B-Person', 'O', 'O', 'O', 'O', 'O', 'O', 'O', 'O', 'O', 'O', 'O', 'O', 'O', 'O', 'O', 'O', 'O', 'O', 'O', 'O', 'O', 'O', 'O', 'O', 'O']",Lanusse died after being brought to a hospital a week ago following a fall at home that resulted in a blood clot in the brain .,"['Lanusse(B-Person)', 'died(O)', 'after(O)', 'being(O)', 'brought(O)', 'to(O)', 'a(O)', 'hospital(O)', 'a(O)', 'week(O)', 'ago(O)', 'following(O)', 'a(O)', 'fall(O)', 'at(O)', 'home(O)', 'that(O)', 'resulted(O)', 'in(O)', 'a(O)', 'blood(O)', 'clot(O)', 'in(O)', 'the(O)', 'brain(O)', '.(O)']",Lanusse(B-Person) died(O) after(O) being(O) brought(O) to(O) a(O) hospital(O) a(O) week(O) ago(O) following(O) a(O) fall(O) at(O) home(O) that(O) resulted(O) in(O) a(O) blood(O) clot(O) in(O) the(O) brain(O) .(O),"Input: Lanusse died after being brought to a hospital a week ago following a fall at home that resulted in a blood clot in the brain .
Output: Lanusse(B-Person) died(O) after(O) being(O) brought(O) to(O) a(O) hospital(O) a(O) week(O) ago(O) following(O) a(O) fall(O) at(O) home(O) that(O) resulted(O) in(O) a(O) blood(O) clot(O) in(O) the(O) brain(O) .(O)"
1939,"['At' 'Headingley' ':' 'Yorkshire' '529-8' 'declared' '(' 'C.' 'White'
 '181' ',']","['O', 'B-Location', 'O', 'B-Organization', 'O', 'O', 'O', 'B-Person', 'I-Person', 'O', 'O']","At Headingley : Yorkshire 529-8 declared ( C. White 181 ,","['At(O)', 'Headingley(B-Location)', ':(O)', 'Yorkshire(B-Organization)', '529-8(O)', 'declared(O)', '((O)', 'C.(B-Person)', 'White(I-Person)', '181(O)', ',(O)']","At(O) Headingley(B-Location) :(O) Yorkshire(B-Organization) 529-8(O) declared(O) ((O) C.(B-Person) White(I-Person) 181(O) ,(O)","Input: At Headingley : Yorkshire 529-8 declared ( C. White 181 ,
Output: At(O) Headingley(B-Location) :(O) Yorkshire(B-Organization) 529-8(O) declared(O) ((O) C.(B-Person) White(I-Person) 181(O) ,(O)"
1891,['number' 'denotes' 'seeding' ')' ':'],"['O', 'O', 'O', 'O', 'O']",number denotes seeding ) :,"['number(O)', 'denotes(O)', 'seeding(O)', ')(O)', ':(O)']",number(O) denotes(O) seeding(O) )(O) :(O),"Input: number denotes seeding ) :
Output: number(O) denotes(O) seeding(O) )(O) :(O)"
1902,['LONDON' '1996-08-23'],"['B-Location', 'O']",LONDON 1996-08-23,"['LONDON(B-Location)', '1996-08-23(O)']",LONDON(B-Location) 1996-08-23(O),"Input: LONDON 1996-08-23
Output: LONDON(B-Location) 1996-08-23(O)"
3728,"['The' 'win' 'gave' 'the' 'All' 'Blacks' 'an' 'unbeatable' '2-0' 'lead'
 'in' 'the' 'three-test' 'series' '.']","['O', 'O', 'O', 'O', 'B-Organization', 'I-Organization', 'O', 'O', 'O', 'O', 'O', 'O', 'O', 'O', 'O']",The win gave the All Blacks an unbeatable 2-0 lead in the three-test series .,"['The(O)', 'win(O)', 'gave(O)', 'the(O)', 'All(B-Organization)', 'Blacks(I-Organization)', 'an(O)', 'unbeatable(O)', '2-0(O)', 'lead(O)', 'in(O)', 'the(O)', 'three-test(O)', 'series(O)', '.(O)']",The(O) win(O) gave(O) the(O) All(B-Organization) Blacks(I-Organization) an(O) unbeatable(O) 2-0(O) lead(O) in(O) the(O) three-test(O) series(O) .(O),"Input: The win gave the All Blacks an unbeatable 2-0 lead in the three-test series .
Output: The(O) win(O) gave(O) the(O) All(B-Organization) Blacks(I-Organization) an(O) unbeatable(O) 2-0(O) lead(O) in(O) the(O) three-test(O) series(O) .(O)"
13327,['tax' 'provision'],"['O', 'O']",tax provision,"['tax(O)', 'provision(O)']",tax(O) provision(O),"Input: tax provision
Output: tax(O) provision(O)"
13293,"['""' 'It' ""'s"" 'a' 'positive' 'strategic' 'move' ',' '""' 'said' 'Miles'
 'Kan' 'of' 'Hambrecht' '&' 'Quist' '.']","['O', 'O', 'O', 'O', 'O', 'O', 'O', 'O', 'O', 'O', 'B-Person', 'I-Person', 'O', 'B-Organization', 'I-Organization', 'I-Organization', 'O']",""" It 's a positive strategic move , "" said Miles Kan of Hambrecht & Quist .","['""(O)', 'It(O)', ""'s(O)"", 'a(O)', 'positive(O)', 'strategic(O)', 'move(O)', ',(O)', '""(O)', 'said(O)', 'Miles(B-Person)', 'Kan(I-Person)', 'of(O)', 'Hambrecht(B-Organization)', '&(I-Organization)', 'Quist(I-Organization)', '.(O)']","""(O) It(O) 's(O) a(O) positive(O) strategic(O) move(O) ,(O) ""(O) said(O) Miles(B-Person) Kan(I-Person) of(O) Hambrecht(B-Organization) &(I-Organization) Quist(I-Organization) .(O)","Input: "" It 's a positive strategic move , "" said Miles Kan of Hambrecht & Quist .
Output: ""(O) It(O) 's(O) a(O) positive(O) strategic(O) move(O) ,(O) ""(O) said(O) Miles(B-Person) Kan(I-Person) of(O) Hambrecht(B-Organization) &(I-Organization) Quist(I-Organization) .(O)"
5452,['Toronto' '9' 'CHICAGO' '2'],"['B-Organization', 'O', 'B-Organization', 'O']",Toronto 9 CHICAGO 2,"['Toronto(B-Organization)', '9(O)', 'CHICAGO(B-Organization)', '2(O)']",Toronto(B-Organization) 9(O) CHICAGO(B-Organization) 2(O),"Input: Toronto 9 CHICAGO 2
Output: Toronto(B-Organization) 9(O) CHICAGO(B-Organization) 2(O)"
1422,"['There' ""'s"" 'no' 'problem' 'whatsoever' ',' '""' 'he' 'told' 'Reuters'
 '.']","['O', 'O', 'O', 'O', 'O', 'O', 'O', 'O', 'O', 'B-Organization', 'O']","There 's no problem whatsoever , "" he told Reuters .","['There(O)', ""'s(O)"", 'no(O)', 'problem(O)', 'whatsoever(O)', ',(O)', '""(O)', 'he(O)', 'told(O)', 'Reuters(B-Organization)', '.(O)']","There(O) 's(O) no(O) problem(O) whatsoever(O) ,(O) ""(O) he(O) told(O) Reuters(B-Organization) .(O)","Input: There 's no problem whatsoever , "" he told Reuters .
Output: There(O) 's(O) no(O) problem(O) whatsoever(O) ,(O) ""(O) he(O) told(O) Reuters(B-Organization) .(O)"
1639,['Last' 'April' 'she' 'fractured' 'her' 'left' 'collar' 'bone' '.'],"['O', 'O', 'O', 'O', 'O', 'O', 'O', 'O', 'O']",Last April she fractured her left collar bone .,"['Last(O)', 'April(O)', 'she(O)', 'fractured(O)', 'her(O)', 'left(O)', 'collar(O)', 'bone(O)', '.(O)']",Last(O) April(O) she(O) fractured(O) her(O) left(O) collar(O) bone(O) .(O),"Input: Last April she fractured her left collar bone .
Output: Last(O) April(O) she(O) fractured(O) her(O) left(O) collar(O) bone(O) .(O)"
12585,['Results' 'of' 'Major' 'League'],"['O', 'O', 'B-Miscellaneous', 'I-Miscellaneous']",Results of Major League,"['Results(O)', 'of(O)', 'Major(B-Miscellaneous)', 'League(I-Miscellaneous)']",Results(O) of(O) Major(B-Miscellaneous) League(I-Miscellaneous),"Input: Results of Major League
Output: Results(O) of(O) Major(B-Miscellaneous) League(I-Miscellaneous)"
3680,['Brentford' '3' 'Luton' '2'],"['B-Organization', 'O', 'B-Organization', 'O']",Brentford 3 Luton 2,"['Brentford(B-Organization)', '3(O)', 'Luton(B-Organization)', '2(O)']",Brentford(B-Organization) 3(O) Luton(B-Organization) 2(O),"Input: Brentford 3 Luton 2
Output: Brentford(B-Organization) 3(O) Luton(B-Organization) 2(O)"
13639,['Finns' 'hold' 'two' 'men' 'on' 'child' 'sex-abuse' 'charges' '.'],"['B-Miscellaneous', 'O', 'O', 'O', 'O', 'O', 'O', 'O', 'O']",Finns hold two men on child sex-abuse charges .,"['Finns(B-Miscellaneous)', 'hold(O)', 'two(O)', 'men(O)', 'on(O)', 'child(O)', 'sex-abuse(O)', 'charges(O)', '.(O)']",Finns(B-Miscellaneous) hold(O) two(O) men(O) on(O) child(O) sex-abuse(O) charges(O) .(O),"Input: Finns hold two men on child sex-abuse charges .
Output: Finns(B-Miscellaneous) hold(O) two(O) men(O) on(O) child(O) sex-abuse(O) charges(O) .(O)"
13905,"['An' 'estimated' '50,000' 'people' ',' 'including' 'more' 'than' '110'
 'foreigners' ',' 'have' 'been' 'killed' 'in' 'Algeria' ""'s"" 'violence'
 'pitting' 'Moslem' 'rebels' 'against' 'government' 'forces' 'since'
 'early' '1992' 'when' 'authorities' 'in' 'Algeria' 'cancelled' 'a'
 'general' 'election' 'in' 'which' 'FIS' 'had' 'taken' 'a' 'commanding'
 'lead' '.']","['O', 'O', 'O', 'O', 'O', 'O', 'O', 'O', 'O', 'O', 'O', 'O', 'O', 'O', 'O', 'B-Location', 'O', 'O', 'O', 'B-Miscellaneous', 'O', 'O', 'O', 'O', 'O', 'O', 'O', 'O', 'O', 'O', 'B-Location', 'O', 'O', 'O', 'O', 'O', 'O', 'B-Organization', 'O', 'O', 'O', 'O', 'O', 'O']","An estimated 50,000 people , including more than 110 foreigners , have been killed in Algeria 's violence pitting Moslem rebels against government forces since early 1992 when authorities in Algeria cancelled a general election in which FIS had taken a commanding lead .","['An(O)', 'estimated(O)', '50,000(O)', 'people(O)', ',(O)', 'including(O)', 'more(O)', 'than(O)', '110(O)', 'foreigners(O)', ',(O)', 'have(O)', 'been(O)', 'killed(O)', 'in(O)', 'Algeria(B-Location)', ""'s(O)"", 'violence(O)', 'pitting(O)', 'Moslem(B-Miscellaneous)', 'rebels(O)', 'against(O)', 'government(O)', 'forces(O)', 'since(O)', 'early(O)', '1992(O)', 'when(O)', 'authorities(O)', 'in(O)', 'Algeria(B-Location)', 'cancelled(O)', 'a(O)', 'general(O)', 'election(O)', 'in(O)', 'which(O)', 'FIS(B-Organization)', 'had(O)', 'taken(O)', 'a(O)', 'commanding(O)', 'lead(O)', '.(O)']","An(O) estimated(O) 50,000(O) people(O) ,(O) including(O) more(O) than(O) 110(O) foreigners(O) ,(O) have(O) been(O) killed(O) in(O) Algeria(B-Location) 's(O) violence(O) pitting(O) Moslem(B-Miscellaneous) rebels(O) against(O) government(O) forces(O) since(O) early(O) 1992(O) when(O) authorities(O) in(O) Algeria(B-Location) cancelled(O) a(O) general(O) election(O) in(O) which(O) FIS(B-Organization) had(O) taken(O) a(O) commanding(O) lead(O) .(O)","Input: An estimated 50,000 people , including more than 110 foreigners , have been killed in Algeria 's violence pitting Moslem rebels against government forces since early 1992 when authorities in Algeria cancelled a general election in which FIS had taken a commanding lead .
Output: An(O) estimated(O) 50,000(O) people(O) ,(O) including(O) more(O) than(O) 110(O) foreigners(O) ,(O) have(O) been(O) killed(O) in(O) Algeria(B-Location) 's(O) violence(O) pitting(O) Moslem(B-Miscellaneous) rebels(O) against(O) government(O) forces(O) since(O) early(O) 1992(O) when(O) authorities(O) in(O) Algeria(B-Location) cancelled(O) a(O) general(O) election(O) in(O) which(O) FIS(B-Organization) had(O) taken(O) a(O) commanding(O) lead(O) .(O)"
11491,"['--' 'Oliver' 'Ludwig' ',' 'New' 'York' 'Energy' 'Desk' '+1' '212' '859'
 '1633']","['O', 'B-Person', 'I-Person', 'O', 'B-Organization', 'I-Organization', 'I-Organization', 'I-Organization', 'O', 'O', 'O', 'O']","-- Oliver Ludwig , New York Energy Desk +1 212 859 1633","['--(O)', 'Oliver(B-Person)', 'Ludwig(I-Person)', ',(O)', 'New(B-Organization)', 'York(I-Organization)', 'Energy(I-Organization)', 'Desk(I-Organization)', '+1(O)', '212(O)', '859(O)', '1633(O)']","--(O) Oliver(B-Person) Ludwig(I-Person) ,(O) New(B-Organization) York(I-Organization) Energy(I-Organization) Desk(I-Organization) +1(O) 212(O) 859(O) 1633(O)","Input: -- Oliver Ludwig , New York Energy Desk +1 212 859 1633
Output: --(O) Oliver(B-Person) Ludwig(I-Person) ,(O) New(B-Organization) York(I-Organization) Energy(I-Organization) Desk(I-Organization) +1(O) 212(O) 859(O) 1633(O)"
3405,['5.' 'Gerhard' 'Berger' '(' 'Austria' ')' 'Benetton' '1:51.960'],"['O', 'B-Person', 'I-Person', 'O', 'B-Location', 'O', 'B-Organization', 'O']",5. Gerhard Berger ( Austria ) Benetton 1:51.960,"['5.(O)', 'Gerhard(B-Person)', 'Berger(I-Person)', '((O)', 'Austria(B-Location)', ')(O)', 'Benetton(B-Organization)', '1:51.960(O)']",5.(O) Gerhard(B-Person) Berger(I-Person) ((O) Austria(B-Location) )(O) Benetton(B-Organization) 1:51.960(O),"Input: 5. Gerhard Berger ( Austria ) Benetton 1:51.960
Output: 5.(O) Gerhard(B-Person) Berger(I-Person) ((O) Austria(B-Location) )(O) Benetton(B-Organization) 1:51.960(O)"
9958,['3.' 'Gabi' 'Rokmeier' '(' 'Germany' ')' '11.61'],"['O', 'B-Person', 'I-Person', 'O', 'B-Location', 'O', 'O']",3. Gabi Rokmeier ( Germany ) 11.61,"['3.(O)', 'Gabi(B-Person)', 'Rokmeier(I-Person)', '((O)', 'Germany(B-Location)', ')(O)', '11.61(O)']",3.(O) Gabi(B-Person) Rokmeier(I-Person) ((O) Germany(B-Location) )(O) 11.61(O),"Input: 3. Gabi Rokmeier ( Germany ) 11.61
Output: 3.(O) Gabi(B-Person) Rokmeier(I-Person) ((O) Germany(B-Location) )(O) 11.61(O)"
7262,"['Of' 'that' 'amount' ',' '4.05' 'million' 'and' '5.67' 'million' 'shares'
 'will' 'be' 'allocated' 'to' 'the' 'company' ""'s"" 'trade' 'creditors' '.']","['O', 'O', 'O', 'O', 'O', 'O', 'O', 'O', 'O', 'O', 'O', 'O', 'O', 'O', 'O', 'O', 'O', 'O', 'O', 'O']","Of that amount , 4.05 million and 5.67 million shares will be allocated to the company 's trade creditors .","['Of(O)', 'that(O)', 'amount(O)', ',(O)', '4.05(O)', 'million(O)', 'and(O)', '5.67(O)', 'million(O)', 'shares(O)', 'will(O)', 'be(O)', 'allocated(O)', 'to(O)', 'the(O)', 'company(O)', ""'s(O)"", 'trade(O)', 'creditors(O)', '.(O)']","Of(O) that(O) amount(O) ,(O) 4.05(O) million(O) and(O) 5.67(O) million(O) shares(O) will(O) be(O) allocated(O) to(O) the(O) company(O) 's(O) trade(O) creditors(O) .(O)","Input: Of that amount , 4.05 million and 5.67 million shares will be allocated to the company 's trade creditors .
Output: Of(O) that(O) amount(O) ,(O) 4.05(O) million(O) and(O) 5.67(O) million(O) shares(O) will(O) be(O) allocated(O) to(O) the(O) company(O) 's(O) trade(O) creditors(O) .(O)"
1165,['W' 'D' 'L' 'G' '/' 'F' 'G' '/' 'A' 'P'],"['O', 'O', 'O', 'O', 'O', 'O', 'O', 'O', 'O', 'O']",W D L G / F G / A P,"['W(O)', 'D(O)', 'L(O)', 'G(O)', '/(O)', 'F(O)', 'G(O)', '/(O)', 'A(O)', 'P(O)']",W(O) D(O) L(O) G(O) /(O) F(O) G(O) /(O) A(O) P(O),"Input: W D L G / F G / A P
Output: W(O) D(O) L(O) G(O) /(O) F(O) G(O) /(O) A(O) P(O)"
1985,"['England' 'were' 'all' 'out' 'for' '326' 'in' 'their' 'first' 'innings'
 'on' 'the' 'second' 'day' 'of' 'the' 'third' 'and' 'final' 'test'
 'against' 'Pakistan' 'at' 'The' 'Oval' 'on' 'Friday' '.']","['B-Location', 'O', 'O', 'O', 'O', 'O', 'O', 'O', 'O', 'O', 'O', 'O', 'O', 'O', 'O', 'O', 'O', 'O', 'O', 'O', 'O', 'B-Location', 'O', 'B-Location', 'I-Location', 'O', 'O', 'O']",England were all out for 326 in their first innings on the second day of the third and final test against Pakistan at The Oval on Friday .,"['England(B-Location)', 'were(O)', 'all(O)', 'out(O)', 'for(O)', '326(O)', 'in(O)', 'their(O)', 'first(O)', 'innings(O)', 'on(O)', 'the(O)', 'second(O)', 'day(O)', 'of(O)', 'the(O)', 'third(O)', 'and(O)', 'final(O)', 'test(O)', 'against(O)', 'Pakistan(B-Location)', 'at(O)', 'The(B-Location)', 'Oval(I-Location)', 'on(O)', 'Friday(O)', '.(O)']",England(B-Location) were(O) all(O) out(O) for(O) 326(O) in(O) their(O) first(O) innings(O) on(O) the(O) second(O) day(O) of(O) the(O) third(O) and(O) final(O) test(O) against(O) Pakistan(B-Location) at(O) The(B-Location) Oval(I-Location) on(O) Friday(O) .(O),"Input: England were all out for 326 in their first innings on the second day of the third and final test against Pakistan at The Oval on Friday .
Output: England(B-Location) were(O) all(O) out(O) for(O) 326(O) in(O) their(O) first(O) innings(O) on(O) the(O) second(O) day(O) of(O) the(O) third(O) and(O) final(O) test(O) against(O) Pakistan(B-Location) at(O) The(B-Location) Oval(I-Location) on(O) Friday(O) .(O)"
8892,['NAIROBI' '1996-08-27'],"['B-Location', 'O']",NAIROBI 1996-08-27,"['NAIROBI(B-Location)', '1996-08-27(O)']",NAIROBI(B-Location) 1996-08-27(O),"Input: NAIROBI 1996-08-27
Output: NAIROBI(B-Location) 1996-08-27(O)"
3464,"['AKRON' ',' 'Ohio' '1996-08-23']","['B-Location', 'O', 'B-Location', 'O']","AKRON , Ohio 1996-08-23","['AKRON(B-Location)', ',(O)', 'Ohio(B-Location)', '1996-08-23(O)']","AKRON(B-Location) ,(O) Ohio(B-Location) 1996-08-23(O)","Input: AKRON , Ohio 1996-08-23
Output: AKRON(B-Location) ,(O) Ohio(B-Location) 1996-08-23(O)"
8854,"['The' 'Chicago' 'Board' 'Options' 'Exchange' '(' 'CBOE' ')' 'said' 'on'
 'Tuesday' 'it' 'was' 'doing' 'a' 'routine' 'investigation' 'into'
 'trading' 'in' 'options' 'on' 'MFS' 'Communications' 'Co' 'Inc' 'shares'
 '.']","['O', 'B-Organization', 'I-Organization', 'I-Organization', 'I-Organization', 'O', 'B-Organization', 'O', 'O', 'O', 'O', 'O', 'O', 'O', 'O', 'O', 'O', 'O', 'O', 'O', 'O', 'O', 'B-Organization', 'I-Organization', 'I-Organization', 'I-Organization', 'O', 'O']",The Chicago Board Options Exchange ( CBOE ) said on Tuesday it was doing a routine investigation into trading in options on MFS Communications Co Inc shares .,"['The(O)', 'Chicago(B-Organization)', 'Board(I-Organization)', 'Options(I-Organization)', 'Exchange(I-Organization)', '((O)', 'CBOE(B-Organization)', ')(O)', 'said(O)', 'on(O)', 'Tuesday(O)', 'it(O)', 'was(O)', 'doing(O)', 'a(O)', 'routine(O)', 'investigation(O)', 'into(O)', 'trading(O)', 'in(O)', 'options(O)', 'on(O)', 'MFS(B-Organization)', 'Communications(I-Organization)', 'Co(I-Organization)', 'Inc(I-Organization)', 'shares(O)', '.(O)']",The(O) Chicago(B-Organization) Board(I-Organization) Options(I-Organization) Exchange(I-Organization) ((O) CBOE(B-Organization) )(O) said(O) on(O) Tuesday(O) it(O) was(O) doing(O) a(O) routine(O) investigation(O) into(O) trading(O) in(O) options(O) on(O) MFS(B-Organization) Communications(I-Organization) Co(I-Organization) Inc(I-Organization) shares(O) .(O),"Input: The Chicago Board Options Exchange ( CBOE ) said on Tuesday it was doing a routine investigation into trading in options on MFS Communications Co Inc shares .
Output: The(O) Chicago(B-Organization) Board(I-Organization) Options(I-Organization) Exchange(I-Organization) ((O) CBOE(B-Organization) )(O) said(O) on(O) Tuesday(O) it(O) was(O) doing(O) a(O) routine(O) investigation(O) into(O) trading(O) in(O) options(O) on(O) MFS(B-Organization) Communications(I-Organization) Co(I-Organization) Inc(I-Organization) shares(O) .(O)"
13654,"['--' 'John' 'Gilardi' ',' 'Frankfurt' 'Newsroom' ',' '+49' '69' '756525']","['O', 'B-Person', 'I-Person', 'O', 'B-Organization', 'I-Organization', 'O', 'O', 'O', 'O']","-- John Gilardi , Frankfurt Newsroom , +49 69 756525","['--(O)', 'John(B-Person)', 'Gilardi(I-Person)', ',(O)', 'Frankfurt(B-Organization)', 'Newsroom(I-Organization)', ',(O)', '+49(O)', '69(O)', '756525(O)']","--(O) John(B-Person) Gilardi(I-Person) ,(O) Frankfurt(B-Organization) Newsroom(I-Organization) ,(O) +49(O) 69(O) 756525(O)","Input: -- John Gilardi , Frankfurt Newsroom , +49 69 756525
Output: --(O) John(B-Person) Gilardi(I-Person) ,(O) Frankfurt(B-Organization) Newsroom(I-Organization) ,(O) +49(O) 69(O) 756525(O)"
13100,"['When' 'Schein' 'returned' 'two' 'of' 'the' 'suitcases' 'were' 'missing'
 '.']","['O', 'B-Person', 'O', 'O', 'O', 'O', 'O', 'O', 'O', 'O']",When Schein returned two of the suitcases were missing .,"['When(O)', 'Schein(B-Person)', 'returned(O)', 'two(O)', 'of(O)', 'the(O)', 'suitcases(O)', 'were(O)', 'missing(O)', '.(O)']",When(O) Schein(B-Person) returned(O) two(O) of(O) the(O) suitcases(O) were(O) missing(O) .(O),"Input: When Schein returned two of the suitcases were missing .
Output: When(O) Schein(B-Person) returned(O) two(O) of(O) the(O) suitcases(O) were(O) missing(O) .(O)"
8942,"['The' 'Chechens' 'said' 'a' 'renegade' 'group' 'seized' 'the' 'weapons'
 'and' 'said' 'on' 'Monday' 'they' 'had' 'all' 'been' 'returned' '.']","['O', 'B-Miscellaneous', 'O', 'O', 'O', 'O', 'O', 'O', 'O', 'O', 'O', 'O', 'O', 'O', 'O', 'O', 'O', 'O', 'O']",The Chechens said a renegade group seized the weapons and said on Monday they had all been returned .,"['The(O)', 'Chechens(B-Miscellaneous)', 'said(O)', 'a(O)', 'renegade(O)', 'group(O)', 'seized(O)', 'the(O)', 'weapons(O)', 'and(O)', 'said(O)', 'on(O)', 'Monday(O)', 'they(O)', 'had(O)', 'all(O)', 'been(O)', 'returned(O)', '.(O)']",The(O) Chechens(B-Miscellaneous) said(O) a(O) renegade(O) group(O) seized(O) the(O) weapons(O) and(O) said(O) on(O) Monday(O) they(O) had(O) all(O) been(O) returned(O) .(O),"Input: The Chechens said a renegade group seized the weapons and said on Monday they had all been returned .
Output: The(O) Chechens(B-Miscellaneous) said(O) a(O) renegade(O) group(O) seized(O) the(O) weapons(O) and(O) said(O) on(O) Monday(O) they(O) had(O) all(O) been(O) returned(O) .(O)"
569,"['Scorers' ':' 'Drazen' 'Beser' '(' '63rd' ')' ',' 'Miljenko' 'Mumler' '('
 'penalty' ',']","['O', 'O', 'B-Person', 'I-Person', 'O', 'O', 'O', 'O', 'B-Person', 'I-Person', 'O', 'O', 'O']","Scorers : Drazen Beser ( 63rd ) , Miljenko Mumler ( penalty ,","['Scorers(O)', ':(O)', 'Drazen(B-Person)', 'Beser(I-Person)', '((O)', '63rd(O)', ')(O)', ',(O)', 'Miljenko(B-Person)', 'Mumler(I-Person)', '((O)', 'penalty(O)', ',(O)']","Scorers(O) :(O) Drazen(B-Person) Beser(I-Person) ((O) 63rd(O) )(O) ,(O) Miljenko(B-Person) Mumler(I-Person) ((O) penalty(O) ,(O)","Input: Scorers : Drazen Beser ( 63rd ) , Miljenko Mumler ( penalty ,
Output: Scorers(O) :(O) Drazen(B-Person) Beser(I-Person) ((O) 63rd(O) )(O) ,(O) Miljenko(B-Person) Mumler(I-Person) ((O) penalty(O) ,(O)"
6831,['Portuguesa' '3' 'Atletico' 'Mineiro' '1'],"['B-Organization', 'O', 'B-Organization', 'I-Organization', 'O']",Portuguesa 3 Atletico Mineiro 1,"['Portuguesa(B-Organization)', '3(O)', 'Atletico(B-Organization)', 'Mineiro(I-Organization)', '1(O)']",Portuguesa(B-Organization) 3(O) Atletico(B-Organization) Mineiro(I-Organization) 1(O),"Input: Portuguesa 3 Atletico Mineiro 1
Output: Portuguesa(B-Organization) 3(O) Atletico(B-Organization) Mineiro(I-Organization) 1(O)"
2050,"['Wing' 'Pieter' 'Hendriks' 'is' 'expected' 'to' 'retain' 'his' 'place'
 ',' 'following' 'speculation' 'that' 'Snyman' 'would' 'be' 'picked' 'out'
 'of' 'position' 'on' 'the' 'wing' '.']","['O', 'B-Person', 'I-Person', 'O', 'O', 'O', 'O', 'O', 'O', 'O', 'O', 'O', 'O', 'B-Person', 'O', 'O', 'O', 'O', 'O', 'O', 'O', 'O', 'O', 'O']","Wing Pieter Hendriks is expected to retain his place , following speculation that Snyman would be picked out of position on the wing .","['Wing(O)', 'Pieter(B-Person)', 'Hendriks(I-Person)', 'is(O)', 'expected(O)', 'to(O)', 'retain(O)', 'his(O)', 'place(O)', ',(O)', 'following(O)', 'speculation(O)', 'that(O)', 'Snyman(B-Person)', 'would(O)', 'be(O)', 'picked(O)', 'out(O)', 'of(O)', 'position(O)', 'on(O)', 'the(O)', 'wing(O)', '.(O)']","Wing(O) Pieter(B-Person) Hendriks(I-Person) is(O) expected(O) to(O) retain(O) his(O) place(O) ,(O) following(O) speculation(O) that(O) Snyman(B-Person) would(O) be(O) picked(O) out(O) of(O) position(O) on(O) the(O) wing(O) .(O)","Input: Wing Pieter Hendriks is expected to retain his place , following speculation that Snyman would be picked out of position on the wing .
Output: Wing(O) Pieter(B-Person) Hendriks(I-Person) is(O) expected(O) to(O) retain(O) his(O) place(O) ,(O) following(O) speculation(O) that(O) Snyman(B-Person) would(O) be(O) picked(O) out(O) of(O) position(O) on(O) the(O) wing(O) .(O)"
1017,"['MINNETONKA' ',' 'Minn' '.']","['B-Location', 'O', 'B-Location', 'O']","MINNETONKA , Minn .","['MINNETONKA(B-Location)', ',(O)', 'Minn(B-Location)', '.(O)']","MINNETONKA(B-Location) ,(O) Minn(B-Location) .(O)","Input: MINNETONKA , Minn .
Output: MINNETONKA(B-Location) ,(O) Minn(B-Location) .(O)"
9393,"['The' 'blue-chip' 'CAC-40' 'index' 'ended' '2.43' 'points' 'or' '0.12'
 'percent' 'lower' 'at' '2,017.99' 'points' 'after' 'a' 'brief' 'foray'
 'into' 'positive' 'territory' 'when' 'the' 'New' 'York' 'stock' 'market'
 'opened' 'higher' '.']","['O', 'O', 'B-Miscellaneous', 'O', 'O', 'O', 'O', 'O', 'O', 'O', 'O', 'O', 'O', 'O', 'O', 'O', 'O', 'O', 'O', 'O', 'O', 'O', 'O', 'B-Location', 'I-Location', 'O', 'O', 'O', 'O', 'O']","The blue-chip CAC-40 index ended 2.43 points or 0.12 percent lower at 2,017.99 points after a brief foray into positive territory when the New York stock market opened higher .","['The(O)', 'blue-chip(O)', 'CAC-40(B-Miscellaneous)', 'index(O)', 'ended(O)', '2.43(O)', 'points(O)', 'or(O)', '0.12(O)', 'percent(O)', 'lower(O)', 'at(O)', '2,017.99(O)', 'points(O)', 'after(O)', 'a(O)', 'brief(O)', 'foray(O)', 'into(O)', 'positive(O)', 'territory(O)', 'when(O)', 'the(O)', 'New(B-Location)', 'York(I-Location)', 'stock(O)', 'market(O)', 'opened(O)', 'higher(O)', '.(O)']","The(O) blue-chip(O) CAC-40(B-Miscellaneous) index(O) ended(O) 2.43(O) points(O) or(O) 0.12(O) percent(O) lower(O) at(O) 2,017.99(O) points(O) after(O) a(O) brief(O) foray(O) into(O) positive(O) territory(O) when(O) the(O) New(B-Location) York(I-Location) stock(O) market(O) opened(O) higher(O) .(O)","Input: The blue-chip CAC-40 index ended 2.43 points or 0.12 percent lower at 2,017.99 points after a brief foray into positive territory when the New York stock market opened higher .
Output: The(O) blue-chip(O) CAC-40(B-Miscellaneous) index(O) ended(O) 2.43(O) points(O) or(O) 0.12(O) percent(O) lower(O) at(O) 2,017.99(O) points(O) after(O) a(O) brief(O) foray(O) into(O) positive(O) territory(O) when(O) the(O) New(B-Location) York(I-Location) stock(O) market(O) opened(O) higher(O) .(O)"
4519,"['292' 'Wayne' 'Westner' '(' 'South' 'Africa' ')' '77' '68' '73' '74' ','
 'Sven' 'Struver' '(']","['O', 'B-Person', 'I-Person', 'O', 'B-Location', 'I-Location', 'O', 'O', 'O', 'O', 'O', 'O', 'B-Person', 'I-Person', 'O']","292 Wayne Westner ( South Africa ) 77 68 73 74 , Sven Struver (","['292(O)', 'Wayne(B-Person)', 'Westner(I-Person)', '((O)', 'South(B-Location)', 'Africa(I-Location)', ')(O)', '77(O)', '68(O)', '73(O)', '74(O)', ',(O)', 'Sven(B-Person)', 'Struver(I-Person)', '((O)']","292(O) Wayne(B-Person) Westner(I-Person) ((O) South(B-Location) Africa(I-Location) )(O) 77(O) 68(O) 73(O) 74(O) ,(O) Sven(B-Person) Struver(I-Person) ((O)","Input: 292 Wayne Westner ( South Africa ) 77 68 73 74 , Sven Struver (
Output: 292(O) Wayne(B-Person) Westner(I-Person) ((O) South(B-Location) Africa(I-Location) )(O) 77(O) 68(O) 73(O) 74(O) ,(O) Sven(B-Person) Struver(I-Person) ((O)"
2266,"['scores' 'in' 'the' 'German' 'Open' 'golf' 'championship' 'on' 'Friday'
 '(' 'Britain']","['O', 'O', 'O', 'B-Miscellaneous', 'I-Miscellaneous', 'O', 'O', 'O', 'O', 'O', 'B-Location']",scores in the German Open golf championship on Friday ( Britain,"['scores(O)', 'in(O)', 'the(O)', 'German(B-Miscellaneous)', 'Open(I-Miscellaneous)', 'golf(O)', 'championship(O)', 'on(O)', 'Friday(O)', '((O)', 'Britain(B-Location)']",scores(O) in(O) the(O) German(B-Miscellaneous) Open(I-Miscellaneous) golf(O) championship(O) on(O) Friday(O) ((O) Britain(B-Location),"Input: scores in the German Open golf championship on Friday ( Britain
Output: scores(O) in(O) the(O) German(B-Miscellaneous) Open(I-Miscellaneous) golf(O) championship(O) on(O) Friday(O) ((O) Britain(B-Location)"
4457,"['A' 'small' 'team' 'of' 'engineers' 'from' 'Sun' 'Microsystems' 'Inc.'
 ""'s"" 'JavaSoft' 'unit' 'said' 'Sunday' 'they' 'have' 'formed' 'a' 'new'
 'company' ',' 'dubbed' 'Internet' 'Startup' ',' 'to' 'build' 'Java'
 'infrastructure' 'software' '.']","['O', 'O', 'O', 'O', 'O', 'O', 'B-Organization', 'I-Organization', 'I-Organization', 'O', 'B-Organization', 'O', 'O', 'O', 'O', 'O', 'O', 'O', 'O', 'O', 'O', 'O', 'B-Organization', 'I-Organization', 'O', 'O', 'O', 'B-Miscellaneous', 'O', 'O', 'O']","A small team of engineers from Sun Microsystems Inc. 's JavaSoft unit said Sunday they have formed a new company , dubbed Internet Startup , to build Java infrastructure software .","['A(O)', 'small(O)', 'team(O)', 'of(O)', 'engineers(O)', 'from(O)', 'Sun(B-Organization)', 'Microsystems(I-Organization)', 'Inc.(I-Organization)', ""'s(O)"", 'JavaSoft(B-Organization)', 'unit(O)', 'said(O)', 'Sunday(O)', 'they(O)', 'have(O)', 'formed(O)', 'a(O)', 'new(O)', 'company(O)', ',(O)', 'dubbed(O)', 'Internet(B-Organization)', 'Startup(I-Organization)', ',(O)', 'to(O)', 'build(O)', 'Java(B-Miscellaneous)', 'infrastructure(O)', 'software(O)', '.(O)']","A(O) small(O) team(O) of(O) engineers(O) from(O) Sun(B-Organization) Microsystems(I-Organization) Inc.(I-Organization) 's(O) JavaSoft(B-Organization) unit(O) said(O) Sunday(O) they(O) have(O) formed(O) a(O) new(O) company(O) ,(O) dubbed(O) Internet(B-Organization) Startup(I-Organization) ,(O) to(O) build(O) Java(B-Miscellaneous) infrastructure(O) software(O) .(O)","Input: A small team of engineers from Sun Microsystems Inc. 's JavaSoft unit said Sunday they have formed a new company , dubbed Internet Startup , to build Java infrastructure software .
Output: A(O) small(O) team(O) of(O) engineers(O) from(O) Sun(B-Organization) Microsystems(I-Organization) Inc.(I-Organization) 's(O) JavaSoft(B-Organization) unit(O) said(O) Sunday(O) they(O) have(O) formed(O) a(O) new(O) company(O) ,(O) dubbed(O) Internet(B-Organization) Startup(I-Organization) ,(O) to(O) build(O) Java(B-Miscellaneous) infrastructure(O) software(O) .(O)"
3275,"['Up' 'to' '100,000' 'tonnes' 'of' 'copper' 'held' 'in' 'Shanghai'
 'bonded' 'warehouses' ',' 'confounding' 'the' 'world' 'market' 'as' 'to'
 'its' 'source' 'and' 'ultimate' 'fate' ',' 'probably' 'belongs' 'to'
 'China' ""'s"" 'strategic' 'state' 'reserve' ',' 'industry' 'sources'
 'said' 'on' 'Friday' '.']","['O', 'O', 'O', 'O', 'O', 'O', 'O', 'O', 'B-Location', 'O', 'O', 'O', 'O', 'O', 'O', 'O', 'O', 'O', 'O', 'O', 'O', 'O', 'O', 'O', 'O', 'O', 'O', 'B-Location', 'O', 'O', 'O', 'O', 'O', 'O', 'O', 'O', 'O', 'O', 'O']","Up to 100,000 tonnes of copper held in Shanghai bonded warehouses , confounding the world market as to its source and ultimate fate , probably belongs to China 's strategic state reserve , industry sources said on Friday .","['Up(O)', 'to(O)', '100,000(O)', 'tonnes(O)', 'of(O)', 'copper(O)', 'held(O)', 'in(O)', 'Shanghai(B-Location)', 'bonded(O)', 'warehouses(O)', ',(O)', 'confounding(O)', 'the(O)', 'world(O)', 'market(O)', 'as(O)', 'to(O)', 'its(O)', 'source(O)', 'and(O)', 'ultimate(O)', 'fate(O)', ',(O)', 'probably(O)', 'belongs(O)', 'to(O)', 'China(B-Location)', ""'s(O)"", 'strategic(O)', 'state(O)', 'reserve(O)', ',(O)', 'industry(O)', 'sources(O)', 'said(O)', 'on(O)', 'Friday(O)', '.(O)']","Up(O) to(O) 100,000(O) tonnes(O) of(O) copper(O) held(O) in(O) Shanghai(B-Location) bonded(O) warehouses(O) ,(O) confounding(O) the(O) world(O) market(O) as(O) to(O) its(O) source(O) and(O) ultimate(O) fate(O) ,(O) probably(O) belongs(O) to(O) China(B-Location) 's(O) strategic(O) state(O) reserve(O) ,(O) industry(O) sources(O) said(O) on(O) Friday(O) .(O)","Input: Up to 100,000 tonnes of copper held in Shanghai bonded warehouses , confounding the world market as to its source and ultimate fate , probably belongs to China 's strategic state reserve , industry sources said on Friday .
Output: Up(O) to(O) 100,000(O) tonnes(O) of(O) copper(O) held(O) in(O) Shanghai(B-Location) bonded(O) warehouses(O) ,(O) confounding(O) the(O) world(O) market(O) as(O) to(O) its(O) source(O) and(O) ultimate(O) fate(O) ,(O) probably(O) belongs(O) to(O) China(B-Location) 's(O) strategic(O) state(O) reserve(O) ,(O) industry(O) sources(O) said(O) on(O) Friday(O) .(O)"
6177,"['Police' 'said' 'they' 'fought' 'armed' 'activists' 'from' 'the' 'BNP'
 ',' 'headed' 'by' 'former' 'prime' 'minister' 'Begum' 'Khaleda' 'Zia' '.']","['O', 'O', 'O', 'O', 'O', 'O', 'O', 'O', 'B-Organization', 'O', 'O', 'O', 'O', 'O', 'O', 'B-Person', 'I-Person', 'I-Person', 'O']","Police said they fought armed activists from the BNP , headed by former prime minister Begum Khaleda Zia .","['Police(O)', 'said(O)', 'they(O)', 'fought(O)', 'armed(O)', 'activists(O)', 'from(O)', 'the(O)', 'BNP(B-Organization)', ',(O)', 'headed(O)', 'by(O)', 'former(O)', 'prime(O)', 'minister(O)', 'Begum(B-Person)', 'Khaleda(I-Person)', 'Zia(I-Person)', '.(O)']","Police(O) said(O) they(O) fought(O) armed(O) activists(O) from(O) the(O) BNP(B-Organization) ,(O) headed(O) by(O) former(O) prime(O) minister(O) Begum(B-Person) Khaleda(I-Person) Zia(I-Person) .(O)","Input: Police said they fought armed activists from the BNP , headed by former prime minister Begum Khaleda Zia .
Output: Police(O) said(O) they(O) fought(O) armed(O) activists(O) from(O) the(O) BNP(B-Organization) ,(O) headed(O) by(O) former(O) prime(O) minister(O) Begum(B-Person) Khaleda(I-Person) Zia(I-Person) .(O)"
11325,['BANGKOK' '1996-08-28'],"['B-Location', 'O']",BANGKOK 1996-08-28,"['BANGKOK(B-Location)', '1996-08-28(O)']",BANGKOK(B-Location) 1996-08-28(O),"Input: BANGKOK 1996-08-28
Output: BANGKOK(B-Location) 1996-08-28(O)"
225,"['Early' 'calls' 'on' 'CME' 'live' 'and' 'feeder' 'cattle' 'futures'
 'ranged' 'from' '0.200' 'cent' 'higher' 'to' '0.100' 'lower' ','
 'livestock' 'analysts' 'said' '.']","['O', 'O', 'O', 'B-Organization', 'O', 'O', 'O', 'O', 'O', 'O', 'O', 'O', 'O', 'O', 'O', 'O', 'O', 'O', 'O', 'O', 'O', 'O']","Early calls on CME live and feeder cattle futures ranged from 0.200 cent higher to 0.100 lower , livestock analysts said .","['Early(O)', 'calls(O)', 'on(O)', 'CME(B-Organization)', 'live(O)', 'and(O)', 'feeder(O)', 'cattle(O)', 'futures(O)', 'ranged(O)', 'from(O)', '0.200(O)', 'cent(O)', 'higher(O)', 'to(O)', '0.100(O)', 'lower(O)', ',(O)', 'livestock(O)', 'analysts(O)', 'said(O)', '.(O)']","Early(O) calls(O) on(O) CME(B-Organization) live(O) and(O) feeder(O) cattle(O) futures(O) ranged(O) from(O) 0.200(O) cent(O) higher(O) to(O) 0.100(O) lower(O) ,(O) livestock(O) analysts(O) said(O) .(O)","Input: Early calls on CME live and feeder cattle futures ranged from 0.200 cent higher to 0.100 lower , livestock analysts said .
Output: Early(O) calls(O) on(O) CME(B-Organization) live(O) and(O) feeder(O) cattle(O) futures(O) ranged(O) from(O) 0.200(O) cent(O) higher(O) to(O) 0.100(O) lower(O) ,(O) livestock(O) analysts(O) said(O) .(O)"
11090,"['La' 'Voie' 'published' 'an' 'article' 'suggesting' 'the' 'presence' 'of'
 'Bedie' 'had' 'brought' 'local' 'team' 'ASEC' 'bad' 'luck' 'during'
 'their' 'defeat' 'by' 'Orlando' 'Pirates' 'of' 'South' 'Africa' 'in'
 'the' 'final' 'of' 'the' 'African' 'Champions' 'Cup' 'in' 'December' '.']","['B-Organization', 'I-Organization', 'O', 'O', 'O', 'O', 'O', 'O', 'O', 'B-Person', 'O', 'O', 'O', 'O', 'B-Organization', 'O', 'O', 'O', 'O', 'O', 'O', 'B-Person', 'I-Person', 'O', 'B-Location', 'I-Location', 'O', 'O', 'O', 'O', 'O', 'B-Miscellaneous', 'I-Miscellaneous', 'I-Miscellaneous', 'O', 'O', 'O']",La Voie published an article suggesting the presence of Bedie had brought local team ASEC bad luck during their defeat by Orlando Pirates of South Africa in the final of the African Champions Cup in December .,"['La(B-Organization)', 'Voie(I-Organization)', 'published(O)', 'an(O)', 'article(O)', 'suggesting(O)', 'the(O)', 'presence(O)', 'of(O)', 'Bedie(B-Person)', 'had(O)', 'brought(O)', 'local(O)', 'team(O)', 'ASEC(B-Organization)', 'bad(O)', 'luck(O)', 'during(O)', 'their(O)', 'defeat(O)', 'by(O)', 'Orlando(B-Person)', 'Pirates(I-Person)', 'of(O)', 'South(B-Location)', 'Africa(I-Location)', 'in(O)', 'the(O)', 'final(O)', 'of(O)', 'the(O)', 'African(B-Miscellaneous)', 'Champions(I-Miscellaneous)', 'Cup(I-Miscellaneous)', 'in(O)', 'December(O)', '.(O)']",La(B-Organization) Voie(I-Organization) published(O) an(O) article(O) suggesting(O) the(O) presence(O) of(O) Bedie(B-Person) had(O) brought(O) local(O) team(O) ASEC(B-Organization) bad(O) luck(O) during(O) their(O) defeat(O) by(O) Orlando(B-Person) Pirates(I-Person) of(O) South(B-Location) Africa(I-Location) in(O) the(O) final(O) of(O) the(O) African(B-Miscellaneous) Champions(I-Miscellaneous) Cup(I-Miscellaneous) in(O) December(O) .(O),"Input: La Voie published an article suggesting the presence of Bedie had brought local team ASEC bad luck during their defeat by Orlando Pirates of South Africa in the final of the African Champions Cup in December .
Output: La(B-Organization) Voie(I-Organization) published(O) an(O) article(O) suggesting(O) the(O) presence(O) of(O) Bedie(B-Person) had(O) brought(O) local(O) team(O) ASEC(B-Organization) bad(O) luck(O) during(O) their(O) defeat(O) by(O) Orlando(B-Person) Pirates(I-Person) of(O) South(B-Location) Africa(I-Location) in(O) the(O) final(O) of(O) the(O) African(B-Miscellaneous) Champions(I-Miscellaneous) Cup(I-Miscellaneous) in(O) December(O) .(O)"
10038,"['the' '195-km' 'second' 'stage' 'of' 'the' 'Tour' 'of' 'the'
 'Netherlands' 'between']","['O', 'O', 'O', 'O', 'O', 'O', 'B-Miscellaneous', 'I-Miscellaneous', 'I-Miscellaneous', 'I-Miscellaneous', 'O']",the 195-km second stage of the Tour of the Netherlands between,"['the(O)', '195-km(O)', 'second(O)', 'stage(O)', 'of(O)', 'the(O)', 'Tour(B-Miscellaneous)', 'of(I-Miscellaneous)', 'the(I-Miscellaneous)', 'Netherlands(I-Miscellaneous)', 'between(O)']",the(O) 195-km(O) second(O) stage(O) of(O) the(O) Tour(B-Miscellaneous) of(I-Miscellaneous) the(I-Miscellaneous) Netherlands(I-Miscellaneous) between(O),"Input: the 195-km second stage of the Tour of the Netherlands between
Output: the(O) 195-km(O) second(O) stage(O) of(O) the(O) Tour(B-Miscellaneous) of(I-Miscellaneous) the(I-Miscellaneous) Netherlands(I-Miscellaneous) between(O)"
7173,"['Atletico' 'Madrid' '-' 'Esnaider' '(' '37th' ')' ',' 'Pantic' '(' '57th'
 ',' 'penalty' ')']","['B-Organization', 'I-Organization', 'O', 'B-Person', 'O', 'O', 'O', 'O', 'B-Person', 'O', 'O', 'O', 'O', 'O']","Atletico Madrid - Esnaider ( 37th ) , Pantic ( 57th , penalty )","['Atletico(B-Organization)', 'Madrid(I-Organization)', '-(O)', 'Esnaider(B-Person)', '((O)', '37th(O)', ')(O)', ',(O)', 'Pantic(B-Person)', '((O)', '57th(O)', ',(O)', 'penalty(O)', ')(O)']","Atletico(B-Organization) Madrid(I-Organization) -(O) Esnaider(B-Person) ((O) 37th(O) )(O) ,(O) Pantic(B-Person) ((O) 57th(O) ,(O) penalty(O) )(O)","Input: Atletico Madrid - Esnaider ( 37th ) , Pantic ( 57th , penalty )
Output: Atletico(B-Organization) Madrid(I-Organization) -(O) Esnaider(B-Person) ((O) 37th(O) )(O) ,(O) Pantic(B-Person) ((O) 57th(O) ,(O) penalty(O) )(O)"
4896,['Castleford' '22' '9' '0' '13' '548' '599' '18'],"['B-Organization', 'O', 'O', 'O', 'O', 'O', 'O', 'O']",Castleford 22 9 0 13 548 599 18,"['Castleford(B-Organization)', '22(O)', '9(O)', '0(O)', '13(O)', '548(O)', '599(O)', '18(O)']",Castleford(B-Organization) 22(O) 9(O) 0(O) 13(O) 548(O) 599(O) 18(O),"Input: Castleford 22 9 0 13 548 599 18
Output: Castleford(B-Organization) 22(O) 9(O) 0(O) 13(O) 548(O) 599(O) 18(O)"
9323,"['Other' 'polls' 'also' 'showed' 'a' 'strong' 'Dole' 'bounce' 'after'
 'San' 'Diego' 'but' 'Clinton' 'then' 'rebuilding' 'his' 'lead' '.']","['O', 'O', 'O', 'O', 'O', 'O', 'B-Person', 'O', 'O', 'B-Location', 'I-Location', 'O', 'B-Person', 'O', 'O', 'O', 'O', 'O']",Other polls also showed a strong Dole bounce after San Diego but Clinton then rebuilding his lead .,"['Other(O)', 'polls(O)', 'also(O)', 'showed(O)', 'a(O)', 'strong(O)', 'Dole(B-Person)', 'bounce(O)', 'after(O)', 'San(B-Location)', 'Diego(I-Location)', 'but(O)', 'Clinton(B-Person)', 'then(O)', 'rebuilding(O)', 'his(O)', 'lead(O)', '.(O)']",Other(O) polls(O) also(O) showed(O) a(O) strong(O) Dole(B-Person) bounce(O) after(O) San(B-Location) Diego(I-Location) but(O) Clinton(B-Person) then(O) rebuilding(O) his(O) lead(O) .(O),"Input: Other polls also showed a strong Dole bounce after San Diego but Clinton then rebuilding his lead .
Output: Other(O) polls(O) also(O) showed(O) a(O) strong(O) Dole(B-Person) bounce(O) after(O) San(B-Location) Diego(I-Location) but(O) Clinton(B-Person) then(O) rebuilding(O) his(O) lead(O) .(O)"
4234,"['Authorities' 'in' 'Kassala' 'said' 'opposition' 'forces' 'based' 'in'
 'Eritrea' 'have' 'been' 'laying' 'landmines' 'and' 'stealing' 'vehicles'
 'and' 'other' 'goods' 'to' 'smuggle' 'them' 'across' 'the' 'border'
 'into' 'Eritrea' '.']","['O', 'O', 'B-Location', 'O', 'O', 'O', 'O', 'O', 'B-Location', 'O', 'O', 'O', 'O', 'O', 'O', 'O', 'O', 'O', 'O', 'O', 'O', 'O', 'O', 'O', 'O', 'O', 'B-Location', 'O']",Authorities in Kassala said opposition forces based in Eritrea have been laying landmines and stealing vehicles and other goods to smuggle them across the border into Eritrea .,"['Authorities(O)', 'in(O)', 'Kassala(B-Location)', 'said(O)', 'opposition(O)', 'forces(O)', 'based(O)', 'in(O)', 'Eritrea(B-Location)', 'have(O)', 'been(O)', 'laying(O)', 'landmines(O)', 'and(O)', 'stealing(O)', 'vehicles(O)', 'and(O)', 'other(O)', 'goods(O)', 'to(O)', 'smuggle(O)', 'them(O)', 'across(O)', 'the(O)', 'border(O)', 'into(O)', 'Eritrea(B-Location)', '.(O)']",Authorities(O) in(O) Kassala(B-Location) said(O) opposition(O) forces(O) based(O) in(O) Eritrea(B-Location) have(O) been(O) laying(O) landmines(O) and(O) stealing(O) vehicles(O) and(O) other(O) goods(O) to(O) smuggle(O) them(O) across(O) the(O) border(O) into(O) Eritrea(B-Location) .(O),"Input: Authorities in Kassala said opposition forces based in Eritrea have been laying landmines and stealing vehicles and other goods to smuggle them across the border into Eritrea .
Output: Authorities(O) in(O) Kassala(B-Location) said(O) opposition(O) forces(O) based(O) in(O) Eritrea(B-Location) have(O) been(O) laying(O) landmines(O) and(O) stealing(O) vehicles(O) and(O) other(O) goods(O) to(O) smuggle(O) them(O) across(O) the(O) border(O) into(O) Eritrea(B-Location) .(O)"
11552,['Sept' 'Euro' 'Swiss' 'francs' 'up' 'three' 'at' '97.82' '.'],"['O', 'B-Miscellaneous', 'I-Miscellaneous', 'O', 'O', 'O', 'O', 'O', 'O']",Sept Euro Swiss francs up three at 97.82 .,"['Sept(O)', 'Euro(B-Miscellaneous)', 'Swiss(I-Miscellaneous)', 'francs(O)', 'up(O)', 'three(O)', 'at(O)', '97.82(O)', '.(O)']",Sept(O) Euro(B-Miscellaneous) Swiss(I-Miscellaneous) francs(O) up(O) three(O) at(O) 97.82(O) .(O),"Input: Sept Euro Swiss francs up three at 97.82 .
Output: Sept(O) Euro(B-Miscellaneous) Swiss(I-Miscellaneous) francs(O) up(O) three(O) at(O) 97.82(O) .(O)"
542,"['Attendance' ':' '5,000']","['O', 'O', 'O']","Attendance : 5,000","['Attendance(O)', ':(O)', '5,000(O)']","Attendance(O) :(O) 5,000(O)","Input: Attendance : 5,000
Output: Attendance(O) :(O) 5,000(O)"
166,['Afghan' 'UAE' 'embassy' 'says' 'Taleban' 'guards' 'going' 'home' '.'],"['B-Miscellaneous', 'B-Location', 'O', 'O', 'B-Miscellaneous', 'O', 'O', 'O', 'O']",Afghan UAE embassy says Taleban guards going home .,"['Afghan(B-Miscellaneous)', 'UAE(B-Location)', 'embassy(O)', 'says(O)', 'Taleban(B-Miscellaneous)', 'guards(O)', 'going(O)', 'home(O)', '.(O)']",Afghan(B-Miscellaneous) UAE(B-Location) embassy(O) says(O) Taleban(B-Miscellaneous) guards(O) going(O) home(O) .(O),"Input: Afghan UAE embassy says Taleban guards going home .
Output: Afghan(B-Miscellaneous) UAE(B-Location) embassy(O) says(O) Taleban(B-Miscellaneous) guards(O) going(O) home(O) .(O)"
3756,['Partizan' '2' '2' '0' '0' '6' '2' '6'],"['B-Organization', 'O', 'O', 'O', 'O', 'O', 'O', 'O']",Partizan 2 2 0 0 6 2 6,"['Partizan(B-Organization)', '2(O)', '2(O)', '0(O)', '0(O)', '6(O)', '2(O)', '6(O)']",Partizan(B-Organization) 2(O) 2(O) 0(O) 0(O) 6(O) 2(O) 6(O),"Input: Partizan 2 2 0 0 6 2 6
Output: Partizan(B-Organization) 2(O) 2(O) 0(O) 0(O) 6(O) 2(O) 6(O)"
280,"['Three' 'plugged' 'water' 'injection' 'wells' 'on' 'the' 'Heidrun'
 'oilfield' 'off' 'mid-Norway' 'will' 'be' 'reopened' 'over' 'the' 'next'
 'month' ',' 'operator' 'Den' 'Norske' 'Stats' 'Oljeselskap' 'AS' '('
 'Statoil' ')' 'said' 'on' 'Thursday' '.']","['O', 'O', 'O', 'O', 'O', 'O', 'O', 'B-Location', 'O', 'O', 'B-Miscellaneous', 'O', 'O', 'O', 'O', 'O', 'O', 'O', 'O', 'O', 'B-Organization', 'I-Organization', 'I-Organization', 'I-Organization', 'I-Organization', 'O', 'B-Organization', 'O', 'O', 'O', 'O', 'O']","Three plugged water injection wells on the Heidrun oilfield off mid-Norway will be reopened over the next month , operator Den Norske Stats Oljeselskap AS ( Statoil ) said on Thursday .","['Three(O)', 'plugged(O)', 'water(O)', 'injection(O)', 'wells(O)', 'on(O)', 'the(O)', 'Heidrun(B-Location)', 'oilfield(O)', 'off(O)', 'mid-Norway(B-Miscellaneous)', 'will(O)', 'be(O)', 'reopened(O)', 'over(O)', 'the(O)', 'next(O)', 'month(O)', ',(O)', 'operator(O)', 'Den(B-Organization)', 'Norske(I-Organization)', 'Stats(I-Organization)', 'Oljeselskap(I-Organization)', 'AS(I-Organization)', '((O)', 'Statoil(B-Organization)', ')(O)', 'said(O)', 'on(O)', 'Thursday(O)', '.(O)']","Three(O) plugged(O) water(O) injection(O) wells(O) on(O) the(O) Heidrun(B-Location) oilfield(O) off(O) mid-Norway(B-Miscellaneous) will(O) be(O) reopened(O) over(O) the(O) next(O) month(O) ,(O) operator(O) Den(B-Organization) Norske(I-Organization) Stats(I-Organization) Oljeselskap(I-Organization) AS(I-Organization) ((O) Statoil(B-Organization) )(O) said(O) on(O) Thursday(O) .(O)","Input: Three plugged water injection wells on the Heidrun oilfield off mid-Norway will be reopened over the next month , operator Den Norske Stats Oljeselskap AS ( Statoil ) said on Thursday .
Output: Three(O) plugged(O) water(O) injection(O) wells(O) on(O) the(O) Heidrun(B-Location) oilfield(O) off(O) mid-Norway(B-Miscellaneous) will(O) be(O) reopened(O) over(O) the(O) next(O) month(O) ,(O) operator(O) Den(B-Organization) Norske(I-Organization) Stats(I-Organization) Oljeselskap(I-Organization) AS(I-Organization) ((O) Statoil(B-Organization) )(O) said(O) on(O) Thursday(O) .(O)"
7651,['CHICAGO' '1996-08-26'],"['B-Location', 'O']",CHICAGO 1996-08-26,"['CHICAGO(B-Location)', '1996-08-26(O)']",CHICAGO(B-Location) 1996-08-26(O),"Input: CHICAGO 1996-08-26
Output: CHICAGO(B-Location) 1996-08-26(O)"
7874,"['Banking' 'group' 'ING' 'traded' 'ex-dividend' 'today' 'and' 'finished'
 '0.60' 'guilders' 'weaker' 'at' '52.90' 'as' 'a' 'result' '.']","['O', 'O', 'B-Organization', 'O', 'O', 'O', 'O', 'O', 'O', 'O', 'O', 'O', 'O', 'O', 'O', 'O', 'O']",Banking group ING traded ex-dividend today and finished 0.60 guilders weaker at 52.90 as a result .,"['Banking(O)', 'group(O)', 'ING(B-Organization)', 'traded(O)', 'ex-dividend(O)', 'today(O)', 'and(O)', 'finished(O)', '0.60(O)', 'guilders(O)', 'weaker(O)', 'at(O)', '52.90(O)', 'as(O)', 'a(O)', 'result(O)', '.(O)']",Banking(O) group(O) ING(B-Organization) traded(O) ex-dividend(O) today(O) and(O) finished(O) 0.60(O) guilders(O) weaker(O) at(O) 52.90(O) as(O) a(O) result(O) .(O),"Input: Banking group ING traded ex-dividend today and finished 0.60 guilders weaker at 52.90 as a result .
Output: Banking(O) group(O) ING(B-Organization) traded(O) ex-dividend(O) today(O) and(O) finished(O) 0.60(O) guilders(O) weaker(O) at(O) 52.90(O) as(O) a(O) result(O) .(O)"
13382,"['The' 'daily' 'Iran' 'on' 'Thursday' 'quoted' 'Intelligence' 'Minister'
 'Ali' 'Fallahiyan' 'as' 'saying' 'agents' 'arrested' '137' 'people' 'for'
 'allegedly' 'spying' 'for' 'Iraq' ',' 'the' 'United' 'States' 'and'
 'other' 'unnamed' 'countries' 'in' 'the' 'Iranian' 'year' 'which' 'ended'
 'on' 'March' '19' '.']","['O', 'O', 'B-Location', 'O', 'O', 'O', 'O', 'O', 'B-Person', 'I-Person', 'O', 'O', 'O', 'O', 'O', 'O', 'O', 'O', 'O', 'O', 'B-Location', 'O', 'O', 'B-Location', 'I-Location', 'O', 'O', 'O', 'O', 'O', 'O', 'B-Miscellaneous', 'O', 'O', 'O', 'O', 'O', 'O', 'O']","The daily Iran on Thursday quoted Intelligence Minister Ali Fallahiyan as saying agents arrested 137 people for allegedly spying for Iraq , the United States and other unnamed countries in the Iranian year which ended on March 19 .","['The(O)', 'daily(O)', 'Iran(B-Location)', 'on(O)', 'Thursday(O)', 'quoted(O)', 'Intelligence(O)', 'Minister(O)', 'Ali(B-Person)', 'Fallahiyan(I-Person)', 'as(O)', 'saying(O)', 'agents(O)', 'arrested(O)', '137(O)', 'people(O)', 'for(O)', 'allegedly(O)', 'spying(O)', 'for(O)', 'Iraq(B-Location)', ',(O)', 'the(O)', 'United(B-Location)', 'States(I-Location)', 'and(O)', 'other(O)', 'unnamed(O)', 'countries(O)', 'in(O)', 'the(O)', 'Iranian(B-Miscellaneous)', 'year(O)', 'which(O)', 'ended(O)', 'on(O)', 'March(O)', '19(O)', '.(O)']","The(O) daily(O) Iran(B-Location) on(O) Thursday(O) quoted(O) Intelligence(O) Minister(O) Ali(B-Person) Fallahiyan(I-Person) as(O) saying(O) agents(O) arrested(O) 137(O) people(O) for(O) allegedly(O) spying(O) for(O) Iraq(B-Location) ,(O) the(O) United(B-Location) States(I-Location) and(O) other(O) unnamed(O) countries(O) in(O) the(O) Iranian(B-Miscellaneous) year(O) which(O) ended(O) on(O) March(O) 19(O) .(O)","Input: The daily Iran on Thursday quoted Intelligence Minister Ali Fallahiyan as saying agents arrested 137 people for allegedly spying for Iraq , the United States and other unnamed countries in the Iranian year which ended on March 19 .
Output: The(O) daily(O) Iran(B-Location) on(O) Thursday(O) quoted(O) Intelligence(O) Minister(O) Ali(B-Person) Fallahiyan(I-Person) as(O) saying(O) agents(O) arrested(O) 137(O) people(O) for(O) allegedly(O) spying(O) for(O) Iraq(B-Location) ,(O) the(O) United(B-Location) States(I-Location) and(O) other(O) unnamed(O) countries(O) in(O) the(O) Iranian(B-Miscellaneous) year(O) which(O) ended(O) on(O) March(O) 19(O) .(O)"
7470,['No' 'other' 'details' 'were' 'immediately' 'available' '.'],"['O', 'O', 'O', 'O', 'O', 'O', 'O']",No other details were immediately available .,"['No(O)', 'other(O)', 'details(O)', 'were(O)', 'immediately(O)', 'available(O)', '.(O)']",No(O) other(O) details(O) were(O) immediately(O) available(O) .(O),"Input: No other details were immediately available .
Output: No(O) other(O) details(O) were(O) immediately(O) available(O) .(O)"
8047,"['The' 'dollar' ',' 'which' 'dropped' 'sharply' 'on' 'Monday' 'because'
 'of' 'jitters' 'over' 'the' 'Japanese' 'Tankan' 'survey' ',' 'weakened'
 'further' 'in' 'quiet' 'trading' 'but' 'regained' 'losses' 'to' 'end'
 'the' 'day' 'close' 'to' 'Monday' ""'s"" 'levels' '.']","['O', 'O', 'O', 'O', 'O', 'O', 'O', 'O', 'O', 'O', 'O', 'O', 'O', 'B-Miscellaneous', 'B-Organization', 'O', 'O', 'O', 'O', 'O', 'O', 'O', 'O', 'O', 'O', 'O', 'O', 'O', 'O', 'O', 'O', 'O', 'O', 'O', 'O']","The dollar , which dropped sharply on Monday because of jitters over the Japanese Tankan survey , weakened further in quiet trading but regained losses to end the day close to Monday 's levels .","['The(O)', 'dollar(O)', ',(O)', 'which(O)', 'dropped(O)', 'sharply(O)', 'on(O)', 'Monday(O)', 'because(O)', 'of(O)', 'jitters(O)', 'over(O)', 'the(O)', 'Japanese(B-Miscellaneous)', 'Tankan(B-Organization)', 'survey(O)', ',(O)', 'weakened(O)', 'further(O)', 'in(O)', 'quiet(O)', 'trading(O)', 'but(O)', 'regained(O)', 'losses(O)', 'to(O)', 'end(O)', 'the(O)', 'day(O)', 'close(O)', 'to(O)', 'Monday(O)', ""'s(O)"", 'levels(O)', '.(O)']","The(O) dollar(O) ,(O) which(O) dropped(O) sharply(O) on(O) Monday(O) because(O) of(O) jitters(O) over(O) the(O) Japanese(B-Miscellaneous) Tankan(B-Organization) survey(O) ,(O) weakened(O) further(O) in(O) quiet(O) trading(O) but(O) regained(O) losses(O) to(O) end(O) the(O) day(O) close(O) to(O) Monday(O) 's(O) levels(O) .(O)","Input: The dollar , which dropped sharply on Monday because of jitters over the Japanese Tankan survey , weakened further in quiet trading but regained losses to end the day close to Monday 's levels .
Output: The(O) dollar(O) ,(O) which(O) dropped(O) sharply(O) on(O) Monday(O) because(O) of(O) jitters(O) over(O) the(O) Japanese(B-Miscellaneous) Tankan(B-Organization) survey(O) ,(O) weakened(O) further(O) in(O) quiet(O) trading(O) but(O) regained(O) losses(O) to(O) end(O) the(O) day(O) close(O) to(O) Monday(O) 's(O) levels(O) .(O)"
5353,['CHICAGO' '69' '62' '.527' '8'],"['B-Organization', 'O', 'O', 'O', 'O']",CHICAGO 69 62 .527 8,"['CHICAGO(B-Organization)', '69(O)', '62(O)', '.527(O)', '8(O)']",CHICAGO(B-Organization) 69(O) 62(O) .527(O) 8(O),"Input: CHICAGO 69 62 .527 8
Output: CHICAGO(B-Organization) 69(O) 62(O) .527(O) 8(O)"
215,['The' 'three' 'main' 'lists' 'have' 'been' 'prepared' '.'],"['O', 'O', 'O', 'O', 'O', 'O', 'O', 'O']",The three main lists have been prepared .,"['The(O)', 'three(O)', 'main(O)', 'lists(O)', 'have(O)', 'been(O)', 'prepared(O)', '.(O)']",The(O) three(O) main(O) lists(O) have(O) been(O) prepared(O) .(O),"Input: The three main lists have been prepared .
Output: The(O) three(O) main(O) lists(O) have(O) been(O) prepared(O) .(O)"
12192,"['The' 'issue' 'is' 'the' 'protection' 'of' 'consumers' ""'"" 'health' 'and'
 'the' 'rapid' 'eradication' 'of' 'BSE' ',' '""' 'he' 'added' '.']","['O', 'O', 'O', 'O', 'O', 'O', 'O', 'O', 'O', 'O', 'O', 'O', 'O', 'O', 'B-Miscellaneous', 'O', 'O', 'O', 'O', 'O']","The issue is the protection of consumers ' health and the rapid eradication of BSE , "" he added .","['The(O)', 'issue(O)', 'is(O)', 'the(O)', 'protection(O)', 'of(O)', 'consumers(O)', ""'(O)"", 'health(O)', 'and(O)', 'the(O)', 'rapid(O)', 'eradication(O)', 'of(O)', 'BSE(B-Miscellaneous)', ',(O)', '""(O)', 'he(O)', 'added(O)', '.(O)']","The(O) issue(O) is(O) the(O) protection(O) of(O) consumers(O) '(O) health(O) and(O) the(O) rapid(O) eradication(O) of(O) BSE(B-Miscellaneous) ,(O) ""(O) he(O) added(O) .(O)","Input: The issue is the protection of consumers ' health and the rapid eradication of BSE , "" he added .
Output: The(O) issue(O) is(O) the(O) protection(O) of(O) consumers(O) '(O) health(O) and(O) the(O) rapid(O) eradication(O) of(O) BSE(B-Miscellaneous) ,(O) ""(O) he(O) added(O) .(O)"
8458,"['Herman' 'Gumy' '(' 'Argentina' ')' 'beat' 'Martin' 'Damm' '(' 'Czech'
 'Republic' ')' '7-5' '6']","['B-Person', 'I-Person', 'O', 'B-Location', 'O', 'O', 'B-Person', 'I-Person', 'O', 'B-Location', 'I-Location', 'O', 'O', 'O']",Herman Gumy ( Argentina ) beat Martin Damm ( Czech Republic ) 7-5 6,"['Herman(B-Person)', 'Gumy(I-Person)', '((O)', 'Argentina(B-Location)', ')(O)', 'beat(O)', 'Martin(B-Person)', 'Damm(I-Person)', '((O)', 'Czech(B-Location)', 'Republic(I-Location)', ')(O)', '7-5(O)', '6(O)']",Herman(B-Person) Gumy(I-Person) ((O) Argentina(B-Location) )(O) beat(O) Martin(B-Person) Damm(I-Person) ((O) Czech(B-Location) Republic(I-Location) )(O) 7-5(O) 6(O),"Input: Herman Gumy ( Argentina ) beat Martin Damm ( Czech Republic ) 7-5 6
Output: Herman(B-Person) Gumy(I-Person) ((O) Argentina(B-Location) )(O) beat(O) Martin(B-Person) Damm(I-Person) ((O) Czech(B-Location) Republic(I-Location) )(O) 7-5(O) 6(O)"
11719,['ANKARA' '1996-08-28'],"['B-Location', 'O']",ANKARA 1996-08-28,"['ANKARA(B-Location)', '1996-08-28(O)']",ANKARA(B-Location) 1996-08-28(O),"Input: ANKARA 1996-08-28
Output: ANKARA(B-Location) 1996-08-28(O)"
8860,"['""' 'If' 'there' 'is' 'unusual' 'activity' ',' 'certainly' 'we' 'look'
 'at' 'it' ',' 'but' 'that' ""'s"" 'not' 'to' 'say' 'we' ""'re"" 'doing'
 'anything' 'official' ',' '""' 'he' 'said' '.']","['O', 'O', 'O', 'O', 'O', 'O', 'O', 'O', 'O', 'O', 'O', 'O', 'O', 'O', 'O', 'O', 'O', 'O', 'O', 'O', 'O', 'O', 'O', 'O', 'O', 'O', 'O', 'O', 'O']",""" If there is unusual activity , certainly we look at it , but that 's not to say we 're doing anything official , "" he said .","['""(O)', 'If(O)', 'there(O)', 'is(O)', 'unusual(O)', 'activity(O)', ',(O)', 'certainly(O)', 'we(O)', 'look(O)', 'at(O)', 'it(O)', ',(O)', 'but(O)', 'that(O)', ""'s(O)"", 'not(O)', 'to(O)', 'say(O)', 'we(O)', ""'re(O)"", 'doing(O)', 'anything(O)', 'official(O)', ',(O)', '""(O)', 'he(O)', 'said(O)', '.(O)']","""(O) If(O) there(O) is(O) unusual(O) activity(O) ,(O) certainly(O) we(O) look(O) at(O) it(O) ,(O) but(O) that(O) 's(O) not(O) to(O) say(O) we(O) 're(O) doing(O) anything(O) official(O) ,(O) ""(O) he(O) said(O) .(O)","Input: "" If there is unusual activity , certainly we look at it , but that 's not to say we 're doing anything official , "" he said .
Output: ""(O) If(O) there(O) is(O) unusual(O) activity(O) ,(O) certainly(O) we(O) look(O) at(O) it(O) ,(O) but(O) that(O) 's(O) not(O) to(O) say(O) we(O) 're(O) doing(O) anything(O) official(O) ,(O) ""(O) he(O) said(O) .(O)"
13806,"['The' 'source' 'said' 'the' 'problem' 'was' 'discovered' 'during' 'the'
 'past' 'month' 'during' 'which' 'time' 'CDU' 'No.3' ""'s"" 'production'
 'has' 'varied' 'from' 'maximum' 'capacity' 'of' '60,000' 'bpd' 'to' 'as'
 'low' 'as' '40,000' 'bpd' ',' 'depending' 'on' 'the' 'crude' 'being'
 'run' '.']","['O', 'O', 'O', 'O', 'O', 'O', 'O', 'O', 'O', 'O', 'O', 'O', 'O', 'O', 'B-Organization', 'I-Organization', 'O', 'O', 'O', 'O', 'O', 'O', 'O', 'O', 'O', 'O', 'O', 'O', 'O', 'O', 'O', 'O', 'O', 'O', 'O', 'O', 'O', 'O', 'O', 'O']","The source said the problem was discovered during the past month during which time CDU No.3 's production has varied from maximum capacity of 60,000 bpd to as low as 40,000 bpd , depending on the crude being run .","['The(O)', 'source(O)', 'said(O)', 'the(O)', 'problem(O)', 'was(O)', 'discovered(O)', 'during(O)', 'the(O)', 'past(O)', 'month(O)', 'during(O)', 'which(O)', 'time(O)', 'CDU(B-Organization)', 'No.3(I-Organization)', ""'s(O)"", 'production(O)', 'has(O)', 'varied(O)', 'from(O)', 'maximum(O)', 'capacity(O)', 'of(O)', '60,000(O)', 'bpd(O)', 'to(O)', 'as(O)', 'low(O)', 'as(O)', '40,000(O)', 'bpd(O)', ',(O)', 'depending(O)', 'on(O)', 'the(O)', 'crude(O)', 'being(O)', 'run(O)', '.(O)']","The(O) source(O) said(O) the(O) problem(O) was(O) discovered(O) during(O) the(O) past(O) month(O) during(O) which(O) time(O) CDU(B-Organization) No.3(I-Organization) 's(O) production(O) has(O) varied(O) from(O) maximum(O) capacity(O) of(O) 60,000(O) bpd(O) to(O) as(O) low(O) as(O) 40,000(O) bpd(O) ,(O) depending(O) on(O) the(O) crude(O) being(O) run(O) .(O)","Input: The source said the problem was discovered during the past month during which time CDU No.3 's production has varied from maximum capacity of 60,000 bpd to as low as 40,000 bpd , depending on the crude being run .
Output: The(O) source(O) said(O) the(O) problem(O) was(O) discovered(O) during(O) the(O) past(O) month(O) during(O) which(O) time(O) CDU(B-Organization) No.3(I-Organization) 's(O) production(O) has(O) varied(O) from(O) maximum(O) capacity(O) of(O) 60,000(O) bpd(O) to(O) as(O) low(O) as(O) 40,000(O) bpd(O) ,(O) depending(O) on(O) the(O) crude(O) being(O) run(O) .(O)"
13695,"['""' 'There' 'will' 'be' 'fluctuations' 'in' 'individual' 'years' ','
 'but' 'it' 'wo' ""n't"" 'be' 'a' 'big' 'margin' ',' '""' 'he' 'said' '.']","['O', 'O', 'O', 'O', 'O', 'O', 'O', 'O', 'O', 'O', 'O', 'O', 'O', 'O', 'O', 'O', 'O', 'O', 'O', 'O', 'O', 'O']",""" There will be fluctuations in individual years , but it wo n't be a big margin , "" he said .","['""(O)', 'There(O)', 'will(O)', 'be(O)', 'fluctuations(O)', 'in(O)', 'individual(O)', 'years(O)', ',(O)', 'but(O)', 'it(O)', 'wo(O)', ""n't(O)"", 'be(O)', 'a(O)', 'big(O)', 'margin(O)', ',(O)', '""(O)', 'he(O)', 'said(O)', '.(O)']","""(O) There(O) will(O) be(O) fluctuations(O) in(O) individual(O) years(O) ,(O) but(O) it(O) wo(O) n't(O) be(O) a(O) big(O) margin(O) ,(O) ""(O) he(O) said(O) .(O)","Input: "" There will be fluctuations in individual years , but it wo n't be a big margin , "" he said .
Output: ""(O) There(O) will(O) be(O) fluctuations(O) in(O) individual(O) years(O) ,(O) but(O) it(O) wo(O) n't(O) be(O) a(O) big(O) margin(O) ,(O) ""(O) he(O) said(O) .(O)"
2676,['Saeed' 'Anwar' 'not' 'out' '116'],"['B-Person', 'I-Person', 'O', 'O', 'O']",Saeed Anwar not out 116,"['Saeed(B-Person)', 'Anwar(I-Person)', 'not(O)', 'out(O)', '116(O)']",Saeed(B-Person) Anwar(I-Person) not(O) out(O) 116(O),"Input: Saeed Anwar not out 116
Output: Saeed(B-Person) Anwar(I-Person) not(O) out(O) 116(O)"
4361,['BONN' '1996-08-24'],"['B-Location', 'O']",BONN 1996-08-24,"['BONN(B-Location)', '1996-08-24(O)']",BONN(B-Location) 1996-08-24(O),"Input: BONN 1996-08-24
Output: BONN(B-Location) 1996-08-24(O)"
8440,"['Bohdan' 'Ulihrach' '(' 'Czech' 'Republic' ')' 'beat' '14' '-' 'Alberto'
 'Costa' '(' 'Spain' ')' '2-6' '6-4' '7-6' '(' '7-2' ')' '3-6' '6-1']","['B-Person', 'I-Person', 'O', 'B-Location', 'I-Location', 'O', 'O', 'O', 'O', 'B-Person', 'I-Person', 'O', 'B-Location', 'O', 'O', 'O', 'O', 'O', 'O', 'O', 'O', 'O']",Bohdan Ulihrach ( Czech Republic ) beat 14 - Alberto Costa ( Spain ) 2-6 6-4 7-6 ( 7-2 ) 3-6 6-1,"['Bohdan(B-Person)', 'Ulihrach(I-Person)', '((O)', 'Czech(B-Location)', 'Republic(I-Location)', ')(O)', 'beat(O)', '14(O)', '-(O)', 'Alberto(B-Person)', 'Costa(I-Person)', '((O)', 'Spain(B-Location)', ')(O)', '2-6(O)', '6-4(O)', '7-6(O)', '((O)', '7-2(O)', ')(O)', '3-6(O)', '6-1(O)']",Bohdan(B-Person) Ulihrach(I-Person) ((O) Czech(B-Location) Republic(I-Location) )(O) beat(O) 14(O) -(O) Alberto(B-Person) Costa(I-Person) ((O) Spain(B-Location) )(O) 2-6(O) 6-4(O) 7-6(O) ((O) 7-2(O) )(O) 3-6(O) 6-1(O),"Input: Bohdan Ulihrach ( Czech Republic ) beat 14 - Alberto Costa ( Spain ) 2-6 6-4 7-6 ( 7-2 ) 3-6 6-1
Output: Bohdan(B-Person) Ulihrach(I-Person) ((O) Czech(B-Location) Republic(I-Location) )(O) beat(O) 14(O) -(O) Alberto(B-Person) Costa(I-Person) ((O) Spain(B-Location) )(O) 2-6(O) 6-4(O) 7-6(O) ((O) 7-2(O) )(O) 3-6(O) 6-1(O)"
3772,['OFK' 'Beograd' '2' 'Mladost' '(' 'BJ' ')' '2'],"['B-Organization', 'I-Organization', 'O', 'B-Organization', 'I-Organization', 'I-Organization', 'I-Organization', 'O']",OFK Beograd 2 Mladost ( BJ ) 2,"['OFK(B-Organization)', 'Beograd(I-Organization)', '2(O)', 'Mladost(B-Organization)', '((I-Organization)', 'BJ(I-Organization)', ')(I-Organization)', '2(O)']",OFK(B-Organization) Beograd(I-Organization) 2(O) Mladost(B-Organization) ((I-Organization) BJ(I-Organization) )(I-Organization) 2(O),"Input: OFK Beograd 2 Mladost ( BJ ) 2
Output: OFK(B-Organization) Beograd(I-Organization) 2(O) Mladost(B-Organization) ((I-Organization) BJ(I-Organization) )(I-Organization) 2(O)"
7746,"['An' 'explosion' 'at' 'Repsol' ""'s"" 'Puertollano' 'refinery' ',' 'which'
 'killed' 'four' 'workers' ',' 'had' 'not' 'affected' 'output' 'of' 'oil'
 'products' ',' 'an' 'official' 'said' '.']","['O', 'O', 'O', 'B-Organization', 'O', 'B-Location', 'O', 'O', 'O', 'O', 'O', 'O', 'O', 'O', 'O', 'O', 'O', 'O', 'O', 'O', 'O', 'O', 'O', 'O', 'O']","An explosion at Repsol 's Puertollano refinery , which killed four workers , had not affected output of oil products , an official said .","['An(O)', 'explosion(O)', 'at(O)', 'Repsol(B-Organization)', ""'s(O)"", 'Puertollano(B-Location)', 'refinery(O)', ',(O)', 'which(O)', 'killed(O)', 'four(O)', 'workers(O)', ',(O)', 'had(O)', 'not(O)', 'affected(O)', 'output(O)', 'of(O)', 'oil(O)', 'products(O)', ',(O)', 'an(O)', 'official(O)', 'said(O)', '.(O)']","An(O) explosion(O) at(O) Repsol(B-Organization) 's(O) Puertollano(B-Location) refinery(O) ,(O) which(O) killed(O) four(O) workers(O) ,(O) had(O) not(O) affected(O) output(O) of(O) oil(O) products(O) ,(O) an(O) official(O) said(O) .(O)","Input: An explosion at Repsol 's Puertollano refinery , which killed four workers , had not affected output of oil products , an official said .
Output: An(O) explosion(O) at(O) Repsol(B-Organization) 's(O) Puertollano(B-Location) refinery(O) ,(O) which(O) killed(O) four(O) workers(O) ,(O) had(O) not(O) affected(O) output(O) of(O) oil(O) products(O) ,(O) an(O) official(O) said(O) .(O)"
12889,['Colombia' 'police' 'find' 'marijuana' 'on' 'ship' '.'],"['B-Location', 'O', 'O', 'O', 'O', 'O', 'O']",Colombia police find marijuana on ship .,"['Colombia(B-Location)', 'police(O)', 'find(O)', 'marijuana(O)', 'on(O)', 'ship(O)', '.(O)']",Colombia(B-Location) police(O) find(O) marijuana(O) on(O) ship(O) .(O),"Input: Colombia police find marijuana on ship .
Output: Colombia(B-Location) police(O) find(O) marijuana(O) on(O) ship(O) .(O)"
53,"['Seat' 'posted' '3,420' 'registrations' 'compared' 'with' '5522'
 'registrations' 'in' 'July' 'a' 'year' 'earlier' '.']","['B-Organization', 'O', 'O', 'O', 'O', 'O', 'O', 'O', 'O', 'O', 'O', 'O', 'O', 'O']","Seat posted 3,420 registrations compared with 5522 registrations in July a year earlier .","['Seat(B-Organization)', 'posted(O)', '3,420(O)', 'registrations(O)', 'compared(O)', 'with(O)', '5522(O)', 'registrations(O)', 'in(O)', 'July(O)', 'a(O)', 'year(O)', 'earlier(O)', '.(O)']","Seat(B-Organization) posted(O) 3,420(O) registrations(O) compared(O) with(O) 5522(O) registrations(O) in(O) July(O) a(O) year(O) earlier(O) .(O)","Input: Seat posted 3,420 registrations compared with 5522 registrations in July a year earlier .
Output: Seat(B-Organization) posted(O) 3,420(O) registrations(O) compared(O) with(O) 5522(O) registrations(O) in(O) July(O) a(O) year(O) earlier(O) .(O)"
7118,['MILWAUKEE' 'AT' 'CHICAGO'],"['B-Organization', 'O', 'B-Location']",MILWAUKEE AT CHICAGO,"['MILWAUKEE(B-Organization)', 'AT(O)', 'CHICAGO(B-Location)']",MILWAUKEE(B-Organization) AT(O) CHICAGO(B-Location),"Input: MILWAUKEE AT CHICAGO
Output: MILWAUKEE(B-Organization) AT(O) CHICAGO(B-Location)"
11,['.'],['O'],.,['.(O)'],.(O),"Input: .
Output: .(O)"
13296,"['But' 'the' 'PMC' 'unit' 'is' 'far' 'more' 'profitable' ',' 'he' 'said'
 '.']","['O', 'O', 'B-Organization', 'O', 'O', 'O', 'O', 'O', 'O', 'O', 'O', 'O']","But the PMC unit is far more profitable , he said .","['But(O)', 'the(O)', 'PMC(B-Organization)', 'unit(O)', 'is(O)', 'far(O)', 'more(O)', 'profitable(O)', ',(O)', 'he(O)', 'said(O)', '.(O)']","But(O) the(O) PMC(B-Organization) unit(O) is(O) far(O) more(O) profitable(O) ,(O) he(O) said(O) .(O)","Input: But the PMC unit is far more profitable , he said .
Output: But(O) the(O) PMC(B-Organization) unit(O) is(O) far(O) more(O) profitable(O) ,(O) he(O) said(O) .(O)"
1462,"['Eager' 'to' 'put' 'Lauck' 'behind' 'bars' 'quickly' 'and' 'avoid' 'a'
 'long' 'and' 'complex' 'trial' ',' 'prosecutor' 'Bernd' 'Mauruschat'
 'limited' 'his' 'charges' 'to' 'offences' 'since' '1994' '.']","['O', 'O', 'O', 'B-Person', 'O', 'O', 'O', 'O', 'O', 'O', 'O', 'O', 'O', 'O', 'O', 'O', 'B-Person', 'I-Person', 'O', 'O', 'O', 'O', 'O', 'O', 'O', 'O']","Eager to put Lauck behind bars quickly and avoid a long and complex trial , prosecutor Bernd Mauruschat limited his charges to offences since 1994 .","['Eager(O)', 'to(O)', 'put(O)', 'Lauck(B-Person)', 'behind(O)', 'bars(O)', 'quickly(O)', 'and(O)', 'avoid(O)', 'a(O)', 'long(O)', 'and(O)', 'complex(O)', 'trial(O)', ',(O)', 'prosecutor(O)', 'Bernd(B-Person)', 'Mauruschat(I-Person)', 'limited(O)', 'his(O)', 'charges(O)', 'to(O)', 'offences(O)', 'since(O)', '1994(O)', '.(O)']","Eager(O) to(O) put(O) Lauck(B-Person) behind(O) bars(O) quickly(O) and(O) avoid(O) a(O) long(O) and(O) complex(O) trial(O) ,(O) prosecutor(O) Bernd(B-Person) Mauruschat(I-Person) limited(O) his(O) charges(O) to(O) offences(O) since(O) 1994(O) .(O)","Input: Eager to put Lauck behind bars quickly and avoid a long and complex trial , prosecutor Bernd Mauruschat limited his charges to offences since 1994 .
Output: Eager(O) to(O) put(O) Lauck(B-Person) behind(O) bars(O) quickly(O) and(O) avoid(O) a(O) long(O) and(O) complex(O) trial(O) ,(O) prosecutor(O) Bernd(B-Person) Mauruschat(I-Person) limited(O) his(O) charges(O) to(O) offences(O) since(O) 1994(O) .(O)"
13071,"['USDA' 'pegged' 'U.S.' 'wheat' 'exports' 'at' '25.0' 'million' 'tonnes'
 'in' 'fiscal' '1997' 'versus' '32.0' 'million' 'tonnes' 'the' 'prior'
 'year' '...']","['B-Organization', 'O', 'B-Location', 'O', 'O', 'O', 'O', 'O', 'O', 'O', 'O', 'O', 'O', 'O', 'O', 'O', 'O', 'O', 'O', 'O']",USDA pegged U.S. wheat exports at 25.0 million tonnes in fiscal 1997 versus 32.0 million tonnes the prior year ...,"['USDA(B-Organization)', 'pegged(O)', 'U.S.(B-Location)', 'wheat(O)', 'exports(O)', 'at(O)', '25.0(O)', 'million(O)', 'tonnes(O)', 'in(O)', 'fiscal(O)', '1997(O)', 'versus(O)', '32.0(O)', 'million(O)', 'tonnes(O)', 'the(O)', 'prior(O)', 'year(O)', '...(O)']",USDA(B-Organization) pegged(O) U.S.(B-Location) wheat(O) exports(O) at(O) 25.0(O) million(O) tonnes(O) in(O) fiscal(O) 1997(O) versus(O) 32.0(O) million(O) tonnes(O) the(O) prior(O) year(O) ...(O),"Input: USDA pegged U.S. wheat exports at 25.0 million tonnes in fiscal 1997 versus 32.0 million tonnes the prior year ...
Output: USDA(B-Organization) pegged(O) U.S.(B-Location) wheat(O) exports(O) at(O) 25.0(O) million(O) tonnes(O) in(O) fiscal(O) 1997(O) versus(O) 32.0(O) million(O) tonnes(O) the(O) prior(O) year(O) ...(O)"
2419,['8.' 'Eric' 'Wymeersch' '(' 'Belgium' ')' '20.84'],"['O', 'B-Person', 'I-Person', 'O', 'B-Location', 'O', 'O']",8. Eric Wymeersch ( Belgium ) 20.84,"['8.(O)', 'Eric(B-Person)', 'Wymeersch(I-Person)', '((O)', 'Belgium(B-Location)', ')(O)', '20.84(O)']",8.(O) Eric(B-Person) Wymeersch(I-Person) ((O) Belgium(B-Location) )(O) 20.84(O),"Input: 8. Eric Wymeersch ( Belgium ) 20.84
Output: 8.(O) Eric(B-Person) Wymeersch(I-Person) ((O) Belgium(B-Location) )(O) 20.84(O)"
9197,['He' 'said' 'no' 'new' 'date' 'had' 'been' 'set' 'yet' '.'],"['O', 'O', 'O', 'O', 'O', 'O', 'O', 'O', 'O', 'O']",He said no new date had been set yet .,"['He(O)', 'said(O)', 'no(O)', 'new(O)', 'date(O)', 'had(O)', 'been(O)', 'set(O)', 'yet(O)', '.(O)']",He(O) said(O) no(O) new(O) date(O) had(O) been(O) set(O) yet(O) .(O),"Input: He said no new date had been set yet .
Output: He(O) said(O) no(O) new(O) date(O) had(O) been(O) set(O) yet(O) .(O)"
13685,"['New' 'Zealand' 'is' 'prone' 'to' 'frequent' 'earthquakes' 'but' 'they'
 'rarely' 'cause' 'major' 'damage' '.']","['B-Location', 'I-Location', 'O', 'O', 'O', 'O', 'O', 'O', 'O', 'O', 'O', 'O', 'O', 'O']",New Zealand is prone to frequent earthquakes but they rarely cause major damage .,"['New(B-Location)', 'Zealand(I-Location)', 'is(O)', 'prone(O)', 'to(O)', 'frequent(O)', 'earthquakes(O)', 'but(O)', 'they(O)', 'rarely(O)', 'cause(O)', 'major(O)', 'damage(O)', '.(O)']",New(B-Location) Zealand(I-Location) is(O) prone(O) to(O) frequent(O) earthquakes(O) but(O) they(O) rarely(O) cause(O) major(O) damage(O) .(O),"Input: New Zealand is prone to frequent earthquakes but they rarely cause major damage .
Output: New(B-Location) Zealand(I-Location) is(O) prone(O) to(O) frequent(O) earthquakes(O) but(O) they(O) rarely(O) cause(O) major(O) damage(O) .(O)"
7860,"['McCurry' 'said' 'Chelsea' 'has' 'asked' 'to' 'go' 'on' 'the' 'train'
 'trip' 'and' 'attend' 'the' 'convention' 'where' 'her' 'father' 'will'
 'be' 'renominated' ',' 'but' 'said' 'her' 'exposure' 'did' 'not' 'signal'
 'the' 'start' 'of' 'a' 'new' 'political' 'career' '.']","['B-Person', 'O', 'B-Person', 'O', 'O', 'O', 'O', 'O', 'O', 'O', 'O', 'O', 'O', 'O', 'O', 'O', 'O', 'O', 'O', 'O', 'O', 'O', 'O', 'O', 'O', 'O', 'O', 'O', 'O', 'O', 'O', 'O', 'O', 'O', 'O', 'O', 'O']","McCurry said Chelsea has asked to go on the train trip and attend the convention where her father will be renominated , but said her exposure did not signal the start of a new political career .","['McCurry(B-Person)', 'said(O)', 'Chelsea(B-Person)', 'has(O)', 'asked(O)', 'to(O)', 'go(O)', 'on(O)', 'the(O)', 'train(O)', 'trip(O)', 'and(O)', 'attend(O)', 'the(O)', 'convention(O)', 'where(O)', 'her(O)', 'father(O)', 'will(O)', 'be(O)', 'renominated(O)', ',(O)', 'but(O)', 'said(O)', 'her(O)', 'exposure(O)', 'did(O)', 'not(O)', 'signal(O)', 'the(O)', 'start(O)', 'of(O)', 'a(O)', 'new(O)', 'political(O)', 'career(O)', '.(O)']","McCurry(B-Person) said(O) Chelsea(B-Person) has(O) asked(O) to(O) go(O) on(O) the(O) train(O) trip(O) and(O) attend(O) the(O) convention(O) where(O) her(O) father(O) will(O) be(O) renominated(O) ,(O) but(O) said(O) her(O) exposure(O) did(O) not(O) signal(O) the(O) start(O) of(O) a(O) new(O) political(O) career(O) .(O)","Input: McCurry said Chelsea has asked to go on the train trip and attend the convention where her father will be renominated , but said her exposure did not signal the start of a new political career .
Output: McCurry(B-Person) said(O) Chelsea(B-Person) has(O) asked(O) to(O) go(O) on(O) the(O) train(O) trip(O) and(O) attend(O) the(O) convention(O) where(O) her(O) father(O) will(O) be(O) renominated(O) ,(O) but(O) said(O) her(O) exposure(O) did(O) not(O) signal(O) the(O) start(O) of(O) a(O) new(O) political(O) career(O) .(O)"
5025,"['Standings' '(' 'tabulated' 'under' 'played' ',' 'won' ',' 'drawn' ','
 'lost' ',' 'goals']","['O', 'O', 'O', 'O', 'O', 'O', 'O', 'O', 'O', 'O', 'O', 'O', 'O']","Standings ( tabulated under played , won , drawn , lost , goals","['Standings(O)', '((O)', 'tabulated(O)', 'under(O)', 'played(O)', ',(O)', 'won(O)', ',(O)', 'drawn(O)', ',(O)', 'lost(O)', ',(O)', 'goals(O)']","Standings(O) ((O) tabulated(O) under(O) played(O) ,(O) won(O) ,(O) drawn(O) ,(O) lost(O) ,(O) goals(O)","Input: Standings ( tabulated under played , won , drawn , lost , goals
Output: Standings(O) ((O) tabulated(O) under(O) played(O) ,(O) won(O) ,(O) drawn(O) ,(O) lost(O) ,(O) goals(O)"
2448,['8.' 'Ann' 'Mercken' '(' 'Belgium' ')' '53.55'],"['O', 'B-Person', 'I-Person', 'O', 'B-Location', 'O', 'O']",8. Ann Mercken ( Belgium ) 53.55,"['8.(O)', 'Ann(B-Person)', 'Mercken(I-Person)', '((O)', 'Belgium(B-Location)', ')(O)', '53.55(O)']",8.(O) Ann(B-Person) Mercken(I-Person) ((O) Belgium(B-Location) )(O) 53.55(O),"Input: 8. Ann Mercken ( Belgium ) 53.55
Output: 8.(O) Ann(B-Person) Mercken(I-Person) ((O) Belgium(B-Location) )(O) 53.55(O)"
10295,"['Squad' ':' 'Hansie' 'Cronje' '(' 'captain' ')' ',' 'Craig' 'Matthews'
 '(' 'vice-captain' ')' ',' 'Dave' 'Richardson' ',' 'Brian' 'McMillan' ','
 'Gary' 'Kirsten' ',' 'Andrew' 'Hudson' ',' 'Pat' 'Symcox' ',' 'Jonty'
 'Rhodes' ',' 'Allan' 'Donald' ',' 'Fanie' 'de' 'Villiers' ',' 'Daryll'
 'Cullinan' ',' 'Derek' 'Crookes' ',' 'Herschelle' 'Gibs' ',' 'Nicky'
 'Boje' '.']","['O', 'O', 'B-Person', 'I-Person', 'O', 'O', 'O', 'O', 'B-Person', 'I-Person', 'O', 'O', 'O', 'O', 'B-Person', 'I-Person', 'O', 'B-Person', 'I-Person', 'O', 'B-Person', 'I-Person', 'O', 'B-Person', 'I-Person', 'O', 'B-Person', 'I-Person', 'O', 'B-Person', 'I-Person', 'O', 'B-Person', 'I-Person', 'O', 'B-Person', 'I-Person', 'I-Person', 'O', 'B-Person', 'I-Person', 'O', 'B-Person', 'I-Person', 'O', 'B-Person', 'I-Person', 'O', 'B-Person', 'I-Person', 'O']","Squad : Hansie Cronje ( captain ) , Craig Matthews ( vice-captain ) , Dave Richardson , Brian McMillan , Gary Kirsten , Andrew Hudson , Pat Symcox , Jonty Rhodes , Allan Donald , Fanie de Villiers , Daryll Cullinan , Derek Crookes , Herschelle Gibs , Nicky Boje .","['Squad(O)', ':(O)', 'Hansie(B-Person)', 'Cronje(I-Person)', '((O)', 'captain(O)', ')(O)', ',(O)', 'Craig(B-Person)', 'Matthews(I-Person)', '((O)', 'vice-captain(O)', ')(O)', ',(O)', 'Dave(B-Person)', 'Richardson(I-Person)', ',(O)', 'Brian(B-Person)', 'McMillan(I-Person)', ',(O)', 'Gary(B-Person)', 'Kirsten(I-Person)', ',(O)', 'Andrew(B-Person)', 'Hudson(I-Person)', ',(O)', 'Pat(B-Person)', 'Symcox(I-Person)', ',(O)', 'Jonty(B-Person)', 'Rhodes(I-Person)', ',(O)', 'Allan(B-Person)', 'Donald(I-Person)', ',(O)', 'Fanie(B-Person)', 'de(I-Person)', 'Villiers(I-Person)', ',(O)', 'Daryll(B-Person)', 'Cullinan(I-Person)', ',(O)', 'Derek(B-Person)', 'Crookes(I-Person)', ',(O)', 'Herschelle(B-Person)', 'Gibs(I-Person)', ',(O)', 'Nicky(B-Person)', 'Boje(I-Person)', '.(O)']","Squad(O) :(O) Hansie(B-Person) Cronje(I-Person) ((O) captain(O) )(O) ,(O) Craig(B-Person) Matthews(I-Person) ((O) vice-captain(O) )(O) ,(O) Dave(B-Person) Richardson(I-Person) ,(O) Brian(B-Person) McMillan(I-Person) ,(O) Gary(B-Person) Kirsten(I-Person) ,(O) Andrew(B-Person) Hudson(I-Person) ,(O) Pat(B-Person) Symcox(I-Person) ,(O) Jonty(B-Person) Rhodes(I-Person) ,(O) Allan(B-Person) Donald(I-Person) ,(O) Fanie(B-Person) de(I-Person) Villiers(I-Person) ,(O) Daryll(B-Person) Cullinan(I-Person) ,(O) Derek(B-Person) Crookes(I-Person) ,(O) Herschelle(B-Person) Gibs(I-Person) ,(O) Nicky(B-Person) Boje(I-Person) .(O)","Input: Squad : Hansie Cronje ( captain ) , Craig Matthews ( vice-captain ) , Dave Richardson , Brian McMillan , Gary Kirsten , Andrew Hudson , Pat Symcox , Jonty Rhodes , Allan Donald , Fanie de Villiers , Daryll Cullinan , Derek Crookes , Herschelle Gibs , Nicky Boje .
Output: Squad(O) :(O) Hansie(B-Person) Cronje(I-Person) ((O) captain(O) )(O) ,(O) Craig(B-Person) Matthews(I-Person) ((O) vice-captain(O) )(O) ,(O) Dave(B-Person) Richardson(I-Person) ,(O) Brian(B-Person) McMillan(I-Person) ,(O) Gary(B-Person) Kirsten(I-Person) ,(O) Andrew(B-Person) Hudson(I-Person) ,(O) Pat(B-Person) Symcox(I-Person) ,(O) Jonty(B-Person) Rhodes(I-Person) ,(O) Allan(B-Person) Donald(I-Person) ,(O) Fanie(B-Person) de(I-Person) Villiers(I-Person) ,(O) Daryll(B-Person) Cullinan(I-Person) ,(O) Derek(B-Person) Crookes(I-Person) ,(O) Herschelle(B-Person) Gibs(I-Person) ,(O) Nicky(B-Person) Boje(I-Person) .(O)"
12945,"['SAO' 'PAULO' ',' 'Brazil' '1996-08-28']","['B-Person', 'I-Person', 'O', 'B-Location', 'O']","SAO PAULO , Brazil 1996-08-28","['SAO(B-Person)', 'PAULO(I-Person)', ',(O)', 'Brazil(B-Location)', '1996-08-28(O)']","SAO(B-Person) PAULO(I-Person) ,(O) Brazil(B-Location) 1996-08-28(O)","Input: SAO PAULO , Brazil 1996-08-28
Output: SAO(B-Person) PAULO(I-Person) ,(O) Brazil(B-Location) 1996-08-28(O)"
3545,"['Pace' 'trio' 'David' 'Millns' '(' '2-24' ')' ',' 'Gordon' 'Parsons' '('
 '3-20' ')' 'and' 'Vince' 'Wells' '(' '2-19' ')' 'had' 'Hampshire'
 'reeling' 'at' '81' 'for' 'seven' 'in' 'reply' 'to' 'the' 'home' 'county'
 ""'s"" 'first' 'innings' 'of' '353' '.']","['O', 'O', 'B-Person', 'I-Person', 'O', 'O', 'O', 'O', 'B-Person', 'I-Person', 'O', 'O', 'O', 'O', 'B-Person', 'I-Person', 'O', 'O', 'O', 'O', 'B-Organization', 'O', 'O', 'O', 'O', 'O', 'O', 'O', 'O', 'O', 'O', 'O', 'O', 'O', 'O', 'O', 'O', 'O']","Pace trio David Millns ( 2-24 ) , Gordon Parsons ( 3-20 ) and Vince Wells ( 2-19 ) had Hampshire reeling at 81 for seven in reply to the home county 's first innings of 353 .","['Pace(O)', 'trio(O)', 'David(B-Person)', 'Millns(I-Person)', '((O)', '2-24(O)', ')(O)', ',(O)', 'Gordon(B-Person)', 'Parsons(I-Person)', '((O)', '3-20(O)', ')(O)', 'and(O)', 'Vince(B-Person)', 'Wells(I-Person)', '((O)', '2-19(O)', ')(O)', 'had(O)', 'Hampshire(B-Organization)', 'reeling(O)', 'at(O)', '81(O)', 'for(O)', 'seven(O)', 'in(O)', 'reply(O)', 'to(O)', 'the(O)', 'home(O)', 'county(O)', ""'s(O)"", 'first(O)', 'innings(O)', 'of(O)', '353(O)', '.(O)']","Pace(O) trio(O) David(B-Person) Millns(I-Person) ((O) 2-24(O) )(O) ,(O) Gordon(B-Person) Parsons(I-Person) ((O) 3-20(O) )(O) and(O) Vince(B-Person) Wells(I-Person) ((O) 2-19(O) )(O) had(O) Hampshire(B-Organization) reeling(O) at(O) 81(O) for(O) seven(O) in(O) reply(O) to(O) the(O) home(O) county(O) 's(O) first(O) innings(O) of(O) 353(O) .(O)","Input: Pace trio David Millns ( 2-24 ) , Gordon Parsons ( 3-20 ) and Vince Wells ( 2-19 ) had Hampshire reeling at 81 for seven in reply to the home county 's first innings of 353 .
Output: Pace(O) trio(O) David(B-Person) Millns(I-Person) ((O) 2-24(O) )(O) ,(O) Gordon(B-Person) Parsons(I-Person) ((O) 3-20(O) )(O) and(O) Vince(B-Person) Wells(I-Person) ((O) 2-19(O) )(O) had(O) Hampshire(B-Organization) reeling(O) at(O) 81(O) for(O) seven(O) in(O) reply(O) to(O) the(O) home(O) county(O) 's(O) first(O) innings(O) of(O) 353(O) .(O)"
859,"['Dickson' 'allowed' 'a' 'homer' 'to' 'Derek' 'Jeter' 'on' 'his' 'first'
 'major-league' 'pitch' 'but' 'settled' 'down' '.']","['B-Person', 'O', 'O', 'O', 'O', 'B-Person', 'I-Person', 'O', 'O', 'O', 'O', 'O', 'O', 'O', 'O', 'O']",Dickson allowed a homer to Derek Jeter on his first major-league pitch but settled down .,"['Dickson(B-Person)', 'allowed(O)', 'a(O)', 'homer(O)', 'to(O)', 'Derek(B-Person)', 'Jeter(I-Person)', 'on(O)', 'his(O)', 'first(O)', 'major-league(O)', 'pitch(O)', 'but(O)', 'settled(O)', 'down(O)', '.(O)']",Dickson(B-Person) allowed(O) a(O) homer(O) to(O) Derek(B-Person) Jeter(I-Person) on(O) his(O) first(O) major-league(O) pitch(O) but(O) settled(O) down(O) .(O),"Input: Dickson allowed a homer to Derek Jeter on his first major-league pitch but settled down .
Output: Dickson(B-Person) allowed(O) a(O) homer(O) to(O) Derek(B-Person) Jeter(I-Person) on(O) his(O) first(O) major-league(O) pitch(O) but(O) settled(O) down(O) .(O)"
12262,"['MANCHESTER' ',' 'England' '1996-08-29']","['B-Location', 'O', 'B-Location', 'O']","MANCHESTER , England 1996-08-29","['MANCHESTER(B-Location)', ',(O)', 'England(B-Location)', '1996-08-29(O)']","MANCHESTER(B-Location) ,(O) England(B-Location) 1996-08-29(O)","Input: MANCHESTER , England 1996-08-29
Output: MANCHESTER(B-Location) ,(O) England(B-Location) 1996-08-29(O)"
8595,"['In' 'Toronto' ',' 'Juan' 'Guzman' 'allowed' 'three' 'runs' 'over'
 'seven' 'innings' 'to' 'make' 'homers' 'by' 'Joe' 'Carter' 'and' 'Carlos'
 'Delgado' 'stand' 'up' 'as' 'the' 'surging' 'Toronto' 'Blue' 'Jays'
 'held' 'off' 'the' 'Minnesota' 'Twins' ',' '5-3' '.']","['O', 'B-Location', 'O', 'B-Person', 'I-Person', 'O', 'O', 'O', 'O', 'O', 'O', 'O', 'O', 'O', 'O', 'B-Person', 'I-Person', 'O', 'B-Person', 'I-Person', 'O', 'O', 'O', 'O', 'O', 'B-Organization', 'I-Organization', 'I-Organization', 'O', 'O', 'O', 'B-Organization', 'I-Organization', 'O', 'O', 'O']","In Toronto , Juan Guzman allowed three runs over seven innings to make homers by Joe Carter and Carlos Delgado stand up as the surging Toronto Blue Jays held off the Minnesota Twins , 5-3 .","['In(O)', 'Toronto(B-Location)', ',(O)', 'Juan(B-Person)', 'Guzman(I-Person)', 'allowed(O)', 'three(O)', 'runs(O)', 'over(O)', 'seven(O)', 'innings(O)', 'to(O)', 'make(O)', 'homers(O)', 'by(O)', 'Joe(B-Person)', 'Carter(I-Person)', 'and(O)', 'Carlos(B-Person)', 'Delgado(I-Person)', 'stand(O)', 'up(O)', 'as(O)', 'the(O)', 'surging(O)', 'Toronto(B-Organization)', 'Blue(I-Organization)', 'Jays(I-Organization)', 'held(O)', 'off(O)', 'the(O)', 'Minnesota(B-Organization)', 'Twins(I-Organization)', ',(O)', '5-3(O)', '.(O)']","In(O) Toronto(B-Location) ,(O) Juan(B-Person) Guzman(I-Person) allowed(O) three(O) runs(O) over(O) seven(O) innings(O) to(O) make(O) homers(O) by(O) Joe(B-Person) Carter(I-Person) and(O) Carlos(B-Person) Delgado(I-Person) stand(O) up(O) as(O) the(O) surging(O) Toronto(B-Organization) Blue(I-Organization) Jays(I-Organization) held(O) off(O) the(O) Minnesota(B-Organization) Twins(I-Organization) ,(O) 5-3(O) .(O)","Input: In Toronto , Juan Guzman allowed three runs over seven innings to make homers by Joe Carter and Carlos Delgado stand up as the surging Toronto Blue Jays held off the Minnesota Twins , 5-3 .
Output: In(O) Toronto(B-Location) ,(O) Juan(B-Person) Guzman(I-Person) allowed(O) three(O) runs(O) over(O) seven(O) innings(O) to(O) make(O) homers(O) by(O) Joe(B-Person) Carter(I-Person) and(O) Carlos(B-Person) Delgado(I-Person) stand(O) up(O) as(O) the(O) surging(O) Toronto(B-Organization) Blue(I-Organization) Jays(I-Organization) held(O) off(O) the(O) Minnesota(B-Organization) Twins(I-Organization) ,(O) 5-3(O) .(O)"
8749,"['Cyprien' ',' 'also' 'fined' '10,000' 'Swiss' 'francs' '(' '$' '8,400'
 ')' ',' 'traded' 'punches' 'with' 'St' 'Gallen' ""'s"" 'Brazilian' 'player'
 'Claudio' 'Moura' 'after' 'a' 'match' 'on' 'Saturday' '.']","['B-Person', 'O', 'O', 'O', 'O', 'B-Miscellaneous', 'O', 'O', 'O', 'O', 'O', 'O', 'O', 'O', 'O', 'B-Organization', 'I-Organization', 'O', 'B-Miscellaneous', 'O', 'B-Person', 'I-Person', 'O', 'O', 'O', 'O', 'O', 'O']","Cyprien , also fined 10,000 Swiss francs ( $ 8,400 ) , traded punches with St Gallen 's Brazilian player Claudio Moura after a match on Saturday .","['Cyprien(B-Person)', ',(O)', 'also(O)', 'fined(O)', '10,000(O)', 'Swiss(B-Miscellaneous)', 'francs(O)', '((O)', '$(O)', '8,400(O)', ')(O)', ',(O)', 'traded(O)', 'punches(O)', 'with(O)', 'St(B-Organization)', 'Gallen(I-Organization)', ""'s(O)"", 'Brazilian(B-Miscellaneous)', 'player(O)', 'Claudio(B-Person)', 'Moura(I-Person)', 'after(O)', 'a(O)', 'match(O)', 'on(O)', 'Saturday(O)', '.(O)']","Cyprien(B-Person) ,(O) also(O) fined(O) 10,000(O) Swiss(B-Miscellaneous) francs(O) ((O) $(O) 8,400(O) )(O) ,(O) traded(O) punches(O) with(O) St(B-Organization) Gallen(I-Organization) 's(O) Brazilian(B-Miscellaneous) player(O) Claudio(B-Person) Moura(I-Person) after(O) a(O) match(O) on(O) Saturday(O) .(O)","Input: Cyprien , also fined 10,000 Swiss francs ( $ 8,400 ) , traded punches with St Gallen 's Brazilian player Claudio Moura after a match on Saturday .
Output: Cyprien(B-Person) ,(O) also(O) fined(O) 10,000(O) Swiss(B-Miscellaneous) francs(O) ((O) $(O) 8,400(O) )(O) ,(O) traded(O) punches(O) with(O) St(B-Organization) Gallen(I-Organization) 's(O) Brazilian(B-Miscellaneous) player(O) Claudio(B-Person) Moura(I-Person) after(O) a(O) match(O) on(O) Saturday(O) .(O)"
13627,"['Shares' 'in' 'Repsol' 'shot' 'up' '100' 'pesetas' 'to' '4,175' 'shortly'
 'after' 'the' 'figures' ',' 'having' 'traded' 'down' '10' 'pesetas'
 'before' 'the' 'figures' 'were' 'released' '.']","['O', 'O', 'B-Organization', 'O', 'O', 'O', 'O', 'O', 'O', 'O', 'O', 'O', 'O', 'O', 'O', 'O', 'O', 'O', 'O', 'O', 'O', 'O', 'O', 'O', 'O']","Shares in Repsol shot up 100 pesetas to 4,175 shortly after the figures , having traded down 10 pesetas before the figures were released .","['Shares(O)', 'in(O)', 'Repsol(B-Organization)', 'shot(O)', 'up(O)', '100(O)', 'pesetas(O)', 'to(O)', '4,175(O)', 'shortly(O)', 'after(O)', 'the(O)', 'figures(O)', ',(O)', 'having(O)', 'traded(O)', 'down(O)', '10(O)', 'pesetas(O)', 'before(O)', 'the(O)', 'figures(O)', 'were(O)', 'released(O)', '.(O)']","Shares(O) in(O) Repsol(B-Organization) shot(O) up(O) 100(O) pesetas(O) to(O) 4,175(O) shortly(O) after(O) the(O) figures(O) ,(O) having(O) traded(O) down(O) 10(O) pesetas(O) before(O) the(O) figures(O) were(O) released(O) .(O)","Input: Shares in Repsol shot up 100 pesetas to 4,175 shortly after the figures , having traded down 10 pesetas before the figures were released .
Output: Shares(O) in(O) Repsol(B-Organization) shot(O) up(O) 100(O) pesetas(O) to(O) 4,175(O) shortly(O) after(O) the(O) figures(O) ,(O) having(O) traded(O) down(O) 10(O) pesetas(O) before(O) the(O) figures(O) were(O) released(O) .(O)"
2403,['2.' 'Derek' 'Mills' '(' 'U.S.' ')' '44.78'],"['O', 'B-Person', 'I-Person', 'O', 'B-Location', 'O', 'O']",2. Derek Mills ( U.S. ) 44.78,"['2.(O)', 'Derek(B-Person)', 'Mills(I-Person)', '((O)', 'U.S.(B-Location)', ')(O)', '44.78(O)']",2.(O) Derek(B-Person) Mills(I-Person) ((O) U.S.(B-Location) )(O) 44.78(O),"Input: 2. Derek Mills ( U.S. ) 44.78
Output: 2.(O) Derek(B-Person) Mills(I-Person) ((O) U.S.(B-Location) )(O) 44.78(O)"
4276,"['""' 'We' 'were' 'not' 'allowed' 'a' 'delay' 'to' 'enable' 'us' 'to'
 'transfer' 'the' 'movement' ""'s"" 'goods' 'and' 'documents' ',' '""'
 'Khalfallah' 'added' 'in' 'a' 'statement' '.']","['O', 'O', 'O', 'O', 'O', 'O', 'O', 'O', 'O', 'O', 'O', 'O', 'O', 'O', 'O', 'O', 'O', 'O', 'O', 'O', 'B-Person', 'O', 'O', 'O', 'O', 'O']",""" We were not allowed a delay to enable us to transfer the movement 's goods and documents , "" Khalfallah added in a statement .","['""(O)', 'We(O)', 'were(O)', 'not(O)', 'allowed(O)', 'a(O)', 'delay(O)', 'to(O)', 'enable(O)', 'us(O)', 'to(O)', 'transfer(O)', 'the(O)', 'movement(O)', ""'s(O)"", 'goods(O)', 'and(O)', 'documents(O)', ',(O)', '""(O)', 'Khalfallah(B-Person)', 'added(O)', 'in(O)', 'a(O)', 'statement(O)', '.(O)']","""(O) We(O) were(O) not(O) allowed(O) a(O) delay(O) to(O) enable(O) us(O) to(O) transfer(O) the(O) movement(O) 's(O) goods(O) and(O) documents(O) ,(O) ""(O) Khalfallah(B-Person) added(O) in(O) a(O) statement(O) .(O)","Input: "" We were not allowed a delay to enable us to transfer the movement 's goods and documents , "" Khalfallah added in a statement .
Output: ""(O) We(O) were(O) not(O) allowed(O) a(O) delay(O) to(O) enable(O) us(O) to(O) transfer(O) the(O) movement(O) 's(O) goods(O) and(O) documents(O) ,(O) ""(O) Khalfallah(B-Person) added(O) in(O) a(O) statement(O) .(O)"
9891,"['Prime' 'Minister' 'Benjamin' 'Netanyahu' ""'s"" 'government' ',' 'which'
 'took' 'office' 'in' 'June' ',' 'has' 'said' 'it' 'will' 'not' 'allow'
 'the' 'Authority' ',' 'set' 'up' 'under' 'a' '1993' 'interim' 'peace'
 'deal' 'to' 'control' 'parts' 'of' 'the' 'Gaza' 'Strip' 'and' 'West'
 'Bank' ',' 'to' 'operate' 'in' 'Jerusalem' '.']","['O', 'O', 'B-Person', 'I-Person', 'O', 'O', 'O', 'O', 'O', 'O', 'O', 'O', 'O', 'O', 'O', 'O', 'O', 'O', 'O', 'O', 'B-Organization', 'O', 'O', 'O', 'O', 'O', 'O', 'O', 'O', 'O', 'O', 'O', 'O', 'O', 'O', 'B-Location', 'I-Location', 'O', 'B-Location', 'I-Location', 'O', 'O', 'O', 'O', 'B-Location', 'O']","Prime Minister Benjamin Netanyahu 's government , which took office in June , has said it will not allow the Authority , set up under a 1993 interim peace deal to control parts of the Gaza Strip and West Bank , to operate in Jerusalem .","['Prime(O)', 'Minister(O)', 'Benjamin(B-Person)', 'Netanyahu(I-Person)', ""'s(O)"", 'government(O)', ',(O)', 'which(O)', 'took(O)', 'office(O)', 'in(O)', 'June(O)', ',(O)', 'has(O)', 'said(O)', 'it(O)', 'will(O)', 'not(O)', 'allow(O)', 'the(O)', 'Authority(B-Organization)', ',(O)', 'set(O)', 'up(O)', 'under(O)', 'a(O)', '1993(O)', 'interim(O)', 'peace(O)', 'deal(O)', 'to(O)', 'control(O)', 'parts(O)', 'of(O)', 'the(O)', 'Gaza(B-Location)', 'Strip(I-Location)', 'and(O)', 'West(B-Location)', 'Bank(I-Location)', ',(O)', 'to(O)', 'operate(O)', 'in(O)', 'Jerusalem(B-Location)', '.(O)']","Prime(O) Minister(O) Benjamin(B-Person) Netanyahu(I-Person) 's(O) government(O) ,(O) which(O) took(O) office(O) in(O) June(O) ,(O) has(O) said(O) it(O) will(O) not(O) allow(O) the(O) Authority(B-Organization) ,(O) set(O) up(O) under(O) a(O) 1993(O) interim(O) peace(O) deal(O) to(O) control(O) parts(O) of(O) the(O) Gaza(B-Location) Strip(I-Location) and(O) West(B-Location) Bank(I-Location) ,(O) to(O) operate(O) in(O) Jerusalem(B-Location) .(O)","Input: Prime Minister Benjamin Netanyahu 's government , which took office in June , has said it will not allow the Authority , set up under a 1993 interim peace deal to control parts of the Gaza Strip and West Bank , to operate in Jerusalem .
Output: Prime(O) Minister(O) Benjamin(B-Person) Netanyahu(I-Person) 's(O) government(O) ,(O) which(O) took(O) office(O) in(O) June(O) ,(O) has(O) said(O) it(O) will(O) not(O) allow(O) the(O) Authority(B-Organization) ,(O) set(O) up(O) under(O) a(O) 1993(O) interim(O) peace(O) deal(O) to(O) control(O) parts(O) of(O) the(O) Gaza(B-Location) Strip(I-Location) and(O) West(B-Location) Bank(I-Location) ,(O) to(O) operate(O) in(O) Jerusalem(B-Location) .(O)"
12607,"['The' 'fourth-seeded' 'Spaniard' ',' 'who' 'is' 'tackling' 'the' 'world'
 'class' 'traffic' 'of' 'New' 'York' 'City' 'as' 'a' 'warm-up' 'by'
 'driving' 'to' 'the' 'tennis' 'centre' 'for' 'her' 'matches' ',' 'ran'
 'over' 'France' ""'s"" 'Nathalie' 'Tauziat' '6-1' '6-3' 'on' 'Wednesday'
 'to' 'take' 'her' 'place' 'in' 'the' 'third' 'round' '.']","['O', 'O', 'B-Miscellaneous', 'O', 'O', 'O', 'O', 'O', 'O', 'O', 'O', 'O', 'B-Location', 'I-Location', 'I-Location', 'O', 'O', 'O', 'O', 'O', 'O', 'O', 'O', 'O', 'O', 'O', 'O', 'O', 'O', 'O', 'B-Location', 'O', 'B-Person', 'I-Person', 'O', 'O', 'O', 'O', 'O', 'O', 'O', 'O', 'O', 'O', 'O', 'O', 'O']","The fourth-seeded Spaniard , who is tackling the world class traffic of New York City as a warm-up by driving to the tennis centre for her matches , ran over France 's Nathalie Tauziat 6-1 6-3 on Wednesday to take her place in the third round .","['The(O)', 'fourth-seeded(O)', 'Spaniard(B-Miscellaneous)', ',(O)', 'who(O)', 'is(O)', 'tackling(O)', 'the(O)', 'world(O)', 'class(O)', 'traffic(O)', 'of(O)', 'New(B-Location)', 'York(I-Location)', 'City(I-Location)', 'as(O)', 'a(O)', 'warm-up(O)', 'by(O)', 'driving(O)', 'to(O)', 'the(O)', 'tennis(O)', 'centre(O)', 'for(O)', 'her(O)', 'matches(O)', ',(O)', 'ran(O)', 'over(O)', 'France(B-Location)', ""'s(O)"", 'Nathalie(B-Person)', 'Tauziat(I-Person)', '6-1(O)', '6-3(O)', 'on(O)', 'Wednesday(O)', 'to(O)', 'take(O)', 'her(O)', 'place(O)', 'in(O)', 'the(O)', 'third(O)', 'round(O)', '.(O)']","The(O) fourth-seeded(O) Spaniard(B-Miscellaneous) ,(O) who(O) is(O) tackling(O) the(O) world(O) class(O) traffic(O) of(O) New(B-Location) York(I-Location) City(I-Location) as(O) a(O) warm-up(O) by(O) driving(O) to(O) the(O) tennis(O) centre(O) for(O) her(O) matches(O) ,(O) ran(O) over(O) France(B-Location) 's(O) Nathalie(B-Person) Tauziat(I-Person) 6-1(O) 6-3(O) on(O) Wednesday(O) to(O) take(O) her(O) place(O) in(O) the(O) third(O) round(O) .(O)","Input: The fourth-seeded Spaniard , who is tackling the world class traffic of New York City as a warm-up by driving to the tennis centre for her matches , ran over France 's Nathalie Tauziat 6-1 6-3 on Wednesday to take her place in the third round .
Output: The(O) fourth-seeded(O) Spaniard(B-Miscellaneous) ,(O) who(O) is(O) tackling(O) the(O) world(O) class(O) traffic(O) of(O) New(B-Location) York(I-Location) City(I-Location) as(O) a(O) warm-up(O) by(O) driving(O) to(O) the(O) tennis(O) centre(O) for(O) her(O) matches(O) ,(O) ran(O) over(O) France(B-Location) 's(O) Nathalie(B-Person) Tauziat(I-Person) 6-1(O) 6-3(O) on(O) Wednesday(O) to(O) take(O) her(O) place(O) in(O) the(O) third(O) round(O) .(O)"
12796,['LA' 'VOIE'],"['B-Organization', 'I-Organization']",LA VOIE,"['LA(B-Organization)', 'VOIE(I-Organization)']",LA(B-Organization) VOIE(I-Organization),"Input: LA VOIE
Output: LA(B-Organization) VOIE(I-Organization)"
583,['(' 'Yugoslavia' ')' '1' '(' '1-0' ')'],"['O', 'B-Location', 'O', 'O', 'O', 'O', 'O']",( Yugoslavia ) 1 ( 1-0 ),"['((O)', 'Yugoslavia(B-Location)', ')(O)', '1(O)', '((O)', '1-0(O)', ')(O)']",((O) Yugoslavia(B-Location) )(O) 1(O) ((O) 1-0(O) )(O),"Input: ( Yugoslavia ) 1 ( 1-0 )
Output: ((O) Yugoslavia(B-Location) )(O) 1(O) ((O) 1-0(O) )(O)"
9018,"['It' 'could' 'take' 'up' 'to' 'a' 'month' 'before' 'a' 'new' 'vote' 'but'
 'the' 'timetable' 'is' 'not' 'yet' 'clear' '.']","['O', 'O', 'O', 'O', 'O', 'O', 'O', 'O', 'O', 'O', 'O', 'O', 'O', 'O', 'O', 'O', 'O', 'O', 'O']",It could take up to a month before a new vote but the timetable is not yet clear .,"['It(O)', 'could(O)', 'take(O)', 'up(O)', 'to(O)', 'a(O)', 'month(O)', 'before(O)', 'a(O)', 'new(O)', 'vote(O)', 'but(O)', 'the(O)', 'timetable(O)', 'is(O)', 'not(O)', 'yet(O)', 'clear(O)', '.(O)']",It(O) could(O) take(O) up(O) to(O) a(O) month(O) before(O) a(O) new(O) vote(O) but(O) the(O) timetable(O) is(O) not(O) yet(O) clear(O) .(O),"Input: It could take up to a month before a new vote but the timetable is not yet clear .
Output: It(O) could(O) take(O) up(O) to(O) a(O) month(O) before(O) a(O) new(O) vote(O) but(O) the(O) timetable(O) is(O) not(O) yet(O) clear(O) .(O)"
11559,"['""' 'From' 'here' 'we' 'will' 'march' 'to' 'Islamabad' 'and' 'by' 'God'
 'we' 'will' 'not' 'let' 'Benazir' 'and' '(' 'Bhutto' ""'s"" 'husband'
 'Asif' 'Ali' ')' 'Zardari' 'escape' 'justice' ',' '""' 'Nawaz' 'Sharif'
 ',' 'leader' 'of' 'the' 'main' 'opposition' 'Pakistan' 'Muslim' 'League'
 'told' 'a' 'rally' 'organised' 'by' 'a' '16-party' 'alliance' '.']","['O', 'O', 'O', 'O', 'O', 'O', 'O', 'B-Location', 'O', 'O', 'B-Person', 'O', 'O', 'O', 'O', 'B-Person', 'O', 'O', 'B-Person', 'O', 'O', 'B-Person', 'I-Person', 'O', 'B-Person', 'O', 'O', 'O', 'O', 'B-Person', 'I-Person', 'O', 'O', 'O', 'O', 'O', 'O', 'B-Organization', 'I-Organization', 'I-Organization', 'O', 'O', 'O', 'O', 'O', 'O', 'O', 'O', 'O']",""" From here we will march to Islamabad and by God we will not let Benazir and ( Bhutto 's husband Asif Ali ) Zardari escape justice , "" Nawaz Sharif , leader of the main opposition Pakistan Muslim League told a rally organised by a 16-party alliance .","['""(O)', 'From(O)', 'here(O)', 'we(O)', 'will(O)', 'march(O)', 'to(O)', 'Islamabad(B-Location)', 'and(O)', 'by(O)', 'God(B-Person)', 'we(O)', 'will(O)', 'not(O)', 'let(O)', 'Benazir(B-Person)', 'and(O)', '((O)', 'Bhutto(B-Person)', ""'s(O)"", 'husband(O)', 'Asif(B-Person)', 'Ali(I-Person)', ')(O)', 'Zardari(B-Person)', 'escape(O)', 'justice(O)', ',(O)', '""(O)', 'Nawaz(B-Person)', 'Sharif(I-Person)', ',(O)', 'leader(O)', 'of(O)', 'the(O)', 'main(O)', 'opposition(O)', 'Pakistan(B-Organization)', 'Muslim(I-Organization)', 'League(I-Organization)', 'told(O)', 'a(O)', 'rally(O)', 'organised(O)', 'by(O)', 'a(O)', '16-party(O)', 'alliance(O)', '.(O)']","""(O) From(O) here(O) we(O) will(O) march(O) to(O) Islamabad(B-Location) and(O) by(O) God(B-Person) we(O) will(O) not(O) let(O) Benazir(B-Person) and(O) ((O) Bhutto(B-Person) 's(O) husband(O) Asif(B-Person) Ali(I-Person) )(O) Zardari(B-Person) escape(O) justice(O) ,(O) ""(O) Nawaz(B-Person) Sharif(I-Person) ,(O) leader(O) of(O) the(O) main(O) opposition(O) Pakistan(B-Organization) Muslim(I-Organization) League(I-Organization) told(O) a(O) rally(O) organised(O) by(O) a(O) 16-party(O) alliance(O) .(O)","Input: "" From here we will march to Islamabad and by God we will not let Benazir and ( Bhutto 's husband Asif Ali ) Zardari escape justice , "" Nawaz Sharif , leader of the main opposition Pakistan Muslim League told a rally organised by a 16-party alliance .
Output: ""(O) From(O) here(O) we(O) will(O) march(O) to(O) Islamabad(B-Location) and(O) by(O) God(B-Person) we(O) will(O) not(O) let(O) Benazir(B-Person) and(O) ((O) Bhutto(B-Person) 's(O) husband(O) Asif(B-Person) Ali(I-Person) )(O) Zardari(B-Person) escape(O) justice(O) ,(O) ""(O) Nawaz(B-Person) Sharif(I-Person) ,(O) leader(O) of(O) the(O) main(O) opposition(O) Pakistan(B-Organization) Muslim(I-Organization) League(I-Organization) told(O) a(O) rally(O) organised(O) by(O) a(O) 16-party(O) alliance(O) .(O)"
9962,['3.' 'Peter' 'Blank' '(' 'Germany' ')' '81.64'],"['O', 'B-Person', 'I-Person', 'O', 'B-Location', 'O', 'O']",3. Peter Blank ( Germany ) 81.64,"['3.(O)', 'Peter(B-Person)', 'Blank(I-Person)', '((O)', 'Germany(B-Location)', ')(O)', '81.64(O)']",3.(O) Peter(B-Person) Blank(I-Person) ((O) Germany(B-Location) )(O) 81.64(O),"Input: 3. Peter Blank ( Germany ) 81.64
Output: 3.(O) Peter(B-Person) Blank(I-Person) ((O) Germany(B-Location) )(O) 81.64(O)"
876,['Jose' 'Valentin' 'hit' 'his' '21st' 'homer' 'for' 'Milwaukee' '.'],"['B-Person', 'I-Person', 'O', 'O', 'O', 'O', 'O', 'B-Organization', 'O']",Jose Valentin hit his 21st homer for Milwaukee .,"['Jose(B-Person)', 'Valentin(I-Person)', 'hit(O)', 'his(O)', '21st(O)', 'homer(O)', 'for(O)', 'Milwaukee(B-Organization)', '.(O)']",Jose(B-Person) Valentin(I-Person) hit(O) his(O) 21st(O) homer(O) for(O) Milwaukee(B-Organization) .(O),"Input: Jose Valentin hit his 21st homer for Milwaukee .
Output: Jose(B-Person) Valentin(I-Person) hit(O) his(O) 21st(O) homer(O) for(O) Milwaukee(B-Organization) .(O)"
7132,['CHICAGO' '64' '64' '.500' '4' '1/2'],"['B-Organization', 'O', 'O', 'O', 'O', 'O']",CHICAGO 64 64 .500 4 1/2,"['CHICAGO(B-Organization)', '64(O)', '64(O)', '.500(O)', '4(O)', '1/2(O)']",CHICAGO(B-Organization) 64(O) 64(O) .500(O) 4(O) 1/2(O),"Input: CHICAGO 64 64 .500 4 1/2
Output: CHICAGO(B-Organization) 64(O) 64(O) .500(O) 4(O) 1/2(O)"
9308,['Rating' ':' 'A'],"['O', 'O', 'O']",Rating : A,"['Rating(O)', ':(O)', 'A(O)']",Rating(O) :(O) A(O),"Input: Rating : A
Output: Rating(O) :(O) A(O)"
2884,['Lufthansa' 'cargo' 'Q2' 'load' 'factor' 'up' '1.7' 'pct' '.'],"['B-Organization', 'O', 'O', 'O', 'O', 'O', 'O', 'O', 'O']",Lufthansa cargo Q2 load factor up 1.7 pct .,"['Lufthansa(B-Organization)', 'cargo(O)', 'Q2(O)', 'load(O)', 'factor(O)', 'up(O)', '1.7(O)', 'pct(O)', '.(O)']",Lufthansa(B-Organization) cargo(O) Q2(O) load(O) factor(O) up(O) 1.7(O) pct(O) .(O),"Input: Lufthansa cargo Q2 load factor up 1.7 pct .
Output: Lufthansa(B-Organization) cargo(O) Q2(O) load(O) factor(O) up(O) 1.7(O) pct(O) .(O)"
2225,['SOCCER' '-' 'FRENCH' 'LEAGUE' 'RESULT' '.'],"['O', 'O', 'B-Miscellaneous', 'O', 'O', 'O']",SOCCER - FRENCH LEAGUE RESULT .,"['SOCCER(O)', '-(O)', 'FRENCH(B-Miscellaneous)', 'LEAGUE(O)', 'RESULT(O)', '.(O)']",SOCCER(O) -(O) FRENCH(B-Miscellaneous) LEAGUE(O) RESULT(O) .(O),"Input: SOCCER - FRENCH LEAGUE RESULT .
Output: SOCCER(O) -(O) FRENCH(B-Miscellaneous) LEAGUE(O) RESULT(O) .(O)"
3439,['(' 'Slovakia' ')' '6-3' '6-3'],"['O', 'B-Location', 'O', 'O', 'O']",( Slovakia ) 6-3 6-3,"['((O)', 'Slovakia(B-Location)', ')(O)', '6-3(O)', '6-3(O)']",((O) Slovakia(B-Location) )(O) 6-3(O) 6-3(O),"Input: ( Slovakia ) 6-3 6-3
Output: ((O) Slovakia(B-Location) )(O) 6-3(O) 6-3(O)"
13513,"['This' 'is' 'the' 'first' 'generation' 'of' 'African' 'Americans' 'that'
 'really' 'can' 'express' 'itself' 'without' 'fear' 'and' 'punishment' ','
 '""' 'Simon' 'said' '.']","['O', 'O', 'O', 'O', 'O', 'O', 'B-Miscellaneous', 'I-Miscellaneous', 'O', 'O', 'O', 'O', 'O', 'O', 'O', 'O', 'O', 'O', 'O', 'B-Person', 'O', 'O']","This is the first generation of African Americans that really can express itself without fear and punishment , "" Simon said .","['This(O)', 'is(O)', 'the(O)', 'first(O)', 'generation(O)', 'of(O)', 'African(B-Miscellaneous)', 'Americans(I-Miscellaneous)', 'that(O)', 'really(O)', 'can(O)', 'express(O)', 'itself(O)', 'without(O)', 'fear(O)', 'and(O)', 'punishment(O)', ',(O)', '""(O)', 'Simon(B-Person)', 'said(O)', '.(O)']","This(O) is(O) the(O) first(O) generation(O) of(O) African(B-Miscellaneous) Americans(I-Miscellaneous) that(O) really(O) can(O) express(O) itself(O) without(O) fear(O) and(O) punishment(O) ,(O) ""(O) Simon(B-Person) said(O) .(O)","Input: This is the first generation of African Americans that really can express itself without fear and punishment , "" Simon said .
Output: This(O) is(O) the(O) first(O) generation(O) of(O) African(B-Miscellaneous) Americans(I-Miscellaneous) that(O) really(O) can(O) express(O) itself(O) without(O) fear(O) and(O) punishment(O) ,(O) ""(O) Simon(B-Person) said(O) .(O)"
10887,"['Media' 'reports' 'have' 'speculated' 'that' 'the' 'commission' ','
 'which' 'is' 'trying' 'to' 'heal' 'the' 'wounds' 'of' 'apartheid' 'by'
 'confronting' 'the' 'past' ',' 'could' 'subpoena' 'apartheid-era'
 'President' 'P.W.' 'Botha' 'and' 'former' 'police' 'generals' 'Basie'
 'Smit' 'and' 'Johan' 'Van' 'Der' 'Merwe' '.']","['O', 'O', 'O', 'O', 'O', 'O', 'O', 'O', 'O', 'O', 'O', 'O', 'O', 'O', 'O', 'O', 'O', 'O', 'O', 'O', 'O', 'O', 'O', 'O', 'O', 'O', 'B-Person', 'I-Person', 'O', 'O', 'O', 'O', 'B-Person', 'I-Person', 'O', 'B-Person', 'I-Person', 'I-Person', 'I-Person', 'O']","Media reports have speculated that the commission , which is trying to heal the wounds of apartheid by confronting the past , could subpoena apartheid-era President P.W. Botha and former police generals Basie Smit and Johan Van Der Merwe .","['Media(O)', 'reports(O)', 'have(O)', 'speculated(O)', 'that(O)', 'the(O)', 'commission(O)', ',(O)', 'which(O)', 'is(O)', 'trying(O)', 'to(O)', 'heal(O)', 'the(O)', 'wounds(O)', 'of(O)', 'apartheid(O)', 'by(O)', 'confronting(O)', 'the(O)', 'past(O)', ',(O)', 'could(O)', 'subpoena(O)', 'apartheid-era(O)', 'President(O)', 'P.W.(B-Person)', 'Botha(I-Person)', 'and(O)', 'former(O)', 'police(O)', 'generals(O)', 'Basie(B-Person)', 'Smit(I-Person)', 'and(O)', 'Johan(B-Person)', 'Van(I-Person)', 'Der(I-Person)', 'Merwe(I-Person)', '.(O)']","Media(O) reports(O) have(O) speculated(O) that(O) the(O) commission(O) ,(O) which(O) is(O) trying(O) to(O) heal(O) the(O) wounds(O) of(O) apartheid(O) by(O) confronting(O) the(O) past(O) ,(O) could(O) subpoena(O) apartheid-era(O) President(O) P.W.(B-Person) Botha(I-Person) and(O) former(O) police(O) generals(O) Basie(B-Person) Smit(I-Person) and(O) Johan(B-Person) Van(I-Person) Der(I-Person) Merwe(I-Person) .(O)","Input: Media reports have speculated that the commission , which is trying to heal the wounds of apartheid by confronting the past , could subpoena apartheid-era President P.W. Botha and former police generals Basie Smit and Johan Van Der Merwe .
Output: Media(O) reports(O) have(O) speculated(O) that(O) the(O) commission(O) ,(O) which(O) is(O) trying(O) to(O) heal(O) the(O) wounds(O) of(O) apartheid(O) by(O) confronting(O) the(O) past(O) ,(O) could(O) subpoena(O) apartheid-era(O) President(O) P.W.(B-Person) Botha(I-Person) and(O) former(O) police(O) generals(O) Basie(B-Person) Smit(I-Person) and(O) Johan(B-Person) Van(I-Person) Der(I-Person) Merwe(I-Person) .(O)"
821,['Milwaukee' '10' 'MINNESOTA' '7'],"['B-Organization', 'O', 'B-Organization', 'O']",Milwaukee 10 MINNESOTA 7,"['Milwaukee(B-Organization)', '10(O)', 'MINNESOTA(B-Organization)', '7(O)']",Milwaukee(B-Organization) 10(O) MINNESOTA(B-Organization) 7(O),"Input: Milwaukee 10 MINNESOTA 7
Output: Milwaukee(B-Organization) 10(O) MINNESOTA(B-Organization) 7(O)"
8076,"['Described' 'by' 'one' 'British' 'company' 'as' '""' 'eco-terrorism' '""'
 ',' 'it' 'is' 'seen' 'as' 'the' 'new' 'business' 'risk' 'of' 'the'
 '1990s' '.']","['O', 'O', 'O', 'B-Miscellaneous', 'O', 'O', 'O', 'O', 'O', 'O', 'O', 'O', 'O', 'O', 'O', 'O', 'O', 'O', 'O', 'O', 'O', 'O']","Described by one British company as "" eco-terrorism "" , it is seen as the new business risk of the 1990s .","['Described(O)', 'by(O)', 'one(O)', 'British(B-Miscellaneous)', 'company(O)', 'as(O)', '""(O)', 'eco-terrorism(O)', '""(O)', ',(O)', 'it(O)', 'is(O)', 'seen(O)', 'as(O)', 'the(O)', 'new(O)', 'business(O)', 'risk(O)', 'of(O)', 'the(O)', '1990s(O)', '.(O)']","Described(O) by(O) one(O) British(B-Miscellaneous) company(O) as(O) ""(O) eco-terrorism(O) ""(O) ,(O) it(O) is(O) seen(O) as(O) the(O) new(O) business(O) risk(O) of(O) the(O) 1990s(O) .(O)","Input: Described by one British company as "" eco-terrorism "" , it is seen as the new business risk of the 1990s .
Output: Described(O) by(O) one(O) British(B-Miscellaneous) company(O) as(O) ""(O) eco-terrorism(O) ""(O) ,(O) it(O) is(O) seen(O) as(O) the(O) new(O) business(O) risk(O) of(O) the(O) 1990s(O) .(O)"
726,"['Kris' 'Goossens' '(' 'Belgium' ')' 'vs.' 'Sergi' 'Bruguera' '(' 'Spain'
 ')']","['B-Person', 'I-Person', 'O', 'B-Location', 'O', 'O', 'B-Person', 'I-Person', 'O', 'B-Location', 'O']",Kris Goossens ( Belgium ) vs. Sergi Bruguera ( Spain ),"['Kris(B-Person)', 'Goossens(I-Person)', '((O)', 'Belgium(B-Location)', ')(O)', 'vs.(O)', 'Sergi(B-Person)', 'Bruguera(I-Person)', '((O)', 'Spain(B-Location)', ')(O)']",Kris(B-Person) Goossens(I-Person) ((O) Belgium(B-Location) )(O) vs.(O) Sergi(B-Person) Bruguera(I-Person) ((O) Spain(B-Location) )(O),"Input: Kris Goossens ( Belgium ) vs. Sergi Bruguera ( Spain )
Output: Kris(B-Person) Goossens(I-Person) ((O) Belgium(B-Location) )(O) vs.(O) Sergi(B-Person) Bruguera(I-Person) ((O) Spain(B-Location) )(O)"
170,"['""' 'Our' 'ambassador' 'is' 'in' 'touch' 'with' 'the' 'UAE' 'foreign'
 'ministry' '.']","['O', 'O', 'O', 'O', 'O', 'O', 'O', 'O', 'B-Location', 'O', 'O', 'O']",""" Our ambassador is in touch with the UAE foreign ministry .","['""(O)', 'Our(O)', 'ambassador(O)', 'is(O)', 'in(O)', 'touch(O)', 'with(O)', 'the(O)', 'UAE(B-Location)', 'foreign(O)', 'ministry(O)', '.(O)']","""(O) Our(O) ambassador(O) is(O) in(O) touch(O) with(O) the(O) UAE(B-Location) foreign(O) ministry(O) .(O)","Input: "" Our ambassador is in touch with the UAE foreign ministry .
Output: ""(O) Our(O) ambassador(O) is(O) in(O) touch(O) with(O) the(O) UAE(B-Location) foreign(O) ministry(O) .(O)"
5702,['Mechelen' '4' '0' '3' '1' '6' '7' '3'],"['B-Organization', 'O', 'O', 'O', 'O', 'O', 'O', 'O']",Mechelen 4 0 3 1 6 7 3,"['Mechelen(B-Organization)', '4(O)', '0(O)', '3(O)', '1(O)', '6(O)', '7(O)', '3(O)']",Mechelen(B-Organization) 4(O) 0(O) 3(O) 1(O) 6(O) 7(O) 3(O),"Input: Mechelen 4 0 3 1 6 7 3
Output: Mechelen(B-Organization) 4(O) 0(O) 3(O) 1(O) 6(O) 7(O) 3(O)"
4659,"['ATHLETICS' '-' 'LEADING' 'RESULTS' 'AT' 'SHEFFIELD' 'INTERNATIONAL'
 'MEETING' '.']","['O', 'O', 'O', 'O', 'O', 'B-Location', 'O', 'O', 'O']",ATHLETICS - LEADING RESULTS AT SHEFFIELD INTERNATIONAL MEETING .,"['ATHLETICS(O)', '-(O)', 'LEADING(O)', 'RESULTS(O)', 'AT(O)', 'SHEFFIELD(B-Location)', 'INTERNATIONAL(O)', 'MEETING(O)', '.(O)']",ATHLETICS(O) -(O) LEADING(O) RESULTS(O) AT(O) SHEFFIELD(B-Location) INTERNATIONAL(O) MEETING(O) .(O),"Input: ATHLETICS - LEADING RESULTS AT SHEFFIELD INTERNATIONAL MEETING .
Output: ATHLETICS(O) -(O) LEADING(O) RESULTS(O) AT(O) SHEFFIELD(B-Location) INTERNATIONAL(O) MEETING(O) .(O)"
4070,['Bayer' 'Leverkusen' '0' 'Fortuna' 'Duesseldorf' '1'],"['B-Organization', 'I-Organization', 'O', 'B-Organization', 'I-Organization', 'O']",Bayer Leverkusen 0 Fortuna Duesseldorf 1,"['Bayer(B-Organization)', 'Leverkusen(I-Organization)', '0(O)', 'Fortuna(B-Organization)', 'Duesseldorf(I-Organization)', '1(O)']",Bayer(B-Organization) Leverkusen(I-Organization) 0(O) Fortuna(B-Organization) Duesseldorf(I-Organization) 1(O),"Input: Bayer Leverkusen 0 Fortuna Duesseldorf 1
Output: Bayer(B-Organization) Leverkusen(I-Organization) 0(O) Fortuna(B-Organization) Duesseldorf(I-Organization) 1(O)"
13526,"['Clinton' 'flew' 'in' 'by' 'helicopter' 'from' 'Michigan' 'City' ','
 'Indiana' ',' 'after' 'ending' 'a' 'four-day' ',' '559-mile' 'trip'
 'aboard' 'a' 'campaign' 'train' 'from' 'Washington' '.']","['B-Person', 'O', 'O', 'O', 'O', 'O', 'B-Location', 'I-Location', 'O', 'B-Location', 'O', 'O', 'O', 'O', 'O', 'O', 'O', 'O', 'O', 'O', 'O', 'O', 'O', 'B-Location', 'O']","Clinton flew in by helicopter from Michigan City , Indiana , after ending a four-day , 559-mile trip aboard a campaign train from Washington .","['Clinton(B-Person)', 'flew(O)', 'in(O)', 'by(O)', 'helicopter(O)', 'from(O)', 'Michigan(B-Location)', 'City(I-Location)', ',(O)', 'Indiana(B-Location)', ',(O)', 'after(O)', 'ending(O)', 'a(O)', 'four-day(O)', ',(O)', '559-mile(O)', 'trip(O)', 'aboard(O)', 'a(O)', 'campaign(O)', 'train(O)', 'from(O)', 'Washington(B-Location)', '.(O)']","Clinton(B-Person) flew(O) in(O) by(O) helicopter(O) from(O) Michigan(B-Location) City(I-Location) ,(O) Indiana(B-Location) ,(O) after(O) ending(O) a(O) four-day(O) ,(O) 559-mile(O) trip(O) aboard(O) a(O) campaign(O) train(O) from(O) Washington(B-Location) .(O)","Input: Clinton flew in by helicopter from Michigan City , Indiana , after ending a four-day , 559-mile trip aboard a campaign train from Washington .
Output: Clinton(B-Person) flew(O) in(O) by(O) helicopter(O) from(O) Michigan(B-Location) City(I-Location) ,(O) Indiana(B-Location) ,(O) after(O) ending(O) a(O) four-day(O) ,(O) 559-mile(O) trip(O) aboard(O) a(O) campaign(O) train(O) from(O) Washington(B-Location) .(O)"
12351,['8.' 'Servais' 'Knaven' '(' 'Netherlands' ')' 'TVM'],"['O', 'B-Person', 'I-Person', 'O', 'B-Location', 'O', 'B-Organization']",8. Servais Knaven ( Netherlands ) TVM,"['8.(O)', 'Servais(B-Person)', 'Knaven(I-Person)', '((O)', 'Netherlands(B-Location)', ')(O)', 'TVM(B-Organization)']",8.(O) Servais(B-Person) Knaven(I-Person) ((O) Netherlands(B-Location) )(O) TVM(B-Organization),"Input: 8. Servais Knaven ( Netherlands ) TVM
Output: 8.(O) Servais(B-Person) Knaven(I-Person) ((O) Netherlands(B-Location) )(O) TVM(B-Organization)"
3579,['Durham' '8' '.'],"['B-Organization', 'O', 'O']",Durham 8 .,"['Durham(B-Organization)', '8(O)', '.(O)']",Durham(B-Organization) 8(O) .(O),"Input: Durham 8 .
Output: Durham(B-Organization) 8(O) .(O)"
209,['AN-NAHAR'],['B-Organization'],AN-NAHAR,['AN-NAHAR(B-Organization)'],AN-NAHAR(B-Organization),"Input: AN-NAHAR
Output: AN-NAHAR(B-Organization)"
9820,"['""' 'The' 'ministry' 'has' 'ordered' 'the' 'embassy' 'to' 'take' 'urgent'
 'security' 'measures' 'against' 'possible' 'terrorist' 'attacks' ',' '""'
 'the' 'official' 'said' ',' 'asking' 'not' 'to' 'be' 'named' '.']","['O', 'O', 'O', 'O', 'O', 'O', 'O', 'O', 'O', 'O', 'O', 'O', 'O', 'O', 'O', 'O', 'O', 'O', 'O', 'O', 'O', 'O', 'O', 'O', 'O', 'O', 'O', 'O']",""" The ministry has ordered the embassy to take urgent security measures against possible terrorist attacks , "" the official said , asking not to be named .","['""(O)', 'The(O)', 'ministry(O)', 'has(O)', 'ordered(O)', 'the(O)', 'embassy(O)', 'to(O)', 'take(O)', 'urgent(O)', 'security(O)', 'measures(O)', 'against(O)', 'possible(O)', 'terrorist(O)', 'attacks(O)', ',(O)', '""(O)', 'the(O)', 'official(O)', 'said(O)', ',(O)', 'asking(O)', 'not(O)', 'to(O)', 'be(O)', 'named(O)', '.(O)']","""(O) The(O) ministry(O) has(O) ordered(O) the(O) embassy(O) to(O) take(O) urgent(O) security(O) measures(O) against(O) possible(O) terrorist(O) attacks(O) ,(O) ""(O) the(O) official(O) said(O) ,(O) asking(O) not(O) to(O) be(O) named(O) .(O)","Input: "" The ministry has ordered the embassy to take urgent security measures against possible terrorist attacks , "" the official said , asking not to be named .
Output: ""(O) The(O) ministry(O) has(O) ordered(O) the(O) embassy(O) to(O) take(O) urgent(O) security(O) measures(O) against(O) possible(O) terrorist(O) attacks(O) ,(O) ""(O) the(O) official(O) said(O) ,(O) asking(O) not(O) to(O) be(O) named(O) .(O)"
13446,"['Software' 'services' 'company' 'Keane' 'Inc' 'said' 'it' 'had' 'won' 'a'
 'year' '2000' 'compliance' 'contract' 'from' 'Life' 'Insurance' 'Co' 'of'
 'Georgia' 'and' 'Southland' 'Life' 'Insurance' 'Co' ',' 'both' 'part'
 'of' 'The' 'Netherlands' ""'"" 'ING' 'Group' '.']","['O', 'O', 'O', 'B-Organization', 'I-Organization', 'O', 'O', 'O', 'O', 'O', 'O', 'O', 'O', 'O', 'O', 'B-Organization', 'I-Organization', 'I-Organization', 'I-Organization', 'I-Organization', 'O', 'B-Organization', 'I-Organization', 'I-Organization', 'I-Organization', 'O', 'O', 'O', 'O', 'B-Location', 'I-Location', 'O', 'B-Organization', 'I-Organization', 'O']","Software services company Keane Inc said it had won a year 2000 compliance contract from Life Insurance Co of Georgia and Southland Life Insurance Co , both part of The Netherlands ' ING Group .","['Software(O)', 'services(O)', 'company(O)', 'Keane(B-Organization)', 'Inc(I-Organization)', 'said(O)', 'it(O)', 'had(O)', 'won(O)', 'a(O)', 'year(O)', '2000(O)', 'compliance(O)', 'contract(O)', 'from(O)', 'Life(B-Organization)', 'Insurance(I-Organization)', 'Co(I-Organization)', 'of(I-Organization)', 'Georgia(I-Organization)', 'and(O)', 'Southland(B-Organization)', 'Life(I-Organization)', 'Insurance(I-Organization)', 'Co(I-Organization)', ',(O)', 'both(O)', 'part(O)', 'of(O)', 'The(B-Location)', 'Netherlands(I-Location)', ""'(O)"", 'ING(B-Organization)', 'Group(I-Organization)', '.(O)']","Software(O) services(O) company(O) Keane(B-Organization) Inc(I-Organization) said(O) it(O) had(O) won(O) a(O) year(O) 2000(O) compliance(O) contract(O) from(O) Life(B-Organization) Insurance(I-Organization) Co(I-Organization) of(I-Organization) Georgia(I-Organization) and(O) Southland(B-Organization) Life(I-Organization) Insurance(I-Organization) Co(I-Organization) ,(O) both(O) part(O) of(O) The(B-Location) Netherlands(I-Location) '(O) ING(B-Organization) Group(I-Organization) .(O)","Input: Software services company Keane Inc said it had won a year 2000 compliance contract from Life Insurance Co of Georgia and Southland Life Insurance Co , both part of The Netherlands ' ING Group .
Output: Software(O) services(O) company(O) Keane(B-Organization) Inc(I-Organization) said(O) it(O) had(O) won(O) a(O) year(O) 2000(O) compliance(O) contract(O) from(O) Life(B-Organization) Insurance(I-Organization) Co(I-Organization) of(I-Organization) Georgia(I-Organization) and(O) Southland(B-Organization) Life(I-Organization) Insurance(I-Organization) Co(I-Organization) ,(O) both(O) part(O) of(O) The(B-Location) Netherlands(I-Location) '(O) ING(B-Organization) Group(I-Organization) .(O)"
7457,"['Banco' 'de' 'Mexico' 'sought' 'to' 'inject' '3.412' 'billion' 'pesos'
 'in' 'the' 'secondary' 'market' 'on' 'Monday' 'through' 'three' 'credit'
 'auctions' ',' 'dealers' 'said' '.']","['B-Organization', 'I-Organization', 'I-Organization', 'O', 'O', 'O', 'O', 'O', 'O', 'O', 'O', 'O', 'O', 'O', 'O', 'O', 'O', 'O', 'O', 'O', 'O', 'O', 'O']","Banco de Mexico sought to inject 3.412 billion pesos in the secondary market on Monday through three credit auctions , dealers said .","['Banco(B-Organization)', 'de(I-Organization)', 'Mexico(I-Organization)', 'sought(O)', 'to(O)', 'inject(O)', '3.412(O)', 'billion(O)', 'pesos(O)', 'in(O)', 'the(O)', 'secondary(O)', 'market(O)', 'on(O)', 'Monday(O)', 'through(O)', 'three(O)', 'credit(O)', 'auctions(O)', ',(O)', 'dealers(O)', 'said(O)', '.(O)']","Banco(B-Organization) de(I-Organization) Mexico(I-Organization) sought(O) to(O) inject(O) 3.412(O) billion(O) pesos(O) in(O) the(O) secondary(O) market(O) on(O) Monday(O) through(O) three(O) credit(O) auctions(O) ,(O) dealers(O) said(O) .(O)","Input: Banco de Mexico sought to inject 3.412 billion pesos in the secondary market on Monday through three credit auctions , dealers said .
Output: Banco(B-Organization) de(I-Organization) Mexico(I-Organization) sought(O) to(O) inject(O) 3.412(O) billion(O) pesos(O) in(O) the(O) secondary(O) market(O) on(O) Monday(O) through(O) three(O) credit(O) auctions(O) ,(O) dealers(O) said(O) .(O)"
8608,['National' 'League'],"['B-Miscellaneous', 'I-Miscellaneous']",National League,"['National(B-Miscellaneous)', 'League(I-Miscellaneous)']",National(B-Miscellaneous) League(I-Miscellaneous),"Input: National League
Output: National(B-Miscellaneous) League(I-Miscellaneous)"
13647,"['Witnesses' 'had' 'reported' 'seeing' 'many' 'young' 'women' 'and' 'some'
 'girls' 'who' 'looked' 'clearly' 'underage' 'at' 'parties' 'around' 'the'
 'boat' 'in' 'recent' 'weeks' ',' 'the' 'daily' 'newspaper' 'Iltalehti'
 'said' '.']","['O', 'O', 'O', 'O', 'O', 'O', 'O', 'O', 'O', 'O', 'O', 'O', 'O', 'O', 'O', 'O', 'O', 'O', 'O', 'O', 'O', 'O', 'O', 'O', 'O', 'O', 'B-Organization', 'O', 'O']","Witnesses had reported seeing many young women and some girls who looked clearly underage at parties around the boat in recent weeks , the daily newspaper Iltalehti said .","['Witnesses(O)', 'had(O)', 'reported(O)', 'seeing(O)', 'many(O)', 'young(O)', 'women(O)', 'and(O)', 'some(O)', 'girls(O)', 'who(O)', 'looked(O)', 'clearly(O)', 'underage(O)', 'at(O)', 'parties(O)', 'around(O)', 'the(O)', 'boat(O)', 'in(O)', 'recent(O)', 'weeks(O)', ',(O)', 'the(O)', 'daily(O)', 'newspaper(O)', 'Iltalehti(B-Organization)', 'said(O)', '.(O)']","Witnesses(O) had(O) reported(O) seeing(O) many(O) young(O) women(O) and(O) some(O) girls(O) who(O) looked(O) clearly(O) underage(O) at(O) parties(O) around(O) the(O) boat(O) in(O) recent(O) weeks(O) ,(O) the(O) daily(O) newspaper(O) Iltalehti(B-Organization) said(O) .(O)","Input: Witnesses had reported seeing many young women and some girls who looked clearly underage at parties around the boat in recent weeks , the daily newspaper Iltalehti said .
Output: Witnesses(O) had(O) reported(O) seeing(O) many(O) young(O) women(O) and(O) some(O) girls(O) who(O) looked(O) clearly(O) underage(O) at(O) parties(O) around(O) the(O) boat(O) in(O) recent(O) weeks(O) ,(O) the(O) daily(O) newspaper(O) Iltalehti(B-Organization) said(O) .(O)"
11382,"['Dole' 'said' 'former' 'first' 'lady' 'Nancy' 'Reagan' 'was' 'laughed'
 'at' 'with' 'her' '""' 'just' 'say' 'no' '""' 'anti-drug' 'message' '.' '""']","['B-Person', 'O', 'O', 'O', 'O', 'B-Person', 'I-Person', 'O', 'O', 'O', 'O', 'O', 'O', 'O', 'O', 'O', 'O', 'O', 'O', 'O', 'O']","Dole said former first lady Nancy Reagan was laughed at with her "" just say no "" anti-drug message . ""","['Dole(B-Person)', 'said(O)', 'former(O)', 'first(O)', 'lady(O)', 'Nancy(B-Person)', 'Reagan(I-Person)', 'was(O)', 'laughed(O)', 'at(O)', 'with(O)', 'her(O)', '""(O)', 'just(O)', 'say(O)', 'no(O)', '""(O)', 'anti-drug(O)', 'message(O)', '.(O)', '""(O)']","Dole(B-Person) said(O) former(O) first(O) lady(O) Nancy(B-Person) Reagan(I-Person) was(O) laughed(O) at(O) with(O) her(O) ""(O) just(O) say(O) no(O) ""(O) anti-drug(O) message(O) .(O) ""(O)","Input: Dole said former first lady Nancy Reagan was laughed at with her "" just say no "" anti-drug message . ""
Output: Dole(B-Person) said(O) former(O) first(O) lady(O) Nancy(B-Person) Reagan(I-Person) was(O) laughed(O) at(O) with(O) her(O) ""(O) just(O) say(O) no(O) ""(O) anti-drug(O) message(O) .(O) ""(O)"
8339,['Salim' 'Malik' '3' '5' '2' '195' '100no' '65.00'],"['B-Person', 'I-Person', 'O', 'O', 'O', 'O', 'O', 'O']",Salim Malik 3 5 2 195 100no 65.00,"['Salim(B-Person)', 'Malik(I-Person)', '3(O)', '5(O)', '2(O)', '195(O)', '100no(O)', '65.00(O)']",Salim(B-Person) Malik(I-Person) 3(O) 5(O) 2(O) 195(O) 100no(O) 65.00(O),"Input: Salim Malik 3 5 2 195 100no 65.00
Output: Salim(B-Person) Malik(I-Person) 3(O) 5(O) 2(O) 195(O) 100no(O) 65.00(O)"
6751,['Guadalajara' '5' 'America' '0'],"['B-Organization', 'O', 'B-Organization', 'O']",Guadalajara 5 America 0,"['Guadalajara(B-Organization)', '5(O)', 'America(B-Organization)', '0(O)']",Guadalajara(B-Organization) 5(O) America(B-Organization) 0(O),"Input: Guadalajara 5 America 0
Output: Guadalajara(B-Organization) 5(O) America(B-Organization) 0(O)"
8826,['KABLO' 'KLADNO' '960.00' '960.00' '2230' '2140.800'],"['B-Organization', 'I-Organization', 'O', 'O', 'O', 'O']",KABLO KLADNO 960.00 960.00 2230 2140.800,"['KABLO(B-Organization)', 'KLADNO(I-Organization)', '960.00(O)', '960.00(O)', '2230(O)', '2140.800(O)']",KABLO(B-Organization) KLADNO(I-Organization) 960.00(O) 960.00(O) 2230(O) 2140.800(O),"Input: KABLO KLADNO 960.00 960.00 2230 2140.800
Output: KABLO(B-Organization) KLADNO(I-Organization) 960.00(O) 960.00(O) 2230(O) 2140.800(O)"
3903,['LISBON' '1996-08-24'],"['B-Location', 'O']",LISBON 1996-08-24,"['LISBON(B-Location)', '1996-08-24(O)']",LISBON(B-Location) 1996-08-24(O),"Input: LISBON 1996-08-24
Output: LISBON(B-Location) 1996-08-24(O)"
2400,['8.' 'Bernard' 'Barmasai' '(' 'Kenya' ')' '8:17.94'],"['O', 'B-Person', 'I-Person', 'O', 'B-Location', 'O', 'O']",8. Bernard Barmasai ( Kenya ) 8:17.94,"['8.(O)', 'Bernard(B-Person)', 'Barmasai(I-Person)', '((O)', 'Kenya(B-Location)', ')(O)', '8:17.94(O)']",8.(O) Bernard(B-Person) Barmasai(I-Person) ((O) Kenya(B-Location) )(O) 8:17.94(O),"Input: 8. Bernard Barmasai ( Kenya ) 8:17.94
Output: 8.(O) Bernard(B-Person) Barmasai(I-Person) ((O) Kenya(B-Location) )(O) 8:17.94(O)"
7920,['FRONT' 'PAGE'],"['O', 'O']",FRONT PAGE,"['FRONT(O)', 'PAGE(O)']",FRONT(O) PAGE(O),"Input: FRONT PAGE
Output: FRONT(O) PAGE(O)"
12289,['(' '12.434' '/' '12.177).'],"['O', 'O', 'O', 'O']",( 12.434 / 12.177).,"['((O)', '12.434(O)', '/(O)', '12.177).(O)']",((O) 12.434(O) /(O) 12.177).(O),"Input: ( 12.434 / 12.177).
Output: ((O) 12.434(O) /(O) 12.177).(O)"
11629,"['German' 'carmaker' 'Volkswagen' 'AG' 'said' 'on' 'Wednesday' 'that' 'it'
 'expected' 'group' 'net' 'profit' 'to' 'double' 'in' 'the' 'third'
 'quarter' '.']","['B-Miscellaneous', 'O', 'B-Organization', 'I-Organization', 'O', 'O', 'O', 'O', 'O', 'O', 'O', 'O', 'O', 'O', 'O', 'O', 'O', 'O', 'O', 'O']",German carmaker Volkswagen AG said on Wednesday that it expected group net profit to double in the third quarter .,"['German(B-Miscellaneous)', 'carmaker(O)', 'Volkswagen(B-Organization)', 'AG(I-Organization)', 'said(O)', 'on(O)', 'Wednesday(O)', 'that(O)', 'it(O)', 'expected(O)', 'group(O)', 'net(O)', 'profit(O)', 'to(O)', 'double(O)', 'in(O)', 'the(O)', 'third(O)', 'quarter(O)', '.(O)']",German(B-Miscellaneous) carmaker(O) Volkswagen(B-Organization) AG(I-Organization) said(O) on(O) Wednesday(O) that(O) it(O) expected(O) group(O) net(O) profit(O) to(O) double(O) in(O) the(O) third(O) quarter(O) .(O),"Input: German carmaker Volkswagen AG said on Wednesday that it expected group net profit to double in the third quarter .
Output: German(B-Miscellaneous) carmaker(O) Volkswagen(B-Organization) AG(I-Organization) said(O) on(O) Wednesday(O) that(O) it(O) expected(O) group(O) net(O) profit(O) to(O) double(O) in(O) the(O) third(O) quarter(O) .(O)"
5758,"['for' ',' 'goals' 'against' ',' 'points' ')' ':']","['O', 'O', 'O', 'O', 'O', 'O', 'O', 'O']","for , goals against , points ) :","['for(O)', ',(O)', 'goals(O)', 'against(O)', ',(O)', 'points(O)', ')(O)', ':(O)']","for(O) ,(O) goals(O) against(O) ,(O) points(O) )(O) :(O)","Input: for , goals against , points ) :
Output: for(O) ,(O) goals(O) against(O) ,(O) points(O) )(O) :(O)"
1157,"['When' 'I' 'was' 'down' '2-5' 'in' 'the' 'tiebreak' '(' 'in' 'the'
 'third' 'set' ')' ',' 'I' 'just' 'thought' 'about' 'winning' 'my' 'two'
 'serves' 'and' 'hoped' 'that' 'he' 'might' 'get' 'tight' '.']","['O', 'O', 'O', 'O', 'O', 'O', 'O', 'O', 'O', 'O', 'O', 'O', 'O', 'O', 'O', 'O', 'O', 'O', 'O', 'O', 'O', 'O', 'O', 'O', 'O', 'O', 'O', 'O', 'O', 'O', 'O']","When I was down 2-5 in the tiebreak ( in the third set ) , I just thought about winning my two serves and hoped that he might get tight .","['When(O)', 'I(O)', 'was(O)', 'down(O)', '2-5(O)', 'in(O)', 'the(O)', 'tiebreak(O)', '((O)', 'in(O)', 'the(O)', 'third(O)', 'set(O)', ')(O)', ',(O)', 'I(O)', 'just(O)', 'thought(O)', 'about(O)', 'winning(O)', 'my(O)', 'two(O)', 'serves(O)', 'and(O)', 'hoped(O)', 'that(O)', 'he(O)', 'might(O)', 'get(O)', 'tight(O)', '.(O)']","When(O) I(O) was(O) down(O) 2-5(O) in(O) the(O) tiebreak(O) ((O) in(O) the(O) third(O) set(O) )(O) ,(O) I(O) just(O) thought(O) about(O) winning(O) my(O) two(O) serves(O) and(O) hoped(O) that(O) he(O) might(O) get(O) tight(O) .(O)","Input: When I was down 2-5 in the tiebreak ( in the third set ) , I just thought about winning my two serves and hoped that he might get tight .
Output: When(O) I(O) was(O) down(O) 2-5(O) in(O) the(O) tiebreak(O) ((O) in(O) the(O) third(O) set(O) )(O) ,(O) I(O) just(O) thought(O) about(O) winning(O) my(O) two(O) serves(O) and(O) hoped(O) that(O) he(O) might(O) get(O) tight(O) .(O)"
8182,['LONDON' '1996-08-27'],"['B-Location', 'O']",LONDON 1996-08-27,"['LONDON(B-Location)', '1996-08-27(O)']",LONDON(B-Location) 1996-08-27(O),"Input: LONDON 1996-08-27
Output: LONDON(B-Location) 1996-08-27(O)"
10658,"['Montpellier' 'seized' 'an' 'unexpected' 'lead' 'thanks' 'to' 'Kader'
 'Ferhaoui' 'in' 'the' 'fourth' 'minute' 'after' 'a' 'blunder' 'from'
 'Lens' 'goalkeeper' 'Jean-Claude' 'Nadon' '.']","['B-Organization', 'O', 'O', 'O', 'O', 'O', 'O', 'B-Person', 'I-Person', 'O', 'O', 'O', 'O', 'O', 'O', 'O', 'O', 'B-Organization', 'O', 'B-Person', 'I-Person', 'O']",Montpellier seized an unexpected lead thanks to Kader Ferhaoui in the fourth minute after a blunder from Lens goalkeeper Jean-Claude Nadon .,"['Montpellier(B-Organization)', 'seized(O)', 'an(O)', 'unexpected(O)', 'lead(O)', 'thanks(O)', 'to(O)', 'Kader(B-Person)', 'Ferhaoui(I-Person)', 'in(O)', 'the(O)', 'fourth(O)', 'minute(O)', 'after(O)', 'a(O)', 'blunder(O)', 'from(O)', 'Lens(B-Organization)', 'goalkeeper(O)', 'Jean-Claude(B-Person)', 'Nadon(I-Person)', '.(O)']",Montpellier(B-Organization) seized(O) an(O) unexpected(O) lead(O) thanks(O) to(O) Kader(B-Person) Ferhaoui(I-Person) in(O) the(O) fourth(O) minute(O) after(O) a(O) blunder(O) from(O) Lens(B-Organization) goalkeeper(O) Jean-Claude(B-Person) Nadon(I-Person) .(O),"Input: Montpellier seized an unexpected lead thanks to Kader Ferhaoui in the fourth minute after a blunder from Lens goalkeeper Jean-Claude Nadon .
Output: Montpellier(B-Organization) seized(O) an(O) unexpected(O) lead(O) thanks(O) to(O) Kader(B-Person) Ferhaoui(I-Person) in(O) the(O) fourth(O) minute(O) after(O) a(O) blunder(O) from(O) Lens(B-Organization) goalkeeper(O) Jean-Claude(B-Person) Nadon(I-Person) .(O)"
19,"['It' 'brought' 'in' '4,275' 'tonnes' 'of' 'British' 'mutton' ',' 'some'
 '10' 'percent' 'of' 'overall' 'imports' '.']","['O', 'O', 'O', 'O', 'O', 'O', 'B-Miscellaneous', 'O', 'O', 'O', 'O', 'O', 'O', 'O', 'O', 'O']","It brought in 4,275 tonnes of British mutton , some 10 percent of overall imports .","['It(O)', 'brought(O)', 'in(O)', '4,275(O)', 'tonnes(O)', 'of(O)', 'British(B-Miscellaneous)', 'mutton(O)', ',(O)', 'some(O)', '10(O)', 'percent(O)', 'of(O)', 'overall(O)', 'imports(O)', '.(O)']","It(O) brought(O) in(O) 4,275(O) tonnes(O) of(O) British(B-Miscellaneous) mutton(O) ,(O) some(O) 10(O) percent(O) of(O) overall(O) imports(O) .(O)","Input: It brought in 4,275 tonnes of British mutton , some 10 percent of overall imports .
Output: It(O) brought(O) in(O) 4,275(O) tonnes(O) of(O) British(B-Miscellaneous) mutton(O) ,(O) some(O) 10(O) percent(O) of(O) overall(O) imports(O) .(O)"
1306,"['Some' 'guerrillas' 'made' 'villagers' 'listen' 'to' 'propaganda'
 'speeches' 'in' 'the' 'village' 'centre' ',' 'others' 'forced' 'passing'
 'motorists' 'out' 'of' 'their' 'cars' 'and' 'daubed' 'their' 'vehicles'
 'with' 'slogans' '.']","['O', 'O', 'O', 'O', 'O', 'O', 'O', 'O', 'O', 'O', 'O', 'O', 'O', 'O', 'O', 'O', 'O', 'O', 'O', 'O', 'O', 'O', 'O', 'O', 'O', 'O', 'O', 'O']","Some guerrillas made villagers listen to propaganda speeches in the village centre , others forced passing motorists out of their cars and daubed their vehicles with slogans .","['Some(O)', 'guerrillas(O)', 'made(O)', 'villagers(O)', 'listen(O)', 'to(O)', 'propaganda(O)', 'speeches(O)', 'in(O)', 'the(O)', 'village(O)', 'centre(O)', ',(O)', 'others(O)', 'forced(O)', 'passing(O)', 'motorists(O)', 'out(O)', 'of(O)', 'their(O)', 'cars(O)', 'and(O)', 'daubed(O)', 'their(O)', 'vehicles(O)', 'with(O)', 'slogans(O)', '.(O)']","Some(O) guerrillas(O) made(O) villagers(O) listen(O) to(O) propaganda(O) speeches(O) in(O) the(O) village(O) centre(O) ,(O) others(O) forced(O) passing(O) motorists(O) out(O) of(O) their(O) cars(O) and(O) daubed(O) their(O) vehicles(O) with(O) slogans(O) .(O)","Input: Some guerrillas made villagers listen to propaganda speeches in the village centre , others forced passing motorists out of their cars and daubed their vehicles with slogans .
Output: Some(O) guerrillas(O) made(O) villagers(O) listen(O) to(O) propaganda(O) speeches(O) in(O) the(O) village(O) centre(O) ,(O) others(O) forced(O) passing(O) motorists(O) out(O) of(O) their(O) cars(O) and(O) daubed(O) their(O) vehicles(O) with(O) slogans(O) .(O)"
13787,"['NOTE' '-' 'Airport' 'Facilities' 'Co' 'Ltd' 'manages' 'and' 'rents'
 'facilities' 'at' 'Haneda' '(' 'Tokyo' ')' 'and' 'Itami' '(' 'Osaka' ')'
 'airports' '.']","['O', 'O', 'B-Organization', 'I-Organization', 'I-Organization', 'I-Organization', 'O', 'O', 'O', 'O', 'O', 'B-Location', 'O', 'B-Location', 'O', 'O', 'B-Location', 'O', 'B-Location', 'O', 'O', 'O']",NOTE - Airport Facilities Co Ltd manages and rents facilities at Haneda ( Tokyo ) and Itami ( Osaka ) airports .,"['NOTE(O)', '-(O)', 'Airport(B-Organization)', 'Facilities(I-Organization)', 'Co(I-Organization)', 'Ltd(I-Organization)', 'manages(O)', 'and(O)', 'rents(O)', 'facilities(O)', 'at(O)', 'Haneda(B-Location)', '((O)', 'Tokyo(B-Location)', ')(O)', 'and(O)', 'Itami(B-Location)', '((O)', 'Osaka(B-Location)', ')(O)', 'airports(O)', '.(O)']",NOTE(O) -(O) Airport(B-Organization) Facilities(I-Organization) Co(I-Organization) Ltd(I-Organization) manages(O) and(O) rents(O) facilities(O) at(O) Haneda(B-Location) ((O) Tokyo(B-Location) )(O) and(O) Itami(B-Location) ((O) Osaka(B-Location) )(O) airports(O) .(O),"Input: NOTE - Airport Facilities Co Ltd manages and rents facilities at Haneda ( Tokyo ) and Itami ( Osaka ) airports .
Output: NOTE(O) -(O) Airport(B-Organization) Facilities(I-Organization) Co(I-Organization) Ltd(I-Organization) manages(O) and(O) rents(O) facilities(O) at(O) Haneda(B-Location) ((O) Tokyo(B-Location) )(O) and(O) Itami(B-Location) ((O) Osaka(B-Location) )(O) airports(O) .(O)"
3908,['AMSTERDAM' '1996-08-24'],"['B-Location', 'O']",AMSTERDAM 1996-08-24,"['AMSTERDAM(B-Location)', '1996-08-24(O)']",AMSTERDAM(B-Location) 1996-08-24(O),"Input: AMSTERDAM 1996-08-24
Output: AMSTERDAM(B-Location) 1996-08-24(O)"
11073,"['""' 'A' 'small' 'number' 'already' 'have' 'preliminary' 'indications'
 'as' 'to' 'what' 'the' 'disposition' 'of' 'their' 'cases' 'are' 'and'
 'so' 'I' 'suppose' 'in' 'that' 'sense' ',' 'I' 'guess' 'we' 'have'
 'given' 'them' 'some' 'preferential' 'treatment' ',' '""' 'Lambert' 'said'
 '.']","['O', 'O', 'O', 'O', 'O', 'O', 'O', 'O', 'O', 'O', 'O', 'O', 'O', 'O', 'O', 'O', 'O', 'O', 'O', 'O', 'O', 'O', 'O', 'O', 'O', 'O', 'O', 'O', 'O', 'O', 'O', 'O', 'O', 'O', 'O', 'O', 'B-Person', 'O', 'O']",""" A small number already have preliminary indications as to what the disposition of their cases are and so I suppose in that sense , I guess we have given them some preferential treatment , "" Lambert said .","['""(O)', 'A(O)', 'small(O)', 'number(O)', 'already(O)', 'have(O)', 'preliminary(O)', 'indications(O)', 'as(O)', 'to(O)', 'what(O)', 'the(O)', 'disposition(O)', 'of(O)', 'their(O)', 'cases(O)', 'are(O)', 'and(O)', 'so(O)', 'I(O)', 'suppose(O)', 'in(O)', 'that(O)', 'sense(O)', ',(O)', 'I(O)', 'guess(O)', 'we(O)', 'have(O)', 'given(O)', 'them(O)', 'some(O)', 'preferential(O)', 'treatment(O)', ',(O)', '""(O)', 'Lambert(B-Person)', 'said(O)', '.(O)']","""(O) A(O) small(O) number(O) already(O) have(O) preliminary(O) indications(O) as(O) to(O) what(O) the(O) disposition(O) of(O) their(O) cases(O) are(O) and(O) so(O) I(O) suppose(O) in(O) that(O) sense(O) ,(O) I(O) guess(O) we(O) have(O) given(O) them(O) some(O) preferential(O) treatment(O) ,(O) ""(O) Lambert(B-Person) said(O) .(O)","Input: "" A small number already have preliminary indications as to what the disposition of their cases are and so I suppose in that sense , I guess we have given them some preferential treatment , "" Lambert said .
Output: ""(O) A(O) small(O) number(O) already(O) have(O) preliminary(O) indications(O) as(O) to(O) what(O) the(O) disposition(O) of(O) their(O) cases(O) are(O) and(O) so(O) I(O) suppose(O) in(O) that(O) sense(O) ,(O) I(O) guess(O) we(O) have(O) given(O) them(O) some(O) preferential(O) treatment(O) ,(O) ""(O) Lambert(B-Person) said(O) .(O)"
10906,"['Arch' 'Petroleum' 'Inc' 'said' 'Wednesday' 'an' 'exploratory' 'well'
 'in' 'Alberta' ""'s"" 'Morinville' 'area' 'tested' 'in' 'excess' 'of'
 '1,100' 'barrels' 'daily' 'and' 'will' 'begin' 'production' 'immediately'
 '.']","['B-Organization', 'I-Organization', 'I-Organization', 'O', 'O', 'O', 'O', 'O', 'O', 'B-Location', 'O', 'B-Location', 'O', 'O', 'O', 'O', 'O', 'O', 'O', 'O', 'O', 'O', 'O', 'O', 'O', 'O']","Arch Petroleum Inc said Wednesday an exploratory well in Alberta 's Morinville area tested in excess of 1,100 barrels daily and will begin production immediately .","['Arch(B-Organization)', 'Petroleum(I-Organization)', 'Inc(I-Organization)', 'said(O)', 'Wednesday(O)', 'an(O)', 'exploratory(O)', 'well(O)', 'in(O)', 'Alberta(B-Location)', ""'s(O)"", 'Morinville(B-Location)', 'area(O)', 'tested(O)', 'in(O)', 'excess(O)', 'of(O)', '1,100(O)', 'barrels(O)', 'daily(O)', 'and(O)', 'will(O)', 'begin(O)', 'production(O)', 'immediately(O)', '.(O)']","Arch(B-Organization) Petroleum(I-Organization) Inc(I-Organization) said(O) Wednesday(O) an(O) exploratory(O) well(O) in(O) Alberta(B-Location) 's(O) Morinville(B-Location) area(O) tested(O) in(O) excess(O) of(O) 1,100(O) barrels(O) daily(O) and(O) will(O) begin(O) production(O) immediately(O) .(O)","Input: Arch Petroleum Inc said Wednesday an exploratory well in Alberta 's Morinville area tested in excess of 1,100 barrels daily and will begin production immediately .
Output: Arch(B-Organization) Petroleum(I-Organization) Inc(I-Organization) said(O) Wednesday(O) an(O) exploratory(O) well(O) in(O) Alberta(B-Location) 's(O) Morinville(B-Location) area(O) tested(O) in(O) excess(O) of(O) 1,100(O) barrels(O) daily(O) and(O) will(O) begin(O) production(O) immediately(O) .(O)"
4286,['NICOSIA' '1996-08-24'],"['B-Location', 'O']",NICOSIA 1996-08-24,"['NICOSIA(B-Location)', '1996-08-24(O)']",NICOSIA(B-Location) 1996-08-24(O),"Input: NICOSIA 1996-08-24
Output: NICOSIA(B-Location) 1996-08-24(O)"
1928,"['At' 'Leicester' ':' 'Leicestershire' '343-8' '(' 'P.' 'Simmons' '108'
 ',' 'P.' 'Nixon']","['O', 'B-Location', 'O', 'B-Organization', 'O', 'O', 'B-Person', 'I-Person', 'O', 'O', 'B-Person', 'I-Person']","At Leicester : Leicestershire 343-8 ( P. Simmons 108 , P. Nixon","['At(O)', 'Leicester(B-Location)', ':(O)', 'Leicestershire(B-Organization)', '343-8(O)', '((O)', 'P.(B-Person)', 'Simmons(I-Person)', '108(O)', ',(O)', 'P.(B-Person)', 'Nixon(I-Person)']","At(O) Leicester(B-Location) :(O) Leicestershire(B-Organization) 343-8(O) ((O) P.(B-Person) Simmons(I-Person) 108(O) ,(O) P.(B-Person) Nixon(I-Person)","Input: At Leicester : Leicestershire 343-8 ( P. Simmons 108 , P. Nixon
Output: At(O) Leicester(B-Location) :(O) Leicestershire(B-Organization) 343-8(O) ((O) P.(B-Person) Simmons(I-Person) 108(O) ,(O) P.(B-Person) Nixon(I-Person)"
673,"['U.S.' 'Open' 'tennis' 'championships' 'beginning' 'Monday' 'at' 'the'
 'U.S' '.']","['B-Miscellaneous', 'I-Miscellaneous', 'O', 'O', 'O', 'O', 'O', 'O', 'B-Location', 'O']",U.S. Open tennis championships beginning Monday at the U.S .,"['U.S.(B-Miscellaneous)', 'Open(I-Miscellaneous)', 'tennis(O)', 'championships(O)', 'beginning(O)', 'Monday(O)', 'at(O)', 'the(O)', 'U.S(B-Location)', '.(O)']",U.S.(B-Miscellaneous) Open(I-Miscellaneous) tennis(O) championships(O) beginning(O) Monday(O) at(O) the(O) U.S(B-Location) .(O),"Input: U.S. Open tennis championships beginning Monday at the U.S .
Output: U.S.(B-Miscellaneous) Open(I-Miscellaneous) tennis(O) championships(O) beginning(O) Monday(O) at(O) the(O) U.S(B-Location) .(O)"
11065,"['as' 'a' 'result' 'of' 'the' 'absence' 'of' 'this' 'team' 'from' 'the'
 'match' ',' '""' 'CAF' 'said' 'in' 'a' 'statement' '.']","['O', 'O', 'O', 'O', 'O', 'O', 'O', 'O', 'O', 'O', 'O', 'O', 'O', 'O', 'B-Organization', 'O', 'O', 'O', 'O', 'O']","as a result of the absence of this team from the match , "" CAF said in a statement .","['as(O)', 'a(O)', 'result(O)', 'of(O)', 'the(O)', 'absence(O)', 'of(O)', 'this(O)', 'team(O)', 'from(O)', 'the(O)', 'match(O)', ',(O)', '""(O)', 'CAF(B-Organization)', 'said(O)', 'in(O)', 'a(O)', 'statement(O)', '.(O)']","as(O) a(O) result(O) of(O) the(O) absence(O) of(O) this(O) team(O) from(O) the(O) match(O) ,(O) ""(O) CAF(B-Organization) said(O) in(O) a(O) statement(O) .(O)","Input: as a result of the absence of this team from the match , "" CAF said in a statement .
Output: as(O) a(O) result(O) of(O) the(O) absence(O) of(O) this(O) team(O) from(O) the(O) match(O) ,(O) ""(O) CAF(B-Organization) said(O) in(O) a(O) statement(O) .(O)"
5329,"['Baseball' 'games' 'played' 'on' 'Sunday' '(' 'home' 'team' 'in' 'CAPS'
 ')' ':']","['O', 'O', 'O', 'O', 'O', 'O', 'O', 'O', 'O', 'O', 'O', 'O']",Baseball games played on Sunday ( home team in CAPS ) :,"['Baseball(O)', 'games(O)', 'played(O)', 'on(O)', 'Sunday(O)', '((O)', 'home(O)', 'team(O)', 'in(O)', 'CAPS(O)', ')(O)', ':(O)']",Baseball(O) games(O) played(O) on(O) Sunday(O) ((O) home(O) team(O) in(O) CAPS(O) )(O) :(O),"Input: Baseball games played on Sunday ( home team in CAPS ) :
Output: Baseball(O) games(O) played(O) on(O) Sunday(O) ((O) home(O) team(O) in(O) CAPS(O) )(O) :(O)"
9422,['---'],['O'],---,['---(O)'],---(O),"Input: ---
Output: ---(O)"
11193,['Bulgarians' 'recover' '75' 'pct' 'of' 'confiscated' 'land' '.'],"['B-Miscellaneous', 'O', 'O', 'O', 'O', 'O', 'O', 'O']",Bulgarians recover 75 pct of confiscated land .,"['Bulgarians(B-Miscellaneous)', 'recover(O)', '75(O)', 'pct(O)', 'of(O)', 'confiscated(O)', 'land(O)', '.(O)']",Bulgarians(B-Miscellaneous) recover(O) 75(O) pct(O) of(O) confiscated(O) land(O) .(O),"Input: Bulgarians recover 75 pct of confiscated land .
Output: Bulgarians(B-Miscellaneous) recover(O) 75(O) pct(O) of(O) confiscated(O) land(O) .(O)"
6938,['Larry' 'Fine'],"['B-Person', 'I-Person']",Larry Fine,"['Larry(B-Person)', 'Fine(I-Person)']",Larry(B-Person) Fine(I-Person),"Input: Larry Fine
Output: Larry(B-Person) Fine(I-Person)"
1149,"['Ivanisevic' 'rallied' 'from' 'a' '2-5' 'deficit' 'in' 'the' 'first'
 'set' 'but' 'then' 'played' 'erratically' 'against' 'the' '44th-ranked'
 'Tillstrom' ',' 'who' 'was' 'a' 'surprise' 'winner' 'over' 'his' 'famous'
 'compatriot' 'Stefan' 'Edberg' 'in' 'the' 'second' 'round' 'at'
 'Wimbledon' '.']","['B-Person', 'O', 'O', 'O', 'O', 'O', 'O', 'O', 'O', 'O', 'O', 'O', 'O', 'O', 'O', 'O', 'O', 'B-Person', 'O', 'O', 'O', 'O', 'O', 'O', 'O', 'O', 'O', 'O', 'B-Person', 'I-Person', 'O', 'O', 'O', 'O', 'O', 'B-Location', 'O']","Ivanisevic rallied from a 2-5 deficit in the first set but then played erratically against the 44th-ranked Tillstrom , who was a surprise winner over his famous compatriot Stefan Edberg in the second round at Wimbledon .","['Ivanisevic(B-Person)', 'rallied(O)', 'from(O)', 'a(O)', '2-5(O)', 'deficit(O)', 'in(O)', 'the(O)', 'first(O)', 'set(O)', 'but(O)', 'then(O)', 'played(O)', 'erratically(O)', 'against(O)', 'the(O)', '44th-ranked(O)', 'Tillstrom(B-Person)', ',(O)', 'who(O)', 'was(O)', 'a(O)', 'surprise(O)', 'winner(O)', 'over(O)', 'his(O)', 'famous(O)', 'compatriot(O)', 'Stefan(B-Person)', 'Edberg(I-Person)', 'in(O)', 'the(O)', 'second(O)', 'round(O)', 'at(O)', 'Wimbledon(B-Location)', '.(O)']","Ivanisevic(B-Person) rallied(O) from(O) a(O) 2-5(O) deficit(O) in(O) the(O) first(O) set(O) but(O) then(O) played(O) erratically(O) against(O) the(O) 44th-ranked(O) Tillstrom(B-Person) ,(O) who(O) was(O) a(O) surprise(O) winner(O) over(O) his(O) famous(O) compatriot(O) Stefan(B-Person) Edberg(I-Person) in(O) the(O) second(O) round(O) at(O) Wimbledon(B-Location) .(O)","Input: Ivanisevic rallied from a 2-5 deficit in the first set but then played erratically against the 44th-ranked Tillstrom , who was a surprise winner over his famous compatriot Stefan Edberg in the second round at Wimbledon .
Output: Ivanisevic(B-Person) rallied(O) from(O) a(O) 2-5(O) deficit(O) in(O) the(O) first(O) set(O) but(O) then(O) played(O) erratically(O) against(O) the(O) 44th-ranked(O) Tillstrom(B-Person) ,(O) who(O) was(O) a(O) surprise(O) winner(O) over(O) his(O) famous(O) compatriot(O) Stefan(B-Person) Edberg(I-Person) in(O) the(O) second(O) round(O) at(O) Wimbledon(B-Location) .(O)"
230,['Kindercare' 'says' 'debt' 'buy' 'to' 'hit' 'Q1' 'results' '.'],"['O', 'O', 'O', 'O', 'O', 'O', 'O', 'O', 'O']",Kindercare says debt buy to hit Q1 results .,"['Kindercare(O)', 'says(O)', 'debt(O)', 'buy(O)', 'to(O)', 'hit(O)', 'Q1(O)', 'results(O)', '.(O)']",Kindercare(O) says(O) debt(O) buy(O) to(O) hit(O) Q1(O) results(O) .(O),"Input: Kindercare says debt buy to hit Q1 results .
Output: Kindercare(O) says(O) debt(O) buy(O) to(O) hit(O) Q1(O) results(O) .(O)"
4736,['8.' 'Ukyo' 'Katayama' '(' 'Japan' ')' 'Tyrrell' '1:40.227'],"['O', 'B-Person', 'I-Person', 'O', 'B-Location', 'O', 'B-Organization', 'O']",8. Ukyo Katayama ( Japan ) Tyrrell 1:40.227,"['8.(O)', 'Ukyo(B-Person)', 'Katayama(I-Person)', '((O)', 'Japan(B-Location)', ')(O)', 'Tyrrell(B-Organization)', '1:40.227(O)']",8.(O) Ukyo(B-Person) Katayama(I-Person) ((O) Japan(B-Location) )(O) Tyrrell(B-Organization) 1:40.227(O),"Input: 8. Ukyo Katayama ( Japan ) Tyrrell 1:40.227
Output: 8.(O) Ukyo(B-Person) Katayama(I-Person) ((O) Japan(B-Location) )(O) Tyrrell(B-Organization) 1:40.227(O)"
5763,['Twente' 'Enschede' '2' '1' '1' '0' '4' '2' '4'],"['B-Organization', 'I-Organization', 'O', 'O', 'O', 'O', 'O', 'O', 'O']",Twente Enschede 2 1 1 0 4 2 4,"['Twente(B-Organization)', 'Enschede(I-Organization)', '2(O)', '1(O)', '1(O)', '0(O)', '4(O)', '2(O)', '4(O)']",Twente(B-Organization) Enschede(I-Organization) 2(O) 1(O) 1(O) 0(O) 4(O) 2(O) 4(O),"Input: Twente Enschede 2 1 1 0 4 2 4
Output: Twente(B-Organization) Enschede(I-Organization) 2(O) 1(O) 1(O) 0(O) 4(O) 2(O) 4(O)"
2288,"['ATHLETICS' '-' 'MITCHELL' 'UPSTAGES' 'TRIO' 'OF' 'OLYMPIC' 'SPRINT'
 'CHAMPIONS' '.']","['O', 'O', 'B-Person', 'O', 'O', 'O', 'B-Miscellaneous', 'O', 'O', 'O']",ATHLETICS - MITCHELL UPSTAGES TRIO OF OLYMPIC SPRINT CHAMPIONS .,"['ATHLETICS(O)', '-(O)', 'MITCHELL(B-Person)', 'UPSTAGES(O)', 'TRIO(O)', 'OF(O)', 'OLYMPIC(B-Miscellaneous)', 'SPRINT(O)', 'CHAMPIONS(O)', '.(O)']",ATHLETICS(O) -(O) MITCHELL(B-Person) UPSTAGES(O) TRIO(O) OF(O) OLYMPIC(B-Miscellaneous) SPRINT(O) CHAMPIONS(O) .(O),"Input: ATHLETICS - MITCHELL UPSTAGES TRIO OF OLYMPIC SPRINT CHAMPIONS .
Output: ATHLETICS(O) -(O) MITCHELL(B-Person) UPSTAGES(O) TRIO(O) OF(O) OLYMPIC(B-Miscellaneous) SPRINT(O) CHAMPIONS(O) .(O)"
1076,"['--' 'Rosemary' 'Bennett' ',' 'London' 'Newsroom' '+44' '171' '542'
 '7715']","['O', 'B-Person', 'I-Person', 'O', 'B-Organization', 'I-Organization', 'O', 'O', 'O', 'O']","-- Rosemary Bennett , London Newsroom +44 171 542 7715","['--(O)', 'Rosemary(B-Person)', 'Bennett(I-Person)', ',(O)', 'London(B-Organization)', 'Newsroom(I-Organization)', '+44(O)', '171(O)', '542(O)', '7715(O)']","--(O) Rosemary(B-Person) Bennett(I-Person) ,(O) London(B-Organization) Newsroom(I-Organization) +44(O) 171(O) 542(O) 7715(O)","Input: -- Rosemary Bennett , London Newsroom +44 171 542 7715
Output: --(O) Rosemary(B-Person) Bennett(I-Person) ,(O) London(B-Organization) Newsroom(I-Organization) +44(O) 171(O) 542(O) 7715(O)"
11885,['Spanish' 'tomato' 'warriors' 'paint' 'the' 'town' 'red' '.'],"['B-Miscellaneous', 'O', 'O', 'O', 'O', 'O', 'O', 'O']",Spanish tomato warriors paint the town red .,"['Spanish(B-Miscellaneous)', 'tomato(O)', 'warriors(O)', 'paint(O)', 'the(O)', 'town(O)', 'red(O)', '.(O)']",Spanish(B-Miscellaneous) tomato(O) warriors(O) paint(O) the(O) town(O) red(O) .(O),"Input: Spanish tomato warriors paint the town red .
Output: Spanish(B-Miscellaneous) tomato(O) warriors(O) paint(O) the(O) town(O) red(O) .(O)"
2188,['LISBON' '1996-08-23'],"['B-Location', 'O']",LISBON 1996-08-23,"['LISBON(B-Location)', '1996-08-23(O)']",LISBON(B-Location) 1996-08-23(O),"Input: LISBON 1996-08-23
Output: LISBON(B-Location) 1996-08-23(O)"
10449,['CLEVELAND' 'AT' 'DETROIT'],"['B-Organization', 'O', 'B-Location']",CLEVELAND AT DETROIT,"['CLEVELAND(B-Organization)', 'AT(O)', 'DETROIT(B-Location)']",CLEVELAND(B-Organization) AT(O) DETROIT(B-Location),"Input: CLEVELAND AT DETROIT
Output: CLEVELAND(B-Organization) AT(O) DETROIT(B-Location)"
4712,['1.' 'William' 'Tanui' '(' 'Kenya' ')' '3:54.57'],"['O', 'B-Person', 'I-Person', 'O', 'B-Location', 'O', 'O']",1. William Tanui ( Kenya ) 3:54.57,"['1.(O)', 'William(B-Person)', 'Tanui(I-Person)', '((O)', 'Kenya(B-Location)', ')(O)', '3:54.57(O)']",1.(O) William(B-Person) Tanui(I-Person) ((O) Kenya(B-Location) )(O) 3:54.57(O),"Input: 1. William Tanui ( Kenya ) 3:54.57
Output: 1.(O) William(B-Person) Tanui(I-Person) ((O) Kenya(B-Location) )(O) 3:54.57(O)"
6875,"['won' ',' 'drawn' ',' 'lost' ',' 'goals' 'for' ',' 'goals' 'against' ','
 'points' ')' ':']","['O', 'O', 'O', 'O', 'O', 'O', 'O', 'O', 'O', 'O', 'O', 'O', 'O', 'O', 'O']","won , drawn , lost , goals for , goals against , points ) :","['won(O)', ',(O)', 'drawn(O)', ',(O)', 'lost(O)', ',(O)', 'goals(O)', 'for(O)', ',(O)', 'goals(O)', 'against(O)', ',(O)', 'points(O)', ')(O)', ':(O)']","won(O) ,(O) drawn(O) ,(O) lost(O) ,(O) goals(O) for(O) ,(O) goals(O) against(O) ,(O) points(O) )(O) :(O)","Input: won , drawn , lost , goals for , goals against , points ) :
Output: won(O) ,(O) drawn(O) ,(O) lost(O) ,(O) goals(O) for(O) ,(O) goals(O) against(O) ,(O) points(O) )(O) :(O)"
12891,"['Police' 'said' 'they' 'found' '35' 'metric' 'tons' 'of' 'marijuana' 'on'
 'Thursday' 'on' 'a' 'ship' 'preparing' 'to' 'set' 'sail' 'for' 'the'
 'Netherlands' 'from' 'Colombia' ""'s"" 'Caribbean' 'port' 'of' 'Cartagena'
 '.']","['O', 'O', 'O', 'O', 'O', 'O', 'O', 'O', 'O', 'O', 'O', 'O', 'O', 'O', 'O', 'O', 'O', 'O', 'O', 'O', 'B-Location', 'O', 'B-Location', 'O', 'B-Location', 'O', 'O', 'B-Location', 'O']",Police said they found 35 metric tons of marijuana on Thursday on a ship preparing to set sail for the Netherlands from Colombia 's Caribbean port of Cartagena .,"['Police(O)', 'said(O)', 'they(O)', 'found(O)', '35(O)', 'metric(O)', 'tons(O)', 'of(O)', 'marijuana(O)', 'on(O)', 'Thursday(O)', 'on(O)', 'a(O)', 'ship(O)', 'preparing(O)', 'to(O)', 'set(O)', 'sail(O)', 'for(O)', 'the(O)', 'Netherlands(B-Location)', 'from(O)', 'Colombia(B-Location)', ""'s(O)"", 'Caribbean(B-Location)', 'port(O)', 'of(O)', 'Cartagena(B-Location)', '.(O)']",Police(O) said(O) they(O) found(O) 35(O) metric(O) tons(O) of(O) marijuana(O) on(O) Thursday(O) on(O) a(O) ship(O) preparing(O) to(O) set(O) sail(O) for(O) the(O) Netherlands(B-Location) from(O) Colombia(B-Location) 's(O) Caribbean(B-Location) port(O) of(O) Cartagena(B-Location) .(O),"Input: Police said they found 35 metric tons of marijuana on Thursday on a ship preparing to set sail for the Netherlands from Colombia 's Caribbean port of Cartagena .
Output: Police(O) said(O) they(O) found(O) 35(O) metric(O) tons(O) of(O) marijuana(O) on(O) Thursday(O) on(O) a(O) ship(O) preparing(O) to(O) set(O) sail(O) for(O) the(O) Netherlands(B-Location) from(O) Colombia(B-Location) 's(O) Caribbean(B-Location) port(O) of(O) Cartagena(B-Location) .(O)"
13588,"['Puglisi' 'was' 'shot' 'as' 'she' 'knelt' 'praying' 'by' 'the' 'tomb'
 'of' 'her' 'young' 'husband' ',' 'who' 'was' 'himself' 'killed' 'last'
 'year' 'in' 'a' 'Mafia' 'ambush' '.']","['B-Person', 'O', 'O', 'O', 'O', 'O', 'O', 'O', 'O', 'O', 'O', 'O', 'O', 'O', 'O', 'O', 'O', 'O', 'O', 'O', 'O', 'O', 'O', 'O', 'O', 'O']","Puglisi was shot as she knelt praying by the tomb of her young husband , who was himself killed last year in a Mafia ambush .","['Puglisi(B-Person)', 'was(O)', 'shot(O)', 'as(O)', 'she(O)', 'knelt(O)', 'praying(O)', 'by(O)', 'the(O)', 'tomb(O)', 'of(O)', 'her(O)', 'young(O)', 'husband(O)', ',(O)', 'who(O)', 'was(O)', 'himself(O)', 'killed(O)', 'last(O)', 'year(O)', 'in(O)', 'a(O)', 'Mafia(O)', 'ambush(O)', '.(O)']","Puglisi(B-Person) was(O) shot(O) as(O) she(O) knelt(O) praying(O) by(O) the(O) tomb(O) of(O) her(O) young(O) husband(O) ,(O) who(O) was(O) himself(O) killed(O) last(O) year(O) in(O) a(O) Mafia(O) ambush(O) .(O)","Input: Puglisi was shot as she knelt praying by the tomb of her young husband , who was himself killed last year in a Mafia ambush .
Output: Puglisi(B-Person) was(O) shot(O) as(O) she(O) knelt(O) praying(O) by(O) the(O) tomb(O) of(O) her(O) young(O) husband(O) ,(O) who(O) was(O) himself(O) killed(O) last(O) year(O) in(O) a(O) Mafia(O) ambush(O) .(O)"
3376,['TENNIS' '-' 'RESULTS' 'AT' 'TOSHIBA' 'CLASSIC' '.'],"['O', 'O', 'O', 'O', 'B-Miscellaneous', 'I-Miscellaneous', 'O']",TENNIS - RESULTS AT TOSHIBA CLASSIC .,"['TENNIS(O)', '-(O)', 'RESULTS(O)', 'AT(O)', 'TOSHIBA(B-Miscellaneous)', 'CLASSIC(I-Miscellaneous)', '.(O)']",TENNIS(O) -(O) RESULTS(O) AT(O) TOSHIBA(B-Miscellaneous) CLASSIC(I-Miscellaneous) .(O),"Input: TENNIS - RESULTS AT TOSHIBA CLASSIC .
Output: TENNIS(O) -(O) RESULTS(O) AT(O) TOSHIBA(B-Miscellaneous) CLASSIC(I-Miscellaneous) .(O)"
6202,"['This' 'year' ""'s"" 'harvest' 'is' 'down' 'from' 'last' 'year' ""'s"" '36.5'
 'million' 'tonne' 'harvest' ',' 'which' 'in' 'turn' 'compares' 'with'
 '50' 'million' 'tonnes' 'in' '1990' ',' 'the' 'year' 'before'
 'independence' '.']","['O', 'O', 'O', 'O', 'O', 'O', 'O', 'O', 'O', 'O', 'O', 'O', 'O', 'O', 'O', 'O', 'O', 'O', 'O', 'O', 'O', 'O', 'O', 'O', 'O', 'O', 'O', 'O', 'O', 'O', 'O']","This year 's harvest is down from last year 's 36.5 million tonne harvest , which in turn compares with 50 million tonnes in 1990 , the year before independence .","['This(O)', 'year(O)', ""'s(O)"", 'harvest(O)', 'is(O)', 'down(O)', 'from(O)', 'last(O)', 'year(O)', ""'s(O)"", '36.5(O)', 'million(O)', 'tonne(O)', 'harvest(O)', ',(O)', 'which(O)', 'in(O)', 'turn(O)', 'compares(O)', 'with(O)', '50(O)', 'million(O)', 'tonnes(O)', 'in(O)', '1990(O)', ',(O)', 'the(O)', 'year(O)', 'before(O)', 'independence(O)', '.(O)']","This(O) year(O) 's(O) harvest(O) is(O) down(O) from(O) last(O) year(O) 's(O) 36.5(O) million(O) tonne(O) harvest(O) ,(O) which(O) in(O) turn(O) compares(O) with(O) 50(O) million(O) tonnes(O) in(O) 1990(O) ,(O) the(O) year(O) before(O) independence(O) .(O)","Input: This year 's harvest is down from last year 's 36.5 million tonne harvest , which in turn compares with 50 million tonnes in 1990 , the year before independence .
Output: This(O) year(O) 's(O) harvest(O) is(O) down(O) from(O) last(O) year(O) 's(O) 36.5(O) million(O) tonne(O) harvest(O) ,(O) which(O) in(O) turn(O) compares(O) with(O) 50(O) million(O) tonnes(O) in(O) 1990(O) ,(O) the(O) year(O) before(O) independence(O) .(O)"
1694,['BNZ' 'cuts' 'NZ' 'fixed' 'home' 'lending' 'rates' '.'],"['B-Organization', 'O', 'B-Location', 'O', 'O', 'O', 'O', 'O']",BNZ cuts NZ fixed home lending rates .,"['BNZ(B-Organization)', 'cuts(O)', 'NZ(B-Location)', 'fixed(O)', 'home(O)', 'lending(O)', 'rates(O)', '.(O)']",BNZ(B-Organization) cuts(O) NZ(B-Location) fixed(O) home(O) lending(O) rates(O) .(O),"Input: BNZ cuts NZ fixed home lending rates .
Output: BNZ(B-Organization) cuts(O) NZ(B-Location) fixed(O) home(O) lending(O) rates(O) .(O)"
6810,['The' 'teams' 'meet' 'each' 'other' 'once' 'in' 'each'],"['O', 'O', 'O', 'O', 'O', 'O', 'O', 'O']",The teams meet each other once in each,"['The(O)', 'teams(O)', 'meet(O)', 'each(O)', 'other(O)', 'once(O)', 'in(O)', 'each(O)']",The(O) teams(O) meet(O) each(O) other(O) once(O) in(O) each(O),"Input: The teams meet each other once in each
Output: The(O) teams(O) meet(O) each(O) other(O) once(O) in(O) each(O)"
8058,"['In' 'Paris' ',' 'the' 'CAC-40' 'share' 'index' 'finished' 'down' '2.43'
 'at' '2,017.99' '.']","['O', 'B-Location', 'O', 'O', 'B-Miscellaneous', 'O', 'O', 'O', 'O', 'O', 'O', 'O', 'O']","In Paris , the CAC-40 share index finished down 2.43 at 2,017.99 .","['In(O)', 'Paris(B-Location)', ',(O)', 'the(O)', 'CAC-40(B-Miscellaneous)', 'share(O)', 'index(O)', 'finished(O)', 'down(O)', '2.43(O)', 'at(O)', '2,017.99(O)', '.(O)']","In(O) Paris(B-Location) ,(O) the(O) CAC-40(B-Miscellaneous) share(O) index(O) finished(O) down(O) 2.43(O) at(O) 2,017.99(O) .(O)","Input: In Paris , the CAC-40 share index finished down 2.43 at 2,017.99 .
Output: In(O) Paris(B-Location) ,(O) the(O) CAC-40(B-Miscellaneous) share(O) index(O) finished(O) down(O) 2.43(O) at(O) 2,017.99(O) .(O)"
2297,"['Lewis' ',' 'making' 'a' 'rare' 'appearance' 'in' 'Europe' 'in' 'a'
 'sprint' 'race' ',' 'left' 'the' 'track' 'with' 'a' 'slight' 'limp' '.']","['B-Person', 'O', 'O', 'O', 'O', 'O', 'O', 'B-Location', 'O', 'O', 'O', 'O', 'O', 'O', 'O', 'O', 'O', 'O', 'O', 'O', 'O']","Lewis , making a rare appearance in Europe in a sprint race , left the track with a slight limp .","['Lewis(B-Person)', ',(O)', 'making(O)', 'a(O)', 'rare(O)', 'appearance(O)', 'in(O)', 'Europe(B-Location)', 'in(O)', 'a(O)', 'sprint(O)', 'race(O)', ',(O)', 'left(O)', 'the(O)', 'track(O)', 'with(O)', 'a(O)', 'slight(O)', 'limp(O)', '.(O)']","Lewis(B-Person) ,(O) making(O) a(O) rare(O) appearance(O) in(O) Europe(B-Location) in(O) a(O) sprint(O) race(O) ,(O) left(O) the(O) track(O) with(O) a(O) slight(O) limp(O) .(O)","Input: Lewis , making a rare appearance in Europe in a sprint race , left the track with a slight limp .
Output: Lewis(B-Person) ,(O) making(O) a(O) rare(O) appearance(O) in(O) Europe(B-Location) in(O) a(O) sprint(O) race(O) ,(O) left(O) the(O) track(O) with(O) a(O) slight(O) limp(O) .(O)"
13027,"['The' 'following' 'Montana' 'tax-exempt' 'municipal' 'bond' 'indices'
 'were' 'compiled' 'by' 'Piper' 'Jaffray' 'Inc' 'for' 'the' 'week'
 'ending' 'August' '30' '.']","['O', 'O', 'B-Location', 'O', 'O', 'O', 'O', 'O', 'O', 'O', 'B-Organization', 'I-Organization', 'I-Organization', 'O', 'O', 'O', 'O', 'O', 'O', 'O']",The following Montana tax-exempt municipal bond indices were compiled by Piper Jaffray Inc for the week ending August 30 .,"['The(O)', 'following(O)', 'Montana(B-Location)', 'tax-exempt(O)', 'municipal(O)', 'bond(O)', 'indices(O)', 'were(O)', 'compiled(O)', 'by(O)', 'Piper(B-Organization)', 'Jaffray(I-Organization)', 'Inc(I-Organization)', 'for(O)', 'the(O)', 'week(O)', 'ending(O)', 'August(O)', '30(O)', '.(O)']",The(O) following(O) Montana(B-Location) tax-exempt(O) municipal(O) bond(O) indices(O) were(O) compiled(O) by(O) Piper(B-Organization) Jaffray(I-Organization) Inc(I-Organization) for(O) the(O) week(O) ending(O) August(O) 30(O) .(O),"Input: The following Montana tax-exempt municipal bond indices were compiled by Piper Jaffray Inc for the week ending August 30 .
Output: The(O) following(O) Montana(B-Location) tax-exempt(O) municipal(O) bond(O) indices(O) were(O) compiled(O) by(O) Piper(B-Organization) Jaffray(I-Organization) Inc(I-Organization) for(O) the(O) week(O) ending(O) August(O) 30(O) .(O)"
5988,['(' 'million' 'NZ$' 'unless' 'stated' ')'],"['O', 'O', 'B-Miscellaneous', 'O', 'O', 'O']",( million NZ$ unless stated ),"['((O)', 'million(O)', 'NZ$(B-Miscellaneous)', 'unless(O)', 'stated(O)', ')(O)']",((O) million(O) NZ$(B-Miscellaneous) unless(O) stated(O) )(O),"Input: ( million NZ$ unless stated )
Output: ((O) million(O) NZ$(B-Miscellaneous) unless(O) stated(O) )(O)"
9376,"['The' 'exact' 'number' 'of' 'passangers' 'on' 'the' 'train' 'was' 'not'
 'known' '.' '""']","['O', 'O', 'O', 'O', 'O', 'O', 'O', 'O', 'O', 'O', 'O', 'O', 'O']","The exact number of passangers on the train was not known . ""","['The(O)', 'exact(O)', 'number(O)', 'of(O)', 'passangers(O)', 'on(O)', 'the(O)', 'train(O)', 'was(O)', 'not(O)', 'known(O)', '.(O)', '""(O)']","The(O) exact(O) number(O) of(O) passangers(O) on(O) the(O) train(O) was(O) not(O) known(O) .(O) ""(O)","Input: The exact number of passangers on the train was not known . ""
Output: The(O) exact(O) number(O) of(O) passangers(O) on(O) the(O) train(O) was(O) not(O) known(O) .(O) ""(O)"
10355,"['Outspoken' 'Andrei' 'Medvedev' 'exchanged' 'his' 'reputation' 'as' 'the'
 'clown' 'prince' 'of' 'tennis' 'on' 'Wednesday' 'for' 'a' 'new'
 'no-nonsense' 'attitude' 'that' 'has' 'made' 'life' 'on' 'the' 'courts'
 'fun' 'again' '.']","['O', 'B-Person', 'I-Person', 'O', 'O', 'O', 'O', 'O', 'O', 'O', 'O', 'O', 'O', 'O', 'O', 'O', 'O', 'O', 'O', 'O', 'O', 'O', 'O', 'O', 'O', 'O', 'O', 'O', 'O']",Outspoken Andrei Medvedev exchanged his reputation as the clown prince of tennis on Wednesday for a new no-nonsense attitude that has made life on the courts fun again .,"['Outspoken(O)', 'Andrei(B-Person)', 'Medvedev(I-Person)', 'exchanged(O)', 'his(O)', 'reputation(O)', 'as(O)', 'the(O)', 'clown(O)', 'prince(O)', 'of(O)', 'tennis(O)', 'on(O)', 'Wednesday(O)', 'for(O)', 'a(O)', 'new(O)', 'no-nonsense(O)', 'attitude(O)', 'that(O)', 'has(O)', 'made(O)', 'life(O)', 'on(O)', 'the(O)', 'courts(O)', 'fun(O)', 'again(O)', '.(O)']",Outspoken(O) Andrei(B-Person) Medvedev(I-Person) exchanged(O) his(O) reputation(O) as(O) the(O) clown(O) prince(O) of(O) tennis(O) on(O) Wednesday(O) for(O) a(O) new(O) no-nonsense(O) attitude(O) that(O) has(O) made(O) life(O) on(O) the(O) courts(O) fun(O) again(O) .(O),"Input: Outspoken Andrei Medvedev exchanged his reputation as the clown prince of tennis on Wednesday for a new no-nonsense attitude that has made life on the courts fun again .
Output: Outspoken(O) Andrei(B-Person) Medvedev(I-Person) exchanged(O) his(O) reputation(O) as(O) the(O) clown(O) prince(O) of(O) tennis(O) on(O) Wednesday(O) for(O) a(O) new(O) no-nonsense(O) attitude(O) that(O) has(O) made(O) life(O) on(O) the(O) courts(O) fun(O) again(O) .(O)"
4314,"['-' 'Parliament' 'completes' 'draft' 'law' 'on' 'protection' 'of' 'river'
 'waters' 'in' 'Iraq' '.']","['O', 'O', 'O', 'O', 'O', 'O', 'O', 'O', 'O', 'O', 'O', 'B-Location', 'O']",- Parliament completes draft law on protection of river waters in Iraq .,"['-(O)', 'Parliament(O)', 'completes(O)', 'draft(O)', 'law(O)', 'on(O)', 'protection(O)', 'of(O)', 'river(O)', 'waters(O)', 'in(O)', 'Iraq(B-Location)', '.(O)']",-(O) Parliament(O) completes(O) draft(O) law(O) on(O) protection(O) of(O) river(O) waters(O) in(O) Iraq(B-Location) .(O),"Input: - Parliament completes draft law on protection of river waters in Iraq .
Output: -(O) Parliament(O) completes(O) draft(O) law(O) on(O) protection(O) of(O) river(O) waters(O) in(O) Iraq(B-Location) .(O)"
452,['Total' '(' 'for' 'six' 'wickets' ')' '278'],"['O', 'O', 'O', 'O', 'O', 'O', 'O']",Total ( for six wickets ) 278,"['Total(O)', '((O)', 'for(O)', 'six(O)', 'wickets(O)', ')(O)', '278(O)']",Total(O) ((O) for(O) six(O) wickets(O) )(O) 278(O),"Input: Total ( for six wickets ) 278
Output: Total(O) ((O) for(O) six(O) wickets(O) )(O) 278(O)"
1505,"['Hannover' '6,030' 'up' '15.3']","['B-Location', 'O', 'O', 'O']","Hannover 6,030 up 15.3","['Hannover(B-Location)', '6,030(O)', 'up(O)', '15.3(O)']","Hannover(B-Location) 6,030(O) up(O) 15.3(O)","Input: Hannover 6,030 up 15.3
Output: Hannover(B-Location) 6,030(O) up(O) 15.3(O)"
10524,"['""' 'Usually' 'in' 'the' 'first' 'one' 'or' 'two' 'matches' ',' 'you'
 'want' 'to' 'find' 'your' 'rhythm' 'and' 'want' 'to' 'get' 'into' 'it'
 ',' '""' 'said' 'Graf' ',' 'who' 'won' 'seven' 'of' 'the' 'last' 'eight'
 'points' 'in' 'the' 'breaker' '.']","['O', 'O', 'O', 'O', 'O', 'O', 'O', 'O', 'O', 'O', 'O', 'O', 'O', 'O', 'O', 'O', 'O', 'O', 'O', 'O', 'O', 'O', 'O', 'O', 'O', 'B-Person', 'O', 'O', 'O', 'O', 'O', 'O', 'O', 'O', 'O', 'O', 'O', 'O', 'O']",""" Usually in the first one or two matches , you want to find your rhythm and want to get into it , "" said Graf , who won seven of the last eight points in the breaker .","['""(O)', 'Usually(O)', 'in(O)', 'the(O)', 'first(O)', 'one(O)', 'or(O)', 'two(O)', 'matches(O)', ',(O)', 'you(O)', 'want(O)', 'to(O)', 'find(O)', 'your(O)', 'rhythm(O)', 'and(O)', 'want(O)', 'to(O)', 'get(O)', 'into(O)', 'it(O)', ',(O)', '""(O)', 'said(O)', 'Graf(B-Person)', ',(O)', 'who(O)', 'won(O)', 'seven(O)', 'of(O)', 'the(O)', 'last(O)', 'eight(O)', 'points(O)', 'in(O)', 'the(O)', 'breaker(O)', '.(O)']","""(O) Usually(O) in(O) the(O) first(O) one(O) or(O) two(O) matches(O) ,(O) you(O) want(O) to(O) find(O) your(O) rhythm(O) and(O) want(O) to(O) get(O) into(O) it(O) ,(O) ""(O) said(O) Graf(B-Person) ,(O) who(O) won(O) seven(O) of(O) the(O) last(O) eight(O) points(O) in(O) the(O) breaker(O) .(O)","Input: "" Usually in the first one or two matches , you want to find your rhythm and want to get into it , "" said Graf , who won seven of the last eight points in the breaker .
Output: ""(O) Usually(O) in(O) the(O) first(O) one(O) or(O) two(O) matches(O) ,(O) you(O) want(O) to(O) find(O) your(O) rhythm(O) and(O) want(O) to(O) get(O) into(O) it(O) ,(O) ""(O) said(O) Graf(B-Person) ,(O) who(O) won(O) seven(O) of(O) the(O) last(O) eight(O) points(O) in(O) the(O) breaker(O) .(O)"
5603,"['19.' 'Jim' 'Payne' '165,150']","['O', 'B-Person', 'I-Person', 'O']","19. Jim Payne 165,150","['19.(O)', 'Jim(B-Person)', 'Payne(I-Person)', '165,150(O)']","19.(O) Jim(B-Person) Payne(I-Person) 165,150(O)","Input: 19. Jim Payne 165,150
Output: 19.(O) Jim(B-Person) Payne(I-Person) 165,150(O)"
8318,['Alan' 'Mullally' '3' '5' '1' '39' '24' '9.75'],"['B-Person', 'I-Person', 'O', 'O', 'O', 'O', 'O', 'O']",Alan Mullally 3 5 1 39 24 9.75,"['Alan(B-Person)', 'Mullally(I-Person)', '3(O)', '5(O)', '1(O)', '39(O)', '24(O)', '9.75(O)']",Alan(B-Person) Mullally(I-Person) 3(O) 5(O) 1(O) 39(O) 24(O) 9.75(O),"Input: Alan Mullally 3 5 1 39 24 9.75
Output: Alan(B-Person) Mullally(I-Person) 3(O) 5(O) 1(O) 39(O) 24(O) 9.75(O)"
9363,"['The' 'average' 'selling' 'price' ',' '$' '206,464' ',' 'was' 'up' '10.6'
 'percent' 'over' 'July' '1995' '.']","['O', 'O', 'O', 'O', 'O', 'O', 'O', 'O', 'O', 'O', 'O', 'O', 'O', 'O', 'O', 'O']","The average selling price , $ 206,464 , was up 10.6 percent over July 1995 .","['The(O)', 'average(O)', 'selling(O)', 'price(O)', ',(O)', '$(O)', '206,464(O)', ',(O)', 'was(O)', 'up(O)', '10.6(O)', 'percent(O)', 'over(O)', 'July(O)', '1995(O)', '.(O)']","The(O) average(O) selling(O) price(O) ,(O) $(O) 206,464(O) ,(O) was(O) up(O) 10.6(O) percent(O) over(O) July(O) 1995(O) .(O)","Input: The average selling price , $ 206,464 , was up 10.6 percent over July 1995 .
Output: The(O) average(O) selling(O) price(O) ,(O) $(O) 206,464(O) ,(O) was(O) up(O) 10.6(O) percent(O) over(O) July(O) 1995(O) .(O)"
340,['Maruyama' '(' 'Japan' ')'],"['B-Person', 'O', 'B-Location', 'O']",Maruyama ( Japan ),"['Maruyama(B-Person)', '((O)', 'Japan(B-Location)', ')(O)']",Maruyama(B-Person) ((O) Japan(B-Location) )(O),"Input: Maruyama ( Japan )
Output: Maruyama(B-Person) ((O) Japan(B-Location) )(O)"
6718,['first' 'division' 'soccer' 'matches' 'at' 'the' 'weekend' ':'],"['O', 'O', 'O', 'O', 'O', 'O', 'O', 'O']",first division soccer matches at the weekend :,"['first(O)', 'division(O)', 'soccer(O)', 'matches(O)', 'at(O)', 'the(O)', 'weekend(O)', ':(O)']",first(O) division(O) soccer(O) matches(O) at(O) the(O) weekend(O) :(O),"Input: first division soccer matches at the weekend :
Output: first(O) division(O) soccer(O) matches(O) at(O) the(O) weekend(O) :(O)"
13168,"['U.S.' 'corn' 'gluten' 'feed' 'prices' 'were' 'flat' 'while' 'meal'
 'values' 'were' 'steady' 'to' 'firmer' 'on' 'Thursday' '.']","['B-Location', 'O', 'O', 'O', 'O', 'O', 'O', 'O', 'O', 'O', 'O', 'O', 'O', 'O', 'O', 'O', 'O']",U.S. corn gluten feed prices were flat while meal values were steady to firmer on Thursday .,"['U.S.(B-Location)', 'corn(O)', 'gluten(O)', 'feed(O)', 'prices(O)', 'were(O)', 'flat(O)', 'while(O)', 'meal(O)', 'values(O)', 'were(O)', 'steady(O)', 'to(O)', 'firmer(O)', 'on(O)', 'Thursday(O)', '.(O)']",U.S.(B-Location) corn(O) gluten(O) feed(O) prices(O) were(O) flat(O) while(O) meal(O) values(O) were(O) steady(O) to(O) firmer(O) on(O) Thursday(O) .(O),"Input: U.S. corn gluten feed prices were flat while meal values were steady to firmer on Thursday .
Output: U.S.(B-Location) corn(O) gluten(O) feed(O) prices(O) were(O) flat(O) while(O) meal(O) values(O) were(O) steady(O) to(O) firmer(O) on(O) Thursday(O) .(O)"
8674,"['Borussia' 'Dortmund' '3' '(' 'Riedle' '8th' 'minute' ',' 'Heinrich'
 '29th' ',']","['B-Organization', 'I-Organization', 'O', 'O', 'B-Person', 'O', 'O', 'O', 'B-Person', 'O', 'O']","Borussia Dortmund 3 ( Riedle 8th minute , Heinrich 29th ,","['Borussia(B-Organization)', 'Dortmund(I-Organization)', '3(O)', '((O)', 'Riedle(B-Person)', '8th(O)', 'minute(O)', ',(O)', 'Heinrich(B-Person)', '29th(O)', ',(O)']","Borussia(B-Organization) Dortmund(I-Organization) 3(O) ((O) Riedle(B-Person) 8th(O) minute(O) ,(O) Heinrich(B-Person) 29th(O) ,(O)","Input: Borussia Dortmund 3 ( Riedle 8th minute , Heinrich 29th ,
Output: Borussia(B-Organization) Dortmund(I-Organization) 3(O) ((O) Riedle(B-Person) 8th(O) minute(O) ,(O) Heinrich(B-Person) 29th(O) ,(O)"
6415,"['four-day' 'English' 'County' 'Championship' 'cricket' 'matches' 'on'
 'Monday' ':']","['O', 'B-Miscellaneous', 'I-Miscellaneous', 'I-Miscellaneous', 'O', 'O', 'O', 'O', 'O']",four-day English County Championship cricket matches on Monday :,"['four-day(O)', 'English(B-Miscellaneous)', 'County(I-Miscellaneous)', 'Championship(I-Miscellaneous)', 'cricket(O)', 'matches(O)', 'on(O)', 'Monday(O)', ':(O)']",four-day(O) English(B-Miscellaneous) County(I-Miscellaneous) Championship(I-Miscellaneous) cricket(O) matches(O) on(O) Monday(O) :(O),"Input: four-day English County Championship cricket matches on Monday :
Output: four-day(O) English(B-Miscellaneous) County(I-Miscellaneous) Championship(I-Miscellaneous) cricket(O) matches(O) on(O) Monday(O) :(O)"
9699,['CHICAGO' '1996-08-26'],"['B-Location', 'O']",CHICAGO 1996-08-26,"['CHICAGO(B-Location)', '1996-08-26(O)']",CHICAGO(B-Location) 1996-08-26(O),"Input: CHICAGO 1996-08-26
Output: CHICAGO(B-Location) 1996-08-26(O)"
11661,"['In' 'foreign' 'exchange' 'the' 'dollar' 'was' 'trading' 'at' 'around'
 '108.40' 'yen' 'in' 'the' 'European' 'afternoon' ',' 'up' 'from' 'its'
 'European' 'close' 'on' 'Tuesday' 'of' '107.55' 'but' 'off' 'the' 'day'
 ""'s"" 'highs' '.']","['O', 'O', 'O', 'O', 'O', 'O', 'O', 'O', 'O', 'O', 'O', 'O', 'O', 'B-Miscellaneous', 'O', 'O', 'O', 'O', 'O', 'B-Miscellaneous', 'O', 'O', 'O', 'O', 'O', 'O', 'O', 'O', 'O', 'O', 'O', 'O']","In foreign exchange the dollar was trading at around 108.40 yen in the European afternoon , up from its European close on Tuesday of 107.55 but off the day 's highs .","['In(O)', 'foreign(O)', 'exchange(O)', 'the(O)', 'dollar(O)', 'was(O)', 'trading(O)', 'at(O)', 'around(O)', '108.40(O)', 'yen(O)', 'in(O)', 'the(O)', 'European(B-Miscellaneous)', 'afternoon(O)', ',(O)', 'up(O)', 'from(O)', 'its(O)', 'European(B-Miscellaneous)', 'close(O)', 'on(O)', 'Tuesday(O)', 'of(O)', '107.55(O)', 'but(O)', 'off(O)', 'the(O)', 'day(O)', ""'s(O)"", 'highs(O)', '.(O)']","In(O) foreign(O) exchange(O) the(O) dollar(O) was(O) trading(O) at(O) around(O) 108.40(O) yen(O) in(O) the(O) European(B-Miscellaneous) afternoon(O) ,(O) up(O) from(O) its(O) European(B-Miscellaneous) close(O) on(O) Tuesday(O) of(O) 107.55(O) but(O) off(O) the(O) day(O) 's(O) highs(O) .(O)","Input: In foreign exchange the dollar was trading at around 108.40 yen in the European afternoon , up from its European close on Tuesday of 107.55 but off the day 's highs .
Output: In(O) foreign(O) exchange(O) the(O) dollar(O) was(O) trading(O) at(O) around(O) 108.40(O) yen(O) in(O) the(O) European(B-Miscellaneous) afternoon(O) ,(O) up(O) from(O) its(O) European(B-Miscellaneous) close(O) on(O) Tuesday(O) of(O) 107.55(O) but(O) off(O) the(O) day(O) 's(O) highs(O) .(O)"
12938,"['A' 'French' 'group' 'of' 'electoral' 'observers' ',' 'Agir' 'Ensemble'
 'pour' 'les' 'Droits' 'de' ""l'Homme"" ',' 'concluded' 'the' 'army'
 'presence' 'exerted' 'a' 'heavy' 'psychological' 'pressure' 'on' 'local'
 'farmers' 'and' 'would' 'prevent' 'a' 'fair' 'vote' '.']","['O', 'B-Miscellaneous', 'O', 'O', 'O', 'O', 'O', 'B-Organization', 'I-Organization', 'I-Organization', 'I-Organization', 'I-Organization', 'I-Organization', 'I-Organization', 'O', 'O', 'O', 'O', 'O', 'O', 'O', 'O', 'O', 'O', 'O', 'O', 'O', 'O', 'O', 'O', 'O', 'O', 'O', 'O']","A French group of electoral observers , Agir Ensemble pour les Droits de l'Homme , concluded the army presence exerted a heavy psychological pressure on local farmers and would prevent a fair vote .","['A(O)', 'French(B-Miscellaneous)', 'group(O)', 'of(O)', 'electoral(O)', 'observers(O)', ',(O)', 'Agir(B-Organization)', 'Ensemble(I-Organization)', 'pour(I-Organization)', 'les(I-Organization)', 'Droits(I-Organization)', 'de(I-Organization)', ""l'Homme(I-Organization)"", ',(O)', 'concluded(O)', 'the(O)', 'army(O)', 'presence(O)', 'exerted(O)', 'a(O)', 'heavy(O)', 'psychological(O)', 'pressure(O)', 'on(O)', 'local(O)', 'farmers(O)', 'and(O)', 'would(O)', 'prevent(O)', 'a(O)', 'fair(O)', 'vote(O)', '.(O)']","A(O) French(B-Miscellaneous) group(O) of(O) electoral(O) observers(O) ,(O) Agir(B-Organization) Ensemble(I-Organization) pour(I-Organization) les(I-Organization) Droits(I-Organization) de(I-Organization) l'Homme(I-Organization) ,(O) concluded(O) the(O) army(O) presence(O) exerted(O) a(O) heavy(O) psychological(O) pressure(O) on(O) local(O) farmers(O) and(O) would(O) prevent(O) a(O) fair(O) vote(O) .(O)","Input: A French group of electoral observers , Agir Ensemble pour les Droits de l'Homme , concluded the army presence exerted a heavy psychological pressure on local farmers and would prevent a fair vote .
Output: A(O) French(B-Miscellaneous) group(O) of(O) electoral(O) observers(O) ,(O) Agir(B-Organization) Ensemble(I-Organization) pour(I-Organization) les(I-Organization) Droits(I-Organization) de(I-Organization) l'Homme(I-Organization) ,(O) concluded(O) the(O) army(O) presence(O) exerted(O) a(O) heavy(O) psychological(O) pressure(O) on(O) local(O) farmers(O) and(O) would(O) prevent(O) a(O) fair(O) vote(O) .(O)"
6700,['6.' 'FTC' '3' '2' '-' '1' '8' '7' '6'],"['O', 'B-Organization', 'O', 'O', 'O', 'O', 'O', 'O', 'O']",6. FTC 3 2 - 1 8 7 6,"['6.(O)', 'FTC(B-Organization)', '3(O)', '2(O)', '-(O)', '1(O)', '8(O)', '7(O)', '6(O)']",6.(O) FTC(B-Organization) 3(O) 2(O) -(O) 1(O) 8(O) 7(O) 6(O),"Input: 6. FTC 3 2 - 1 8 7 6
Output: 6.(O) FTC(B-Organization) 3(O) 2(O) -(O) 1(O) 8(O) 7(O) 6(O)"
3129,"['""' 'It' ""'s"" 'sad' 'someone' 'would' 'have' 'that' 'kind' 'of' 'spite'
 'in' 'their' 'heart' ',' '""' 'said' 'Rev.' 'Jerome' 'Turner' ',' 'pastor'
 'of' 'Mount' 'Zion' 'Missionary' 'Baptist' 'Church' '.']","['O', 'O', 'O', 'O', 'O', 'O', 'O', 'O', 'O', 'O', 'O', 'O', 'O', 'O', 'O', 'O', 'O', 'O', 'B-Person', 'I-Person', 'O', 'O', 'O', 'B-Location', 'I-Location', 'I-Location', 'I-Location', 'I-Location', 'O']",""" It 's sad someone would have that kind of spite in their heart , "" said Rev. Jerome Turner , pastor of Mount Zion Missionary Baptist Church .","['""(O)', 'It(O)', ""'s(O)"", 'sad(O)', 'someone(O)', 'would(O)', 'have(O)', 'that(O)', 'kind(O)', 'of(O)', 'spite(O)', 'in(O)', 'their(O)', 'heart(O)', ',(O)', '""(O)', 'said(O)', 'Rev.(O)', 'Jerome(B-Person)', 'Turner(I-Person)', ',(O)', 'pastor(O)', 'of(O)', 'Mount(B-Location)', 'Zion(I-Location)', 'Missionary(I-Location)', 'Baptist(I-Location)', 'Church(I-Location)', '.(O)']","""(O) It(O) 's(O) sad(O) someone(O) would(O) have(O) that(O) kind(O) of(O) spite(O) in(O) their(O) heart(O) ,(O) ""(O) said(O) Rev.(O) Jerome(B-Person) Turner(I-Person) ,(O) pastor(O) of(O) Mount(B-Location) Zion(I-Location) Missionary(I-Location) Baptist(I-Location) Church(I-Location) .(O)","Input: "" It 's sad someone would have that kind of spite in their heart , "" said Rev. Jerome Turner , pastor of Mount Zion Missionary Baptist Church .
Output: ""(O) It(O) 's(O) sad(O) someone(O) would(O) have(O) that(O) kind(O) of(O) spite(O) in(O) their(O) heart(O) ,(O) ""(O) said(O) Rev.(O) Jerome(B-Person) Turner(I-Person) ,(O) pastor(O) of(O) Mount(B-Location) Zion(I-Location) Missionary(I-Location) Baptist(I-Location) Church(I-Location) .(O)"
7292,"['SDA' 'has' 'a' 'representative' 'on' 'the' 'Provisional' 'Election'
 'Commission' '.']","['B-Organization', 'O', 'O', 'O', 'O', 'O', 'B-Organization', 'I-Organization', 'I-Organization', 'O']",SDA has a representative on the Provisional Election Commission .,"['SDA(B-Organization)', 'has(O)', 'a(O)', 'representative(O)', 'on(O)', 'the(O)', 'Provisional(B-Organization)', 'Election(I-Organization)', 'Commission(I-Organization)', '.(O)']",SDA(B-Organization) has(O) a(O) representative(O) on(O) the(O) Provisional(B-Organization) Election(I-Organization) Commission(I-Organization) .(O),"Input: SDA has a representative on the Provisional Election Commission .
Output: SDA(B-Organization) has(O) a(O) representative(O) on(O) the(O) Provisional(B-Organization) Election(I-Organization) Commission(I-Organization) .(O)"
13907,['*'],['O'],*,['*(O)'],*(O),"Input: *
Output: *(O)"
1595,"['Over' 'a' 'dozen' 'militant' 'groups' 'are' 'fighting' 'New' 'Delhi'
 ""'s"" 'rule' 'in' 'the' 'state' '.']","['O', 'O', 'O', 'O', 'O', 'O', 'O', 'B-Location', 'I-Location', 'O', 'O', 'O', 'O', 'O', 'O']",Over a dozen militant groups are fighting New Delhi 's rule in the state .,"['Over(O)', 'a(O)', 'dozen(O)', 'militant(O)', 'groups(O)', 'are(O)', 'fighting(O)', 'New(B-Location)', 'Delhi(I-Location)', ""'s(O)"", 'rule(O)', 'in(O)', 'the(O)', 'state(O)', '.(O)']",Over(O) a(O) dozen(O) militant(O) groups(O) are(O) fighting(O) New(B-Location) Delhi(I-Location) 's(O) rule(O) in(O) the(O) state(O) .(O),"Input: Over a dozen militant groups are fighting New Delhi 's rule in the state .
Output: Over(O) a(O) dozen(O) militant(O) groups(O) are(O) fighting(O) New(B-Location) Delhi(I-Location) 's(O) rule(O) in(O) the(O) state(O) .(O)"
12069,"['The' 'stock' 'fell' 'HK$' '0.23' ',' 'or' '30.26' 'percent' ',' 'to'
 'an' 'all-time' 'low' 'of' 'HK$' '0.53' '.']","['O', 'O', 'O', 'B-Miscellaneous', 'O', 'O', 'O', 'O', 'O', 'O', 'O', 'O', 'O', 'O', 'O', 'B-Miscellaneous', 'O', 'O']","The stock fell HK$ 0.23 , or 30.26 percent , to an all-time low of HK$ 0.53 .","['The(O)', 'stock(O)', 'fell(O)', 'HK$(B-Miscellaneous)', '0.23(O)', ',(O)', 'or(O)', '30.26(O)', 'percent(O)', ',(O)', 'to(O)', 'an(O)', 'all-time(O)', 'low(O)', 'of(O)', 'HK$(B-Miscellaneous)', '0.53(O)', '.(O)']","The(O) stock(O) fell(O) HK$(B-Miscellaneous) 0.23(O) ,(O) or(O) 30.26(O) percent(O) ,(O) to(O) an(O) all-time(O) low(O) of(O) HK$(B-Miscellaneous) 0.53(O) .(O)","Input: The stock fell HK$ 0.23 , or 30.26 percent , to an all-time low of HK$ 0.53 .
Output: The(O) stock(O) fell(O) HK$(B-Miscellaneous) 0.23(O) ,(O) or(O) 30.26(O) percent(O) ,(O) to(O) an(O) all-time(O) low(O) of(O) HK$(B-Miscellaneous) 0.53(O) .(O)"
13945,['CYCLING' '-' 'BALLANGER' 'KEEPS' 'SPRINT' 'TITLE' 'IN' 'STYLE' '.'],"['O', 'O', 'B-Person', 'O', 'O', 'O', 'O', 'O', 'O']",CYCLING - BALLANGER KEEPS SPRINT TITLE IN STYLE .,"['CYCLING(O)', '-(O)', 'BALLANGER(B-Person)', 'KEEPS(O)', 'SPRINT(O)', 'TITLE(O)', 'IN(O)', 'STYLE(O)', '.(O)']",CYCLING(O) -(O) BALLANGER(B-Person) KEEPS(O) SPRINT(O) TITLE(O) IN(O) STYLE(O) .(O),"Input: CYCLING - BALLANGER KEEPS SPRINT TITLE IN STYLE .
Output: CYCLING(O) -(O) BALLANGER(B-Person) KEEPS(O) SPRINT(O) TITLE(O) IN(O) STYLE(O) .(O)"
10137,"['10.' 'Christophe' 'Capelle' '-' 'Jean-Michel' 'Monin' '(' 'France' ')'
 '2']","['O', 'B-Person', 'I-Person', 'O', 'B-Person', 'I-Person', 'O', 'B-Location', 'O', 'O']",10. Christophe Capelle - Jean-Michel Monin ( France ) 2,"['10.(O)', 'Christophe(B-Person)', 'Capelle(I-Person)', '-(O)', 'Jean-Michel(B-Person)', 'Monin(I-Person)', '((O)', 'France(B-Location)', ')(O)', '2(O)']",10.(O) Christophe(B-Person) Capelle(I-Person) -(O) Jean-Michel(B-Person) Monin(I-Person) ((O) France(B-Location) )(O) 2(O),"Input: 10. Christophe Capelle - Jean-Michel Monin ( France ) 2
Output: 10.(O) Christophe(B-Person) Capelle(I-Person) -(O) Jean-Michel(B-Person) Monin(I-Person) ((O) France(B-Location) )(O) 2(O)"
616,"['Attendance' ':' '9,000']","['O', 'O', 'O']","Attendance : 9,000","['Attendance(O)', ':(O)', '9,000(O)']","Attendance(O) :(O) 9,000(O)","Input: Attendance : 9,000
Output: Attendance(O) :(O) 9,000(O)"
13112,"['""' 'I' 'would' 'love' 'to' 'speak' 'about' 'everything' ',' '""' 'said'
 'Simpson' ',' 'who' 'vowed' 'after' 'his' 'acquittal' 'to' 'find' 'the'
 'killers' 'and' 'offered' 'a' 'substantial' 'reward' '.']","['O', 'O', 'O', 'O', 'O', 'O', 'O', 'O', 'O', 'O', 'O', 'B-Person', 'O', 'O', 'O', 'O', 'O', 'O', 'O', 'O', 'O', 'O', 'O', 'O', 'O', 'O', 'O', 'O']",""" I would love to speak about everything , "" said Simpson , who vowed after his acquittal to find the killers and offered a substantial reward .","['""(O)', 'I(O)', 'would(O)', 'love(O)', 'to(O)', 'speak(O)', 'about(O)', 'everything(O)', ',(O)', '""(O)', 'said(O)', 'Simpson(B-Person)', ',(O)', 'who(O)', 'vowed(O)', 'after(O)', 'his(O)', 'acquittal(O)', 'to(O)', 'find(O)', 'the(O)', 'killers(O)', 'and(O)', 'offered(O)', 'a(O)', 'substantial(O)', 'reward(O)', '.(O)']","""(O) I(O) would(O) love(O) to(O) speak(O) about(O) everything(O) ,(O) ""(O) said(O) Simpson(B-Person) ,(O) who(O) vowed(O) after(O) his(O) acquittal(O) to(O) find(O) the(O) killers(O) and(O) offered(O) a(O) substantial(O) reward(O) .(O)","Input: "" I would love to speak about everything , "" said Simpson , who vowed after his acquittal to find the killers and offered a substantial reward .
Output: ""(O) I(O) would(O) love(O) to(O) speak(O) about(O) everything(O) ,(O) ""(O) said(O) Simpson(B-Person) ,(O) who(O) vowed(O) after(O) his(O) acquittal(O) to(O) find(O) the(O) killers(O) and(O) offered(O) a(O) substantial(O) reward(O) .(O)"
7106,['MINNESOTA' '65' '65' '.500' '12'],"['B-Organization', 'O', 'O', 'O', 'O']",MINNESOTA 65 65 .500 12,"['MINNESOTA(B-Organization)', '65(O)', '65(O)', '.500(O)', '12(O)']",MINNESOTA(B-Organization) 65(O) 65(O) .500(O) 12(O),"Input: MINNESOTA 65 65 .500 12
Output: MINNESOTA(B-Organization) 65(O) 65(O) .500(O) 12(O)"
3917,['Results' 'of' 'Belgian' 'first'],"['O', 'O', 'B-Miscellaneous', 'O']",Results of Belgian first,"['Results(O)', 'of(O)', 'Belgian(B-Miscellaneous)', 'first(O)']",Results(O) of(O) Belgian(B-Miscellaneous) first(O),"Input: Results of Belgian first
Output: Results(O) of(O) Belgian(B-Miscellaneous) first(O)"
13084,"['""' 'The' 'labour' 'market' 'has' 'been' 'expanding' 'throughout' '1996'
 ',' 'but' 'in' 'a' 'very' 'uneven' 'pattern' ',' '""' 'Conference' 'Board'
 'economist' 'Ken' 'Goldstein' 'said' '.' '""']","['O', 'O', 'O', 'O', 'O', 'O', 'O', 'O', 'O', 'O', 'O', 'O', 'O', 'O', 'O', 'O', 'O', 'O', 'B-Organization', 'I-Organization', 'O', 'B-Person', 'I-Person', 'O', 'O', 'O']",""" The labour market has been expanding throughout 1996 , but in a very uneven pattern , "" Conference Board economist Ken Goldstein said . ""","['""(O)', 'The(O)', 'labour(O)', 'market(O)', 'has(O)', 'been(O)', 'expanding(O)', 'throughout(O)', '1996(O)', ',(O)', 'but(O)', 'in(O)', 'a(O)', 'very(O)', 'uneven(O)', 'pattern(O)', ',(O)', '""(O)', 'Conference(B-Organization)', 'Board(I-Organization)', 'economist(O)', 'Ken(B-Person)', 'Goldstein(I-Person)', 'said(O)', '.(O)', '""(O)']","""(O) The(O) labour(O) market(O) has(O) been(O) expanding(O) throughout(O) 1996(O) ,(O) but(O) in(O) a(O) very(O) uneven(O) pattern(O) ,(O) ""(O) Conference(B-Organization) Board(I-Organization) economist(O) Ken(B-Person) Goldstein(I-Person) said(O) .(O) ""(O)","Input: "" The labour market has been expanding throughout 1996 , but in a very uneven pattern , "" Conference Board economist Ken Goldstein said . ""
Output: ""(O) The(O) labour(O) market(O) has(O) been(O) expanding(O) throughout(O) 1996(O) ,(O) but(O) in(O) a(O) very(O) uneven(O) pattern(O) ,(O) ""(O) Conference(B-Organization) Board(I-Organization) economist(O) Ken(B-Person) Goldstein(I-Person) said(O) .(O) ""(O)"
1769,['CLOSE' 'IN' 'POINTS'],"['O', 'O', 'O']",CLOSE IN POINTS,"['CLOSE(O)', 'IN(O)', 'POINTS(O)']",CLOSE(O) IN(O) POINTS(O),"Input: CLOSE IN POINTS
Output: CLOSE(O) IN(O) POINTS(O)"
7052,"['Men' ""'s"" 'singles']","['O', 'O', 'O']",Men 's singles,"['Men(O)', ""'s(O)"", 'singles(O)']",Men(O) 's(O) singles(O),"Input: Men 's singles
Output: Men(O) 's(O) singles(O)"
1512,"['Stuttgart' '10,655' 'up' '11.7']","['B-Location', 'O', 'O', 'O']","Stuttgart 10,655 up 11.7","['Stuttgart(B-Location)', '10,655(O)', 'up(O)', '11.7(O)']","Stuttgart(B-Location) 10,655(O) up(O) 11.7(O)","Input: Stuttgart 10,655 up 11.7
Output: Stuttgart(B-Location) 10,655(O) up(O) 11.7(O)"
7825,"['9,215,000.00']",['O'],"9,215,000.00","['9,215,000.00(O)']","9,215,000.00(O)","Input: 9,215,000.00
Output: 9,215,000.00(O)"
8739,"['penalty' ')' ',' 'Jiri' 'Dopita' '(' '57th' ')']","['O', 'O', 'O', 'B-Person', 'I-Person', 'O', 'O', 'O']","penalty ) , Jiri Dopita ( 57th )","['penalty(O)', ')(O)', ',(O)', 'Jiri(B-Person)', 'Dopita(I-Person)', '((O)', '57th(O)', ')(O)']","penalty(O) )(O) ,(O) Jiri(B-Person) Dopita(I-Person) ((O) 57th(O) )(O)","Input: penalty ) , Jiri Dopita ( 57th )
Output: penalty(O) )(O) ,(O) Jiri(B-Person) Dopita(I-Person) ((O) 57th(O) )(O)"
12181,"['Ecu' '(' '1' ')' '28' 'August' '1996' '(' '96' '/' 'C' '251/01' ')'
 'END' 'OF' 'DOCUMENT' '.']","['B-Miscellaneous', 'O', 'O', 'O', 'O', 'O', 'O', 'O', 'O', 'O', 'O', 'O', 'O', 'O', 'O', 'O', 'O']",Ecu ( 1 ) 28 August 1996 ( 96 / C 251/01 ) END OF DOCUMENT .,"['Ecu(B-Miscellaneous)', '((O)', '1(O)', ')(O)', '28(O)', 'August(O)', '1996(O)', '((O)', '96(O)', '/(O)', 'C(O)', '251/01(O)', ')(O)', 'END(O)', 'OF(O)', 'DOCUMENT(O)', '.(O)']",Ecu(B-Miscellaneous) ((O) 1(O) )(O) 28(O) August(O) 1996(O) ((O) 96(O) /(O) C(O) 251/01(O) )(O) END(O) OF(O) DOCUMENT(O) .(O),"Input: Ecu ( 1 ) 28 August 1996 ( 96 / C 251/01 ) END OF DOCUMENT .
Output: Ecu(B-Miscellaneous) ((O) 1(O) )(O) 28(O) August(O) 1996(O) ((O) 96(O) /(O) C(O) 251/01(O) )(O) END(O) OF(O) DOCUMENT(O) .(O)"
8696,['Schalke' '1' 'Bochum' '1'],"['B-Organization', 'O', 'B-Organization', 'O']",Schalke 1 Bochum 1,"['Schalke(B-Organization)', '1(O)', 'Bochum(B-Organization)', '1(O)']",Schalke(B-Organization) 1(O) Bochum(B-Organization) 1(O),"Input: Schalke 1 Bochum 1
Output: Schalke(B-Organization) 1(O) Bochum(B-Organization) 1(O)"
5564,['Neuchatel' '3' 'St' 'Gallen' '0'],"['B-Organization', 'O', 'B-Organization', 'I-Organization', 'O']",Neuchatel 3 St Gallen 0,"['Neuchatel(B-Organization)', '3(O)', 'St(B-Organization)', 'Gallen(I-Organization)', '0(O)']",Neuchatel(B-Organization) 3(O) St(B-Organization) Gallen(I-Organization) 0(O),"Input: Neuchatel 3 St Gallen 0
Output: Neuchatel(B-Organization) 3(O) St(B-Organization) Gallen(I-Organization) 0(O)"
1884,['11.' 'Johnny' 'Herbert' '(' 'Britain' ')' 'Sauber' '1:56.318'],"['O', 'B-Person', 'I-Person', 'O', 'B-Location', 'O', 'B-Organization', 'O']",11. Johnny Herbert ( Britain ) Sauber 1:56.318,"['11.(O)', 'Johnny(B-Person)', 'Herbert(I-Person)', '((O)', 'Britain(B-Location)', ')(O)', 'Sauber(B-Organization)', '1:56.318(O)']",11.(O) Johnny(B-Person) Herbert(I-Person) ((O) Britain(B-Location) )(O) Sauber(B-Organization) 1:56.318(O),"Input: 11. Johnny Herbert ( Britain ) Sauber 1:56.318
Output: 11.(O) Johnny(B-Person) Herbert(I-Person) ((O) Britain(B-Location) )(O) Sauber(B-Organization) 1:56.318(O)"
1411,"['She' ""'s"" 'fantastic' ',' '""' 'said' 'Nikki' 'Campbell' ',' '28' ','
 'who' 'went' 'to' 'the' 'pageant' '.' '""']","['O', 'O', 'O', 'O', 'O', 'O', 'B-Person', 'I-Person', 'O', 'O', 'O', 'O', 'O', 'O', 'O', 'O', 'O', 'O']","She 's fantastic , "" said Nikki Campbell , 28 , who went to the pageant . ""","['She(O)', ""'s(O)"", 'fantastic(O)', ',(O)', '""(O)', 'said(O)', 'Nikki(B-Person)', 'Campbell(I-Person)', ',(O)', '28(O)', ',(O)', 'who(O)', 'went(O)', 'to(O)', 'the(O)', 'pageant(O)', '.(O)', '""(O)']","She(O) 's(O) fantastic(O) ,(O) ""(O) said(O) Nikki(B-Person) Campbell(I-Person) ,(O) 28(O) ,(O) who(O) went(O) to(O) the(O) pageant(O) .(O) ""(O)","Input: She 's fantastic , "" said Nikki Campbell , 28 , who went to the pageant . ""
Output: She(O) 's(O) fantastic(O) ,(O) ""(O) said(O) Nikki(B-Person) Campbell(I-Person) ,(O) 28(O) ,(O) who(O) went(O) to(O) the(O) pageant(O) .(O) ""(O)"
6921,"['Perhaps' 'the' 'advisory' 'was' 'cut' 'off' 'before' 'concluding' ':'
 '""' '...and' 'bring' 'plenty' 'of' 'money' '.' '""']","['O', 'O', 'O', 'O', 'O', 'O', 'O', 'O', 'O', 'O', 'O', 'O', 'O', 'O', 'O', 'O', 'O']","Perhaps the advisory was cut off before concluding : "" ...and bring plenty of money . ""","['Perhaps(O)', 'the(O)', 'advisory(O)', 'was(O)', 'cut(O)', 'off(O)', 'before(O)', 'concluding(O)', ':(O)', '""(O)', '...and(O)', 'bring(O)', 'plenty(O)', 'of(O)', 'money(O)', '.(O)', '""(O)']","Perhaps(O) the(O) advisory(O) was(O) cut(O) off(O) before(O) concluding(O) :(O) ""(O) ...and(O) bring(O) plenty(O) of(O) money(O) .(O) ""(O)","Input: Perhaps the advisory was cut off before concluding : "" ...and bring plenty of money . ""
Output: Perhaps(O) the(O) advisory(O) was(O) cut(O) off(O) before(O) concluding(O) :(O) ""(O) ...and(O) bring(O) plenty(O) of(O) money(O) .(O) ""(O)"
5018,['against' 'England' 'at' 'The' 'Oval' 'on' 'Sunday' '.'],"['O', 'B-Location', 'O', 'B-Location', 'I-Location', 'O', 'O', 'O']",against England at The Oval on Sunday .,"['against(O)', 'England(B-Location)', 'at(O)', 'The(B-Location)', 'Oval(I-Location)', 'on(O)', 'Sunday(O)', '.(O)']",against(O) England(B-Location) at(O) The(B-Location) Oval(I-Location) on(O) Sunday(O) .(O),"Input: against England at The Oval on Sunday .
Output: against(O) England(B-Location) at(O) The(B-Location) Oval(I-Location) on(O) Sunday(O) .(O)"
6454,['Leicestershire' '353' '.'],"['B-Organization', 'O', 'O']",Leicestershire 353 .,"['Leicestershire(B-Organization)', '353(O)', '.(O)']",Leicestershire(B-Organization) 353(O) .(O),"Input: Leicestershire 353 .
Output: Leicestershire(B-Organization) 353(O) .(O)"
8402,['NEW' 'YORK' '1996-08-27'],"['B-Location', 'I-Location', 'O']",NEW YORK 1996-08-27,"['NEW(B-Location)', 'YORK(I-Location)', '1996-08-27(O)']",NEW(B-Location) YORK(I-Location) 1996-08-27(O),"Input: NEW YORK 1996-08-27
Output: NEW(B-Location) YORK(I-Location) 1996-08-27(O)"
6213,"['Planted' 'in' 'late' 'summer' 'and' 'early' 'autumn' ',' 'the' 'grain'
 'is' 'Ukraine' ""'s"" 'largest' 'export' 'item' 'and' 'traditionally'
 'grows' 'better' 'than' 'summer' 'wheat' 'in' 'Ukraine' ""'s"" 'soil' '.']","['O', 'O', 'O', 'O', 'O', 'O', 'O', 'O', 'O', 'O', 'O', 'B-Location', 'O', 'O', 'O', 'O', 'O', 'O', 'O', 'O', 'O', 'O', 'O', 'O', 'B-Location', 'O', 'O', 'O']","Planted in late summer and early autumn , the grain is Ukraine 's largest export item and traditionally grows better than summer wheat in Ukraine 's soil .","['Planted(O)', 'in(O)', 'late(O)', 'summer(O)', 'and(O)', 'early(O)', 'autumn(O)', ',(O)', 'the(O)', 'grain(O)', 'is(O)', 'Ukraine(B-Location)', ""'s(O)"", 'largest(O)', 'export(O)', 'item(O)', 'and(O)', 'traditionally(O)', 'grows(O)', 'better(O)', 'than(O)', 'summer(O)', 'wheat(O)', 'in(O)', 'Ukraine(B-Location)', ""'s(O)"", 'soil(O)', '.(O)']","Planted(O) in(O) late(O) summer(O) and(O) early(O) autumn(O) ,(O) the(O) grain(O) is(O) Ukraine(B-Location) 's(O) largest(O) export(O) item(O) and(O) traditionally(O) grows(O) better(O) than(O) summer(O) wheat(O) in(O) Ukraine(B-Location) 's(O) soil(O) .(O)","Input: Planted in late summer and early autumn , the grain is Ukraine 's largest export item and traditionally grows better than summer wheat in Ukraine 's soil .
Output: Planted(O) in(O) late(O) summer(O) and(O) early(O) autumn(O) ,(O) the(O) grain(O) is(O) Ukraine(B-Location) 's(O) largest(O) export(O) item(O) and(O) traditionally(O) grows(O) better(O) than(O) summer(O) wheat(O) in(O) Ukraine(B-Location) 's(O) soil(O) .(O)"
8361,['CRICKET' '-' 'GOOCH' 'TO' 'PLAY' 'ANOTHER' 'SEASON' 'FOR' 'ESSEX' '.'],"['O', 'O', 'B-Person', 'O', 'O', 'O', 'O', 'O', 'B-Location', 'O']",CRICKET - GOOCH TO PLAY ANOTHER SEASON FOR ESSEX .,"['CRICKET(O)', '-(O)', 'GOOCH(B-Person)', 'TO(O)', 'PLAY(O)', 'ANOTHER(O)', 'SEASON(O)', 'FOR(O)', 'ESSEX(B-Location)', '.(O)']",CRICKET(O) -(O) GOOCH(B-Person) TO(O) PLAY(O) ANOTHER(O) SEASON(O) FOR(O) ESSEX(B-Location) .(O),"Input: CRICKET - GOOCH TO PLAY ANOTHER SEASON FOR ESSEX .
Output: CRICKET(O) -(O) GOOCH(B-Person) TO(O) PLAY(O) ANOTHER(O) SEASON(O) FOR(O) ESSEX(B-Location) .(O)"
4385,"['ANSA' 'said' 'Stevanin' 'was' 'unable' 'to' 'recall' 'how' 'he' 'had'
 'killed' 'the' 'women' ',' 'remembering' 'only' 'that' 'he' 'had' 'found'
 'them' '""' 'lifeless' 'in' 'his' 'arms' '""' 'after' 'having'
 'sadmasochistic' 'sex' 'with' 'them' '.']","['B-Organization', 'O', 'B-Person', 'O', 'O', 'O', 'O', 'O', 'O', 'O', 'O', 'O', 'O', 'O', 'O', 'O', 'O', 'O', 'O', 'O', 'O', 'O', 'O', 'O', 'O', 'O', 'O', 'O', 'O', 'O', 'O', 'O', 'O', 'O']","ANSA said Stevanin was unable to recall how he had killed the women , remembering only that he had found them "" lifeless in his arms "" after having sadmasochistic sex with them .","['ANSA(B-Organization)', 'said(O)', 'Stevanin(B-Person)', 'was(O)', 'unable(O)', 'to(O)', 'recall(O)', 'how(O)', 'he(O)', 'had(O)', 'killed(O)', 'the(O)', 'women(O)', ',(O)', 'remembering(O)', 'only(O)', 'that(O)', 'he(O)', 'had(O)', 'found(O)', 'them(O)', '""(O)', 'lifeless(O)', 'in(O)', 'his(O)', 'arms(O)', '""(O)', 'after(O)', 'having(O)', 'sadmasochistic(O)', 'sex(O)', 'with(O)', 'them(O)', '.(O)']","ANSA(B-Organization) said(O) Stevanin(B-Person) was(O) unable(O) to(O) recall(O) how(O) he(O) had(O) killed(O) the(O) women(O) ,(O) remembering(O) only(O) that(O) he(O) had(O) found(O) them(O) ""(O) lifeless(O) in(O) his(O) arms(O) ""(O) after(O) having(O) sadmasochistic(O) sex(O) with(O) them(O) .(O)","Input: ANSA said Stevanin was unable to recall how he had killed the women , remembering only that he had found them "" lifeless in his arms "" after having sadmasochistic sex with them .
Output: ANSA(B-Organization) said(O) Stevanin(B-Person) was(O) unable(O) to(O) recall(O) how(O) he(O) had(O) killed(O) the(O) women(O) ,(O) remembering(O) only(O) that(O) he(O) had(O) found(O) them(O) ""(O) lifeless(O) in(O) his(O) arms(O) ""(O) after(O) having(O) sadmasochistic(O) sex(O) with(O) them(O) .(O)"
8751,"['Moura' ',' 'who' 'appeared' 'to' 'have' 'elbowed' 'Cyprien' 'in' 'the'
 'final' 'minutes' 'of' 'the' '3-0' 'win' 'by' 'Neuchatel' ',' 'was'
 'suspended' 'for' 'seven' 'matches' 'and' 'fined' '1,000' 'francs' '('
 '$' '840' ')' 'by' 'the' 'Swiss' 'league' 'disciplinary' 'committee' '.']","['B-Person', 'O', 'O', 'O', 'O', 'O', 'O', 'B-Person', 'O', 'O', 'O', 'O', 'O', 'O', 'O', 'O', 'O', 'B-Organization', 'O', 'O', 'O', 'O', 'O', 'O', 'O', 'O', 'O', 'O', 'O', 'O', 'O', 'O', 'O', 'O', 'B-Miscellaneous', 'O', 'O', 'O', 'O']","Moura , who appeared to have elbowed Cyprien in the final minutes of the 3-0 win by Neuchatel , was suspended for seven matches and fined 1,000 francs ( $ 840 ) by the Swiss league disciplinary committee .","['Moura(B-Person)', ',(O)', 'who(O)', 'appeared(O)', 'to(O)', 'have(O)', 'elbowed(O)', 'Cyprien(B-Person)', 'in(O)', 'the(O)', 'final(O)', 'minutes(O)', 'of(O)', 'the(O)', '3-0(O)', 'win(O)', 'by(O)', 'Neuchatel(B-Organization)', ',(O)', 'was(O)', 'suspended(O)', 'for(O)', 'seven(O)', 'matches(O)', 'and(O)', 'fined(O)', '1,000(O)', 'francs(O)', '((O)', '$(O)', '840(O)', ')(O)', 'by(O)', 'the(O)', 'Swiss(B-Miscellaneous)', 'league(O)', 'disciplinary(O)', 'committee(O)', '.(O)']","Moura(B-Person) ,(O) who(O) appeared(O) to(O) have(O) elbowed(O) Cyprien(B-Person) in(O) the(O) final(O) minutes(O) of(O) the(O) 3-0(O) win(O) by(O) Neuchatel(B-Organization) ,(O) was(O) suspended(O) for(O) seven(O) matches(O) and(O) fined(O) 1,000(O) francs(O) ((O) $(O) 840(O) )(O) by(O) the(O) Swiss(B-Miscellaneous) league(O) disciplinary(O) committee(O) .(O)","Input: Moura , who appeared to have elbowed Cyprien in the final minutes of the 3-0 win by Neuchatel , was suspended for seven matches and fined 1,000 francs ( $ 840 ) by the Swiss league disciplinary committee .
Output: Moura(B-Person) ,(O) who(O) appeared(O) to(O) have(O) elbowed(O) Cyprien(B-Person) in(O) the(O) final(O) minutes(O) of(O) the(O) 3-0(O) win(O) by(O) Neuchatel(B-Organization) ,(O) was(O) suspended(O) for(O) seven(O) matches(O) and(O) fined(O) 1,000(O) francs(O) ((O) $(O) 840(O) )(O) by(O) the(O) Swiss(B-Miscellaneous) league(O) disciplinary(O) committee(O) .(O)"
505,['6-3' '4-6' '6-1'],"['O', 'O', 'O']",6-3 4-6 6-1,"['6-3(O)', '4-6(O)', '6-1(O)']",6-3(O) 4-6(O) 6-1(O),"Input: 6-3 4-6 6-1
Output: 6-3(O) 4-6(O) 6-1(O)"
659,['15-8' '15-12'],"['O', 'O']",15-8 15-12,"['15-8(O)', '15-12(O)']",15-8(O) 15-12(O),"Input: 15-8 15-12
Output: 15-8(O) 15-12(O)"
8809,"['The' 'company' 'also' 'repaid' 'some' '$' '21' 'million' 'of' 'debt' ','
 'well' 'above' 'the' 'originally' 'planned' '$' '8' 'million' 'to' '$'
 '9' 'million' '.']","['O', 'O', 'O', 'O', 'O', 'O', 'O', 'O', 'O', 'O', 'O', 'O', 'O', 'O', 'O', 'O', 'O', 'O', 'O', 'O', 'O', 'O', 'O', 'O']","The company also repaid some $ 21 million of debt , well above the originally planned $ 8 million to $ 9 million .","['The(O)', 'company(O)', 'also(O)', 'repaid(O)', 'some(O)', '$(O)', '21(O)', 'million(O)', 'of(O)', 'debt(O)', ',(O)', 'well(O)', 'above(O)', 'the(O)', 'originally(O)', 'planned(O)', '$(O)', '8(O)', 'million(O)', 'to(O)', '$(O)', '9(O)', 'million(O)', '.(O)']","The(O) company(O) also(O) repaid(O) some(O) $(O) 21(O) million(O) of(O) debt(O) ,(O) well(O) above(O) the(O) originally(O) planned(O) $(O) 8(O) million(O) to(O) $(O) 9(O) million(O) .(O)","Input: The company also repaid some $ 21 million of debt , well above the originally planned $ 8 million to $ 9 million .
Output: The(O) company(O) also(O) repaid(O) some(O) $(O) 21(O) million(O) of(O) debt(O) ,(O) well(O) above(O) the(O) originally(O) planned(O) $(O) 8(O) million(O) to(O) $(O) 9(O) million(O) .(O)"
8537,['TEXAS' 'AT' 'KANSAS' 'CITY'],"['B-Organization', 'O', 'B-Location', 'I-Location']",TEXAS AT KANSAS CITY,"['TEXAS(B-Organization)', 'AT(O)', 'KANSAS(B-Location)', 'CITY(I-Location)']",TEXAS(B-Organization) AT(O) KANSAS(B-Location) CITY(I-Location),"Input: TEXAS AT KANSAS CITY
Output: TEXAS(B-Organization) AT(O) KANSAS(B-Location) CITY(I-Location)"
829,['ATLANTA' '4' 'Cincinnati' '3'],"['B-Organization', 'O', 'B-Organization', 'O']",ATLANTA 4 Cincinnati 3,"['ATLANTA(B-Organization)', '4(O)', 'Cincinnati(B-Organization)', '3(O)']",ATLANTA(B-Organization) 4(O) Cincinnati(B-Organization) 3(O),"Input: ATLANTA 4 Cincinnati 3
Output: ATLANTA(B-Organization) 4(O) Cincinnati(B-Organization) 3(O)"
8126,['JAKARTA' '1996-08-27'],"['B-Location', 'O']",JAKARTA 1996-08-27,"['JAKARTA(B-Location)', '1996-08-27(O)']",JAKARTA(B-Location) 1996-08-27(O),"Input: JAKARTA 1996-08-27
Output: JAKARTA(B-Location) 1996-08-27(O)"
8501,"['Naoko' 'Sawamatsu' '(' 'Japan' ')' 'beat' 'Rennae' 'Stubbs' '('
 'Australia' ')' '6-4' '6-3']","['B-Person', 'I-Person', 'O', 'B-Location', 'O', 'O', 'B-Person', 'I-Person', 'O', 'B-Location', 'O', 'O', 'O']",Naoko Sawamatsu ( Japan ) beat Rennae Stubbs ( Australia ) 6-4 6-3,"['Naoko(B-Person)', 'Sawamatsu(I-Person)', '((O)', 'Japan(B-Location)', ')(O)', 'beat(O)', 'Rennae(B-Person)', 'Stubbs(I-Person)', '((O)', 'Australia(B-Location)', ')(O)', '6-4(O)', '6-3(O)']",Naoko(B-Person) Sawamatsu(I-Person) ((O) Japan(B-Location) )(O) beat(O) Rennae(B-Person) Stubbs(I-Person) ((O) Australia(B-Location) )(O) 6-4(O) 6-3(O),"Input: Naoko Sawamatsu ( Japan ) beat Rennae Stubbs ( Australia ) 6-4 6-3
Output: Naoko(B-Person) Sawamatsu(I-Person) ((O) Japan(B-Location) )(O) beat(O) Rennae(B-Person) Stubbs(I-Person) ((O) Australia(B-Location) )(O) 6-4(O) 6-3(O)"
9110,"['Arguing' 'that' 'CVG' ""'s"" 'privatization' 'would' 'result' 'in' 'some'
 '13,000' 'layoffs' ',' 'compared' 'to' 'the' 'government' ""'s""
 'estimated' '1,500' ',' 'CVG' ""'s"" 'union' 'leaders' 'told' 'reporters'
 'they' 'would' 'strike' 'and' 'stage' 'protests' 'if' 'their' 'concerns'
 'were' 'not' 'addressed' '.']","['O', 'O', 'B-Organization', 'O', 'O', 'O', 'O', 'O', 'O', 'O', 'O', 'O', 'O', 'O', 'O', 'O', 'O', 'O', 'O', 'O', 'B-Organization', 'O', 'O', 'O', 'O', 'O', 'O', 'O', 'O', 'O', 'O', 'O', 'O', 'O', 'O', 'O', 'O', 'O', 'O']","Arguing that CVG 's privatization would result in some 13,000 layoffs , compared to the government 's estimated 1,500 , CVG 's union leaders told reporters they would strike and stage protests if their concerns were not addressed .","['Arguing(O)', 'that(O)', 'CVG(B-Organization)', ""'s(O)"", 'privatization(O)', 'would(O)', 'result(O)', 'in(O)', 'some(O)', '13,000(O)', 'layoffs(O)', ',(O)', 'compared(O)', 'to(O)', 'the(O)', 'government(O)', ""'s(O)"", 'estimated(O)', '1,500(O)', ',(O)', 'CVG(B-Organization)', ""'s(O)"", 'union(O)', 'leaders(O)', 'told(O)', 'reporters(O)', 'they(O)', 'would(O)', 'strike(O)', 'and(O)', 'stage(O)', 'protests(O)', 'if(O)', 'their(O)', 'concerns(O)', 'were(O)', 'not(O)', 'addressed(O)', '.(O)']","Arguing(O) that(O) CVG(B-Organization) 's(O) privatization(O) would(O) result(O) in(O) some(O) 13,000(O) layoffs(O) ,(O) compared(O) to(O) the(O) government(O) 's(O) estimated(O) 1,500(O) ,(O) CVG(B-Organization) 's(O) union(O) leaders(O) told(O) reporters(O) they(O) would(O) strike(O) and(O) stage(O) protests(O) if(O) their(O) concerns(O) were(O) not(O) addressed(O) .(O)","Input: Arguing that CVG 's privatization would result in some 13,000 layoffs , compared to the government 's estimated 1,500 , CVG 's union leaders told reporters they would strike and stage protests if their concerns were not addressed .
Output: Arguing(O) that(O) CVG(B-Organization) 's(O) privatization(O) would(O) result(O) in(O) some(O) 13,000(O) layoffs(O) ,(O) compared(O) to(O) the(O) government(O) 's(O) estimated(O) 1,500(O) ,(O) CVG(B-Organization) 's(O) union(O) leaders(O) told(O) reporters(O) they(O) would(O) strike(O) and(O) stage(O) protests(O) if(O) their(O) concerns(O) were(O) not(O) addressed(O) .(O)"
1678,"['The' 'minimum' 'price' 'setting' 'expired' 'last' 'September' 'when'
 'three' 'publishers' 'pulled' 'out' '.']","['O', 'O', 'O', 'O', 'O', 'O', 'O', 'O', 'O', 'O', 'O', 'O', 'O']",The minimum price setting expired last September when three publishers pulled out .,"['The(O)', 'minimum(O)', 'price(O)', 'setting(O)', 'expired(O)', 'last(O)', 'September(O)', 'when(O)', 'three(O)', 'publishers(O)', 'pulled(O)', 'out(O)', '.(O)']",The(O) minimum(O) price(O) setting(O) expired(O) last(O) September(O) when(O) three(O) publishers(O) pulled(O) out(O) .(O),"Input: The minimum price setting expired last September when three publishers pulled out .
Output: The(O) minimum(O) price(O) setting(O) expired(O) last(O) September(O) when(O) three(O) publishers(O) pulled(O) out(O) .(O)"
4508,"['Couples' '73' '68' '72' '72' ',' 'Craig' 'Stadler' '73' '72' '67' '73']","['B-Person', 'O', 'O', 'O', 'O', 'O', 'B-Person', 'I-Person', 'O', 'O', 'O', 'O']","Couples 73 68 72 72 , Craig Stadler 73 72 67 73","['Couples(B-Person)', '73(O)', '68(O)', '72(O)', '72(O)', ',(O)', 'Craig(B-Person)', 'Stadler(I-Person)', '73(O)', '72(O)', '67(O)', '73(O)']","Couples(B-Person) 73(O) 68(O) 72(O) 72(O) ,(O) Craig(B-Person) Stadler(I-Person) 73(O) 72(O) 67(O) 73(O)","Input: Couples 73 68 72 72 , Craig Stadler 73 72 67 73
Output: Couples(B-Person) 73(O) 68(O) 72(O) 72(O) ,(O) Craig(B-Person) Stadler(I-Person) 73(O) 72(O) 67(O) 73(O)"
8726,['Result' 'of' 'a' 'Dutch' 'first'],"['O', 'O', 'O', 'B-Miscellaneous', 'O']",Result of a Dutch first,"['Result(O)', 'of(O)', 'a(O)', 'Dutch(B-Miscellaneous)', 'first(O)']",Result(O) of(O) a(O) Dutch(B-Miscellaneous) first(O),"Input: Result of a Dutch first
Output: Result(O) of(O) a(O) Dutch(B-Miscellaneous) first(O)"
3837,['CHICAGO' '69' '61' '.531' '8'],"['B-Organization', 'O', 'O', 'O', 'O']",CHICAGO 69 61 .531 8,"['CHICAGO(B-Organization)', '69(O)', '61(O)', '.531(O)', '8(O)']",CHICAGO(B-Organization) 69(O) 61(O) .531(O) 8(O),"Input: CHICAGO 69 61 .531 8
Output: CHICAGO(B-Organization) 69(O) 61(O) .531(O) 8(O)"
6983,"['At' 'a' 'news' 'conference' 'attended' 'by' 'approximately' '50'
 'players' 'on' 'Sunday' ',' 'U.S.' 'Davis' 'Cup' 'player' 'Todd' 'Martin'
 'expressed' 'the' 'players' ""'"" 'outrage' 'at' 'the' 'seedings' '.']","['O', 'O', 'O', 'O', 'O', 'O', 'O', 'O', 'O', 'O', 'O', 'O', 'B-Location', 'B-Miscellaneous', 'I-Miscellaneous', 'O', 'B-Person', 'I-Person', 'O', 'O', 'O', 'O', 'O', 'O', 'O', 'O', 'O']","At a news conference attended by approximately 50 players on Sunday , U.S. Davis Cup player Todd Martin expressed the players ' outrage at the seedings .","['At(O)', 'a(O)', 'news(O)', 'conference(O)', 'attended(O)', 'by(O)', 'approximately(O)', '50(O)', 'players(O)', 'on(O)', 'Sunday(O)', ',(O)', 'U.S.(B-Location)', 'Davis(B-Miscellaneous)', 'Cup(I-Miscellaneous)', 'player(O)', 'Todd(B-Person)', 'Martin(I-Person)', 'expressed(O)', 'the(O)', 'players(O)', ""'(O)"", 'outrage(O)', 'at(O)', 'the(O)', 'seedings(O)', '.(O)']","At(O) a(O) news(O) conference(O) attended(O) by(O) approximately(O) 50(O) players(O) on(O) Sunday(O) ,(O) U.S.(B-Location) Davis(B-Miscellaneous) Cup(I-Miscellaneous) player(O) Todd(B-Person) Martin(I-Person) expressed(O) the(O) players(O) '(O) outrage(O) at(O) the(O) seedings(O) .(O)","Input: At a news conference attended by approximately 50 players on Sunday , U.S. Davis Cup player Todd Martin expressed the players ' outrage at the seedings .
Output: At(O) a(O) news(O) conference(O) attended(O) by(O) approximately(O) 50(O) players(O) on(O) Sunday(O) ,(O) U.S.(B-Location) Davis(B-Miscellaneous) Cup(I-Miscellaneous) player(O) Todd(B-Person) Martin(I-Person) expressed(O) the(O) players(O) '(O) outrage(O) at(O) the(O) seedings(O) .(O)"
9101,"['The' 'two' 'were' 'held' 'for' '71' 'days' 'until' 'relatives' 'paid'
 'a' 'ransom' '.']","['O', 'O', 'O', 'O', 'O', 'O', 'O', 'O', 'O', 'O', 'O', 'O', 'O']",The two were held for 71 days until relatives paid a ransom .,"['The(O)', 'two(O)', 'were(O)', 'held(O)', 'for(O)', '71(O)', 'days(O)', 'until(O)', 'relatives(O)', 'paid(O)', 'a(O)', 'ransom(O)', '.(O)']",The(O) two(O) were(O) held(O) for(O) 71(O) days(O) until(O) relatives(O) paid(O) a(O) ransom(O) .(O),"Input: The two were held for 71 days until relatives paid a ransom .
Output: The(O) two(O) were(O) held(O) for(O) 71(O) days(O) until(O) relatives(O) paid(O) a(O) ransom(O) .(O)"
9391,['PARIS' '1996-08-27'],"['B-Location', 'O']",PARIS 1996-08-27,"['PARIS(B-Location)', '1996-08-27(O)']",PARIS(B-Location) 1996-08-27(O),"Input: PARIS 1996-08-27
Output: PARIS(B-Location) 1996-08-27(O)"
4541,"['$' '450,000' 'Toshiba' 'Classic' 'tennis' 'tournament' 'on' 'Sunday' '('
 'prefix']","['O', 'O', 'B-Miscellaneous', 'I-Miscellaneous', 'O', 'O', 'O', 'O', 'O', 'O']","$ 450,000 Toshiba Classic tennis tournament on Sunday ( prefix","['$(O)', '450,000(O)', 'Toshiba(B-Miscellaneous)', 'Classic(I-Miscellaneous)', 'tennis(O)', 'tournament(O)', 'on(O)', 'Sunday(O)', '((O)', 'prefix(O)']","$(O) 450,000(O) Toshiba(B-Miscellaneous) Classic(I-Miscellaneous) tennis(O) tournament(O) on(O) Sunday(O) ((O) prefix(O)","Input: $ 450,000 Toshiba Classic tennis tournament on Sunday ( prefix
Output: $(O) 450,000(O) Toshiba(B-Miscellaneous) Classic(I-Miscellaneous) tennis(O) tournament(O) on(O) Sunday(O) ((O) prefix(O)"
12873,['BELGRADE' '1996-08-29'],"['B-Location', 'O']",BELGRADE 1996-08-29,"['BELGRADE(B-Location)', '1996-08-29(O)']",BELGRADE(B-Location) 1996-08-29(O),"Input: BELGRADE 1996-08-29
Output: BELGRADE(B-Location) 1996-08-29(O)"
12397,"['England-based' 'goalkeeper' 'Bruce' 'Grobbelaar' 'has' 'been'
 'appointed' 'temporary' 'head' 'coach' 'of' 'the' 'Zimbabwe' 'national'
 'soccer' 'team' 'for' 'two' 'international' 'matches' ',' 'the'
 'Zimbabwe' 'Football' 'Association' '(' 'ZIFA' ')' 'said' 'on' 'Thursday'
 '.']","['B-Miscellaneous', 'O', 'B-Person', 'I-Person', 'O', 'O', 'O', 'O', 'O', 'O', 'O', 'O', 'B-Location', 'O', 'O', 'O', 'O', 'O', 'O', 'O', 'O', 'O', 'B-Organization', 'I-Organization', 'I-Organization', 'O', 'B-Organization', 'O', 'O', 'O', 'O', 'O']","England-based goalkeeper Bruce Grobbelaar has been appointed temporary head coach of the Zimbabwe national soccer team for two international matches , the Zimbabwe Football Association ( ZIFA ) said on Thursday .","['England-based(B-Miscellaneous)', 'goalkeeper(O)', 'Bruce(B-Person)', 'Grobbelaar(I-Person)', 'has(O)', 'been(O)', 'appointed(O)', 'temporary(O)', 'head(O)', 'coach(O)', 'of(O)', 'the(O)', 'Zimbabwe(B-Location)', 'national(O)', 'soccer(O)', 'team(O)', 'for(O)', 'two(O)', 'international(O)', 'matches(O)', ',(O)', 'the(O)', 'Zimbabwe(B-Organization)', 'Football(I-Organization)', 'Association(I-Organization)', '((O)', 'ZIFA(B-Organization)', ')(O)', 'said(O)', 'on(O)', 'Thursday(O)', '.(O)']","England-based(B-Miscellaneous) goalkeeper(O) Bruce(B-Person) Grobbelaar(I-Person) has(O) been(O) appointed(O) temporary(O) head(O) coach(O) of(O) the(O) Zimbabwe(B-Location) national(O) soccer(O) team(O) for(O) two(O) international(O) matches(O) ,(O) the(O) Zimbabwe(B-Organization) Football(I-Organization) Association(I-Organization) ((O) ZIFA(B-Organization) )(O) said(O) on(O) Thursday(O) .(O)","Input: England-based goalkeeper Bruce Grobbelaar has been appointed temporary head coach of the Zimbabwe national soccer team for two international matches , the Zimbabwe Football Association ( ZIFA ) said on Thursday .
Output: England-based(B-Miscellaneous) goalkeeper(O) Bruce(B-Person) Grobbelaar(I-Person) has(O) been(O) appointed(O) temporary(O) head(O) coach(O) of(O) the(O) Zimbabwe(B-Location) national(O) soccer(O) team(O) for(O) two(O) international(O) matches(O) ,(O) the(O) Zimbabwe(B-Organization) Football(I-Organization) Association(I-Organization) ((O) ZIFA(B-Organization) )(O) said(O) on(O) Thursday(O) .(O)"
408,"['In' 'a' 'telephone' 'call' 'to' 'a' 'local' 'newspaper' 'from' 'his'
 'holiday' 'home' 'in' 'Spain' ',' 'Dalglish' 'said' ':' '""' 'We' 'came'
 'to' 'the' 'same' 'opinion' ',' 'albeit' 'the' 'club' 'came' 'to' 'it'
 'a' 'little' 'bit' 'earlier' 'than' 'me' '.' '""']","['O', 'O', 'O', 'O', 'O', 'O', 'O', 'O', 'O', 'O', 'O', 'O', 'O', 'B-Location', 'O', 'B-Person', 'O', 'O', 'O', 'O', 'O', 'O', 'O', 'O', 'O', 'O', 'O', 'O', 'O', 'O', 'O', 'O', 'O', 'O', 'O', 'O', 'O', 'O', 'O', 'O']","In a telephone call to a local newspaper from his holiday home in Spain , Dalglish said : "" We came to the same opinion , albeit the club came to it a little bit earlier than me . ""","['In(O)', 'a(O)', 'telephone(O)', 'call(O)', 'to(O)', 'a(O)', 'local(O)', 'newspaper(O)', 'from(O)', 'his(O)', 'holiday(O)', 'home(O)', 'in(O)', 'Spain(B-Location)', ',(O)', 'Dalglish(B-Person)', 'said(O)', ':(O)', '""(O)', 'We(O)', 'came(O)', 'to(O)', 'the(O)', 'same(O)', 'opinion(O)', ',(O)', 'albeit(O)', 'the(O)', 'club(O)', 'came(O)', 'to(O)', 'it(O)', 'a(O)', 'little(O)', 'bit(O)', 'earlier(O)', 'than(O)', 'me(O)', '.(O)', '""(O)']","In(O) a(O) telephone(O) call(O) to(O) a(O) local(O) newspaper(O) from(O) his(O) holiday(O) home(O) in(O) Spain(B-Location) ,(O) Dalglish(B-Person) said(O) :(O) ""(O) We(O) came(O) to(O) the(O) same(O) opinion(O) ,(O) albeit(O) the(O) club(O) came(O) to(O) it(O) a(O) little(O) bit(O) earlier(O) than(O) me(O) .(O) ""(O)","Input: In a telephone call to a local newspaper from his holiday home in Spain , Dalglish said : "" We came to the same opinion , albeit the club came to it a little bit earlier than me . ""
Output: In(O) a(O) telephone(O) call(O) to(O) a(O) local(O) newspaper(O) from(O) his(O) holiday(O) home(O) in(O) Spain(B-Location) ,(O) Dalglish(B-Person) said(O) :(O) ""(O) We(O) came(O) to(O) the(O) same(O) opinion(O) ,(O) albeit(O) the(O) club(O) came(O) to(O) it(O) a(O) little(O) bit(O) earlier(O) than(O) me(O) .(O) ""(O)"
7553,"['""' 'The' 'PUK' 'leadership' 'who' 'pledged' 'to' 'end' 'fighting' 'and'
 'cooperate' 'with' 'the' 'latest' 'U.S.' 'initiative' 'started' 'a'
 'major' 'military' 'offensive' 'against' 'KDP' 'positions' ',' '""' 'the'
 'KDP' 'said' 'in' 'a' 'statement' '.']","['O', 'O', 'B-Organization', 'O', 'O', 'O', 'O', 'O', 'O', 'O', 'O', 'O', 'O', 'O', 'B-Location', 'O', 'O', 'O', 'O', 'O', 'O', 'O', 'B-Organization', 'O', 'O', 'O', 'O', 'B-Organization', 'O', 'O', 'O', 'O', 'O']",""" The PUK leadership who pledged to end fighting and cooperate with the latest U.S. initiative started a major military offensive against KDP positions , "" the KDP said in a statement .","['""(O)', 'The(O)', 'PUK(B-Organization)', 'leadership(O)', 'who(O)', 'pledged(O)', 'to(O)', 'end(O)', 'fighting(O)', 'and(O)', 'cooperate(O)', 'with(O)', 'the(O)', 'latest(O)', 'U.S.(B-Location)', 'initiative(O)', 'started(O)', 'a(O)', 'major(O)', 'military(O)', 'offensive(O)', 'against(O)', 'KDP(B-Organization)', 'positions(O)', ',(O)', '""(O)', 'the(O)', 'KDP(B-Organization)', 'said(O)', 'in(O)', 'a(O)', 'statement(O)', '.(O)']","""(O) The(O) PUK(B-Organization) leadership(O) who(O) pledged(O) to(O) end(O) fighting(O) and(O) cooperate(O) with(O) the(O) latest(O) U.S.(B-Location) initiative(O) started(O) a(O) major(O) military(O) offensive(O) against(O) KDP(B-Organization) positions(O) ,(O) ""(O) the(O) KDP(B-Organization) said(O) in(O) a(O) statement(O) .(O)","Input: "" The PUK leadership who pledged to end fighting and cooperate with the latest U.S. initiative started a major military offensive against KDP positions , "" the KDP said in a statement .
Output: ""(O) The(O) PUK(B-Organization) leadership(O) who(O) pledged(O) to(O) end(O) fighting(O) and(O) cooperate(O) with(O) the(O) latest(O) U.S.(B-Location) initiative(O) started(O) a(O) major(O) military(O) offensive(O) against(O) KDP(B-Organization) positions(O) ,(O) ""(O) the(O) KDP(B-Organization) said(O) in(O) a(O) statement(O) .(O)"
4778,['15' 'equal' '.'],"['O', 'O', 'O']",15 equal .,"['15(O)', 'equal(O)', '.(O)']",15(O) equal(O) .(O),"Input: 15 equal .
Output: 15(O) equal(O) .(O)"
6630,['Nyva' 'Vinnytsya' '5' '0' '2' '3' '1' '7' '2'],"['B-Organization', 'I-Organization', 'O', 'O', 'O', 'O', 'O', 'O', 'O']",Nyva Vinnytsya 5 0 2 3 1 7 2,"['Nyva(B-Organization)', 'Vinnytsya(I-Organization)', '5(O)', '0(O)', '2(O)', '3(O)', '1(O)', '7(O)', '2(O)']",Nyva(B-Organization) Vinnytsya(I-Organization) 5(O) 0(O) 2(O) 3(O) 1(O) 7(O) 2(O),"Input: Nyva Vinnytsya 5 0 2 3 1 7 2
Output: Nyva(B-Organization) Vinnytsya(I-Organization) 5(O) 0(O) 2(O) 3(O) 1(O) 7(O) 2(O)"
1931,['A.' 'Wells' '51' ';' 'A.' 'Penberthy' '4-36' ')' '.'],"['B-Person', 'I-Person', 'O', 'O', 'B-Person', 'I-Person', 'O', 'O', 'O']",A. Wells 51 ; A. Penberthy 4-36 ) .,"['A.(B-Person)', 'Wells(I-Person)', '51(O)', ';(O)', 'A.(B-Person)', 'Penberthy(I-Person)', '4-36(O)', ')(O)', '.(O)']",A.(B-Person) Wells(I-Person) 51(O) ;(O) A.(B-Person) Penberthy(I-Person) 4-36(O) )(O) .(O),"Input: A. Wells 51 ; A. Penberthy 4-36 ) .
Output: A.(B-Person) Wells(I-Person) 51(O) ;(O) A.(B-Person) Penberthy(I-Person) 4-36(O) )(O) .(O)"
4638,['Muller' 'McLaren' 'F1' 'GTR' '167'],"['B-Miscellaneous', 'I-Miscellaneous', 'I-Miscellaneous', 'I-Miscellaneous', 'O']",Muller McLaren F1 GTR 167,"['Muller(B-Miscellaneous)', 'McLaren(I-Miscellaneous)', 'F1(I-Miscellaneous)', 'GTR(I-Miscellaneous)', '167(O)']",Muller(B-Miscellaneous) McLaren(I-Miscellaneous) F1(I-Miscellaneous) GTR(I-Miscellaneous) 167(O),"Input: Muller McLaren F1 GTR 167
Output: Muller(B-Miscellaneous) McLaren(I-Miscellaneous) F1(I-Miscellaneous) GTR(I-Miscellaneous) 167(O)"
11632,"['VW' 'had' 'a' '1995' 'third' 'quarter' 'group' 'net' 'profit' 'of' '72'
 'million' 'marks' '.']","['B-Organization', 'O', 'O', 'O', 'O', 'O', 'O', 'O', 'O', 'O', 'O', 'O', 'O', 'O']",VW had a 1995 third quarter group net profit of 72 million marks .,"['VW(B-Organization)', 'had(O)', 'a(O)', '1995(O)', 'third(O)', 'quarter(O)', 'group(O)', 'net(O)', 'profit(O)', 'of(O)', '72(O)', 'million(O)', 'marks(O)', '.(O)']",VW(B-Organization) had(O) a(O) 1995(O) third(O) quarter(O) group(O) net(O) profit(O) of(O) 72(O) million(O) marks(O) .(O),"Input: VW had a 1995 third quarter group net profit of 72 million marks .
Output: VW(B-Organization) had(O) a(O) 1995(O) third(O) quarter(O) group(O) net(O) profit(O) of(O) 72(O) million(O) marks(O) .(O)"
11013,"['He' 'was' 'responsible' 'for' 'the' 'establishment' 'of' 'the'
 'European' 'Coal' 'and' 'Steel' 'Community' '.']","['O', 'O', 'O', 'O', 'O', 'O', 'O', 'O', 'B-Organization', 'I-Organization', 'I-Organization', 'I-Organization', 'I-Organization', 'O']",He was responsible for the establishment of the European Coal and Steel Community .,"['He(O)', 'was(O)', 'responsible(O)', 'for(O)', 'the(O)', 'establishment(O)', 'of(O)', 'the(O)', 'European(B-Organization)', 'Coal(I-Organization)', 'and(I-Organization)', 'Steel(I-Organization)', 'Community(I-Organization)', '.(O)']",He(O) was(O) responsible(O) for(O) the(O) establishment(O) of(O) the(O) European(B-Organization) Coal(I-Organization) and(I-Organization) Steel(I-Organization) Community(I-Organization) .(O),"Input: He was responsible for the establishment of the European Coal and Steel Community .
Output: He(O) was(O) responsible(O) for(O) the(O) establishment(O) of(O) the(O) European(B-Organization) Coal(I-Organization) and(I-Organization) Steel(I-Organization) Community(I-Organization) .(O)"
1823,"['""' 'The' 'strategic' 'aim' 'of' 'European' 'integration' 'should' 'not'
 'in' 'any' 'way' 'damage' 'Ukraine' ""'s"" 'interests' 'in' 'post-Soviet'
 'areas' '.']","['O', 'O', 'O', 'O', 'O', 'B-Miscellaneous', 'O', 'O', 'O', 'O', 'O', 'O', 'O', 'B-Location', 'O', 'O', 'O', 'B-Miscellaneous', 'O', 'O']",""" The strategic aim of European integration should not in any way damage Ukraine 's interests in post-Soviet areas .","['""(O)', 'The(O)', 'strategic(O)', 'aim(O)', 'of(O)', 'European(B-Miscellaneous)', 'integration(O)', 'should(O)', 'not(O)', 'in(O)', 'any(O)', 'way(O)', 'damage(O)', 'Ukraine(B-Location)', ""'s(O)"", 'interests(O)', 'in(O)', 'post-Soviet(B-Miscellaneous)', 'areas(O)', '.(O)']","""(O) The(O) strategic(O) aim(O) of(O) European(B-Miscellaneous) integration(O) should(O) not(O) in(O) any(O) way(O) damage(O) Ukraine(B-Location) 's(O) interests(O) in(O) post-Soviet(B-Miscellaneous) areas(O) .(O)","Input: "" The strategic aim of European integration should not in any way damage Ukraine 's interests in post-Soviet areas .
Output: ""(O) The(O) strategic(O) aim(O) of(O) European(B-Miscellaneous) integration(O) should(O) not(O) in(O) any(O) way(O) damage(O) Ukraine(B-Location) 's(O) interests(O) in(O) post-Soviet(B-Miscellaneous) areas(O) .(O)"
6314,['10.' 'Angelo' 'Medeghini' '(' 'Italy' ')' 'Subaru' 'Impreza' '18:28'],"['O', 'B-Person', 'I-Person', 'O', 'B-Location', 'O', 'B-Miscellaneous', 'I-Miscellaneous', 'O']",10. Angelo Medeghini ( Italy ) Subaru Impreza 18:28,"['10.(O)', 'Angelo(B-Person)', 'Medeghini(I-Person)', '((O)', 'Italy(B-Location)', ')(O)', 'Subaru(B-Miscellaneous)', 'Impreza(I-Miscellaneous)', '18:28(O)']",10.(O) Angelo(B-Person) Medeghini(I-Person) ((O) Italy(B-Location) )(O) Subaru(B-Miscellaneous) Impreza(I-Miscellaneous) 18:28(O),"Input: 10. Angelo Medeghini ( Italy ) Subaru Impreza 18:28
Output: 10.(O) Angelo(B-Person) Medeghini(I-Person) ((O) Italy(B-Location) )(O) Subaru(B-Miscellaneous) Impreza(I-Miscellaneous) 18:28(O)"
1150,"['Ivanisevic' 'hit' '32' 'aces' 'but' 'was' 'outplayed' 'from' 'the'
 'back' 'court' 'by' 'the' '24-year-old' 'Tillstrom' '.']","['B-Person', 'O', 'O', 'O', 'O', 'O', 'O', 'O', 'O', 'O', 'O', 'O', 'O', 'O', 'B-Person', 'O']",Ivanisevic hit 32 aces but was outplayed from the back court by the 24-year-old Tillstrom .,"['Ivanisevic(B-Person)', 'hit(O)', '32(O)', 'aces(O)', 'but(O)', 'was(O)', 'outplayed(O)', 'from(O)', 'the(O)', 'back(O)', 'court(O)', 'by(O)', 'the(O)', '24-year-old(O)', 'Tillstrom(B-Person)', '.(O)']",Ivanisevic(B-Person) hit(O) 32(O) aces(O) but(O) was(O) outplayed(O) from(O) the(O) back(O) court(O) by(O) the(O) 24-year-old(O) Tillstrom(B-Person) .(O),"Input: Ivanisevic hit 32 aces but was outplayed from the back court by the 24-year-old Tillstrom .
Output: Ivanisevic(B-Person) hit(O) 32(O) aces(O) but(O) was(O) outplayed(O) from(O) the(O) back(O) court(O) by(O) the(O) 24-year-old(O) Tillstrom(B-Person) .(O)"
13640,['HELSINKI' '1996-08-29'],"['B-Location', 'O']",HELSINKI 1996-08-29,"['HELSINKI(B-Location)', '1996-08-29(O)']",HELSINKI(B-Location) 1996-08-29(O),"Input: HELSINKI 1996-08-29
Output: HELSINKI(B-Location) 1996-08-29(O)"
7756,['Fuel' 'oil' 'markets' 'were' 'also' 'listless' '.'],"['O', 'O', 'O', 'O', 'O', 'O', 'O']",Fuel oil markets were also listless .,"['Fuel(O)', 'oil(O)', 'markets(O)', 'were(O)', 'also(O)', 'listless(O)', '.(O)']",Fuel(O) oil(O) markets(O) were(O) also(O) listless(O) .(O),"Input: Fuel oil markets were also listless .
Output: Fuel(O) oil(O) markets(O) were(O) also(O) listless(O) .(O)"
5717,['Halftime' '0-0' '.'],"['O', 'O', 'O']",Halftime 0-0 .,"['Halftime(O)', '0-0(O)', '.(O)']",Halftime(O) 0-0(O) .(O),"Input: Halftime 0-0 .
Output: Halftime(O) 0-0(O) .(O)"
11509,"['Inaction' 'is' 'becoming' 'the' 'worst' 'possible' 'course' 'of'
 'action' '.' '""']","['O', 'O', 'O', 'O', 'O', 'O', 'O', 'O', 'O', 'O', 'O']","Inaction is becoming the worst possible course of action . ""","['Inaction(O)', 'is(O)', 'becoming(O)', 'the(O)', 'worst(O)', 'possible(O)', 'course(O)', 'of(O)', 'action(O)', '.(O)', '""(O)']","Inaction(O) is(O) becoming(O) the(O) worst(O) possible(O) course(O) of(O) action(O) .(O) ""(O)","Input: Inaction is becoming the worst possible course of action . ""
Output: Inaction(O) is(O) becoming(O) the(O) worst(O) possible(O) course(O) of(O) action(O) .(O) ""(O)"
13319,"['Net' 'Income' '9,167,000' '11,175,000' '16,909,000' '10,880,000']","['O', 'O', 'O', 'O', 'O', 'O']","Net Income 9,167,000 11,175,000 16,909,000 10,880,000","['Net(O)', 'Income(O)', '9,167,000(O)', '11,175,000(O)', '16,909,000(O)', '10,880,000(O)']","Net(O) Income(O) 9,167,000(O) 11,175,000(O) 16,909,000(O) 10,880,000(O)","Input: Net Income 9,167,000 11,175,000 16,909,000 10,880,000
Output: Net(O) Income(O) 9,167,000(O) 11,175,000(O) 16,909,000(O) 10,880,000(O)"
1211,"['A' 'rottweiler' 'dog' 'belonging' 'to' 'an' 'elderly' 'South' 'African'
 'couple' 'savaged' 'to' 'death' 'their' 'two-year-old' 'grandson' 'who'
 'was' 'visiting' ',' 'police' 'said' 'on' 'Thursday' '.']","['O', 'O', 'O', 'O', 'O', 'O', 'O', 'B-Miscellaneous', 'I-Miscellaneous', 'O', 'O', 'O', 'O', 'O', 'O', 'O', 'O', 'O', 'O', 'O', 'O', 'O', 'O', 'O', 'O']","A rottweiler dog belonging to an elderly South African couple savaged to death their two-year-old grandson who was visiting , police said on Thursday .","['A(O)', 'rottweiler(O)', 'dog(O)', 'belonging(O)', 'to(O)', 'an(O)', 'elderly(O)', 'South(B-Miscellaneous)', 'African(I-Miscellaneous)', 'couple(O)', 'savaged(O)', 'to(O)', 'death(O)', 'their(O)', 'two-year-old(O)', 'grandson(O)', 'who(O)', 'was(O)', 'visiting(O)', ',(O)', 'police(O)', 'said(O)', 'on(O)', 'Thursday(O)', '.(O)']","A(O) rottweiler(O) dog(O) belonging(O) to(O) an(O) elderly(O) South(B-Miscellaneous) African(I-Miscellaneous) couple(O) savaged(O) to(O) death(O) their(O) two-year-old(O) grandson(O) who(O) was(O) visiting(O) ,(O) police(O) said(O) on(O) Thursday(O) .(O)","Input: A rottweiler dog belonging to an elderly South African couple savaged to death their two-year-old grandson who was visiting , police said on Thursday .
Output: A(O) rottweiler(O) dog(O) belonging(O) to(O) an(O) elderly(O) South(B-Miscellaneous) African(I-Miscellaneous) couple(O) savaged(O) to(O) death(O) their(O) two-year-old(O) grandson(O) who(O) was(O) visiting(O) ,(O) police(O) said(O) on(O) Thursday(O) .(O)"
2142,['National' 'League'],"['B-Miscellaneous', 'I-Miscellaneous']",National League,"['National(B-Miscellaneous)', 'League(I-Miscellaneous)']",National(B-Miscellaneous) League(I-Miscellaneous),"Input: National League
Output: National(B-Miscellaneous) League(I-Miscellaneous)"
10975,['Quarterly'],['O'],Quarterly,['Quarterly(O)'],Quarterly(O),"Input: Quarterly
Output: Quarterly(O)"
1463,"['He' 'had' 'demanded' 'a' 'five-year' 'jail' 'term' 'but' 'said' 'he'
 'was' 'satisfied' 'with' 'the' 'court' ""'s"" 'sentence' '.']","['O', 'O', 'O', 'O', 'O', 'O', 'O', 'O', 'O', 'O', 'O', 'O', 'O', 'O', 'O', 'O', 'O', 'O']",He had demanded a five-year jail term but said he was satisfied with the court 's sentence .,"['He(O)', 'had(O)', 'demanded(O)', 'a(O)', 'five-year(O)', 'jail(O)', 'term(O)', 'but(O)', 'said(O)', 'he(O)', 'was(O)', 'satisfied(O)', 'with(O)', 'the(O)', 'court(O)', ""'s(O)"", 'sentence(O)', '.(O)']",He(O) had(O) demanded(O) a(O) five-year(O) jail(O) term(O) but(O) said(O) he(O) was(O) satisfied(O) with(O) the(O) court(O) 's(O) sentence(O) .(O),"Input: He had demanded a five-year jail term but said he was satisfied with the court 's sentence .
Output: He(O) had(O) demanded(O) a(O) five-year(O) jail(O) term(O) but(O) said(O) he(O) was(O) satisfied(O) with(O) the(O) court(O) 's(O) sentence(O) .(O)"
1230,"['Government' 'bond' 'yields' ':' '(' '2-yr' '1998' '/' 'J' ')'
 '25.49,(3-yr' '1999' '/' 'c' ')' '24.44']","['O', 'O', 'O', 'O', 'O', 'O', 'O', 'O', 'O', 'O', 'O', 'O', 'O', 'O', 'O', 'O']","Government bond yields : ( 2-yr 1998 / J ) 25.49,(3-yr 1999 / c ) 24.44","['Government(O)', 'bond(O)', 'yields(O)', ':(O)', '((O)', '2-yr(O)', '1998(O)', '/(O)', 'J(O)', ')(O)', '25.49,(3-yr(O)', '1999(O)', '/(O)', 'c(O)', ')(O)', '24.44(O)']","Government(O) bond(O) yields(O) :(O) ((O) 2-yr(O) 1998(O) /(O) J(O) )(O) 25.49,(3-yr(O) 1999(O) /(O) c(O) )(O) 24.44(O)","Input: Government bond yields : ( 2-yr 1998 / J ) 25.49,(3-yr 1999 / c ) 24.44
Output: Government(O) bond(O) yields(O) :(O) ((O) 2-yr(O) 1998(O) /(O) J(O) )(O) 25.49,(3-yr(O) 1999(O) /(O) c(O) )(O) 24.44(O)"
8456,"['Pablo' 'Campana' '(' 'Ecuador' ')' 'beat' 'Todd' 'Woodbridge' '('
 'Australia' ')' '6-2' '4-']","['B-Person', 'I-Person', 'O', 'B-Location', 'O', 'O', 'B-Person', 'I-Person', 'O', 'B-Location', 'O', 'O', 'O']",Pablo Campana ( Ecuador ) beat Todd Woodbridge ( Australia ) 6-2 4-,"['Pablo(B-Person)', 'Campana(I-Person)', '((O)', 'Ecuador(B-Location)', ')(O)', 'beat(O)', 'Todd(B-Person)', 'Woodbridge(I-Person)', '((O)', 'Australia(B-Location)', ')(O)', '6-2(O)', '4-(O)']",Pablo(B-Person) Campana(I-Person) ((O) Ecuador(B-Location) )(O) beat(O) Todd(B-Person) Woodbridge(I-Person) ((O) Australia(B-Location) )(O) 6-2(O) 4-(O),"Input: Pablo Campana ( Ecuador ) beat Todd Woodbridge ( Australia ) 6-2 4-
Output: Pablo(B-Person) Campana(I-Person) ((O) Ecuador(B-Location) )(O) beat(O) Todd(B-Person) Woodbridge(I-Person) ((O) Australia(B-Location) )(O) 6-2(O) 4-(O)"
6042,"['Weizman' 'and' 'Netanyahu' 'met' 'at' 'the' 'president' ""'s"" 'official'
 'Jerusalem' 'residence' 'and' 'planned' 'to' 'speak' 'to' 'the' 'media'
 'at' 'the' 'end' 'of' 'their' 'talks' ',' 'the' 'prime' 'minister' ""'s""
 'spokesman' 'said' '.']","['B-Person', 'O', 'B-Person', 'O', 'O', 'O', 'O', 'O', 'O', 'B-Location', 'O', 'O', 'O', 'O', 'O', 'O', 'O', 'O', 'O', 'O', 'O', 'O', 'O', 'O', 'O', 'O', 'O', 'O', 'O', 'O', 'O', 'O']","Weizman and Netanyahu met at the president 's official Jerusalem residence and planned to speak to the media at the end of their talks , the prime minister 's spokesman said .","['Weizman(B-Person)', 'and(O)', 'Netanyahu(B-Person)', 'met(O)', 'at(O)', 'the(O)', 'president(O)', ""'s(O)"", 'official(O)', 'Jerusalem(B-Location)', 'residence(O)', 'and(O)', 'planned(O)', 'to(O)', 'speak(O)', 'to(O)', 'the(O)', 'media(O)', 'at(O)', 'the(O)', 'end(O)', 'of(O)', 'their(O)', 'talks(O)', ',(O)', 'the(O)', 'prime(O)', 'minister(O)', ""'s(O)"", 'spokesman(O)', 'said(O)', '.(O)']","Weizman(B-Person) and(O) Netanyahu(B-Person) met(O) at(O) the(O) president(O) 's(O) official(O) Jerusalem(B-Location) residence(O) and(O) planned(O) to(O) speak(O) to(O) the(O) media(O) at(O) the(O) end(O) of(O) their(O) talks(O) ,(O) the(O) prime(O) minister(O) 's(O) spokesman(O) said(O) .(O)","Input: Weizman and Netanyahu met at the president 's official Jerusalem residence and planned to speak to the media at the end of their talks , the prime minister 's spokesman said .
Output: Weizman(B-Person) and(O) Netanyahu(B-Person) met(O) at(O) the(O) president(O) 's(O) official(O) Jerusalem(B-Location) residence(O) and(O) planned(O) to(O) speak(O) to(O) the(O) media(O) at(O) the(O) end(O) of(O) their(O) talks(O) ,(O) the(O) prime(O) minister(O) 's(O) spokesman(O) said(O) .(O)"
4430,['VALLETTA' '1996-08-24'],"['B-Location', 'O']",VALLETTA 1996-08-24,"['VALLETTA(B-Location)', '1996-08-24(O)']",VALLETTA(B-Location) 1996-08-24(O),"Input: VALLETTA 1996-08-24
Output: VALLETTA(B-Location) 1996-08-24(O)"
10790,['matches' 'on' 'Wednesday' ':'],"['O', 'O', 'O', 'O']",matches on Wednesday :,"['matches(O)', 'on(O)', 'Wednesday(O)', ':(O)']",matches(O) on(O) Wednesday(O) :(O),"Input: matches on Wednesday :
Output: matches(O) on(O) Wednesday(O) :(O)"
12521,['DETROIT' '47' '86' '.353' '27' '1/2'],"['B-Organization', 'O', 'O', 'O', 'O', 'O']",DETROIT 47 86 .353 27 1/2,"['DETROIT(B-Organization)', '47(O)', '86(O)', '.353(O)', '27(O)', '1/2(O)']",DETROIT(B-Organization) 47(O) 86(O) .353(O) 27(O) 1/2(O),"Input: DETROIT 47 86 .353 27 1/2
Output: DETROIT(B-Organization) 47(O) 86(O) .353(O) 27(O) 1/2(O)"
3019,"['""' 'This' 'really' 'indicates' 'we' ""'re"" 'back' 'in' 'the' 'business'
 ',' '""' 'William' 'Luehrs' ',' 'president' 'of' 'the' 'Glenview' ','
 'Ill.-based' 'company' ""'s"" 'Networks' 'Services' 'Division' ',' 'said'
 'in' 'a' 'telephone' 'interview' '.' '""']","['O', 'O', 'O', 'O', 'O', 'O', 'O', 'O', 'O', 'O', 'O', 'O', 'B-Person', 'I-Person', 'O', 'O', 'O', 'O', 'B-Location', 'O', 'B-Miscellaneous', 'O', 'O', 'B-Organization', 'I-Organization', 'I-Organization', 'O', 'O', 'O', 'O', 'O', 'O', 'O', 'O']",""" This really indicates we 're back in the business , "" William Luehrs , president of the Glenview , Ill.-based company 's Networks Services Division , said in a telephone interview . ""","['""(O)', 'This(O)', 'really(O)', 'indicates(O)', 'we(O)', ""'re(O)"", 'back(O)', 'in(O)', 'the(O)', 'business(O)', ',(O)', '""(O)', 'William(B-Person)', 'Luehrs(I-Person)', ',(O)', 'president(O)', 'of(O)', 'the(O)', 'Glenview(B-Location)', ',(O)', 'Ill.-based(B-Miscellaneous)', 'company(O)', ""'s(O)"", 'Networks(B-Organization)', 'Services(I-Organization)', 'Division(I-Organization)', ',(O)', 'said(O)', 'in(O)', 'a(O)', 'telephone(O)', 'interview(O)', '.(O)', '""(O)']","""(O) This(O) really(O) indicates(O) we(O) 're(O) back(O) in(O) the(O) business(O) ,(O) ""(O) William(B-Person) Luehrs(I-Person) ,(O) president(O) of(O) the(O) Glenview(B-Location) ,(O) Ill.-based(B-Miscellaneous) company(O) 's(O) Networks(B-Organization) Services(I-Organization) Division(I-Organization) ,(O) said(O) in(O) a(O) telephone(O) interview(O) .(O) ""(O)","Input: "" This really indicates we 're back in the business , "" William Luehrs , president of the Glenview , Ill.-based company 's Networks Services Division , said in a telephone interview . ""
Output: ""(O) This(O) really(O) indicates(O) we(O) 're(O) back(O) in(O) the(O) business(O) ,(O) ""(O) William(B-Person) Luehrs(I-Person) ,(O) president(O) of(O) the(O) Glenview(B-Location) ,(O) Ill.-based(B-Miscellaneous) company(O) 's(O) Networks(B-Organization) Services(I-Organization) Division(I-Organization) ,(O) said(O) in(O) a(O) telephone(O) interview(O) .(O) ""(O)"
3796,['Zaglebie' 'Lubin' '2' 'LKS' 'Lodz' '1'],"['B-Organization', 'I-Organization', 'O', 'B-Organization', 'I-Organization', 'O']",Zaglebie Lubin 2 LKS Lodz 1,"['Zaglebie(B-Organization)', 'Lubin(I-Organization)', '2(O)', 'LKS(B-Organization)', 'Lodz(I-Organization)', '1(O)']",Zaglebie(B-Organization) Lubin(I-Organization) 2(O) LKS(B-Organization) Lodz(I-Organization) 1(O),"Input: Zaglebie Lubin 2 LKS Lodz 1
Output: Zaglebie(B-Organization) Lubin(I-Organization) 2(O) LKS(B-Organization) Lodz(I-Organization) 1(O)"
9818,"['Nearly' '400' 'members' 'of' 'an' 'outlawed' 'student' 'group' 'were'
 'arrested' 'after' 'violent' 'protests' 'demanding' 'reunification'
 'with' 'communist' 'North' 'Korea' 'were' 'crushed' 'by' 'riot' 'police'
 'at' 'a' 'Seoul' 'university' 'this' 'month' '.']","['O', 'O', 'O', 'O', 'O', 'O', 'O', 'O', 'O', 'O', 'O', 'O', 'O', 'O', 'O', 'O', 'O', 'B-Location', 'I-Location', 'O', 'O', 'O', 'O', 'O', 'O', 'O', 'B-Location', 'O', 'O', 'O', 'O']",Nearly 400 members of an outlawed student group were arrested after violent protests demanding reunification with communist North Korea were crushed by riot police at a Seoul university this month .,"['Nearly(O)', '400(O)', 'members(O)', 'of(O)', 'an(O)', 'outlawed(O)', 'student(O)', 'group(O)', 'were(O)', 'arrested(O)', 'after(O)', 'violent(O)', 'protests(O)', 'demanding(O)', 'reunification(O)', 'with(O)', 'communist(O)', 'North(B-Location)', 'Korea(I-Location)', 'were(O)', 'crushed(O)', 'by(O)', 'riot(O)', 'police(O)', 'at(O)', 'a(O)', 'Seoul(B-Location)', 'university(O)', 'this(O)', 'month(O)', '.(O)']",Nearly(O) 400(O) members(O) of(O) an(O) outlawed(O) student(O) group(O) were(O) arrested(O) after(O) violent(O) protests(O) demanding(O) reunification(O) with(O) communist(O) North(B-Location) Korea(I-Location) were(O) crushed(O) by(O) riot(O) police(O) at(O) a(O) Seoul(B-Location) university(O) this(O) month(O) .(O),"Input: Nearly 400 members of an outlawed student group were arrested after violent protests demanding reunification with communist North Korea were crushed by riot police at a Seoul university this month .
Output: Nearly(O) 400(O) members(O) of(O) an(O) outlawed(O) student(O) group(O) were(O) arrested(O) after(O) violent(O) protests(O) demanding(O) reunification(O) with(O) communist(O) North(B-Location) Korea(I-Location) were(O) crushed(O) by(O) riot(O) police(O) at(O) a(O) Seoul(B-Location) university(O) this(O) month(O) .(O)"
136,"['Iraqi' 'Kurdish' 'areas' 'bordering' 'Iran' 'are' 'under' 'the'
 'control' 'of' 'guerrillas' 'of' 'the' 'Iraqi' 'Kurdish' 'Patriotic'
 'Union' 'of' 'Kurdistan' '(' 'PUK' ')' 'group' '.']","['B-Miscellaneous', 'I-Miscellaneous', 'O', 'O', 'B-Location', 'O', 'O', 'O', 'O', 'O', 'O', 'O', 'O', 'B-Organization', 'I-Organization', 'I-Organization', 'I-Organization', 'I-Organization', 'I-Organization', 'O', 'B-Organization', 'O', 'O', 'O']",Iraqi Kurdish areas bordering Iran are under the control of guerrillas of the Iraqi Kurdish Patriotic Union of Kurdistan ( PUK ) group .,"['Iraqi(B-Miscellaneous)', 'Kurdish(I-Miscellaneous)', 'areas(O)', 'bordering(O)', 'Iran(B-Location)', 'are(O)', 'under(O)', 'the(O)', 'control(O)', 'of(O)', 'guerrillas(O)', 'of(O)', 'the(O)', 'Iraqi(B-Organization)', 'Kurdish(I-Organization)', 'Patriotic(I-Organization)', 'Union(I-Organization)', 'of(I-Organization)', 'Kurdistan(I-Organization)', '((O)', 'PUK(B-Organization)', ')(O)', 'group(O)', '.(O)']",Iraqi(B-Miscellaneous) Kurdish(I-Miscellaneous) areas(O) bordering(O) Iran(B-Location) are(O) under(O) the(O) control(O) of(O) guerrillas(O) of(O) the(O) Iraqi(B-Organization) Kurdish(I-Organization) Patriotic(I-Organization) Union(I-Organization) of(I-Organization) Kurdistan(I-Organization) ((O) PUK(B-Organization) )(O) group(O) .(O),"Input: Iraqi Kurdish areas bordering Iran are under the control of guerrillas of the Iraqi Kurdish Patriotic Union of Kurdistan ( PUK ) group .
Output: Iraqi(B-Miscellaneous) Kurdish(I-Miscellaneous) areas(O) bordering(O) Iran(B-Location) are(O) under(O) the(O) control(O) of(O) guerrillas(O) of(O) the(O) Iraqi(B-Organization) Kurdish(I-Organization) Patriotic(I-Organization) Union(I-Organization) of(I-Organization) Kurdistan(I-Organization) ((O) PUK(B-Organization) )(O) group(O) .(O)"
13605,"['Bodies' 'have' 'been' 'sighted' 'but' 'no' 'survivors' 'have' 'yet'
 'been' 'found' 'at' 'the' 'site' 'of' 'Thursday' ""'s"" 'crash' 'of' 'a'
 'Russian' 'airliner' 'on' 'Norway' ""'s"" 'remote' 'Arctic' 'island' 'of'
 'Spitzbergen' ',' 'Norwegian' 'officials' 'said' '.']","['O', 'O', 'O', 'O', 'O', 'O', 'O', 'O', 'O', 'O', 'O', 'O', 'O', 'O', 'O', 'O', 'O', 'O', 'O', 'O', 'B-Miscellaneous', 'O', 'O', 'B-Location', 'O', 'O', 'B-Miscellaneous', 'O', 'O', 'B-Location', 'O', 'B-Miscellaneous', 'O', 'O', 'O']","Bodies have been sighted but no survivors have yet been found at the site of Thursday 's crash of a Russian airliner on Norway 's remote Arctic island of Spitzbergen , Norwegian officials said .","['Bodies(O)', 'have(O)', 'been(O)', 'sighted(O)', 'but(O)', 'no(O)', 'survivors(O)', 'have(O)', 'yet(O)', 'been(O)', 'found(O)', 'at(O)', 'the(O)', 'site(O)', 'of(O)', 'Thursday(O)', ""'s(O)"", 'crash(O)', 'of(O)', 'a(O)', 'Russian(B-Miscellaneous)', 'airliner(O)', 'on(O)', 'Norway(B-Location)', ""'s(O)"", 'remote(O)', 'Arctic(B-Miscellaneous)', 'island(O)', 'of(O)', 'Spitzbergen(B-Location)', ',(O)', 'Norwegian(B-Miscellaneous)', 'officials(O)', 'said(O)', '.(O)']","Bodies(O) have(O) been(O) sighted(O) but(O) no(O) survivors(O) have(O) yet(O) been(O) found(O) at(O) the(O) site(O) of(O) Thursday(O) 's(O) crash(O) of(O) a(O) Russian(B-Miscellaneous) airliner(O) on(O) Norway(B-Location) 's(O) remote(O) Arctic(B-Miscellaneous) island(O) of(O) Spitzbergen(B-Location) ,(O) Norwegian(B-Miscellaneous) officials(O) said(O) .(O)","Input: Bodies have been sighted but no survivors have yet been found at the site of Thursday 's crash of a Russian airliner on Norway 's remote Arctic island of Spitzbergen , Norwegian officials said .
Output: Bodies(O) have(O) been(O) sighted(O) but(O) no(O) survivors(O) have(O) yet(O) been(O) found(O) at(O) the(O) site(O) of(O) Thursday(O) 's(O) crash(O) of(O) a(O) Russian(B-Miscellaneous) airliner(O) on(O) Norway(B-Location) 's(O) remote(O) Arctic(B-Miscellaneous) island(O) of(O) Spitzbergen(B-Location) ,(O) Norwegian(B-Miscellaneous) officials(O) said(O) .(O)"
7077,"['I' 'knew' 'I' 'would' 'score' 'even' 'if' 'he' 'fielded' 'it' 'cleanly'
 ',' 'he' 'could' ""n't"" 'throw' 'me' 'out' '.' '""']","['O', 'O', 'O', 'O', 'O', 'O', 'O', 'O', 'O', 'O', 'O', 'O', 'O', 'O', 'O', 'O', 'O', 'O', 'O', 'O']","I knew I would score even if he fielded it cleanly , he could n't throw me out . ""","['I(O)', 'knew(O)', 'I(O)', 'would(O)', 'score(O)', 'even(O)', 'if(O)', 'he(O)', 'fielded(O)', 'it(O)', 'cleanly(O)', ',(O)', 'he(O)', 'could(O)', ""n't(O)"", 'throw(O)', 'me(O)', 'out(O)', '.(O)', '""(O)']","I(O) knew(O) I(O) would(O) score(O) even(O) if(O) he(O) fielded(O) it(O) cleanly(O) ,(O) he(O) could(O) n't(O) throw(O) me(O) out(O) .(O) ""(O)","Input: I knew I would score even if he fielded it cleanly , he could n't throw me out . ""
Output: I(O) knew(O) I(O) would(O) score(O) even(O) if(O) he(O) fielded(O) it(O) cleanly(O) ,(O) he(O) could(O) n't(O) throw(O) me(O) out(O) .(O) ""(O)"
5259,['Illawarra' '42' 'Penrith' '2'],"['B-Organization', 'O', 'B-Organization', 'O']",Illawarra 42 Penrith 2,"['Illawarra(B-Organization)', '42(O)', 'Penrith(B-Organization)', '2(O)']",Illawarra(B-Organization) 42(O) Penrith(B-Organization) 2(O),"Input: Illawarra 42 Penrith 2
Output: Illawarra(B-Organization) 42(O) Penrith(B-Organization) 2(O)"
68,"['S&P' '=' 'DENOMS' '(' 'K' ')' '1-10-100' 'SALE' 'LIMITS' 'US' '/' 'UK'
 '/' 'CA']","['B-Organization', 'O', 'O', 'O', 'O', 'O', 'O', 'O', 'O', 'B-Location', 'O', 'B-Location', 'O', 'B-Location']",S&P = DENOMS ( K ) 1-10-100 SALE LIMITS US / UK / CA,"['S&P(B-Organization)', '=(O)', 'DENOMS(O)', '((O)', 'K(O)', ')(O)', '1-10-100(O)', 'SALE(O)', 'LIMITS(O)', 'US(B-Location)', '/(O)', 'UK(B-Location)', '/(O)', 'CA(B-Location)']",S&P(B-Organization) =(O) DENOMS(O) ((O) K(O) )(O) 1-10-100(O) SALE(O) LIMITS(O) US(B-Location) /(O) UK(B-Location) /(O) CA(B-Location),"Input: S&P = DENOMS ( K ) 1-10-100 SALE LIMITS US / UK / CA
Output: S&P(B-Organization) =(O) DENOMS(O) ((O) K(O) )(O) 1-10-100(O) SALE(O) LIMITS(O) US(B-Location) /(O) UK(B-Location) /(O) CA(B-Location)"
6116,"['""' 'They' 'respect' 'employees' 'more' ',' 'they' 'trust' 'employees'
 'more' 'and' 'they' 'value' 'their' 'employees' 'more' ',' '""' ""O'Neal""
 'said' '.']","['O', 'O', 'O', 'O', 'O', 'O', 'O', 'O', 'O', 'O', 'O', 'O', 'O', 'O', 'O', 'O', 'O', 'O', 'B-Person', 'O', 'O']",""" They respect employees more , they trust employees more and they value their employees more , "" O'Neal said .","['""(O)', 'They(O)', 'respect(O)', 'employees(O)', 'more(O)', ',(O)', 'they(O)', 'trust(O)', 'employees(O)', 'more(O)', 'and(O)', 'they(O)', 'value(O)', 'their(O)', 'employees(O)', 'more(O)', ',(O)', '""(O)', ""O'Neal(B-Person)"", 'said(O)', '.(O)']","""(O) They(O) respect(O) employees(O) more(O) ,(O) they(O) trust(O) employees(O) more(O) and(O) they(O) value(O) their(O) employees(O) more(O) ,(O) ""(O) O'Neal(B-Person) said(O) .(O)","Input: "" They respect employees more , they trust employees more and they value their employees more , "" O'Neal said .
Output: ""(O) They(O) respect(O) employees(O) more(O) ,(O) they(O) trust(O) employees(O) more(O) and(O) they(O) value(O) their(O) employees(O) more(O) ,(O) ""(O) O'Neal(B-Person) said(O) .(O)"
11177,"['As' 'often' ',' 'the' 'most' 'volume' 'was' 'in' 'UES' '.']","['O', 'O', 'O', 'O', 'O', 'O', 'O', 'O', 'B-Organization', 'O']","As often , the most volume was in UES .","['As(O)', 'often(O)', ',(O)', 'the(O)', 'most(O)', 'volume(O)', 'was(O)', 'in(O)', 'UES(B-Organization)', '.(O)']","As(O) often(O) ,(O) the(O) most(O) volume(O) was(O) in(O) UES(B-Organization) .(O)","Input: As often , the most volume was in UES .
Output: As(O) often(O) ,(O) the(O) most(O) volume(O) was(O) in(O) UES(B-Organization) .(O)"
2436,['5.' 'Marina' 'Trandenkova' '(' 'Russia' ')' '22.84'],"['O', 'B-Person', 'I-Person', 'O', 'B-Location', 'O', 'O']",5. Marina Trandenkova ( Russia ) 22.84,"['5.(O)', 'Marina(B-Person)', 'Trandenkova(I-Person)', '((O)', 'Russia(B-Location)', ')(O)', '22.84(O)']",5.(O) Marina(B-Person) Trandenkova(I-Person) ((O) Russia(B-Location) )(O) 22.84(O),"Input: 5. Marina Trandenkova ( Russia ) 22.84
Output: 5.(O) Marina(B-Person) Trandenkova(I-Person) ((O) Russia(B-Location) )(O) 22.84(O)"
2589,['WED' 'Imphold' 'YR' 'DIV' '67.5' '66.6-68.4' '45.0'],"['O', 'B-Organization', 'O', 'O', 'O', 'O', 'O']",WED Imphold YR DIV 67.5 66.6-68.4 45.0,"['WED(O)', 'Imphold(B-Organization)', 'YR(O)', 'DIV(O)', '67.5(O)', '66.6-68.4(O)', '45.0(O)']",WED(O) Imphold(B-Organization) YR(O) DIV(O) 67.5(O) 66.6-68.4(O) 45.0(O),"Input: WED Imphold YR DIV 67.5 66.6-68.4 45.0
Output: WED(O) Imphold(B-Organization) YR(O) DIV(O) 67.5(O) 66.6-68.4(O) 45.0(O)"
3760,['Rad' '3' '1' '1' '1' '2' '2' '4'],"['B-Organization', 'O', 'O', 'O', 'O', 'O', 'O', 'O']",Rad 3 1 1 1 2 2 4,"['Rad(B-Organization)', '3(O)', '1(O)', '1(O)', '1(O)', '2(O)', '2(O)', '4(O)']",Rad(B-Organization) 3(O) 1(O) 1(O) 1(O) 2(O) 2(O) 4(O),"Input: Rad 3 1 1 1 2 2 4
Output: Rad(B-Organization) 3(O) 1(O) 1(O) 1(O) 2(O) 2(O) 4(O)"
6041,"['Israeli' 'President' 'Ezer' 'Weizman' ',' 'weighing' 'a' 'possible'
 'meeting' 'with' 'Yasser' 'Arafat' ',' 'consulted' 'on' 'Sunday' 'with'
 'Prime' 'Minister' 'Benjamin' 'Netanyahu' ',' 'a' 'spokesman' 'said' '.']","['B-Miscellaneous', 'O', 'B-Person', 'I-Person', 'O', 'O', 'O', 'O', 'O', 'O', 'B-Person', 'I-Person', 'O', 'O', 'O', 'O', 'O', 'O', 'O', 'B-Person', 'I-Person', 'O', 'O', 'O', 'O', 'O']","Israeli President Ezer Weizman , weighing a possible meeting with Yasser Arafat , consulted on Sunday with Prime Minister Benjamin Netanyahu , a spokesman said .","['Israeli(B-Miscellaneous)', 'President(O)', 'Ezer(B-Person)', 'Weizman(I-Person)', ',(O)', 'weighing(O)', 'a(O)', 'possible(O)', 'meeting(O)', 'with(O)', 'Yasser(B-Person)', 'Arafat(I-Person)', ',(O)', 'consulted(O)', 'on(O)', 'Sunday(O)', 'with(O)', 'Prime(O)', 'Minister(O)', 'Benjamin(B-Person)', 'Netanyahu(I-Person)', ',(O)', 'a(O)', 'spokesman(O)', 'said(O)', '.(O)']","Israeli(B-Miscellaneous) President(O) Ezer(B-Person) Weizman(I-Person) ,(O) weighing(O) a(O) possible(O) meeting(O) with(O) Yasser(B-Person) Arafat(I-Person) ,(O) consulted(O) on(O) Sunday(O) with(O) Prime(O) Minister(O) Benjamin(B-Person) Netanyahu(I-Person) ,(O) a(O) spokesman(O) said(O) .(O)","Input: Israeli President Ezer Weizman , weighing a possible meeting with Yasser Arafat , consulted on Sunday with Prime Minister Benjamin Netanyahu , a spokesman said .
Output: Israeli(B-Miscellaneous) President(O) Ezer(B-Person) Weizman(I-Person) ,(O) weighing(O) a(O) possible(O) meeting(O) with(O) Yasser(B-Person) Arafat(I-Person) ,(O) consulted(O) on(O) Sunday(O) with(O) Prime(O) Minister(O) Benjamin(B-Person) Netanyahu(I-Person) ,(O) a(O) spokesman(O) said(O) .(O)"
11257,['BUCHAREST' '1996-08-28'],"['B-Location', 'O']",BUCHAREST 1996-08-28,"['BUCHAREST(B-Location)', '1996-08-28(O)']",BUCHAREST(B-Location) 1996-08-28(O),"Input: BUCHAREST 1996-08-28
Output: BUCHAREST(B-Location) 1996-08-28(O)"
10207,['SOCCER' '-' 'FOWLER' 'AND' 'MCMANAMAN' 'OUT' 'OF' 'ENGLAND' 'SQUAD' '.'],"['O', 'O', 'B-Person', 'O', 'B-Person', 'O', 'O', 'B-Location', 'O', 'O']",SOCCER - FOWLER AND MCMANAMAN OUT OF ENGLAND SQUAD .,"['SOCCER(O)', '-(O)', 'FOWLER(B-Person)', 'AND(O)', 'MCMANAMAN(B-Person)', 'OUT(O)', 'OF(O)', 'ENGLAND(B-Location)', 'SQUAD(O)', '.(O)']",SOCCER(O) -(O) FOWLER(B-Person) AND(O) MCMANAMAN(B-Person) OUT(O) OF(O) ENGLAND(B-Location) SQUAD(O) .(O),"Input: SOCCER - FOWLER AND MCMANAMAN OUT OF ENGLAND SQUAD .
Output: SOCCER(O) -(O) FOWLER(B-Person) AND(O) MCMANAMAN(B-Person) OUT(O) OF(O) ENGLAND(B-Location) SQUAD(O) .(O)"
674,['National' 'Tennis' 'Centre' '(' 'prefix' 'denotes' 'seeding' ')' ':'],"['B-Location', 'I-Location', 'I-Location', 'O', 'O', 'O', 'O', 'O', 'O']",National Tennis Centre ( prefix denotes seeding ) :,"['National(B-Location)', 'Tennis(I-Location)', 'Centre(I-Location)', '((O)', 'prefix(O)', 'denotes(O)', 'seeding(O)', ')(O)', ':(O)']",National(B-Location) Tennis(I-Location) Centre(I-Location) ((O) prefix(O) denotes(O) seeding(O) )(O) :(O),"Input: National Tennis Centre ( prefix denotes seeding ) :
Output: National(B-Location) Tennis(I-Location) Centre(I-Location) ((O) prefix(O) denotes(O) seeding(O) )(O) :(O)"
8147,['Scorers' ':'],"['O', 'O']",Scorers :,"['Scorers(O)', ':(O)']",Scorers(O) :(O),"Input: Scorers :
Output: Scorers(O) :(O)"
4883,['Results' 'of' 'European' 'Super' 'League'],"['O', 'O', 'B-Miscellaneous', 'I-Miscellaneous', 'I-Miscellaneous']",Results of European Super League,"['Results(O)', 'of(O)', 'European(B-Miscellaneous)', 'Super(I-Miscellaneous)', 'League(I-Miscellaneous)']",Results(O) of(O) European(B-Miscellaneous) Super(I-Miscellaneous) League(I-Miscellaneous),"Input: Results of European Super League
Output: Results(O) of(O) European(B-Miscellaneous) Super(I-Miscellaneous) League(I-Miscellaneous)"
4374,"['""' 'We' 'will' 'then' 'proceed' 'with' 'the' 'annexation' 'of'
 'Sardinia' ',' 'Corsica' 'and' 'Cyprus' ',' '""' 'Cimicchi' 'told'
 'reporters' 'on' 'Saturday' '.']","['O', 'O', 'O', 'O', 'O', 'O', 'O', 'O', 'O', 'B-Location', 'O', 'B-Location', 'O', 'B-Location', 'O', 'O', 'B-Person', 'O', 'O', 'O', 'O', 'O']",""" We will then proceed with the annexation of Sardinia , Corsica and Cyprus , "" Cimicchi told reporters on Saturday .","['""(O)', 'We(O)', 'will(O)', 'then(O)', 'proceed(O)', 'with(O)', 'the(O)', 'annexation(O)', 'of(O)', 'Sardinia(B-Location)', ',(O)', 'Corsica(B-Location)', 'and(O)', 'Cyprus(B-Location)', ',(O)', '""(O)', 'Cimicchi(B-Person)', 'told(O)', 'reporters(O)', 'on(O)', 'Saturday(O)', '.(O)']","""(O) We(O) will(O) then(O) proceed(O) with(O) the(O) annexation(O) of(O) Sardinia(B-Location) ,(O) Corsica(B-Location) and(O) Cyprus(B-Location) ,(O) ""(O) Cimicchi(B-Person) told(O) reporters(O) on(O) Saturday(O) .(O)","Input: "" We will then proceed with the annexation of Sardinia , Corsica and Cyprus , "" Cimicchi told reporters on Saturday .
Output: ""(O) We(O) will(O) then(O) proceed(O) with(O) the(O) annexation(O) of(O) Sardinia(B-Location) ,(O) Corsica(B-Location) and(O) Cyprus(B-Location) ,(O) ""(O) Cimicchi(B-Person) told(O) reporters(O) on(O) Saturday(O) .(O)"
13286,"['The' 'company' 'has' 'announced' 'plans' 'to' 'take' 'a' 'charge'
 'against' 'earnings' 'of' '$' '50' 'million' 'to' '$' '80' 'million' 'to'
 'write' 'down' 'the' 'value' 'of' 'assets' 'and' 'inventories' 'and'
 'cover' 'severance' 'payments' '.']","['O', 'O', 'O', 'O', 'O', 'O', 'O', 'O', 'O', 'O', 'O', 'O', 'O', 'O', 'O', 'O', 'O', 'O', 'O', 'O', 'O', 'O', 'O', 'O', 'O', 'O', 'O', 'O', 'O', 'O', 'O', 'O', 'O']",The company has announced plans to take a charge against earnings of $ 50 million to $ 80 million to write down the value of assets and inventories and cover severance payments .,"['The(O)', 'company(O)', 'has(O)', 'announced(O)', 'plans(O)', 'to(O)', 'take(O)', 'a(O)', 'charge(O)', 'against(O)', 'earnings(O)', 'of(O)', '$(O)', '50(O)', 'million(O)', 'to(O)', '$(O)', '80(O)', 'million(O)', 'to(O)', 'write(O)', 'down(O)', 'the(O)', 'value(O)', 'of(O)', 'assets(O)', 'and(O)', 'inventories(O)', 'and(O)', 'cover(O)', 'severance(O)', 'payments(O)', '.(O)']",The(O) company(O) has(O) announced(O) plans(O) to(O) take(O) a(O) charge(O) against(O) earnings(O) of(O) $(O) 50(O) million(O) to(O) $(O) 80(O) million(O) to(O) write(O) down(O) the(O) value(O) of(O) assets(O) and(O) inventories(O) and(O) cover(O) severance(O) payments(O) .(O),"Input: The company has announced plans to take a charge against earnings of $ 50 million to $ 80 million to write down the value of assets and inventories and cover severance payments .
Output: The(O) company(O) has(O) announced(O) plans(O) to(O) take(O) a(O) charge(O) against(O) earnings(O) of(O) $(O) 50(O) million(O) to(O) $(O) 80(O) million(O) to(O) write(O) down(O) the(O) value(O) of(O) assets(O) and(O) inventories(O) and(O) cover(O) severance(O) payments(O) .(O)"
849,"['In' 'Baltimore' ',' 'Cal' 'Ripken' 'had' 'four' 'hits' 'and' 'snapped'
 'a' 'fifth-inning' 'tie' 'with' 'a' 'solo' 'homer' 'and' 'Bobby'
 'Bonilla' 'added' 'a' 'three-run' 'shot' 'in' 'the' 'seventh' 'to'
 'power' 'the' 'surging' 'Orioles' 'to' 'a' '10-5' 'victory' 'over' 'the'
 'Seattle' 'Mariners' '.']","['O', 'B-Location', 'O', 'B-Person', 'I-Person', 'O', 'O', 'O', 'O', 'O', 'O', 'O', 'O', 'O', 'O', 'O', 'O', 'O', 'B-Person', 'I-Person', 'O', 'O', 'O', 'O', 'O', 'O', 'O', 'O', 'O', 'O', 'O', 'B-Organization', 'O', 'O', 'O', 'O', 'O', 'O', 'B-Organization', 'I-Organization', 'O']","In Baltimore , Cal Ripken had four hits and snapped a fifth-inning tie with a solo homer and Bobby Bonilla added a three-run shot in the seventh to power the surging Orioles to a 10-5 victory over the Seattle Mariners .","['In(O)', 'Baltimore(B-Location)', ',(O)', 'Cal(B-Person)', 'Ripken(I-Person)', 'had(O)', 'four(O)', 'hits(O)', 'and(O)', 'snapped(O)', 'a(O)', 'fifth-inning(O)', 'tie(O)', 'with(O)', 'a(O)', 'solo(O)', 'homer(O)', 'and(O)', 'Bobby(B-Person)', 'Bonilla(I-Person)', 'added(O)', 'a(O)', 'three-run(O)', 'shot(O)', 'in(O)', 'the(O)', 'seventh(O)', 'to(O)', 'power(O)', 'the(O)', 'surging(O)', 'Orioles(B-Organization)', 'to(O)', 'a(O)', '10-5(O)', 'victory(O)', 'over(O)', 'the(O)', 'Seattle(B-Organization)', 'Mariners(I-Organization)', '.(O)']","In(O) Baltimore(B-Location) ,(O) Cal(B-Person) Ripken(I-Person) had(O) four(O) hits(O) and(O) snapped(O) a(O) fifth-inning(O) tie(O) with(O) a(O) solo(O) homer(O) and(O) Bobby(B-Person) Bonilla(I-Person) added(O) a(O) three-run(O) shot(O) in(O) the(O) seventh(O) to(O) power(O) the(O) surging(O) Orioles(B-Organization) to(O) a(O) 10-5(O) victory(O) over(O) the(O) Seattle(B-Organization) Mariners(I-Organization) .(O)","Input: In Baltimore , Cal Ripken had four hits and snapped a fifth-inning tie with a solo homer and Bobby Bonilla added a three-run shot in the seventh to power the surging Orioles to a 10-5 victory over the Seattle Mariners .
Output: In(O) Baltimore(B-Location) ,(O) Cal(B-Person) Ripken(I-Person) had(O) four(O) hits(O) and(O) snapped(O) a(O) fifth-inning(O) tie(O) with(O) a(O) solo(O) homer(O) and(O) Bobby(B-Person) Bonilla(I-Person) added(O) a(O) three-run(O) shot(O) in(O) the(O) seventh(O) to(O) power(O) the(O) surging(O) Orioles(B-Organization) to(O) a(O) 10-5(O) victory(O) over(O) the(O) Seattle(B-Organization) Mariners(I-Organization) .(O)"
11313,"['NOTE' ':' 'Arthur' 'Yates' 'and' 'Co' 'ltd' 'is' 'a' 'garden' 'products'
 'group' '.']","['O', 'O', 'B-Organization', 'I-Organization', 'I-Organization', 'I-Organization', 'O', 'O', 'O', 'O', 'O', 'O', 'O']",NOTE : Arthur Yates and Co ltd is a garden products group .,"['NOTE(O)', ':(O)', 'Arthur(B-Organization)', 'Yates(I-Organization)', 'and(I-Organization)', 'Co(I-Organization)', 'ltd(O)', 'is(O)', 'a(O)', 'garden(O)', 'products(O)', 'group(O)', '.(O)']",NOTE(O) :(O) Arthur(B-Organization) Yates(I-Organization) and(I-Organization) Co(I-Organization) ltd(O) is(O) a(O) garden(O) products(O) group(O) .(O),"Input: NOTE : Arthur Yates and Co ltd is a garden products group .
Output: NOTE(O) :(O) Arthur(B-Organization) Yates(I-Organization) and(I-Organization) Co(I-Organization) ltd(O) is(O) a(O) garden(O) products(O) group(O) .(O)"
3457,"['GOLF' '-' 'THUNDERSTORMS' 'FORCE' 'SUSPENSION' 'OF' 'SECOND' 'ROUND'
 'IN' 'AKRON' '.']","['B-Location', 'O', 'O', 'O', 'O', 'O', 'O', 'O', 'O', 'B-Location', 'O']",GOLF - THUNDERSTORMS FORCE SUSPENSION OF SECOND ROUND IN AKRON .,"['GOLF(B-Location)', '-(O)', 'THUNDERSTORMS(O)', 'FORCE(O)', 'SUSPENSION(O)', 'OF(O)', 'SECOND(O)', 'ROUND(O)', 'IN(O)', 'AKRON(B-Location)', '.(O)']",GOLF(B-Location) -(O) THUNDERSTORMS(O) FORCE(O) SUSPENSION(O) OF(O) SECOND(O) ROUND(O) IN(O) AKRON(B-Location) .(O),"Input: GOLF - THUNDERSTORMS FORCE SUSPENSION OF SECOND ROUND IN AKRON .
Output: GOLF(B-Location) -(O) THUNDERSTORMS(O) FORCE(O) SUSPENSION(O) OF(O) SECOND(O) ROUND(O) IN(O) AKRON(B-Location) .(O)"
8493,"['Jared' 'Palmer' '(' 'U.S.' ')' 'beat' '15' '-' 'Marc' 'Rosset' '('
 'Switzerland' ')' '6-7' '(' '7-9' ')']","['B-Person', 'I-Person', 'O', 'B-Location', 'O', 'O', 'O', 'O', 'B-Person', 'I-Person', 'O', 'B-Location', 'O', 'O', 'O', 'O', 'O']",Jared Palmer ( U.S. ) beat 15 - Marc Rosset ( Switzerland ) 6-7 ( 7-9 ),"['Jared(B-Person)', 'Palmer(I-Person)', '((O)', 'U.S.(B-Location)', ')(O)', 'beat(O)', '15(O)', '-(O)', 'Marc(B-Person)', 'Rosset(I-Person)', '((O)', 'Switzerland(B-Location)', ')(O)', '6-7(O)', '((O)', '7-9(O)', ')(O)']",Jared(B-Person) Palmer(I-Person) ((O) U.S.(B-Location) )(O) beat(O) 15(O) -(O) Marc(B-Person) Rosset(I-Person) ((O) Switzerland(B-Location) )(O) 6-7(O) ((O) 7-9(O) )(O),"Input: Jared Palmer ( U.S. ) beat 15 - Marc Rosset ( Switzerland ) 6-7 ( 7-9 )
Output: Jared(B-Person) Palmer(I-Person) ((O) U.S.(B-Location) )(O) beat(O) 15(O) -(O) Marc(B-Person) Rosset(I-Person) ((O) Switzerland(B-Location) )(O) 6-7(O) ((O) 7-9(O) )(O)"
6673,['FC' 'Rimavska' 'Sobota' '4' '2' '0' '2' '4' '5' '6'],"['B-Organization', 'I-Organization', 'I-Organization', 'O', 'O', 'O', 'O', 'O', 'O', 'O']",FC Rimavska Sobota 4 2 0 2 4 5 6,"['FC(B-Organization)', 'Rimavska(I-Organization)', 'Sobota(I-Organization)', '4(O)', '2(O)', '0(O)', '2(O)', '4(O)', '5(O)', '6(O)']",FC(B-Organization) Rimavska(I-Organization) Sobota(I-Organization) 4(O) 2(O) 0(O) 2(O) 4(O) 5(O) 6(O),"Input: FC Rimavska Sobota 4 2 0 2 4 5 6
Output: FC(B-Organization) Rimavska(I-Organization) Sobota(I-Organization) 4(O) 2(O) 0(O) 2(O) 4(O) 5(O) 6(O)"
1102,"['""' 'This' 'assistance' 'will' 'provide' 'a' 'fast' 'track' 'development'
 'programme' 'for' 'the' 'designated' '(' 'northern' ')' 'safe' 'area' ','
 '""' 'Britain' ""'s"" 'Overseas' 'Development' 'Administration' 'said' 'in'
 'a' 'statement' '.']","['O', 'O', 'O', 'O', 'O', 'O', 'O', 'O', 'O', 'O', 'O', 'O', 'O', 'O', 'O', 'O', 'O', 'O', 'O', 'O', 'B-Location', 'O', 'B-Organization', 'I-Organization', 'I-Organization', 'O', 'O', 'O', 'O', 'O']",""" This assistance will provide a fast track development programme for the designated ( northern ) safe area , "" Britain 's Overseas Development Administration said in a statement .","['""(O)', 'This(O)', 'assistance(O)', 'will(O)', 'provide(O)', 'a(O)', 'fast(O)', 'track(O)', 'development(O)', 'programme(O)', 'for(O)', 'the(O)', 'designated(O)', '((O)', 'northern(O)', ')(O)', 'safe(O)', 'area(O)', ',(O)', '""(O)', 'Britain(B-Location)', ""'s(O)"", 'Overseas(B-Organization)', 'Development(I-Organization)', 'Administration(I-Organization)', 'said(O)', 'in(O)', 'a(O)', 'statement(O)', '.(O)']","""(O) This(O) assistance(O) will(O) provide(O) a(O) fast(O) track(O) development(O) programme(O) for(O) the(O) designated(O) ((O) northern(O) )(O) safe(O) area(O) ,(O) ""(O) Britain(B-Location) 's(O) Overseas(B-Organization) Development(I-Organization) Administration(I-Organization) said(O) in(O) a(O) statement(O) .(O)","Input: "" This assistance will provide a fast track development programme for the designated ( northern ) safe area , "" Britain 's Overseas Development Administration said in a statement .
Output: ""(O) This(O) assistance(O) will(O) provide(O) a(O) fast(O) track(O) development(O) programme(O) for(O) the(O) designated(O) ((O) northern(O) )(O) safe(O) area(O) ,(O) ""(O) Britain(B-Location) 's(O) Overseas(B-Organization) Development(I-Organization) Administration(I-Organization) said(O) in(O) a(O) statement(O) .(O)"
2044,['RUGBY' 'UNION' '-' 'MULDER' 'OUT' 'OF' 'SECOND' 'TEST' '.'],"['B-Organization', 'I-Organization', 'O', 'B-Person', 'O', 'O', 'O', 'O', 'O']",RUGBY UNION - MULDER OUT OF SECOND TEST .,"['RUGBY(B-Organization)', 'UNION(I-Organization)', '-(O)', 'MULDER(B-Person)', 'OUT(O)', 'OF(O)', 'SECOND(O)', 'TEST(O)', '.(O)']",RUGBY(B-Organization) UNION(I-Organization) -(O) MULDER(B-Person) OUT(O) OF(O) SECOND(O) TEST(O) .(O),"Input: RUGBY UNION - MULDER OUT OF SECOND TEST .
Output: RUGBY(B-Organization) UNION(I-Organization) -(O) MULDER(B-Person) OUT(O) OF(O) SECOND(O) TEST(O) .(O)"
548,['Nyva' 'qualified' 'on' 'away' 'goals' 'rule' '.'],"['B-Organization', 'O', 'O', 'O', 'O', 'O', 'O']",Nyva qualified on away goals rule .,"['Nyva(B-Organization)', 'qualified(O)', 'on(O)', 'away(O)', 'goals(O)', 'rule(O)', '.(O)']",Nyva(B-Organization) qualified(O) on(O) away(O) goals(O) rule(O) .(O),"Input: Nyva qualified on away goals rule .
Output: Nyva(B-Organization) qualified(O) on(O) away(O) goals(O) rule(O) .(O)"
13381,"['Ties' 'between' 'the' 'two' 'neighbours' ',' 'strained' 'also' 'over'
 'a' 'military' 'accord' 'between' 'Turkey' 'and' 'Israel' 'which' 'drew'
 'strong' 'Iranian' 'objections' ',' 'have' 'improved' 'since' 'Islamist'
 'Necmettin' 'Erbakan' 'took' 'over' 'as' 'Turkish' 'prime' 'minister'
 'in' 'June' '.']","['O', 'O', 'O', 'O', 'O', 'O', 'O', 'O', 'O', 'O', 'O', 'O', 'O', 'B-Location', 'O', 'B-Location', 'O', 'O', 'O', 'B-Miscellaneous', 'O', 'O', 'O', 'O', 'O', 'B-Miscellaneous', 'B-Person', 'I-Person', 'O', 'O', 'O', 'B-Miscellaneous', 'O', 'O', 'O', 'O', 'O']","Ties between the two neighbours , strained also over a military accord between Turkey and Israel which drew strong Iranian objections , have improved since Islamist Necmettin Erbakan took over as Turkish prime minister in June .","['Ties(O)', 'between(O)', 'the(O)', 'two(O)', 'neighbours(O)', ',(O)', 'strained(O)', 'also(O)', 'over(O)', 'a(O)', 'military(O)', 'accord(O)', 'between(O)', 'Turkey(B-Location)', 'and(O)', 'Israel(B-Location)', 'which(O)', 'drew(O)', 'strong(O)', 'Iranian(B-Miscellaneous)', 'objections(O)', ',(O)', 'have(O)', 'improved(O)', 'since(O)', 'Islamist(B-Miscellaneous)', 'Necmettin(B-Person)', 'Erbakan(I-Person)', 'took(O)', 'over(O)', 'as(O)', 'Turkish(B-Miscellaneous)', 'prime(O)', 'minister(O)', 'in(O)', 'June(O)', '.(O)']","Ties(O) between(O) the(O) two(O) neighbours(O) ,(O) strained(O) also(O) over(O) a(O) military(O) accord(O) between(O) Turkey(B-Location) and(O) Israel(B-Location) which(O) drew(O) strong(O) Iranian(B-Miscellaneous) objections(O) ,(O) have(O) improved(O) since(O) Islamist(B-Miscellaneous) Necmettin(B-Person) Erbakan(I-Person) took(O) over(O) as(O) Turkish(B-Miscellaneous) prime(O) minister(O) in(O) June(O) .(O)","Input: Ties between the two neighbours , strained also over a military accord between Turkey and Israel which drew strong Iranian objections , have improved since Islamist Necmettin Erbakan took over as Turkish prime minister in June .
Output: Ties(O) between(O) the(O) two(O) neighbours(O) ,(O) strained(O) also(O) over(O) a(O) military(O) accord(O) between(O) Turkey(B-Location) and(O) Israel(B-Location) which(O) drew(O) strong(O) Iranian(B-Miscellaneous) objections(O) ,(O) have(O) improved(O) since(O) Islamist(B-Miscellaneous) Necmettin(B-Person) Erbakan(I-Person) took(O) over(O) as(O) Turkish(B-Miscellaneous) prime(O) minister(O) in(O) June(O) .(O)"
5733,"['Willem' 'II' 'Tilburg' '0' 'Fortuna' 'Sittard' '1' '(' 'Hamming' '65th'
 ')' '.']","['B-Organization', 'I-Organization', 'I-Organization', 'O', 'B-Organization', 'I-Organization', 'O', 'O', 'B-Person', 'O', 'O', 'O']",Willem II Tilburg 0 Fortuna Sittard 1 ( Hamming 65th ) .,"['Willem(B-Organization)', 'II(I-Organization)', 'Tilburg(I-Organization)', '0(O)', 'Fortuna(B-Organization)', 'Sittard(I-Organization)', '1(O)', '((O)', 'Hamming(B-Person)', '65th(O)', ')(O)', '.(O)']",Willem(B-Organization) II(I-Organization) Tilburg(I-Organization) 0(O) Fortuna(B-Organization) Sittard(I-Organization) 1(O) ((O) Hamming(B-Person) 65th(O) )(O) .(O),"Input: Willem II Tilburg 0 Fortuna Sittard 1 ( Hamming 65th ) .
Output: Willem(B-Organization) II(I-Organization) Tilburg(I-Organization) 0(O) Fortuna(B-Organization) Sittard(I-Organization) 1(O) ((O) Hamming(B-Person) 65th(O) )(O) .(O)"
3092,['Wis' '.'],"['B-Location', 'O']",Wis .,"['Wis(B-Location)', '.(O)']",Wis(B-Location) .(O),"Input: Wis .
Output: Wis(B-Location) .(O)"
2164,"['Orioles' 'manager' 'Davey' 'Johnson' 'missed' 'the' 'game' 'after'
 'being' 'admitted' 'to' 'a' 'hospital' 'with' 'an' 'irregular'
 'heartbeat' '.']","['B-Organization', 'O', 'B-Person', 'I-Person', 'O', 'O', 'O', 'O', 'O', 'O', 'O', 'O', 'O', 'O', 'O', 'O', 'O', 'O']",Orioles manager Davey Johnson missed the game after being admitted to a hospital with an irregular heartbeat .,"['Orioles(B-Organization)', 'manager(O)', 'Davey(B-Person)', 'Johnson(I-Person)', 'missed(O)', 'the(O)', 'game(O)', 'after(O)', 'being(O)', 'admitted(O)', 'to(O)', 'a(O)', 'hospital(O)', 'with(O)', 'an(O)', 'irregular(O)', 'heartbeat(O)', '.(O)']",Orioles(B-Organization) manager(O) Davey(B-Person) Johnson(I-Person) missed(O) the(O) game(O) after(O) being(O) admitted(O) to(O) a(O) hospital(O) with(O) an(O) irregular(O) heartbeat(O) .(O),"Input: Orioles manager Davey Johnson missed the game after being admitted to a hospital with an irregular heartbeat .
Output: Orioles(B-Organization) manager(O) Davey(B-Person) Johnson(I-Person) missed(O) the(O) game(O) after(O) being(O) admitted(O) to(O) a(O) hospital(O) with(O) an(O) irregular(O) heartbeat(O) .(O)"
13792,"['The' 'government' 'maintains' 'the' 'ban' ',' 'announced' 'earlier'
 'this' 'month' ',' 'is' 'necessary' 'to' 'avoid' 'a' 'possible'
 'conflict' 'of' 'interest' 'because' 'civil' 'servants' 'are' 'involved'
 'in' 'determining' 'government' 'policy' '.']","['O', 'O', 'O', 'O', 'O', 'O', 'O', 'O', 'O', 'O', 'O', 'O', 'O', 'O', 'O', 'O', 'O', 'O', 'O', 'O', 'O', 'O', 'O', 'O', 'O', 'O', 'O', 'O', 'O', 'O']","The government maintains the ban , announced earlier this month , is necessary to avoid a possible conflict of interest because civil servants are involved in determining government policy .","['The(O)', 'government(O)', 'maintains(O)', 'the(O)', 'ban(O)', ',(O)', 'announced(O)', 'earlier(O)', 'this(O)', 'month(O)', ',(O)', 'is(O)', 'necessary(O)', 'to(O)', 'avoid(O)', 'a(O)', 'possible(O)', 'conflict(O)', 'of(O)', 'interest(O)', 'because(O)', 'civil(O)', 'servants(O)', 'are(O)', 'involved(O)', 'in(O)', 'determining(O)', 'government(O)', 'policy(O)', '.(O)']","The(O) government(O) maintains(O) the(O) ban(O) ,(O) announced(O) earlier(O) this(O) month(O) ,(O) is(O) necessary(O) to(O) avoid(O) a(O) possible(O) conflict(O) of(O) interest(O) because(O) civil(O) servants(O) are(O) involved(O) in(O) determining(O) government(O) policy(O) .(O)","Input: The government maintains the ban , announced earlier this month , is necessary to avoid a possible conflict of interest because civil servants are involved in determining government policy .
Output: The(O) government(O) maintains(O) the(O) ban(O) ,(O) announced(O) earlier(O) this(O) month(O) ,(O) is(O) necessary(O) to(O) avoid(O) a(O) possible(O) conflict(O) of(O) interest(O) because(O) civil(O) servants(O) are(O) involved(O) in(O) determining(O) government(O) policy(O) .(O)"
12128,"['He' 'is' 'due' 'back' 'in' 'Berlin' 'on' 'September' '5' 'to' 'continue'
 'his' 'testimony' ',' 'which' 'has' 'backed' 'up' 'German' 'prosecutors'
 ""'"" 'allegations' 'that' 'Tehran' 'ordered' 'the' 'attack' 'on' 'the'
 'exiled' 'leaders' '.']","['O', 'O', 'O', 'O', 'O', 'B-Location', 'O', 'O', 'O', 'O', 'O', 'O', 'O', 'O', 'O', 'O', 'O', 'O', 'B-Miscellaneous', 'O', 'O', 'O', 'O', 'B-Location', 'O', 'O', 'O', 'O', 'O', 'O', 'O', 'O']","He is due back in Berlin on September 5 to continue his testimony , which has backed up German prosecutors ' allegations that Tehran ordered the attack on the exiled leaders .","['He(O)', 'is(O)', 'due(O)', 'back(O)', 'in(O)', 'Berlin(B-Location)', 'on(O)', 'September(O)', '5(O)', 'to(O)', 'continue(O)', 'his(O)', 'testimony(O)', ',(O)', 'which(O)', 'has(O)', 'backed(O)', 'up(O)', 'German(B-Miscellaneous)', 'prosecutors(O)', ""'(O)"", 'allegations(O)', 'that(O)', 'Tehran(B-Location)', 'ordered(O)', 'the(O)', 'attack(O)', 'on(O)', 'the(O)', 'exiled(O)', 'leaders(O)', '.(O)']","He(O) is(O) due(O) back(O) in(O) Berlin(B-Location) on(O) September(O) 5(O) to(O) continue(O) his(O) testimony(O) ,(O) which(O) has(O) backed(O) up(O) German(B-Miscellaneous) prosecutors(O) '(O) allegations(O) that(O) Tehran(B-Location) ordered(O) the(O) attack(O) on(O) the(O) exiled(O) leaders(O) .(O)","Input: He is due back in Berlin on September 5 to continue his testimony , which has backed up German prosecutors ' allegations that Tehran ordered the attack on the exiled leaders .
Output: He(O) is(O) due(O) back(O) in(O) Berlin(B-Location) on(O) September(O) 5(O) to(O) continue(O) his(O) testimony(O) ,(O) which(O) has(O) backed(O) up(O) German(B-Miscellaneous) prosecutors(O) '(O) allegations(O) that(O) Tehran(B-Location) ordered(O) the(O) attack(O) on(O) the(O) exiled(O) leaders(O) .(O)"
12314,['Salim' 'Malik' 'not' 'out' '6'],"['B-Person', 'I-Person', 'O', 'O', 'O']",Salim Malik not out 6,"['Salim(B-Person)', 'Malik(I-Person)', 'not(O)', 'out(O)', '6(O)']",Salim(B-Person) Malik(I-Person) not(O) out(O) 6(O),"Input: Salim Malik not out 6
Output: Salim(B-Person) Malik(I-Person) not(O) out(O) 6(O)"
5639,"['STUTTGART' ',' 'Germany' '1996-08-25']","['B-Location', 'O', 'B-Location', 'O']","STUTTGART , Germany 1996-08-25","['STUTTGART(B-Location)', ',(O)', 'Germany(B-Location)', '1996-08-25(O)']","STUTTGART(B-Location) ,(O) Germany(B-Location) 1996-08-25(O)","Input: STUTTGART , Germany 1996-08-25
Output: STUTTGART(B-Location) ,(O) Germany(B-Location) 1996-08-25(O)"
8992,"['Neither' 'Meri' ',' 'who' 'oversaw' 'Estonia' ""'s"" 'first' 'steps'
 'into' 'statehood' 'after' 'the' 'collapse' 'of' 'the' 'Soviet' 'Union'
 ',' 'nor' 'his' 'arch-rival' ',' 'former' 'communist' 'Arnold' 'Ruutel'
 ',' 'have' 'secured' 'the' '68' 'votes' 'necessary' 'from' 'the'
 '101-member' 'parliament' '.']","['O', 'B-Person', 'O', 'O', 'O', 'B-Location', 'O', 'O', 'O', 'O', 'O', 'O', 'O', 'O', 'O', 'O', 'B-Location', 'I-Location', 'O', 'O', 'O', 'O', 'O', 'O', 'O', 'B-Person', 'I-Person', 'O', 'O', 'O', 'O', 'O', 'O', 'O', 'O', 'O', 'O', 'O', 'O']","Neither Meri , who oversaw Estonia 's first steps into statehood after the collapse of the Soviet Union , nor his arch-rival , former communist Arnold Ruutel , have secured the 68 votes necessary from the 101-member parliament .","['Neither(O)', 'Meri(B-Person)', ',(O)', 'who(O)', 'oversaw(O)', 'Estonia(B-Location)', ""'s(O)"", 'first(O)', 'steps(O)', 'into(O)', 'statehood(O)', 'after(O)', 'the(O)', 'collapse(O)', 'of(O)', 'the(O)', 'Soviet(B-Location)', 'Union(I-Location)', ',(O)', 'nor(O)', 'his(O)', 'arch-rival(O)', ',(O)', 'former(O)', 'communist(O)', 'Arnold(B-Person)', 'Ruutel(I-Person)', ',(O)', 'have(O)', 'secured(O)', 'the(O)', '68(O)', 'votes(O)', 'necessary(O)', 'from(O)', 'the(O)', '101-member(O)', 'parliament(O)', '.(O)']","Neither(O) Meri(B-Person) ,(O) who(O) oversaw(O) Estonia(B-Location) 's(O) first(O) steps(O) into(O) statehood(O) after(O) the(O) collapse(O) of(O) the(O) Soviet(B-Location) Union(I-Location) ,(O) nor(O) his(O) arch-rival(O) ,(O) former(O) communist(O) Arnold(B-Person) Ruutel(I-Person) ,(O) have(O) secured(O) the(O) 68(O) votes(O) necessary(O) from(O) the(O) 101-member(O) parliament(O) .(O)","Input: Neither Meri , who oversaw Estonia 's first steps into statehood after the collapse of the Soviet Union , nor his arch-rival , former communist Arnold Ruutel , have secured the 68 votes necessary from the 101-member parliament .
Output: Neither(O) Meri(B-Person) ,(O) who(O) oversaw(O) Estonia(B-Location) 's(O) first(O) steps(O) into(O) statehood(O) after(O) the(O) collapse(O) of(O) the(O) Soviet(B-Location) Union(I-Location) ,(O) nor(O) his(O) arch-rival(O) ,(O) former(O) communist(O) Arnold(B-Person) Ruutel(I-Person) ,(O) have(O) secured(O) the(O) 68(O) votes(O) necessary(O) from(O) the(O) 101-member(O) parliament(O) .(O)"
10610,['Monza' '0' 'Napoli' '1'],"['B-Organization', 'O', 'B-Organization', 'O']",Monza 0 Napoli 1,"['Monza(B-Organization)', '0(O)', 'Napoli(B-Organization)', '1(O)']",Monza(B-Organization) 0(O) Napoli(B-Organization) 1(O),"Input: Monza 0 Napoli 1
Output: Monza(B-Organization) 0(O) Napoli(B-Organization) 1(O)"
2272,"['132' 'Miguel' 'Angel' 'Martin' '(' 'Spain' ')' '66' '66' ',' 'Raymond'
 'Russell' '63' '69' ',']","['O', 'B-Person', 'I-Person', 'I-Person', 'O', 'B-Location', 'O', 'O', 'O', 'O', 'B-Person', 'I-Person', 'O', 'O', 'O']","132 Miguel Angel Martin ( Spain ) 66 66 , Raymond Russell 63 69 ,","['132(O)', 'Miguel(B-Person)', 'Angel(I-Person)', 'Martin(I-Person)', '((O)', 'Spain(B-Location)', ')(O)', '66(O)', '66(O)', ',(O)', 'Raymond(B-Person)', 'Russell(I-Person)', '63(O)', '69(O)', ',(O)']","132(O) Miguel(B-Person) Angel(I-Person) Martin(I-Person) ((O) Spain(B-Location) )(O) 66(O) 66(O) ,(O) Raymond(B-Person) Russell(I-Person) 63(O) 69(O) ,(O)","Input: 132 Miguel Angel Martin ( Spain ) 66 66 , Raymond Russell 63 69 ,
Output: 132(O) Miguel(B-Person) Angel(I-Person) Martin(I-Person) ((O) Spain(B-Location) )(O) 66(O) 66(O) ,(O) Raymond(B-Person) Russell(I-Person) 63(O) 69(O) ,(O)"
6373,['Wasim' 'becomes' 'the' '11th' 'player' 'to' 'join' 'the' '300-club' 'of'],"['B-Person', 'O', 'O', 'O', 'O', 'O', 'O', 'O', 'O', 'O']",Wasim becomes the 11th player to join the 300-club of,"['Wasim(B-Person)', 'becomes(O)', 'the(O)', '11th(O)', 'player(O)', 'to(O)', 'join(O)', 'the(O)', '300-club(O)', 'of(O)']",Wasim(B-Person) becomes(O) the(O) 11th(O) player(O) to(O) join(O) the(O) 300-club(O) of(O),"Input: Wasim becomes the 11th player to join the 300-club of
Output: Wasim(B-Person) becomes(O) the(O) 11th(O) player(O) to(O) join(O) the(O) 300-club(O) of(O)"
1875,['2.' 'David' 'Coulthard' '(' 'Britain' ')' 'McLaren' '1:54.342'],"['O', 'B-Person', 'I-Person', 'O', 'B-Location', 'O', 'B-Organization', 'O']",2. David Coulthard ( Britain ) McLaren 1:54.342,"['2.(O)', 'David(B-Person)', 'Coulthard(I-Person)', '((O)', 'Britain(B-Location)', ')(O)', 'McLaren(B-Organization)', '1:54.342(O)']",2.(O) David(B-Person) Coulthard(I-Person) ((O) Britain(B-Location) )(O) McLaren(B-Organization) 1:54.342(O),"Input: 2. David Coulthard ( Britain ) McLaren 1:54.342
Output: 2.(O) David(B-Person) Coulthard(I-Person) ((O) Britain(B-Location) )(O) McLaren(B-Organization) 1:54.342(O)"
9671,['CAIRO' '1996-08-27'],"['B-Location', 'O']",CAIRO 1996-08-27,"['CAIRO(B-Location)', '1996-08-27(O)']",CAIRO(B-Location) 1996-08-27(O),"Input: CAIRO 1996-08-27
Output: CAIRO(B-Location) 1996-08-27(O)"
3377,"['CARLSBAD' ',' 'Calif.' '1996-08-24']","['B-Location', 'O', 'B-Location', 'O']","CARLSBAD , Calif. 1996-08-24","['CARLSBAD(B-Location)', ',(O)', 'Calif.(B-Location)', '1996-08-24(O)']","CARLSBAD(B-Location) ,(O) Calif.(B-Location) 1996-08-24(O)","Input: CARLSBAD , Calif. 1996-08-24
Output: CARLSBAD(B-Location) ,(O) Calif.(B-Location) 1996-08-24(O)"
2761,"['Net' 'foreign' 'debt' '14,278.9' '14,390.7']","['O', 'O', 'O', 'O', 'O']","Net foreign debt 14,278.9 14,390.7","['Net(O)', 'foreign(O)', 'debt(O)', '14,278.9(O)', '14,390.7(O)']","Net(O) foreign(O) debt(O) 14,278.9(O) 14,390.7(O)","Input: Net foreign debt 14,278.9 14,390.7
Output: Net(O) foreign(O) debt(O) 14,278.9(O) 14,390.7(O)"
4057,"['18,000']",['O'],"18,000","['18,000(O)']","18,000(O)","Input: 18,000
Output: 18,000(O)"
4097,['Results' 'of' 'Austria' 'first' 'division'],"['O', 'O', 'B-Location', 'O', 'O']",Results of Austria first division,"['Results(O)', 'of(O)', 'Austria(B-Location)', 'first(O)', 'division(O)']",Results(O) of(O) Austria(B-Location) first(O) division(O),"Input: Results of Austria first division
Output: Results(O) of(O) Austria(B-Location) first(O) division(O)"
2026,"['tennis' 'tournament' 'on' 'Thursday' '(' 'prefix' 'number' 'denotes'
 'seeding' ')' ':']","['O', 'O', 'O', 'O', 'O', 'O', 'O', 'O', 'O', 'O', 'O']",tennis tournament on Thursday ( prefix number denotes seeding ) :,"['tennis(O)', 'tournament(O)', 'on(O)', 'Thursday(O)', '((O)', 'prefix(O)', 'number(O)', 'denotes(O)', 'seeding(O)', ')(O)', ':(O)']",tennis(O) tournament(O) on(O) Thursday(O) ((O) prefix(O) number(O) denotes(O) seeding(O) )(O) :(O),"Input: tennis tournament on Thursday ( prefix number denotes seeding ) :
Output: tennis(O) tournament(O) on(O) Thursday(O) ((O) prefix(O) number(O) denotes(O) seeding(O) )(O) :(O)"
7238,['COLOMBO' '1996-08-26'],"['B-Location', 'O']",COLOMBO 1996-08-26,"['COLOMBO(B-Location)', '1996-08-26(O)']",COLOMBO(B-Location) 1996-08-26(O),"Input: COLOMBO 1996-08-26
Output: COLOMBO(B-Location) 1996-08-26(O)"
8029,"['The' 'demonstrators' 'delivered' 'an' 'appeal' 'to' 'the' 'U.N.' 'human'
 'rights' 'centre' 'demanding' 'an' 'immediate' 'end' 'to' '""' 'state'
 'terrorism' '""' 'against' 'Tamils' 'and' 'the' 'Liberation' 'Tigers' 'of'
 'Tamil' 'Eelam' '(' 'LTTE' ')' '.']","['O', 'O', 'O', 'O', 'O', 'O', 'O', 'B-Organization', 'O', 'O', 'O', 'O', 'O', 'O', 'O', 'O', 'O', 'O', 'O', 'O', 'O', 'B-Miscellaneous', 'O', 'O', 'B-Organization', 'I-Organization', 'I-Organization', 'I-Organization', 'I-Organization', 'O', 'B-Organization', 'O', 'O']","The demonstrators delivered an appeal to the U.N. human rights centre demanding an immediate end to "" state terrorism "" against Tamils and the Liberation Tigers of Tamil Eelam ( LTTE ) .","['The(O)', 'demonstrators(O)', 'delivered(O)', 'an(O)', 'appeal(O)', 'to(O)', 'the(O)', 'U.N.(B-Organization)', 'human(O)', 'rights(O)', 'centre(O)', 'demanding(O)', 'an(O)', 'immediate(O)', 'end(O)', 'to(O)', '""(O)', 'state(O)', 'terrorism(O)', '""(O)', 'against(O)', 'Tamils(B-Miscellaneous)', 'and(O)', 'the(O)', 'Liberation(B-Organization)', 'Tigers(I-Organization)', 'of(I-Organization)', 'Tamil(I-Organization)', 'Eelam(I-Organization)', '((O)', 'LTTE(B-Organization)', ')(O)', '.(O)']","The(O) demonstrators(O) delivered(O) an(O) appeal(O) to(O) the(O) U.N.(B-Organization) human(O) rights(O) centre(O) demanding(O) an(O) immediate(O) end(O) to(O) ""(O) state(O) terrorism(O) ""(O) against(O) Tamils(B-Miscellaneous) and(O) the(O) Liberation(B-Organization) Tigers(I-Organization) of(I-Organization) Tamil(I-Organization) Eelam(I-Organization) ((O) LTTE(B-Organization) )(O) .(O)","Input: The demonstrators delivered an appeal to the U.N. human rights centre demanding an immediate end to "" state terrorism "" against Tamils and the Liberation Tigers of Tamil Eelam ( LTTE ) .
Output: The(O) demonstrators(O) delivered(O) an(O) appeal(O) to(O) the(O) U.N.(B-Organization) human(O) rights(O) centre(O) demanding(O) an(O) immediate(O) end(O) to(O) ""(O) state(O) terrorism(O) ""(O) against(O) Tamils(B-Miscellaneous) and(O) the(O) Liberation(B-Organization) Tigers(I-Organization) of(I-Organization) Tamil(I-Organization) Eelam(I-Organization) ((O) LTTE(B-Organization) )(O) .(O)"
2703,"['""' 'The' 'very' 'first' 'thing' 'we' 'thought' 'about' 'after' 'we'
 'knew' 'we' 'would' 'be' 'promoted' 'was' 'the' 'game' 'against' 'Betar'
 'Jerusalem' ',' '""' 'said' 'Taibe' 'supporter' 'Karem' 'Haj' 'Yihye' '.']","['O', 'O', 'O', 'O', 'O', 'O', 'O', 'O', 'O', 'O', 'O', 'O', 'O', 'O', 'O', 'O', 'O', 'O', 'O', 'B-Organization', 'I-Organization', 'O', 'O', 'O', 'B-Organization', 'O', 'B-Person', 'I-Person', 'I-Person', 'O']",""" The very first thing we thought about after we knew we would be promoted was the game against Betar Jerusalem , "" said Taibe supporter Karem Haj Yihye .","['""(O)', 'The(O)', 'very(O)', 'first(O)', 'thing(O)', 'we(O)', 'thought(O)', 'about(O)', 'after(O)', 'we(O)', 'knew(O)', 'we(O)', 'would(O)', 'be(O)', 'promoted(O)', 'was(O)', 'the(O)', 'game(O)', 'against(O)', 'Betar(B-Organization)', 'Jerusalem(I-Organization)', ',(O)', '""(O)', 'said(O)', 'Taibe(B-Organization)', 'supporter(O)', 'Karem(B-Person)', 'Haj(I-Person)', 'Yihye(I-Person)', '.(O)']","""(O) The(O) very(O) first(O) thing(O) we(O) thought(O) about(O) after(O) we(O) knew(O) we(O) would(O) be(O) promoted(O) was(O) the(O) game(O) against(O) Betar(B-Organization) Jerusalem(I-Organization) ,(O) ""(O) said(O) Taibe(B-Organization) supporter(O) Karem(B-Person) Haj(I-Person) Yihye(I-Person) .(O)","Input: "" The very first thing we thought about after we knew we would be promoted was the game against Betar Jerusalem , "" said Taibe supporter Karem Haj Yihye .
Output: ""(O) The(O) very(O) first(O) thing(O) we(O) thought(O) about(O) after(O) we(O) knew(O) we(O) would(O) be(O) promoted(O) was(O) the(O) game(O) against(O) Betar(B-Organization) Jerusalem(I-Organization) ,(O) ""(O) said(O) Taibe(B-Organization) supporter(O) Karem(B-Person) Haj(I-Person) Yihye(I-Person) .(O)"
6601,['Togo' 'win' '1-0' 'on' 'aggregaete'],"['B-Location', 'O', 'O', 'O', 'O']",Togo win 1-0 on aggregaete,"['Togo(B-Location)', 'win(O)', '1-0(O)', 'on(O)', 'aggregaete(O)']",Togo(B-Location) win(O) 1-0(O) on(O) aggregaete(O),"Input: Togo win 1-0 on aggregaete
Output: Togo(B-Location) win(O) 1-0(O) on(O) aggregaete(O)"
534,['0' '(' '2-0' ')'],"['O', 'O', 'O', 'O']",0 ( 2-0 ),"['0(O)', '((O)', '2-0(O)', ')(O)']",0(O) ((O) 2-0(O) )(O),"Input: 0 ( 2-0 )
Output: 0(O) ((O) 2-0(O) )(O)"
9107,"['""' 'We' 'do' ""n't"" 'believe' 'the' 'government' 'will' 'make' 'its'
 'timetable' ',' '""' 'he' 'added' '.']","['O', 'O', 'O', 'O', 'O', 'O', 'O', 'O', 'O', 'O', 'O', 'O', 'O', 'O', 'O', 'O']",""" We do n't believe the government will make its timetable , "" he added .","['""(O)', 'We(O)', 'do(O)', ""n't(O)"", 'believe(O)', 'the(O)', 'government(O)', 'will(O)', 'make(O)', 'its(O)', 'timetable(O)', ',(O)', '""(O)', 'he(O)', 'added(O)', '.(O)']","""(O) We(O) do(O) n't(O) believe(O) the(O) government(O) will(O) make(O) its(O) timetable(O) ,(O) ""(O) he(O) added(O) .(O)","Input: "" We do n't believe the government will make its timetable , "" he added .
Output: ""(O) We(O) do(O) n't(O) believe(O) the(O) government(O) will(O) make(O) its(O) timetable(O) ,(O) ""(O) he(O) added(O) .(O)"
7594,"['Aluminum' 'alloy' '(' 'A380' 'grade' ')' ',' 'Midwest']","['O', 'O', 'O', 'O', 'O', 'O', 'O', 'B-Location']","Aluminum alloy ( A380 grade ) , Midwest","['Aluminum(O)', 'alloy(O)', '((O)', 'A380(O)', 'grade(O)', ')(O)', ',(O)', 'Midwest(B-Location)']","Aluminum(O) alloy(O) ((O) A380(O) grade(O) )(O) ,(O) Midwest(B-Location)","Input: Aluminum alloy ( A380 grade ) , Midwest
Output: Aluminum(O) alloy(O) ((O) A380(O) grade(O) )(O) ,(O) Midwest(B-Location)"
9368,"['MONTPELIER' ',' 'Vt' '.']","['B-Location', 'O', 'B-Location', 'O']","MONTPELIER , Vt .","['MONTPELIER(B-Location)', ',(O)', 'Vt(B-Location)', '.(O)']","MONTPELIER(B-Location) ,(O) Vt(B-Location) .(O)","Input: MONTPELIER , Vt .
Output: MONTPELIER(B-Location) ,(O) Vt(B-Location) .(O)"
924,"['65' 'Eamonn' 'Darcy' '(' 'Ireland' ')' ',' 'Per' 'Nyman' '(' 'Sweden'
 ')' ',' 'Russell' 'Claydon' ',']","['O', 'B-Person', 'I-Person', 'O', 'B-Location', 'O', 'O', 'B-Person', 'I-Person', 'O', 'B-Location', 'O', 'O', 'B-Person', 'I-Person', 'O']","65 Eamonn Darcy ( Ireland ) , Per Nyman ( Sweden ) , Russell Claydon ,","['65(O)', 'Eamonn(B-Person)', 'Darcy(I-Person)', '((O)', 'Ireland(B-Location)', ')(O)', ',(O)', 'Per(B-Person)', 'Nyman(I-Person)', '((O)', 'Sweden(B-Location)', ')(O)', ',(O)', 'Russell(B-Person)', 'Claydon(I-Person)', ',(O)']","65(O) Eamonn(B-Person) Darcy(I-Person) ((O) Ireland(B-Location) )(O) ,(O) Per(B-Person) Nyman(I-Person) ((O) Sweden(B-Location) )(O) ,(O) Russell(B-Person) Claydon(I-Person) ,(O)","Input: 65 Eamonn Darcy ( Ireland ) , Per Nyman ( Sweden ) , Russell Claydon ,
Output: 65(O) Eamonn(B-Person) Darcy(I-Person) ((O) Ireland(B-Location) )(O) ,(O) Per(B-Person) Nyman(I-Person) ((O) Sweden(B-Location) )(O) ,(O) Russell(B-Person) Claydon(I-Person) ,(O)"
9356,['Robert' 'W.' 'Baird' '&' 'Co' '.'],"['B-Organization', 'I-Organization', 'I-Organization', 'I-Organization', 'I-Organization', 'I-Organization']",Robert W. Baird & Co .,"['Robert(B-Organization)', 'W.(I-Organization)', 'Baird(I-Organization)', '&(I-Organization)', 'Co(I-Organization)', '.(I-Organization)']",Robert(B-Organization) W.(I-Organization) Baird(I-Organization) &(I-Organization) Co(I-Organization) .(I-Organization),"Input: Robert W. Baird & Co .
Output: Robert(B-Organization) W.(I-Organization) Baird(I-Organization) &(I-Organization) Co(I-Organization) .(I-Organization)"
8551,['CHICAGO' '64' '64' '.500' '4'],"['B-Organization', 'O', 'O', 'O', 'O']",CHICAGO 64 64 .500 4,"['CHICAGO(B-Organization)', '64(O)', '64(O)', '.500(O)', '4(O)']",CHICAGO(B-Organization) 64(O) 64(O) .500(O) 4(O),"Input: CHICAGO 64 64 .500 4
Output: CHICAGO(B-Organization) 64(O) 64(O) .500(O) 4(O)"
2104,['NATIONAL' 'LEAGUE'],"['B-Miscellaneous', 'I-Miscellaneous']",NATIONAL LEAGUE,"['NATIONAL(B-Miscellaneous)', 'LEAGUE(I-Miscellaneous)']",NATIONAL(B-Miscellaneous) LEAGUE(I-Miscellaneous),"Input: NATIONAL LEAGUE
Output: NATIONAL(B-Miscellaneous) LEAGUE(I-Miscellaneous)"
3942,"['6,000' '.']","['O', 'O']","6,000 .","['6,000(O)', '.(O)']","6,000(O) .(O)","Input: 6,000 .
Output: 6,000(O) .(O)"
13298,['--' 'Seattle' 'bureau' '206-386-4848'],"['O', 'B-Location', 'O', 'O']",-- Seattle bureau 206-386-4848,"['--(O)', 'Seattle(B-Location)', 'bureau(O)', '206-386-4848(O)']",--(O) Seattle(B-Location) bureau(O) 206-386-4848(O),"Input: -- Seattle bureau 206-386-4848
Output: --(O) Seattle(B-Location) bureau(O) 206-386-4848(O)"
6403,['Somerset' '13' '4' '5' '4' '27' '49' '152'],"['B-Organization', 'O', 'O', 'O', 'O', 'O', 'O', 'O']",Somerset 13 4 5 4 27 49 152,"['Somerset(B-Organization)', '13(O)', '4(O)', '5(O)', '4(O)', '27(O)', '49(O)', '152(O)']",Somerset(B-Organization) 13(O) 4(O) 5(O) 4(O) 27(O) 49(O) 152(O),"Input: Somerset 13 4 5 4 27 49 152
Output: Somerset(B-Organization) 13(O) 4(O) 5(O) 4(O) 27(O) 49(O) 152(O)"
3887,['Milwaukee' '6' 'CLEVELAND' '5' '(' '11' 'innings' ')'],"['B-Organization', 'O', 'B-Organization', 'O', 'O', 'O', 'O', 'O']",Milwaukee 6 CLEVELAND 5 ( 11 innings ),"['Milwaukee(B-Organization)', '6(O)', 'CLEVELAND(B-Organization)', '5(O)', '((O)', '11(O)', 'innings(O)', ')(O)']",Milwaukee(B-Organization) 6(O) CLEVELAND(B-Organization) 5(O) ((O) 11(O) innings(O) )(O),"Input: Milwaukee 6 CLEVELAND 5 ( 11 innings )
Output: Milwaukee(B-Organization) 6(O) CLEVELAND(B-Organization) 5(O) ((O) 11(O) innings(O) )(O)"
13836,"['PRODUCER' 'PRICES' '(' '%' ')' 'Jun' '-' '0.2' '+0.1' '+0.2' '119.6**'
 '-']","['O', 'O', 'O', 'O', 'O', 'O', 'O', 'O', 'O', 'O', 'O', 'O']",PRODUCER PRICES ( % ) Jun - 0.2 +0.1 +0.2 119.6** -,"['PRODUCER(O)', 'PRICES(O)', '((O)', '%(O)', ')(O)', 'Jun(O)', '-(O)', '0.2(O)', '+0.1(O)', '+0.2(O)', '119.6**(O)', '-(O)']",PRODUCER(O) PRICES(O) ((O) %(O) )(O) Jun(O) -(O) 0.2(O) +0.1(O) +0.2(O) 119.6**(O) -(O),"Input: PRODUCER PRICES ( % ) Jun - 0.2 +0.1 +0.2 119.6** -
Output: PRODUCER(O) PRICES(O) ((O) %(O) )(O) Jun(O) -(O) 0.2(O) +0.1(O) +0.2(O) 119.6**(O) -(O)"
11728,"['""' 'Both' 'countries' ""'"" 'governments' 'were' 'formed' 'recently' '.']","['O', 'O', 'O', 'O', 'O', 'O', 'O', 'O', 'O']",""" Both countries ' governments were formed recently .","['""(O)', 'Both(O)', 'countries(O)', ""'(O)"", 'governments(O)', 'were(O)', 'formed(O)', 'recently(O)', '.(O)']","""(O) Both(O) countries(O) '(O) governments(O) were(O) formed(O) recently(O) .(O)","Input: "" Both countries ' governments were formed recently .
Output: ""(O) Both(O) countries(O) '(O) governments(O) were(O) formed(O) recently(O) .(O)"
11686,['Arafat' 'says' 'Israel' 'declares' 'war' 'on' 'Palestinians' '.'],"['B-Person', 'O', 'B-Location', 'O', 'O', 'O', 'B-Miscellaneous', 'O']",Arafat says Israel declares war on Palestinians .,"['Arafat(B-Person)', 'says(O)', 'Israel(B-Location)', 'declares(O)', 'war(O)', 'on(O)', 'Palestinians(B-Miscellaneous)', '.(O)']",Arafat(B-Person) says(O) Israel(B-Location) declares(O) war(O) on(O) Palestinians(B-Miscellaneous) .(O),"Input: Arafat says Israel declares war on Palestinians .
Output: Arafat(B-Person) says(O) Israel(B-Location) declares(O) war(O) on(O) Palestinians(B-Miscellaneous) .(O)"
1221,"['Industry' 'output' '(' 'pct' ')' 'June' '-' '7.8' 'm' '/' 'm;-0.2yr' '/'
 'yr' '(' 'May' '+7.3;-3.6' ')']","['O', 'O', 'O', 'O', 'O', 'O', 'O', 'O', 'O', 'O', 'O', 'O', 'O', 'O', 'O', 'O', 'O']",Industry output ( pct ) June - 7.8 m / m;-0.2yr / yr ( May +7.3;-3.6 ),"['Industry(O)', 'output(O)', '((O)', 'pct(O)', ')(O)', 'June(O)', '-(O)', '7.8(O)', 'm(O)', '/(O)', 'm;-0.2yr(O)', '/(O)', 'yr(O)', '((O)', 'May(O)', '+7.3;-3.6(O)', ')(O)']",Industry(O) output(O) ((O) pct(O) )(O) June(O) -(O) 7.8(O) m(O) /(O) m;-0.2yr(O) /(O) yr(O) ((O) May(O) +7.3;-3.6(O) )(O),"Input: Industry output ( pct ) June - 7.8 m / m;-0.2yr / yr ( May +7.3;-3.6 )
Output: Industry(O) output(O) ((O) pct(O) )(O) June(O) -(O) 7.8(O) m(O) /(O) m;-0.2yr(O) /(O) yr(O) ((O) May(O) +7.3;-3.6(O) )(O)"
12962,"['The' 'man' 'was' 'released' 'after' 'his' 'arrest' 'on' 'Tuesday' ','
 'pending' 'further' 'inquiries' ',' 'the' 'ICAC' 'said' 'in' 'a'
 'statement' '.']","['O', 'O', 'O', 'O', 'O', 'O', 'O', 'O', 'O', 'O', 'O', 'O', 'O', 'O', 'O', 'B-Organization', 'O', 'O', 'O', 'O', 'O']","The man was released after his arrest on Tuesday , pending further inquiries , the ICAC said in a statement .","['The(O)', 'man(O)', 'was(O)', 'released(O)', 'after(O)', 'his(O)', 'arrest(O)', 'on(O)', 'Tuesday(O)', ',(O)', 'pending(O)', 'further(O)', 'inquiries(O)', ',(O)', 'the(O)', 'ICAC(B-Organization)', 'said(O)', 'in(O)', 'a(O)', 'statement(O)', '.(O)']","The(O) man(O) was(O) released(O) after(O) his(O) arrest(O) on(O) Tuesday(O) ,(O) pending(O) further(O) inquiries(O) ,(O) the(O) ICAC(B-Organization) said(O) in(O) a(O) statement(O) .(O)","Input: The man was released after his arrest on Tuesday , pending further inquiries , the ICAC said in a statement .
Output: The(O) man(O) was(O) released(O) after(O) his(O) arrest(O) on(O) Tuesday(O) ,(O) pending(O) further(O) inquiries(O) ,(O) the(O) ICAC(B-Organization) said(O) in(O) a(O) statement(O) .(O)"
5428,"['In' 'Los' 'Angeles' ',' 'Tom' 'Candiotti' 'allowed' 'two' 'runs' 'in'
 'seven' 'innings' 'and' 'singled' 'home' 'the' 'go-ahead' 'run' 'and'
 'Mike' 'Piazza' 'and' 'Todd' 'Hollandsworth' 'drove' 'in' 'two' 'runs'
 'apiece' 'as' 'the' 'Los' 'Angeles' 'Dodgers' 'defeated' 'the' 'New'
 'York' 'Mets' '7-5' '.']","['O', 'B-Location', 'I-Location', 'O', 'B-Person', 'I-Person', 'O', 'O', 'O', 'O', 'O', 'O', 'O', 'O', 'O', 'O', 'O', 'O', 'O', 'B-Person', 'I-Person', 'O', 'B-Person', 'I-Person', 'O', 'O', 'O', 'O', 'O', 'O', 'O', 'B-Organization', 'I-Organization', 'I-Organization', 'O', 'O', 'B-Organization', 'I-Organization', 'I-Organization', 'O', 'O']","In Los Angeles , Tom Candiotti allowed two runs in seven innings and singled home the go-ahead run and Mike Piazza and Todd Hollandsworth drove in two runs apiece as the Los Angeles Dodgers defeated the New York Mets 7-5 .","['In(O)', 'Los(B-Location)', 'Angeles(I-Location)', ',(O)', 'Tom(B-Person)', 'Candiotti(I-Person)', 'allowed(O)', 'two(O)', 'runs(O)', 'in(O)', 'seven(O)', 'innings(O)', 'and(O)', 'singled(O)', 'home(O)', 'the(O)', 'go-ahead(O)', 'run(O)', 'and(O)', 'Mike(B-Person)', 'Piazza(I-Person)', 'and(O)', 'Todd(B-Person)', 'Hollandsworth(I-Person)', 'drove(O)', 'in(O)', 'two(O)', 'runs(O)', 'apiece(O)', 'as(O)', 'the(O)', 'Los(B-Organization)', 'Angeles(I-Organization)', 'Dodgers(I-Organization)', 'defeated(O)', 'the(O)', 'New(B-Organization)', 'York(I-Organization)', 'Mets(I-Organization)', '7-5(O)', '.(O)']","In(O) Los(B-Location) Angeles(I-Location) ,(O) Tom(B-Person) Candiotti(I-Person) allowed(O) two(O) runs(O) in(O) seven(O) innings(O) and(O) singled(O) home(O) the(O) go-ahead(O) run(O) and(O) Mike(B-Person) Piazza(I-Person) and(O) Todd(B-Person) Hollandsworth(I-Person) drove(O) in(O) two(O) runs(O) apiece(O) as(O) the(O) Los(B-Organization) Angeles(I-Organization) Dodgers(I-Organization) defeated(O) the(O) New(B-Organization) York(I-Organization) Mets(I-Organization) 7-5(O) .(O)","Input: In Los Angeles , Tom Candiotti allowed two runs in seven innings and singled home the go-ahead run and Mike Piazza and Todd Hollandsworth drove in two runs apiece as the Los Angeles Dodgers defeated the New York Mets 7-5 .
Output: In(O) Los(B-Location) Angeles(I-Location) ,(O) Tom(B-Person) Candiotti(I-Person) allowed(O) two(O) runs(O) in(O) seven(O) innings(O) and(O) singled(O) home(O) the(O) go-ahead(O) run(O) and(O) Mike(B-Person) Piazza(I-Person) and(O) Todd(B-Person) Hollandsworth(I-Person) drove(O) in(O) two(O) runs(O) apiece(O) as(O) the(O) Los(B-Organization) Angeles(I-Organization) Dodgers(I-Organization) defeated(O) the(O) New(B-Organization) York(I-Organization) Mets(I-Organization) 7-5(O) .(O)"
9006,"['In' 'its' 'first' 'presidential' 'election' 'in' '1992' 'Meri' 'won'
 'the' 'necessary' 'votes' 'in' 'in' 'a' 'parliamentary' 'election'
 'against' 'Ruutel' '.']","['O', 'O', 'O', 'O', 'O', 'O', 'O', 'B-Person', 'O', 'O', 'O', 'O', 'O', 'O', 'O', 'O', 'O', 'O', 'B-Person', 'O']",In its first presidential election in 1992 Meri won the necessary votes in in a parliamentary election against Ruutel .,"['In(O)', 'its(O)', 'first(O)', 'presidential(O)', 'election(O)', 'in(O)', '1992(O)', 'Meri(B-Person)', 'won(O)', 'the(O)', 'necessary(O)', 'votes(O)', 'in(O)', 'in(O)', 'a(O)', 'parliamentary(O)', 'election(O)', 'against(O)', 'Ruutel(B-Person)', '.(O)']",In(O) its(O) first(O) presidential(O) election(O) in(O) 1992(O) Meri(B-Person) won(O) the(O) necessary(O) votes(O) in(O) in(O) a(O) parliamentary(O) election(O) against(O) Ruutel(B-Person) .(O),"Input: In its first presidential election in 1992 Meri won the necessary votes in in a parliamentary election against Ruutel .
Output: In(O) its(O) first(O) presidential(O) election(O) in(O) 1992(O) Meri(B-Person) won(O) the(O) necessary(O) votes(O) in(O) in(O) a(O) parliamentary(O) election(O) against(O) Ruutel(B-Person) .(O)"
10391,"['David' 'Nainkin' '(' 'South' 'Africa' ')' 'beat' '9' '-' 'Wayne'
 'Ferreira' '(' 'South' 'Africa' ')' '6-4' '6-4' '2-6' '7-5']","['B-Person', 'I-Person', 'O', 'B-Location', 'I-Location', 'O', 'O', 'O', 'O', 'B-Person', 'I-Person', 'O', 'B-Location', 'I-Location', 'O', 'O', 'O', 'O', 'O']",David Nainkin ( South Africa ) beat 9 - Wayne Ferreira ( South Africa ) 6-4 6-4 2-6 7-5,"['David(B-Person)', 'Nainkin(I-Person)', '((O)', 'South(B-Location)', 'Africa(I-Location)', ')(O)', 'beat(O)', '9(O)', '-(O)', 'Wayne(B-Person)', 'Ferreira(I-Person)', '((O)', 'South(B-Location)', 'Africa(I-Location)', ')(O)', '6-4(O)', '6-4(O)', '2-6(O)', '7-5(O)']",David(B-Person) Nainkin(I-Person) ((O) South(B-Location) Africa(I-Location) )(O) beat(O) 9(O) -(O) Wayne(B-Person) Ferreira(I-Person) ((O) South(B-Location) Africa(I-Location) )(O) 6-4(O) 6-4(O) 2-6(O) 7-5(O),"Input: David Nainkin ( South Africa ) beat 9 - Wayne Ferreira ( South Africa ) 6-4 6-4 2-6 7-5
Output: David(B-Person) Nainkin(I-Person) ((O) South(B-Location) Africa(I-Location) )(O) beat(O) 9(O) -(O) Wayne(B-Person) Ferreira(I-Person) ((O) South(B-Location) Africa(I-Location) )(O) 6-4(O) 6-4(O) 2-6(O) 7-5(O)"
1787,['1.4871' '(' '1.4935' ')'],"['O', 'O', 'O', 'O']",1.4871 ( 1.4935 ),"['1.4871(O)', '((O)', '1.4935(O)', ')(O)']",1.4871(O) ((O) 1.4935(O) )(O),"Input: 1.4871 ( 1.4935 )
Output: 1.4871(O) ((O) 1.4935(O) )(O)"
7373,"['They' 'also' 'demand' 'the' 'financial' 'separation' 'of' 'the' '350'
 'air' 'controllers' 'from' 'the' 'technical' 'staff' '.']","['O', 'O', 'O', 'O', 'O', 'O', 'O', 'O', 'O', 'O', 'O', 'O', 'O', 'O', 'O', 'O']",They also demand the financial separation of the 350 air controllers from the technical staff .,"['They(O)', 'also(O)', 'demand(O)', 'the(O)', 'financial(O)', 'separation(O)', 'of(O)', 'the(O)', '350(O)', 'air(O)', 'controllers(O)', 'from(O)', 'the(O)', 'technical(O)', 'staff(O)', '.(O)']",They(O) also(O) demand(O) the(O) financial(O) separation(O) of(O) the(O) 350(O) air(O) controllers(O) from(O) the(O) technical(O) staff(O) .(O),"Input: They also demand the financial separation of the 350 air controllers from the technical staff .
Output: They(O) also(O) demand(O) the(O) financial(O) separation(O) of(O) the(O) 350(O) air(O) controllers(O) from(O) the(O) technical(O) staff(O) .(O)"
11624,"['On' 'Tuesday' ',' 'cotton' 'prices' 'fell' 'on' 'profit-taking'
 'prompted' 'by' 'increased' 'offerings' 'from' 'state' 'agencies' '.']","['O', 'O', 'O', 'O', 'O', 'O', 'O', 'O', 'O', 'O', 'O', 'O', 'O', 'O', 'O', 'O']","On Tuesday , cotton prices fell on profit-taking prompted by increased offerings from state agencies .","['On(O)', 'Tuesday(O)', ',(O)', 'cotton(O)', 'prices(O)', 'fell(O)', 'on(O)', 'profit-taking(O)', 'prompted(O)', 'by(O)', 'increased(O)', 'offerings(O)', 'from(O)', 'state(O)', 'agencies(O)', '.(O)']","On(O) Tuesday(O) ,(O) cotton(O) prices(O) fell(O) on(O) profit-taking(O) prompted(O) by(O) increased(O) offerings(O) from(O) state(O) agencies(O) .(O)","Input: On Tuesday , cotton prices fell on profit-taking prompted by increased offerings from state agencies .
Output: On(O) Tuesday(O) ,(O) cotton(O) prices(O) fell(O) on(O) profit-taking(O) prompted(O) by(O) increased(O) offerings(O) from(O) state(O) agencies(O) .(O)"
1052,['LONDON' '1996-08-23'],"['B-Location', 'O']",LONDON 1996-08-23,"['LONDON(B-Location)', '1996-08-23(O)']",LONDON(B-Location) 1996-08-23(O),"Input: LONDON 1996-08-23
Output: LONDON(B-Location) 1996-08-23(O)"
7500,"['THE' 'SIMEX' 'Brent' 'market' 'keeps' 'to' 'the' 'trading' 'schedule'
 'of' 'the' 'International' 'Petroleum' 'Exchange' '(' 'IPE' ')' 'in'
 'London' ',' 'which' 'is' 'closed' 'for' 'a' 'British' 'bank' 'holiday'
 '.']","['O', 'B-Organization', 'I-Organization', 'O', 'O', 'O', 'O', 'O', 'O', 'O', 'O', 'B-Organization', 'I-Organization', 'I-Organization', 'O', 'B-Organization', 'O', 'O', 'B-Location', 'O', 'O', 'O', 'O', 'O', 'O', 'B-Miscellaneous', 'O', 'O', 'O']","THE SIMEX Brent market keeps to the trading schedule of the International Petroleum Exchange ( IPE ) in London , which is closed for a British bank holiday .","['THE(O)', 'SIMEX(B-Organization)', 'Brent(I-Organization)', 'market(O)', 'keeps(O)', 'to(O)', 'the(O)', 'trading(O)', 'schedule(O)', 'of(O)', 'the(O)', 'International(B-Organization)', 'Petroleum(I-Organization)', 'Exchange(I-Organization)', '((O)', 'IPE(B-Organization)', ')(O)', 'in(O)', 'London(B-Location)', ',(O)', 'which(O)', 'is(O)', 'closed(O)', 'for(O)', 'a(O)', 'British(B-Miscellaneous)', 'bank(O)', 'holiday(O)', '.(O)']","THE(O) SIMEX(B-Organization) Brent(I-Organization) market(O) keeps(O) to(O) the(O) trading(O) schedule(O) of(O) the(O) International(B-Organization) Petroleum(I-Organization) Exchange(I-Organization) ((O) IPE(B-Organization) )(O) in(O) London(B-Location) ,(O) which(O) is(O) closed(O) for(O) a(O) British(B-Miscellaneous) bank(O) holiday(O) .(O)","Input: THE SIMEX Brent market keeps to the trading schedule of the International Petroleum Exchange ( IPE ) in London , which is closed for a British bank holiday .
Output: THE(O) SIMEX(B-Organization) Brent(I-Organization) market(O) keeps(O) to(O) the(O) trading(O) schedule(O) of(O) the(O) International(B-Organization) Petroleum(I-Organization) Exchange(I-Organization) ((O) IPE(B-Organization) )(O) in(O) London(B-Location) ,(O) which(O) is(O) closed(O) for(O) a(O) British(B-Miscellaneous) bank(O) holiday(O) .(O)"
956,['10.' 'Netherlands' '8.30'],"['O', 'B-Location', 'O']",10. Netherlands 8.30,"['10.(O)', 'Netherlands(B-Location)', '8.30(O)']",10.(O) Netherlands(B-Location) 8.30(O),"Input: 10. Netherlands 8.30
Output: 10.(O) Netherlands(B-Location) 8.30(O)"
3920,['Anderlecht' '2' 'Lokeren' '2'],"['B-Organization', 'O', 'B-Organization', 'O']",Anderlecht 2 Lokeren 2,"['Anderlecht(B-Organization)', '2(O)', 'Lokeren(B-Organization)', '2(O)']",Anderlecht(B-Organization) 2(O) Lokeren(B-Organization) 2(O),"Input: Anderlecht 2 Lokeren 2
Output: Anderlecht(B-Organization) 2(O) Lokeren(B-Organization) 2(O)"
10711,"['for' ',' 'against' ',' 'points' ')' ':']","['O', 'O', 'O', 'O', 'O', 'O', 'O']","for , against , points ) :","['for(O)', ',(O)', 'against(O)', ',(O)', 'points(O)', ')(O)', ':(O)']","for(O) ,(O) against(O) ,(O) points(O) )(O) :(O)","Input: for , against , points ) :
Output: for(O) ,(O) against(O) ,(O) points(O) )(O) :(O)"
13143,"['The' 'foot' 'had' 'to' 'be' 'removed' 'so' 'the' 'infant' 'could' 'be'
 'fitted' 'with' 'a' 'prosthesis' '.']","['O', 'O', 'O', 'O', 'O', 'O', 'O', 'O', 'O', 'O', 'O', 'O', 'O', 'O', 'O', 'O']",The foot had to be removed so the infant could be fitted with a prosthesis .,"['The(O)', 'foot(O)', 'had(O)', 'to(O)', 'be(O)', 'removed(O)', 'so(O)', 'the(O)', 'infant(O)', 'could(O)', 'be(O)', 'fitted(O)', 'with(O)', 'a(O)', 'prosthesis(O)', '.(O)']",The(O) foot(O) had(O) to(O) be(O) removed(O) so(O) the(O) infant(O) could(O) be(O) fitted(O) with(O) a(O) prosthesis(O) .(O),"Input: The foot had to be removed so the infant could be fitted with a prosthesis .
Output: The(O) foot(O) had(O) to(O) be(O) removed(O) so(O) the(O) infant(O) could(O) be(O) fitted(O) with(O) a(O) prosthesis(O) .(O)"
10056,['5.' 'Capiot' '5'],"['O', 'B-Person', 'O']",5. Capiot 5,"['5.(O)', 'Capiot(B-Person)', '5(O)']",5.(O) Capiot(B-Person) 5(O),"Input: 5. Capiot 5
Output: 5.(O) Capiot(B-Person) 5(O)"
8631,"['Alex' ""O'Brien"" ',' 'who' 'scored' 'his' 'first' 'professional' 'title'
 'eight' 'days' 'ago' 'in' 'New' 'Haven' ',' 'advanced' 'to' 'the'
 'second' 'round' 'with' 'a' '6-4' '1-6' '6-4' '6-3' 'win' 'over'
 'Ecuador' ""'s"" 'Nicolas' 'Lapentti' '.']","['B-Person', 'I-Person', 'O', 'O', 'O', 'O', 'O', 'O', 'O', 'O', 'O', 'O', 'O', 'B-Location', 'I-Location', 'O', 'O', 'O', 'O', 'O', 'O', 'O', 'O', 'O', 'O', 'O', 'O', 'O', 'O', 'B-Location', 'O', 'B-Person', 'I-Person', 'O']","Alex O'Brien , who scored his first professional title eight days ago in New Haven , advanced to the second round with a 6-4 1-6 6-4 6-3 win over Ecuador 's Nicolas Lapentti .","['Alex(B-Person)', ""O'Brien(I-Person)"", ',(O)', 'who(O)', 'scored(O)', 'his(O)', 'first(O)', 'professional(O)', 'title(O)', 'eight(O)', 'days(O)', 'ago(O)', 'in(O)', 'New(B-Location)', 'Haven(I-Location)', ',(O)', 'advanced(O)', 'to(O)', 'the(O)', 'second(O)', 'round(O)', 'with(O)', 'a(O)', '6-4(O)', '1-6(O)', '6-4(O)', '6-3(O)', 'win(O)', 'over(O)', 'Ecuador(B-Location)', ""'s(O)"", 'Nicolas(B-Person)', 'Lapentti(I-Person)', '.(O)']","Alex(B-Person) O'Brien(I-Person) ,(O) who(O) scored(O) his(O) first(O) professional(O) title(O) eight(O) days(O) ago(O) in(O) New(B-Location) Haven(I-Location) ,(O) advanced(O) to(O) the(O) second(O) round(O) with(O) a(O) 6-4(O) 1-6(O) 6-4(O) 6-3(O) win(O) over(O) Ecuador(B-Location) 's(O) Nicolas(B-Person) Lapentti(I-Person) .(O)","Input: Alex O'Brien , who scored his first professional title eight days ago in New Haven , advanced to the second round with a 6-4 1-6 6-4 6-3 win over Ecuador 's Nicolas Lapentti .
Output: Alex(B-Person) O'Brien(I-Person) ,(O) who(O) scored(O) his(O) first(O) professional(O) title(O) eight(O) days(O) ago(O) in(O) New(B-Location) Haven(I-Location) ,(O) advanced(O) to(O) the(O) second(O) round(O) with(O) a(O) 6-4(O) 1-6(O) 6-4(O) 6-3(O) win(O) over(O) Ecuador(B-Location) 's(O) Nicolas(B-Person) Lapentti(I-Person) .(O)"
5616,['8.' 'Fabio' 'Baldato' '(' 'Italy' ')' '11' 'seconds' 'behind'],"['O', 'B-Person', 'I-Person', 'O', 'B-Location', 'O', 'O', 'O', 'O']",8. Fabio Baldato ( Italy ) 11 seconds behind,"['8.(O)', 'Fabio(B-Person)', 'Baldato(I-Person)', '((O)', 'Italy(B-Location)', ')(O)', '11(O)', 'seconds(O)', 'behind(O)']",8.(O) Fabio(B-Person) Baldato(I-Person) ((O) Italy(B-Location) )(O) 11(O) seconds(O) behind(O),"Input: 8. Fabio Baldato ( Italy ) 11 seconds behind
Output: 8.(O) Fabio(B-Person) Baldato(I-Person) ((O) Italy(B-Location) )(O) 11(O) seconds(O) behind(O)"
7637,"['""' 'It' 'rallied' 'on' 'ideas' 'the' 'market' 'was' 'oversold' ',' '""'
 'a' 'trader' 'said' '.']","['O', 'O', 'O', 'O', 'O', 'O', 'O', 'O', 'O', 'O', 'O', 'O', 'O', 'O', 'O']",""" It rallied on ideas the market was oversold , "" a trader said .","['""(O)', 'It(O)', 'rallied(O)', 'on(O)', 'ideas(O)', 'the(O)', 'market(O)', 'was(O)', 'oversold(O)', ',(O)', '""(O)', 'a(O)', 'trader(O)', 'said(O)', '.(O)']","""(O) It(O) rallied(O) on(O) ideas(O) the(O) market(O) was(O) oversold(O) ,(O) ""(O) a(O) trader(O) said(O) .(O)","Input: "" It rallied on ideas the market was oversold , "" a trader said .
Output: ""(O) It(O) rallied(O) on(O) ideas(O) the(O) market(O) was(O) oversold(O) ,(O) ""(O) a(O) trader(O) said(O) .(O)"
5932,"['We' 'demand' 'to' 'vote' 'in' 'Doboj' ',' '""' 'other' 'banners' 'said'
 '.']","['O', 'O', 'O', 'O', 'O', 'B-Location', 'O', 'O', 'O', 'O', 'O', 'O']","We demand to vote in Doboj , "" other banners said .","['We(O)', 'demand(O)', 'to(O)', 'vote(O)', 'in(O)', 'Doboj(B-Location)', ',(O)', '""(O)', 'other(O)', 'banners(O)', 'said(O)', '.(O)']","We(O) demand(O) to(O) vote(O) in(O) Doboj(B-Location) ,(O) ""(O) other(O) banners(O) said(O) .(O)","Input: We demand to vote in Doboj , "" other banners said .
Output: We(O) demand(O) to(O) vote(O) in(O) Doboj(B-Location) ,(O) ""(O) other(O) banners(O) said(O) .(O)"
9915,"['The' 'SEC' 'dropped' 'a' 'third' 'proposal' 'that' 'would' 'have'
 'allowed' 'investors' 'with' 'market' 'orders' 'to' 'trade' 'at' 'a'
 'better' 'price' 'if' 'there' 'were' 'shifts' 'in' 'prices' 'before'
 'their' 'orders' 'were' 'executed' '.']","['O', 'B-Organization', 'O', 'O', 'O', 'O', 'O', 'O', 'O', 'O', 'O', 'O', 'O', 'O', 'O', 'O', 'O', 'O', 'O', 'O', 'O', 'O', 'O', 'O', 'O', 'O', 'O', 'O', 'O', 'O', 'O', 'O']",The SEC dropped a third proposal that would have allowed investors with market orders to trade at a better price if there were shifts in prices before their orders were executed .,"['The(O)', 'SEC(B-Organization)', 'dropped(O)', 'a(O)', 'third(O)', 'proposal(O)', 'that(O)', 'would(O)', 'have(O)', 'allowed(O)', 'investors(O)', 'with(O)', 'market(O)', 'orders(O)', 'to(O)', 'trade(O)', 'at(O)', 'a(O)', 'better(O)', 'price(O)', 'if(O)', 'there(O)', 'were(O)', 'shifts(O)', 'in(O)', 'prices(O)', 'before(O)', 'their(O)', 'orders(O)', 'were(O)', 'executed(O)', '.(O)']",The(O) SEC(B-Organization) dropped(O) a(O) third(O) proposal(O) that(O) would(O) have(O) allowed(O) investors(O) with(O) market(O) orders(O) to(O) trade(O) at(O) a(O) better(O) price(O) if(O) there(O) were(O) shifts(O) in(O) prices(O) before(O) their(O) orders(O) were(O) executed(O) .(O),"Input: The SEC dropped a third proposal that would have allowed investors with market orders to trade at a better price if there were shifts in prices before their orders were executed .
Output: The(O) SEC(B-Organization) dropped(O) a(O) third(O) proposal(O) that(O) would(O) have(O) allowed(O) investors(O) with(O) market(O) orders(O) to(O) trade(O) at(O) a(O) better(O) price(O) if(O) there(O) were(O) shifts(O) in(O) prices(O) before(O) their(O) orders(O) were(O) executed(O) .(O)"
12422,['SEOUL' '1996-08-29'],"['B-Location', 'O']",SEOUL 1996-08-29,"['SEOUL(B-Location)', '1996-08-29(O)']",SEOUL(B-Location) 1996-08-29(O),"Input: SEOUL 1996-08-29
Output: SEOUL(B-Location) 1996-08-29(O)"
5432,"['In' 'San' 'Francisco' ',' 'Pedro' 'Martinez' 'allowed' 'two' 'hits' 'in'
 'eight' 'innings' 'and' 'David' 'Segui' 'drove' 'in' 'two' 'runs' 'as'
 'the' 'Montreal' 'Expos' 'shut' 'out' 'the' 'San' 'Francisco' 'Giants'
 '3-0' 'for' 'their' 'third' 'straight' 'win' '.']","['O', 'B-Location', 'I-Location', 'O', 'B-Person', 'I-Person', 'O', 'O', 'O', 'O', 'O', 'O', 'O', 'B-Person', 'I-Person', 'O', 'O', 'O', 'O', 'O', 'O', 'B-Organization', 'I-Organization', 'O', 'O', 'O', 'B-Organization', 'I-Organization', 'I-Organization', 'O', 'O', 'O', 'O', 'O', 'O', 'O']","In San Francisco , Pedro Martinez allowed two hits in eight innings and David Segui drove in two runs as the Montreal Expos shut out the San Francisco Giants 3-0 for their third straight win .","['In(O)', 'San(B-Location)', 'Francisco(I-Location)', ',(O)', 'Pedro(B-Person)', 'Martinez(I-Person)', 'allowed(O)', 'two(O)', 'hits(O)', 'in(O)', 'eight(O)', 'innings(O)', 'and(O)', 'David(B-Person)', 'Segui(I-Person)', 'drove(O)', 'in(O)', 'two(O)', 'runs(O)', 'as(O)', 'the(O)', 'Montreal(B-Organization)', 'Expos(I-Organization)', 'shut(O)', 'out(O)', 'the(O)', 'San(B-Organization)', 'Francisco(I-Organization)', 'Giants(I-Organization)', '3-0(O)', 'for(O)', 'their(O)', 'third(O)', 'straight(O)', 'win(O)', '.(O)']","In(O) San(B-Location) Francisco(I-Location) ,(O) Pedro(B-Person) Martinez(I-Person) allowed(O) two(O) hits(O) in(O) eight(O) innings(O) and(O) David(B-Person) Segui(I-Person) drove(O) in(O) two(O) runs(O) as(O) the(O) Montreal(B-Organization) Expos(I-Organization) shut(O) out(O) the(O) San(B-Organization) Francisco(I-Organization) Giants(I-Organization) 3-0(O) for(O) their(O) third(O) straight(O) win(O) .(O)","Input: In San Francisco , Pedro Martinez allowed two hits in eight innings and David Segui drove in two runs as the Montreal Expos shut out the San Francisco Giants 3-0 for their third straight win .
Output: In(O) San(B-Location) Francisco(I-Location) ,(O) Pedro(B-Person) Martinez(I-Person) allowed(O) two(O) hits(O) in(O) eight(O) innings(O) and(O) David(B-Person) Segui(I-Person) drove(O) in(O) two(O) runs(O) as(O) the(O) Montreal(B-Organization) Expos(I-Organization) shut(O) out(O) the(O) San(B-Organization) Francisco(I-Organization) Giants(I-Organization) 3-0(O) for(O) their(O) third(O) straight(O) win(O) .(O)"
11007,['1908' '-' 'U.S.' 'film' 'director' 'Edward' 'Dmytryk' 'born' '.'],"['O', 'O', 'B-Location', 'O', 'O', 'B-Person', 'I-Person', 'O', 'O']",1908 - U.S. film director Edward Dmytryk born .,"['1908(O)', '-(O)', 'U.S.(B-Location)', 'film(O)', 'director(O)', 'Edward(B-Person)', 'Dmytryk(I-Person)', 'born(O)', '.(O)']",1908(O) -(O) U.S.(B-Location) film(O) director(O) Edward(B-Person) Dmytryk(I-Person) born(O) .(O),"Input: 1908 - U.S. film director Edward Dmytryk born .
Output: 1908(O) -(O) U.S.(B-Location) film(O) director(O) Edward(B-Person) Dmytryk(I-Person) born(O) .(O)"
9482,"['However' ',' 'a' 'spokesman' 'for' 'Prime' 'Minister' 'Gulbuddin'
 'Hekmatyar' ',' 'a' 'long-time' 'rival' 'of' 'Masood' ',' 'expressed'
 'concern' 'at' 'signs' 'of' 'renewed' 'U.S.' 'interest' 'in'
 'Afghanistan' '.']","['O', 'O', 'O', 'O', 'O', 'O', 'O', 'B-Person', 'I-Person', 'O', 'O', 'O', 'O', 'O', 'B-Person', 'O', 'O', 'O', 'O', 'O', 'O', 'O', 'B-Location', 'O', 'O', 'B-Location', 'O']","However , a spokesman for Prime Minister Gulbuddin Hekmatyar , a long-time rival of Masood , expressed concern at signs of renewed U.S. interest in Afghanistan .","['However(O)', ',(O)', 'a(O)', 'spokesman(O)', 'for(O)', 'Prime(O)', 'Minister(O)', 'Gulbuddin(B-Person)', 'Hekmatyar(I-Person)', ',(O)', 'a(O)', 'long-time(O)', 'rival(O)', 'of(O)', 'Masood(B-Person)', ',(O)', 'expressed(O)', 'concern(O)', 'at(O)', 'signs(O)', 'of(O)', 'renewed(O)', 'U.S.(B-Location)', 'interest(O)', 'in(O)', 'Afghanistan(B-Location)', '.(O)']","However(O) ,(O) a(O) spokesman(O) for(O) Prime(O) Minister(O) Gulbuddin(B-Person) Hekmatyar(I-Person) ,(O) a(O) long-time(O) rival(O) of(O) Masood(B-Person) ,(O) expressed(O) concern(O) at(O) signs(O) of(O) renewed(O) U.S.(B-Location) interest(O) in(O) Afghanistan(B-Location) .(O)","Input: However , a spokesman for Prime Minister Gulbuddin Hekmatyar , a long-time rival of Masood , expressed concern at signs of renewed U.S. interest in Afghanistan .
Output: However(O) ,(O) a(O) spokesman(O) for(O) Prime(O) Minister(O) Gulbuddin(B-Person) Hekmatyar(I-Person) ,(O) a(O) long-time(O) rival(O) of(O) Masood(B-Person) ,(O) expressed(O) concern(O) at(O) signs(O) of(O) renewed(O) U.S.(B-Location) interest(O) in(O) Afghanistan(B-Location) .(O)"
8322,"['Bowling' '(' 'tabulated' 'under' 'overs' ',' 'maidens' ',' 'runs' ','
 'wickets' ',']","['O', 'O', 'O', 'O', 'O', 'O', 'O', 'O', 'O', 'O', 'O', 'O']","Bowling ( tabulated under overs , maidens , runs , wickets ,","['Bowling(O)', '((O)', 'tabulated(O)', 'under(O)', 'overs(O)', ',(O)', 'maidens(O)', ',(O)', 'runs(O)', ',(O)', 'wickets(O)', ',(O)']","Bowling(O) ((O) tabulated(O) under(O) overs(O) ,(O) maidens(O) ,(O) runs(O) ,(O) wickets(O) ,(O)","Input: Bowling ( tabulated under overs , maidens , runs , wickets ,
Output: Bowling(O) ((O) tabulated(O) under(O) overs(O) ,(O) maidens(O) ,(O) runs(O) ,(O) wickets(O) ,(O)"
8101,"['""' 'We' 'had' '300' 'Earth' 'First' 'protestors' 'invade' 'and' 'occupy'
 'our' 'site' '.']","['O', 'O', 'O', 'O', 'B-Organization', 'I-Organization', 'O', 'O', 'O', 'O', 'O', 'O', 'O']",""" We had 300 Earth First protestors invade and occupy our site .","['""(O)', 'We(O)', 'had(O)', '300(O)', 'Earth(B-Organization)', 'First(I-Organization)', 'protestors(O)', 'invade(O)', 'and(O)', 'occupy(O)', 'our(O)', 'site(O)', '.(O)']","""(O) We(O) had(O) 300(O) Earth(B-Organization) First(I-Organization) protestors(O) invade(O) and(O) occupy(O) our(O) site(O) .(O)","Input: "" We had 300 Earth First protestors invade and occupy our site .
Output: ""(O) We(O) had(O) 300(O) Earth(B-Organization) First(I-Organization) protestors(O) invade(O) and(O) occupy(O) our(O) site(O) .(O)"
11847,['(' 'millions' 'of' 'guilders' 'unless' 'otherwise' 'stated' ')'],"['O', 'O', 'O', 'O', 'O', 'O', 'O', 'O']",( millions of guilders unless otherwise stated ),"['((O)', 'millions(O)', 'of(O)', 'guilders(O)', 'unless(O)', 'otherwise(O)', 'stated(O)', ')(O)']",((O) millions(O) of(O) guilders(O) unless(O) otherwise(O) stated(O) )(O),"Input: ( millions of guilders unless otherwise stated )
Output: ((O) millions(O) of(O) guilders(O) unless(O) otherwise(O) stated(O) )(O)"
3905,['division' 'soccer' 'match' 'on' 'Saturday' ':'],"['O', 'O', 'O', 'O', 'O', 'O']",division soccer match on Saturday :,"['division(O)', 'soccer(O)', 'match(O)', 'on(O)', 'Saturday(O)', ':(O)']",division(O) soccer(O) match(O) on(O) Saturday(O) :(O),"Input: division soccer match on Saturday :
Output: division(O) soccer(O) match(O) on(O) Saturday(O) :(O)"
1971,['6-1-17-0'],['O'],6-1-17-0,['6-1-17-0(O)'],6-1-17-0(O),"Input: 6-1-17-0
Output: 6-1-17-0(O)"
13777,"['He' 'said' 'police' 'were' 'investigating' 'the' 'incident' 'and'
 'patrols' 'around' 'diplomatic' 'offices' 'in' 'Surabaya' 'would' 'be'
 'stepped' 'up' '.']","['O', 'O', 'O', 'O', 'O', 'O', 'O', 'O', 'O', 'O', 'O', 'O', 'O', 'B-Location', 'O', 'O', 'O', 'O', 'O']",He said police were investigating the incident and patrols around diplomatic offices in Surabaya would be stepped up .,"['He(O)', 'said(O)', 'police(O)', 'were(O)', 'investigating(O)', 'the(O)', 'incident(O)', 'and(O)', 'patrols(O)', 'around(O)', 'diplomatic(O)', 'offices(O)', 'in(O)', 'Surabaya(B-Location)', 'would(O)', 'be(O)', 'stepped(O)', 'up(O)', '.(O)']",He(O) said(O) police(O) were(O) investigating(O) the(O) incident(O) and(O) patrols(O) around(O) diplomatic(O) offices(O) in(O) Surabaya(B-Location) would(O) be(O) stepped(O) up(O) .(O),"Input: He said police were investigating the incident and patrols around diplomatic offices in Surabaya would be stepped up .
Output: He(O) said(O) police(O) were(O) investigating(O) the(O) incident(O) and(O) patrols(O) around(O) diplomatic(O) offices(O) in(O) Surabaya(B-Location) would(O) be(O) stepped(O) up(O) .(O)"
3819,['Lotte' '43' '5' '52' '.455' '15' '1/2'],"['B-Organization', 'O', 'O', 'O', 'O', 'O', 'O']",Lotte 43 5 52 .455 15 1/2,"['Lotte(B-Organization)', '43(O)', '5(O)', '52(O)', '.455(O)', '15(O)', '1/2(O)']",Lotte(B-Organization) 43(O) 5(O) 52(O) .455(O) 15(O) 1/2(O),"Input: Lotte 43 5 52 .455 15 1/2
Output: Lotte(B-Organization) 43(O) 5(O) 52(O) .455(O) 15(O) 1/2(O)"
2068,"['Davenport' 'had' 'drawn' 'one' 'of' 'the' 'toughest' 'first-round'
 'assignments' 'of' 'any' 'of' 'the' 'seeded' 'players' 'in' '17th-ranked'
 'Karina' 'Habsudova' 'of' 'Slovakia' '.']","['B-Person', 'O', 'O', 'O', 'O', 'O', 'O', 'O', 'O', 'O', 'O', 'O', 'O', 'O', 'O', 'O', 'O', 'B-Person', 'I-Person', 'O', 'B-Location', 'O']",Davenport had drawn one of the toughest first-round assignments of any of the seeded players in 17th-ranked Karina Habsudova of Slovakia .,"['Davenport(B-Person)', 'had(O)', 'drawn(O)', 'one(O)', 'of(O)', 'the(O)', 'toughest(O)', 'first-round(O)', 'assignments(O)', 'of(O)', 'any(O)', 'of(O)', 'the(O)', 'seeded(O)', 'players(O)', 'in(O)', '17th-ranked(O)', 'Karina(B-Person)', 'Habsudova(I-Person)', 'of(O)', 'Slovakia(B-Location)', '.(O)']",Davenport(B-Person) had(O) drawn(O) one(O) of(O) the(O) toughest(O) first-round(O) assignments(O) of(O) any(O) of(O) the(O) seeded(O) players(O) in(O) 17th-ranked(O) Karina(B-Person) Habsudova(I-Person) of(O) Slovakia(B-Location) .(O),"Input: Davenport had drawn one of the toughest first-round assignments of any of the seeded players in 17th-ranked Karina Habsudova of Slovakia .
Output: Davenport(B-Person) had(O) drawn(O) one(O) of(O) the(O) toughest(O) first-round(O) assignments(O) of(O) any(O) of(O) the(O) seeded(O) players(O) in(O) 17th-ranked(O) Karina(B-Person) Habsudova(I-Person) of(O) Slovakia(B-Location) .(O)"
4192,['Emelia' 'Sithole'],"['B-Person', 'I-Person']",Emelia Sithole,"['Emelia(B-Person)', 'Sithole(I-Person)']",Emelia(B-Person) Sithole(I-Person),"Input: Emelia Sithole
Output: Emelia(B-Person) Sithole(I-Person)"
11535,"['Workers' 'fixing' 'the' 'ceiling' 'of' 'a' 'tax' 'office' 'in' 'Paris'
 'found' 'a' 'dozen' 'seven-year-old' 'cheques' 'for' 'a' 'total' 'of'
 'six' 'million' 'francs' '(' '$' '1.2' 'million' ')' 'in' 'a'
 'ventilation' 'pipe' ',' 'the' 'weekly' 'Le' 'Canard' 'Enchaine' 'said'
 'on' 'Wednesday' '.']","['O', 'O', 'O', 'O', 'O', 'O', 'O', 'O', 'O', 'B-Location', 'O', 'O', 'O', 'O', 'O', 'O', 'O', 'O', 'O', 'O', 'O', 'O', 'O', 'O', 'O', 'O', 'O', 'O', 'O', 'O', 'O', 'O', 'O', 'O', 'B-Organization', 'I-Organization', 'I-Organization', 'O', 'O', 'O', 'O']","Workers fixing the ceiling of a tax office in Paris found a dozen seven-year-old cheques for a total of six million francs ( $ 1.2 million ) in a ventilation pipe , the weekly Le Canard Enchaine said on Wednesday .","['Workers(O)', 'fixing(O)', 'the(O)', 'ceiling(O)', 'of(O)', 'a(O)', 'tax(O)', 'office(O)', 'in(O)', 'Paris(B-Location)', 'found(O)', 'a(O)', 'dozen(O)', 'seven-year-old(O)', 'cheques(O)', 'for(O)', 'a(O)', 'total(O)', 'of(O)', 'six(O)', 'million(O)', 'francs(O)', '((O)', '$(O)', '1.2(O)', 'million(O)', ')(O)', 'in(O)', 'a(O)', 'ventilation(O)', 'pipe(O)', ',(O)', 'the(O)', 'weekly(O)', 'Le(B-Organization)', 'Canard(I-Organization)', 'Enchaine(I-Organization)', 'said(O)', 'on(O)', 'Wednesday(O)', '.(O)']","Workers(O) fixing(O) the(O) ceiling(O) of(O) a(O) tax(O) office(O) in(O) Paris(B-Location) found(O) a(O) dozen(O) seven-year-old(O) cheques(O) for(O) a(O) total(O) of(O) six(O) million(O) francs(O) ((O) $(O) 1.2(O) million(O) )(O) in(O) a(O) ventilation(O) pipe(O) ,(O) the(O) weekly(O) Le(B-Organization) Canard(I-Organization) Enchaine(I-Organization) said(O) on(O) Wednesday(O) .(O)","Input: Workers fixing the ceiling of a tax office in Paris found a dozen seven-year-old cheques for a total of six million francs ( $ 1.2 million ) in a ventilation pipe , the weekly Le Canard Enchaine said on Wednesday .
Output: Workers(O) fixing(O) the(O) ceiling(O) of(O) a(O) tax(O) office(O) in(O) Paris(B-Location) found(O) a(O) dozen(O) seven-year-old(O) cheques(O) for(O) a(O) total(O) of(O) six(O) million(O) francs(O) ((O) $(O) 1.2(O) million(O) )(O) in(O) a(O) ventilation(O) pipe(O) ,(O) the(O) weekly(O) Le(B-Organization) Canard(I-Organization) Enchaine(I-Organization) said(O) on(O) Wednesday(O) .(O)"
8643,"['He' 'died' 'slumped' 'against' 'Oncins' ',' 'who' 'subsequently' 'lost'
 'interest' 'in' 'tennis' '.']","['O', 'O', 'O', 'O', 'B-Person', 'O', 'O', 'O', 'O', 'O', 'O', 'O', 'O']","He died slumped against Oncins , who subsequently lost interest in tennis .","['He(O)', 'died(O)', 'slumped(O)', 'against(O)', 'Oncins(B-Person)', ',(O)', 'who(O)', 'subsequently(O)', 'lost(O)', 'interest(O)', 'in(O)', 'tennis(O)', '.(O)']","He(O) died(O) slumped(O) against(O) Oncins(B-Person) ,(O) who(O) subsequently(O) lost(O) interest(O) in(O) tennis(O) .(O)","Input: He died slumped against Oncins , who subsequently lost interest in tennis .
Output: He(O) died(O) slumped(O) against(O) Oncins(B-Person) ,(O) who(O) subsequently(O) lost(O) interest(O) in(O) tennis(O) .(O)"
12335,"['Saqlain' 'Mushtaq' '10-1-54-0' ',' 'Ata-ur-Rehman' '3-0-14-0' ','
 'Mushtaq' 'Ahmed']","['B-Person', 'I-Person', 'O', 'O', 'B-Person', 'O', 'O', 'B-Person', 'I-Person']","Saqlain Mushtaq 10-1-54-0 , Ata-ur-Rehman 3-0-14-0 , Mushtaq Ahmed","['Saqlain(B-Person)', 'Mushtaq(I-Person)', '10-1-54-0(O)', ',(O)', 'Ata-ur-Rehman(B-Person)', '3-0-14-0(O)', ',(O)', 'Mushtaq(B-Person)', 'Ahmed(I-Person)']","Saqlain(B-Person) Mushtaq(I-Person) 10-1-54-0(O) ,(O) Ata-ur-Rehman(B-Person) 3-0-14-0(O) ,(O) Mushtaq(B-Person) Ahmed(I-Person)","Input: Saqlain Mushtaq 10-1-54-0 , Ata-ur-Rehman 3-0-14-0 , Mushtaq Ahmed
Output: Saqlain(B-Person) Mushtaq(I-Person) 10-1-54-0(O) ,(O) Ata-ur-Rehman(B-Person) 3-0-14-0(O) ,(O) Mushtaq(B-Person) Ahmed(I-Person)"
65,['TYPE' 'STRAIGHT' 'ISS' 'PRICE' '100.92' 'PAY' 'DATE' '24.SEP.96'],"['O', 'O', 'O', 'O', 'O', 'O', 'O', 'O']",TYPE STRAIGHT ISS PRICE 100.92 PAY DATE 24.SEP.96,"['TYPE(O)', 'STRAIGHT(O)', 'ISS(O)', 'PRICE(O)', '100.92(O)', 'PAY(O)', 'DATE(O)', '24.SEP.96(O)']",TYPE(O) STRAIGHT(O) ISS(O) PRICE(O) 100.92(O) PAY(O) DATE(O) 24.SEP.96(O),"Input: TYPE STRAIGHT ISS PRICE 100.92 PAY DATE 24.SEP.96
Output: TYPE(O) STRAIGHT(O) ISS(O) PRICE(O) 100.92(O) PAY(O) DATE(O) 24.SEP.96(O)"
13678,"['Commenting' 'on' 'the' 'continued' 'struggle' 'to' 'get' 'control' 'of'
 'German' 'piston' 'maker' 'Kolbenschmidt' ',' 'which' 'has' 'been'
 'hampered' 'by' 'regulatory' 'obstacles' ',' 'Hope' 'said' 'T&N' ""'s""
 'confidence' '""' 'continues' 'to' 'improve' '""' 'that' 'it' 'may'
 'eventually' 'be' 'able' 'to' 'proceed' '.']","['O', 'O', 'O', 'O', 'O', 'O', 'O', 'O', 'O', 'B-Miscellaneous', 'O', 'O', 'B-Organization', 'O', 'O', 'O', 'O', 'O', 'O', 'O', 'O', 'O', 'B-Person', 'O', 'B-Organization', 'O', 'O', 'O', 'O', 'O', 'O', 'O', 'O', 'O', 'O', 'O', 'O', 'O', 'O', 'O', 'O']","Commenting on the continued struggle to get control of German piston maker Kolbenschmidt , which has been hampered by regulatory obstacles , Hope said T&N 's confidence "" continues to improve "" that it may eventually be able to proceed .","['Commenting(O)', 'on(O)', 'the(O)', 'continued(O)', 'struggle(O)', 'to(O)', 'get(O)', 'control(O)', 'of(O)', 'German(B-Miscellaneous)', 'piston(O)', 'maker(O)', 'Kolbenschmidt(B-Organization)', ',(O)', 'which(O)', 'has(O)', 'been(O)', 'hampered(O)', 'by(O)', 'regulatory(O)', 'obstacles(O)', ',(O)', 'Hope(B-Person)', 'said(O)', 'T&N(B-Organization)', ""'s(O)"", 'confidence(O)', '""(O)', 'continues(O)', 'to(O)', 'improve(O)', '""(O)', 'that(O)', 'it(O)', 'may(O)', 'eventually(O)', 'be(O)', 'able(O)', 'to(O)', 'proceed(O)', '.(O)']","Commenting(O) on(O) the(O) continued(O) struggle(O) to(O) get(O) control(O) of(O) German(B-Miscellaneous) piston(O) maker(O) Kolbenschmidt(B-Organization) ,(O) which(O) has(O) been(O) hampered(O) by(O) regulatory(O) obstacles(O) ,(O) Hope(B-Person) said(O) T&N(B-Organization) 's(O) confidence(O) ""(O) continues(O) to(O) improve(O) ""(O) that(O) it(O) may(O) eventually(O) be(O) able(O) to(O) proceed(O) .(O)","Input: Commenting on the continued struggle to get control of German piston maker Kolbenschmidt , which has been hampered by regulatory obstacles , Hope said T&N 's confidence "" continues to improve "" that it may eventually be able to proceed .
Output: Commenting(O) on(O) the(O) continued(O) struggle(O) to(O) get(O) control(O) of(O) German(B-Miscellaneous) piston(O) maker(O) Kolbenschmidt(B-Organization) ,(O) which(O) has(O) been(O) hampered(O) by(O) regulatory(O) obstacles(O) ,(O) Hope(B-Person) said(O) T&N(B-Organization) 's(O) confidence(O) ""(O) continues(O) to(O) improve(O) ""(O) that(O) it(O) may(O) eventually(O) be(O) able(O) to(O) proceed(O) .(O)"
14009,['10.' 'Shinichi' 'Itoh' '(' 'Japan' ')' 'Honda' '1:51.857'],"['O', 'B-Person', 'I-Person', 'O', 'B-Location', 'O', 'B-Organization', 'O']",10. Shinichi Itoh ( Japan ) Honda 1:51.857,"['10.(O)', 'Shinichi(B-Person)', 'Itoh(I-Person)', '((O)', 'Japan(B-Location)', ')(O)', 'Honda(B-Organization)', '1:51.857(O)']",10.(O) Shinichi(B-Person) Itoh(I-Person) ((O) Japan(B-Location) )(O) Honda(B-Organization) 1:51.857(O),"Input: 10. Shinichi Itoh ( Japan ) Honda 1:51.857
Output: 10.(O) Shinichi(B-Person) Itoh(I-Person) ((O) Japan(B-Location) )(O) Honda(B-Organization) 1:51.857(O)"
4544,"['4' '-' 'Kimiko' 'Date' '(' 'Japan' ')' 'beat' '1' '-' 'Arantxa'
 'Sanchez' 'Vicario' '(' 'Spain' ')']","['O', 'O', 'B-Person', 'I-Person', 'O', 'B-Location', 'O', 'O', 'O', 'O', 'B-Person', 'I-Person', 'I-Person', 'O', 'B-Location', 'O']",4 - Kimiko Date ( Japan ) beat 1 - Arantxa Sanchez Vicario ( Spain ),"['4(O)', '-(O)', 'Kimiko(B-Person)', 'Date(I-Person)', '((O)', 'Japan(B-Location)', ')(O)', 'beat(O)', '1(O)', '-(O)', 'Arantxa(B-Person)', 'Sanchez(I-Person)', 'Vicario(I-Person)', '((O)', 'Spain(B-Location)', ')(O)']",4(O) -(O) Kimiko(B-Person) Date(I-Person) ((O) Japan(B-Location) )(O) beat(O) 1(O) -(O) Arantxa(B-Person) Sanchez(I-Person) Vicario(I-Person) ((O) Spain(B-Location) )(O),"Input: 4 - Kimiko Date ( Japan ) beat 1 - Arantxa Sanchez Vicario ( Spain )
Output: 4(O) -(O) Kimiko(B-Person) Date(I-Person) ((O) Japan(B-Location) )(O) beat(O) 1(O) -(O) Arantxa(B-Person) Sanchez(I-Person) Vicario(I-Person) ((O) Spain(B-Location) )(O)"
582,"['In' 'Edinburgh' ':' 'Hearts' '(' 'Scotland' ')' '1' 'Red' 'Star'
 'Belgrade']","['O', 'B-Location', 'O', 'B-Organization', 'O', 'B-Location', 'O', 'O', 'B-Organization', 'I-Organization', 'I-Organization']",In Edinburgh : Hearts ( Scotland ) 1 Red Star Belgrade,"['In(O)', 'Edinburgh(B-Location)', ':(O)', 'Hearts(B-Organization)', '((O)', 'Scotland(B-Location)', ')(O)', '1(O)', 'Red(B-Organization)', 'Star(I-Organization)', 'Belgrade(I-Organization)']",In(O) Edinburgh(B-Location) :(O) Hearts(B-Organization) ((O) Scotland(B-Location) )(O) 1(O) Red(B-Organization) Star(I-Organization) Belgrade(I-Organization),"Input: In Edinburgh : Hearts ( Scotland ) 1 Red Star Belgrade
Output: In(O) Edinburgh(B-Location) :(O) Hearts(B-Organization) ((O) Scotland(B-Location) )(O) 1(O) Red(B-Organization) Star(I-Organization) Belgrade(I-Organization)"
13460,['*' 'Philip' 'Morris' 'Cos' 'Inc' 'raises' 'dividend' '20' 'percent' '.'],"['O', 'B-Organization', 'I-Organization', 'I-Organization', 'I-Organization', 'O', 'O', 'O', 'O', 'O']",* Philip Morris Cos Inc raises dividend 20 percent .,"['*(O)', 'Philip(B-Organization)', 'Morris(I-Organization)', 'Cos(I-Organization)', 'Inc(I-Organization)', 'raises(O)', 'dividend(O)', '20(O)', 'percent(O)', '.(O)']",*(O) Philip(B-Organization) Morris(I-Organization) Cos(I-Organization) Inc(I-Organization) raises(O) dividend(O) 20(O) percent(O) .(O),"Input: * Philip Morris Cos Inc raises dividend 20 percent .
Output: *(O) Philip(B-Organization) Morris(I-Organization) Cos(I-Organization) Inc(I-Organization) raises(O) dividend(O) 20(O) percent(O) .(O)"
4423,"['The' 'security' 'forces' 'also' 'said' 'a' 'man' 'carrying' 'an'
 'explosive' 'device' 'also' 'died' 'after' 'it' 'went' 'off'
 'prematurely' '.']","['O', 'O', 'O', 'O', 'O', 'O', 'O', 'O', 'O', 'O', 'O', 'O', 'O', 'O', 'O', 'O', 'O', 'O', 'O']",The security forces also said a man carrying an explosive device also died after it went off prematurely .,"['The(O)', 'security(O)', 'forces(O)', 'also(O)', 'said(O)', 'a(O)', 'man(O)', 'carrying(O)', 'an(O)', 'explosive(O)', 'device(O)', 'also(O)', 'died(O)', 'after(O)', 'it(O)', 'went(O)', 'off(O)', 'prematurely(O)', '.(O)']",The(O) security(O) forces(O) also(O) said(O) a(O) man(O) carrying(O) an(O) explosive(O) device(O) also(O) died(O) after(O) it(O) went(O) off(O) prematurely(O) .(O),"Input: The security forces also said a man carrying an explosive device also died after it went off prematurely .
Output: The(O) security(O) forces(O) also(O) said(O) a(O) man(O) carrying(O) an(O) explosive(O) device(O) also(O) died(O) after(O) it(O) went(O) off(O) prematurely(O) .(O)"
12571,"['In' 'Chicago' ',' 'James' 'Baldwin' 'scattered' 'five' 'hits' 'over'
 'seven' 'scoreless' 'innings' 'and' 'Ray' 'Durham' 'and' 'Ozzie'
 'Guillen' 'had' 'RBI' 'hits' 'in' 'the' 'second' 'inning' 'as' 'the'
 'Chicago' 'White' 'Sox' 'blanked' 'the' 'Milwaukee' 'Brewers' '2-0' '.']","['O', 'B-Location', 'O', 'B-Person', 'I-Person', 'O', 'O', 'O', 'O', 'O', 'O', 'O', 'O', 'B-Person', 'I-Person', 'O', 'B-Person', 'I-Person', 'O', 'B-Miscellaneous', 'O', 'O', 'O', 'O', 'O', 'O', 'O', 'B-Organization', 'I-Organization', 'I-Organization', 'O', 'O', 'B-Organization', 'I-Organization', 'O', 'O']","In Chicago , James Baldwin scattered five hits over seven scoreless innings and Ray Durham and Ozzie Guillen had RBI hits in the second inning as the Chicago White Sox blanked the Milwaukee Brewers 2-0 .","['In(O)', 'Chicago(B-Location)', ',(O)', 'James(B-Person)', 'Baldwin(I-Person)', 'scattered(O)', 'five(O)', 'hits(O)', 'over(O)', 'seven(O)', 'scoreless(O)', 'innings(O)', 'and(O)', 'Ray(B-Person)', 'Durham(I-Person)', 'and(O)', 'Ozzie(B-Person)', 'Guillen(I-Person)', 'had(O)', 'RBI(B-Miscellaneous)', 'hits(O)', 'in(O)', 'the(O)', 'second(O)', 'inning(O)', 'as(O)', 'the(O)', 'Chicago(B-Organization)', 'White(I-Organization)', 'Sox(I-Organization)', 'blanked(O)', 'the(O)', 'Milwaukee(B-Organization)', 'Brewers(I-Organization)', '2-0(O)', '.(O)']","In(O) Chicago(B-Location) ,(O) James(B-Person) Baldwin(I-Person) scattered(O) five(O) hits(O) over(O) seven(O) scoreless(O) innings(O) and(O) Ray(B-Person) Durham(I-Person) and(O) Ozzie(B-Person) Guillen(I-Person) had(O) RBI(B-Miscellaneous) hits(O) in(O) the(O) second(O) inning(O) as(O) the(O) Chicago(B-Organization) White(I-Organization) Sox(I-Organization) blanked(O) the(O) Milwaukee(B-Organization) Brewers(I-Organization) 2-0(O) .(O)","Input: In Chicago , James Baldwin scattered five hits over seven scoreless innings and Ray Durham and Ozzie Guillen had RBI hits in the second inning as the Chicago White Sox blanked the Milwaukee Brewers 2-0 .
Output: In(O) Chicago(B-Location) ,(O) James(B-Person) Baldwin(I-Person) scattered(O) five(O) hits(O) over(O) seven(O) scoreless(O) innings(O) and(O) Ray(B-Person) Durham(I-Person) and(O) Ozzie(B-Person) Guillen(I-Person) had(O) RBI(B-Miscellaneous) hits(O) in(O) the(O) second(O) inning(O) as(O) the(O) Chicago(B-Organization) White(I-Organization) Sox(I-Organization) blanked(O) the(O) Milwaukee(B-Organization) Brewers(I-Organization) 2-0(O) .(O)"
1083,"['Some' 'of' 'these' 'sales' 'may' 'not' 'be' 'final' 'as' 'they' 'may'
 'be' 'subject' 'to' 'inspection' ',' 'survey' 'or' 'other' 'conditions'
 '.']","['O', 'O', 'O', 'O', 'O', 'O', 'O', 'O', 'O', 'O', 'O', 'O', 'O', 'O', 'O', 'O', 'O', 'O', 'O', 'O', 'O']","Some of these sales may not be final as they may be subject to inspection , survey or other conditions .","['Some(O)', 'of(O)', 'these(O)', 'sales(O)', 'may(O)', 'not(O)', 'be(O)', 'final(O)', 'as(O)', 'they(O)', 'may(O)', 'be(O)', 'subject(O)', 'to(O)', 'inspection(O)', ',(O)', 'survey(O)', 'or(O)', 'other(O)', 'conditions(O)', '.(O)']","Some(O) of(O) these(O) sales(O) may(O) not(O) be(O) final(O) as(O) they(O) may(O) be(O) subject(O) to(O) inspection(O) ,(O) survey(O) or(O) other(O) conditions(O) .(O)","Input: Some of these sales may not be final as they may be subject to inspection , survey or other conditions .
Output: Some(O) of(O) these(O) sales(O) may(O) not(O) be(O) final(O) as(O) they(O) may(O) be(O) subject(O) to(O) inspection(O) ,(O) survey(O) or(O) other(O) conditions(O) .(O)"
8881,"['Also' 'omitted' 'from' 'the' '20-man' 'squad' 'which' 'will' 'travel'
 'to' 'Vaduz' 'for' 'Saturday' ""'s"" 'group' 'eight' 'match' 'are'
 'central' 'defenders' 'Alan' 'Kernaghan' 'and' 'Liam' 'Daish' '.']","['O', 'O', 'O', 'O', 'O', 'O', 'O', 'O', 'O', 'O', 'B-Location', 'O', 'O', 'O', 'O', 'O', 'O', 'O', 'O', 'O', 'B-Person', 'I-Person', 'O', 'B-Person', 'I-Person', 'O']",Also omitted from the 20-man squad which will travel to Vaduz for Saturday 's group eight match are central defenders Alan Kernaghan and Liam Daish .,"['Also(O)', 'omitted(O)', 'from(O)', 'the(O)', '20-man(O)', 'squad(O)', 'which(O)', 'will(O)', 'travel(O)', 'to(O)', 'Vaduz(B-Location)', 'for(O)', 'Saturday(O)', ""'s(O)"", 'group(O)', 'eight(O)', 'match(O)', 'are(O)', 'central(O)', 'defenders(O)', 'Alan(B-Person)', 'Kernaghan(I-Person)', 'and(O)', 'Liam(B-Person)', 'Daish(I-Person)', '.(O)']",Also(O) omitted(O) from(O) the(O) 20-man(O) squad(O) which(O) will(O) travel(O) to(O) Vaduz(B-Location) for(O) Saturday(O) 's(O) group(O) eight(O) match(O) are(O) central(O) defenders(O) Alan(B-Person) Kernaghan(I-Person) and(O) Liam(B-Person) Daish(I-Person) .(O),"Input: Also omitted from the 20-man squad which will travel to Vaduz for Saturday 's group eight match are central defenders Alan Kernaghan and Liam Daish .
Output: Also(O) omitted(O) from(O) the(O) 20-man(O) squad(O) which(O) will(O) travel(O) to(O) Vaduz(B-Location) for(O) Saturday(O) 's(O) group(O) eight(O) match(O) are(O) central(O) defenders(O) Alan(B-Person) Kernaghan(I-Person) and(O) Liam(B-Person) Daish(I-Person) .(O)"
11438,"['--' 'U.S.' 'Municipal' 'Desk' ',' '212-859-1650']","['O', 'B-Organization', 'I-Organization', 'I-Organization', 'O', 'O']","-- U.S. Municipal Desk , 212-859-1650","['--(O)', 'U.S.(B-Organization)', 'Municipal(I-Organization)', 'Desk(I-Organization)', ',(O)', '212-859-1650(O)']","--(O) U.S.(B-Organization) Municipal(I-Organization) Desk(I-Organization) ,(O) 212-859-1650(O)","Input: -- U.S. Municipal Desk , 212-859-1650
Output: --(O) U.S.(B-Organization) Municipal(I-Organization) Desk(I-Organization) ,(O) 212-859-1650(O)"
5292,"['Malaysian' 'Open' 'badminton' 'tournament' 'on' 'Sunday' '(' 'prefix'
 'numbers']","['B-Miscellaneous', 'I-Miscellaneous', 'O', 'O', 'O', 'O', 'O', 'O', 'O']",Malaysian Open badminton tournament on Sunday ( prefix numbers,"['Malaysian(B-Miscellaneous)', 'Open(I-Miscellaneous)', 'badminton(O)', 'tournament(O)', 'on(O)', 'Sunday(O)', '((O)', 'prefix(O)', 'numbers(O)']",Malaysian(B-Miscellaneous) Open(I-Miscellaneous) badminton(O) tournament(O) on(O) Sunday(O) ((O) prefix(O) numbers(O),"Input: Malaysian Open badminton tournament on Sunday ( prefix numbers
Output: Malaysian(B-Miscellaneous) Open(I-Miscellaneous) badminton(O) tournament(O) on(O) Sunday(O) ((O) prefix(O) numbers(O)"
11344,"['The' 'PUK' 'said' 'the' 'ceasefire' 'was' 'agreed' 'after' 'talks'
 'between' 'U.S.' 'Assistant' 'Secretary' 'for' 'Near' 'East' 'Affairs'
 'Robert' 'Pelletreau' 'and' 'PUK' 'leader' 'Jalal' 'Talabani' '.']","['O', 'B-Organization', 'O', 'O', 'O', 'O', 'O', 'O', 'O', 'O', 'B-Location', 'O', 'O', 'O', 'B-Location', 'I-Location', 'O', 'B-Person', 'I-Person', 'O', 'B-Organization', 'O', 'B-Person', 'I-Person', 'O']",The PUK said the ceasefire was agreed after talks between U.S. Assistant Secretary for Near East Affairs Robert Pelletreau and PUK leader Jalal Talabani .,"['The(O)', 'PUK(B-Organization)', 'said(O)', 'the(O)', 'ceasefire(O)', 'was(O)', 'agreed(O)', 'after(O)', 'talks(O)', 'between(O)', 'U.S.(B-Location)', 'Assistant(O)', 'Secretary(O)', 'for(O)', 'Near(B-Location)', 'East(I-Location)', 'Affairs(O)', 'Robert(B-Person)', 'Pelletreau(I-Person)', 'and(O)', 'PUK(B-Organization)', 'leader(O)', 'Jalal(B-Person)', 'Talabani(I-Person)', '.(O)']",The(O) PUK(B-Organization) said(O) the(O) ceasefire(O) was(O) agreed(O) after(O) talks(O) between(O) U.S.(B-Location) Assistant(O) Secretary(O) for(O) Near(B-Location) East(I-Location) Affairs(O) Robert(B-Person) Pelletreau(I-Person) and(O) PUK(B-Organization) leader(O) Jalal(B-Person) Talabani(I-Person) .(O),"Input: The PUK said the ceasefire was agreed after talks between U.S. Assistant Secretary for Near East Affairs Robert Pelletreau and PUK leader Jalal Talabani .
Output: The(O) PUK(B-Organization) said(O) the(O) ceasefire(O) was(O) agreed(O) after(O) talks(O) between(O) U.S.(B-Location) Assistant(O) Secretary(O) for(O) Near(B-Location) East(I-Location) Affairs(O) Robert(B-Person) Pelletreau(I-Person) and(O) PUK(B-Organization) leader(O) Jalal(B-Person) Talabani(I-Person) .(O)"
5720,['28th' ')' '.'],"['O', 'O', 'O']",28th ) .,"['28th(O)', ')(O)', '.(O)']",28th(O) )(O) .(O),"Input: 28th ) .
Output: 28th(O) )(O) .(O)"
11222,"['Under' 'the' 'election' 'rules' 'citizens' 'vote' 'for' 'a' 'three-man'
 'presidency' 'and' 'House' 'of' 'Representatives' 'for' 'all'
 'Bosnia-Hercegovina' 'and' 'for' 'assemblies' 'and' 'cantonal' 'seats'
 'in' 'either' 'the' 'Moslem-Croat' 'Federation' 'or' 'the' 'Republika'
 'Srbska' '.']","['O', 'O', 'O', 'O', 'O', 'O', 'O', 'O', 'O', 'O', 'O', 'B-Organization', 'I-Organization', 'I-Organization', 'O', 'O', 'B-Location', 'O', 'O', 'O', 'O', 'O', 'O', 'O', 'O', 'O', 'B-Location', 'I-Location', 'O', 'O', 'B-Location', 'I-Location', 'O']",Under the election rules citizens vote for a three-man presidency and House of Representatives for all Bosnia-Hercegovina and for assemblies and cantonal seats in either the Moslem-Croat Federation or the Republika Srbska .,"['Under(O)', 'the(O)', 'election(O)', 'rules(O)', 'citizens(O)', 'vote(O)', 'for(O)', 'a(O)', 'three-man(O)', 'presidency(O)', 'and(O)', 'House(B-Organization)', 'of(I-Organization)', 'Representatives(I-Organization)', 'for(O)', 'all(O)', 'Bosnia-Hercegovina(B-Location)', 'and(O)', 'for(O)', 'assemblies(O)', 'and(O)', 'cantonal(O)', 'seats(O)', 'in(O)', 'either(O)', 'the(O)', 'Moslem-Croat(B-Location)', 'Federation(I-Location)', 'or(O)', 'the(O)', 'Republika(B-Location)', 'Srbska(I-Location)', '.(O)']",Under(O) the(O) election(O) rules(O) citizens(O) vote(O) for(O) a(O) three-man(O) presidency(O) and(O) House(B-Organization) of(I-Organization) Representatives(I-Organization) for(O) all(O) Bosnia-Hercegovina(B-Location) and(O) for(O) assemblies(O) and(O) cantonal(O) seats(O) in(O) either(O) the(O) Moslem-Croat(B-Location) Federation(I-Location) or(O) the(O) Republika(B-Location) Srbska(I-Location) .(O),"Input: Under the election rules citizens vote for a three-man presidency and House of Representatives for all Bosnia-Hercegovina and for assemblies and cantonal seats in either the Moslem-Croat Federation or the Republika Srbska .
Output: Under(O) the(O) election(O) rules(O) citizens(O) vote(O) for(O) a(O) three-man(O) presidency(O) and(O) House(B-Organization) of(I-Organization) Representatives(I-Organization) for(O) all(O) Bosnia-Hercegovina(B-Location) and(O) for(O) assemblies(O) and(O) cantonal(O) seats(O) in(O) either(O) the(O) Moslem-Croat(B-Location) Federation(I-Location) or(O) the(O) Republika(B-Location) Srbska(I-Location) .(O)"
10150,"['Obree' 'was' 'forced' 'to' 'pull' 'out' 'of' 'his' 'title' 'defence'
 'because' 'of' 'a' 'viral' 'infection' '.']","['B-Person', 'O', 'O', 'O', 'O', 'O', 'O', 'O', 'O', 'O', 'O', 'O', 'O', 'O', 'O', 'O']",Obree was forced to pull out of his title defence because of a viral infection .,"['Obree(B-Person)', 'was(O)', 'forced(O)', 'to(O)', 'pull(O)', 'out(O)', 'of(O)', 'his(O)', 'title(O)', 'defence(O)', 'because(O)', 'of(O)', 'a(O)', 'viral(O)', 'infection(O)', '.(O)']",Obree(B-Person) was(O) forced(O) to(O) pull(O) out(O) of(O) his(O) title(O) defence(O) because(O) of(O) a(O) viral(O) infection(O) .(O),"Input: Obree was forced to pull out of his title defence because of a viral infection .
Output: Obree(B-Person) was(O) forced(O) to(O) pull(O) out(O) of(O) his(O) title(O) defence(O) because(O) of(O) a(O) viral(O) infection(O) .(O)"
8676,['Halftime'],['O'],Halftime,['Halftime(O)'],Halftime(O),"Input: Halftime
Output: Halftime(O)"
8234,['Stockport' '3' '0' '1' '2' '0' '2' '1'],"['B-Organization', 'O', 'O', 'O', 'O', 'O', 'O', 'O']",Stockport 3 0 1 2 0 2 1,"['Stockport(B-Organization)', '3(O)', '0(O)', '1(O)', '2(O)', '0(O)', '2(O)', '1(O)']",Stockport(B-Organization) 3(O) 0(O) 1(O) 2(O) 0(O) 2(O) 1(O),"Input: Stockport 3 0 1 2 0 2 1
Output: Stockport(B-Organization) 3(O) 0(O) 1(O) 2(O) 0(O) 2(O) 1(O)"
8927,"['But' 'Bosnian' 'Serb' 'leaders' 'have' 'hinted' 'they' 'would' 'boycott'
 'the' 'poll' 'if' 'the' 'municipal' 'elections' 'were' 'postponed' ','
 'or' 'go' 'ahead' 'with' 'their' 'own' '.']","['O', 'B-Miscellaneous', 'I-Miscellaneous', 'O', 'O', 'O', 'O', 'O', 'O', 'O', 'O', 'O', 'O', 'O', 'O', 'O', 'O', 'O', 'O', 'O', 'O', 'O', 'O', 'O', 'O']","But Bosnian Serb leaders have hinted they would boycott the poll if the municipal elections were postponed , or go ahead with their own .","['But(O)', 'Bosnian(B-Miscellaneous)', 'Serb(I-Miscellaneous)', 'leaders(O)', 'have(O)', 'hinted(O)', 'they(O)', 'would(O)', 'boycott(O)', 'the(O)', 'poll(O)', 'if(O)', 'the(O)', 'municipal(O)', 'elections(O)', 'were(O)', 'postponed(O)', ',(O)', 'or(O)', 'go(O)', 'ahead(O)', 'with(O)', 'their(O)', 'own(O)', '.(O)']","But(O) Bosnian(B-Miscellaneous) Serb(I-Miscellaneous) leaders(O) have(O) hinted(O) they(O) would(O) boycott(O) the(O) poll(O) if(O) the(O) municipal(O) elections(O) were(O) postponed(O) ,(O) or(O) go(O) ahead(O) with(O) their(O) own(O) .(O)","Input: But Bosnian Serb leaders have hinted they would boycott the poll if the municipal elections were postponed , or go ahead with their own .
Output: But(O) Bosnian(B-Miscellaneous) Serb(I-Miscellaneous) leaders(O) have(O) hinted(O) they(O) would(O) boycott(O) the(O) poll(O) if(O) the(O) municipal(O) elections(O) were(O) postponed(O) ,(O) or(O) go(O) ahead(O) with(O) their(O) own(O) .(O)"
12717,"['U.S.' 'EMBASSY' 'IN' 'ATHENS' 'CLOSED' 'ON' 'LABOUR' 'DAY' ',' 'SEP' '2'
 '.']","['B-Location', 'B-Miscellaneous', 'O', 'B-Location', 'O', 'O', 'B-Miscellaneous', 'I-Miscellaneous', 'O', 'O', 'O', 'O']","U.S. EMBASSY IN ATHENS CLOSED ON LABOUR DAY , SEP 2 .","['U.S.(B-Location)', 'EMBASSY(B-Miscellaneous)', 'IN(O)', 'ATHENS(B-Location)', 'CLOSED(O)', 'ON(O)', 'LABOUR(B-Miscellaneous)', 'DAY(I-Miscellaneous)', ',(O)', 'SEP(O)', '2(O)', '.(O)']","U.S.(B-Location) EMBASSY(B-Miscellaneous) IN(O) ATHENS(B-Location) CLOSED(O) ON(O) LABOUR(B-Miscellaneous) DAY(I-Miscellaneous) ,(O) SEP(O) 2(O) .(O)","Input: U.S. EMBASSY IN ATHENS CLOSED ON LABOUR DAY , SEP 2 .
Output: U.S.(B-Location) EMBASSY(B-Miscellaneous) IN(O) ATHENS(B-Location) CLOSED(O) ON(O) LABOUR(B-Miscellaneous) DAY(I-Miscellaneous) ,(O) SEP(O) 2(O) .(O)"
1309,"['Peru' ""'s"" 'guerrilla' 'conflicts' 'have' 'cost' 'at' 'least' '30,000'
 'lives' 'and' '$' '25' 'billion' 'in' 'damage' 'to' 'infrastructure'
 'since' '1980' '.']","['B-Location', 'O', 'O', 'O', 'O', 'O', 'O', 'O', 'O', 'O', 'O', 'O', 'O', 'O', 'O', 'O', 'O', 'O', 'O', 'O', 'O']","Peru 's guerrilla conflicts have cost at least 30,000 lives and $ 25 billion in damage to infrastructure since 1980 .","['Peru(B-Location)', ""'s(O)"", 'guerrilla(O)', 'conflicts(O)', 'have(O)', 'cost(O)', 'at(O)', 'least(O)', '30,000(O)', 'lives(O)', 'and(O)', '$(O)', '25(O)', 'billion(O)', 'in(O)', 'damage(O)', 'to(O)', 'infrastructure(O)', 'since(O)', '1980(O)', '.(O)']","Peru(B-Location) 's(O) guerrilla(O) conflicts(O) have(O) cost(O) at(O) least(O) 30,000(O) lives(O) and(O) $(O) 25(O) billion(O) in(O) damage(O) to(O) infrastructure(O) since(O) 1980(O) .(O)","Input: Peru 's guerrilla conflicts have cost at least 30,000 lives and $ 25 billion in damage to infrastructure since 1980 .
Output: Peru(B-Location) 's(O) guerrilla(O) conflicts(O) have(O) cost(O) at(O) least(O) 30,000(O) lives(O) and(O) $(O) 25(O) billion(O) in(O) damage(O) to(O) infrastructure(O) since(O) 1980(O) .(O)"
13910,['Donna' 'Sells'],"['B-Person', 'I-Person']",Donna Sells,"['Donna(B-Person)', 'Sells(I-Person)']",Donna(B-Person) Sells(I-Person),"Input: Donna Sells
Output: Donna(B-Person) Sells(I-Person)"
8865,"['ELIZABETH' ',' 'N.J.' '1996-08-27']","['B-Location', 'O', 'B-Location', 'O']","ELIZABETH , N.J. 1996-08-27","['ELIZABETH(B-Location)', ',(O)', 'N.J.(B-Location)', '1996-08-27(O)']","ELIZABETH(B-Location) ,(O) N.J.(B-Location) 1996-08-27(O)","Input: ELIZABETH , N.J. 1996-08-27
Output: ELIZABETH(B-Location) ,(O) N.J.(B-Location) 1996-08-27(O)"
13431,['U.S.' 'wheat' 'weekly' 'export' 'sales' 'highlights' '-' 'USDA' '.'],"['B-Location', 'O', 'O', 'O', 'O', 'O', 'O', 'B-Organization', 'O']",U.S. wheat weekly export sales highlights - USDA .,"['U.S.(B-Location)', 'wheat(O)', 'weekly(O)', 'export(O)', 'sales(O)', 'highlights(O)', '-(O)', 'USDA(B-Organization)', '.(O)']",U.S.(B-Location) wheat(O) weekly(O) export(O) sales(O) highlights(O) -(O) USDA(B-Organization) .(O),"Input: U.S. wheat weekly export sales highlights - USDA .
Output: U.S.(B-Location) wheat(O) weekly(O) export(O) sales(O) highlights(O) -(O) USDA(B-Organization) .(O)"
3945,[')' '0-0' '.'],"['O', 'O', 'O']",) 0-0 .,"[')(O)', '0-0(O)', '.(O)']",)(O) 0-0(O) .(O),"Input: ) 0-0 .
Output: )(O) 0-0(O) .(O)"
9728,['JULY' '1996' 'CDU' '/' 'CSU' 'SPD' 'FDP' 'Greens' 'PDS'],"['O', 'O', 'B-Organization', 'I-Organization', 'I-Organization', 'B-Organization', 'B-Organization', 'B-Organization', 'B-Organization']",JULY 1996 CDU / CSU SPD FDP Greens PDS,"['JULY(O)', '1996(O)', 'CDU(B-Organization)', '/(I-Organization)', 'CSU(I-Organization)', 'SPD(B-Organization)', 'FDP(B-Organization)', 'Greens(B-Organization)', 'PDS(B-Organization)']",JULY(O) 1996(O) CDU(B-Organization) /(I-Organization) CSU(I-Organization) SPD(B-Organization) FDP(B-Organization) Greens(B-Organization) PDS(B-Organization),"Input: JULY 1996 CDU / CSU SPD FDP Greens PDS
Output: JULY(O) 1996(O) CDU(B-Organization) /(I-Organization) CSU(I-Organization) SPD(B-Organization) FDP(B-Organization) Greens(B-Organization) PDS(B-Organization)"
6715,['SOCCER' '-' 'CZECH' 'FIRST' 'DIVISION' 'RESULTS' '/' 'STANDINGS' '.'],"['O', 'O', 'B-Miscellaneous', 'O', 'O', 'O', 'O', 'O', 'O']",SOCCER - CZECH FIRST DIVISION RESULTS / STANDINGS .,"['SOCCER(O)', '-(O)', 'CZECH(B-Miscellaneous)', 'FIRST(O)', 'DIVISION(O)', 'RESULTS(O)', '/(O)', 'STANDINGS(O)', '.(O)']",SOCCER(O) -(O) CZECH(B-Miscellaneous) FIRST(O) DIVISION(O) RESULTS(O) /(O) STANDINGS(O) .(O),"Input: SOCCER - CZECH FIRST DIVISION RESULTS / STANDINGS .
Output: SOCCER(O) -(O) CZECH(B-Miscellaneous) FIRST(O) DIVISION(O) RESULTS(O) /(O) STANDINGS(O) .(O)"
13441,"['A-' 'includes' '54,600' 'tonnes' 'changed' 'from' 'unknown' '.']","['O', 'O', 'O', 'O', 'O', 'O', 'O', 'O']","A- includes 54,600 tonnes changed from unknown .","['A-(O)', 'includes(O)', '54,600(O)', 'tonnes(O)', 'changed(O)', 'from(O)', 'unknown(O)', '.(O)']","A-(O) includes(O) 54,600(O) tonnes(O) changed(O) from(O) unknown(O) .(O)","Input: A- includes 54,600 tonnes changed from unknown .
Output: A-(O) includes(O) 54,600(O) tonnes(O) changed(O) from(O) unknown(O) .(O)"
4950,['Leeds' '2' '0' '1' '1' '3' '5' '1'],"['B-Organization', 'O', 'O', 'O', 'O', 'O', 'O', 'O']",Leeds 2 0 1 1 3 5 1,"['Leeds(B-Organization)', '2(O)', '0(O)', '1(O)', '1(O)', '3(O)', '5(O)', '1(O)']",Leeds(B-Organization) 2(O) 0(O) 1(O) 1(O) 3(O) 5(O) 1(O),"Input: Leeds 2 0 1 1 3 5 1
Output: Leeds(B-Organization) 2(O) 0(O) 1(O) 1(O) 3(O) 5(O) 1(O)"
8794,"['Expectations' 'that' 'Cofinec' 'S.A.' ',' 'the' 'Hungarian' 'bourse'
 ""'s"" 'first' 'foreign' 'listing' ',' 'will' 'report' 'a' 'disappointing'
 'first' 'half' 'have' 'depressed' 'the' 'stock' 'below' 'its' 'issue'
 'price' ',' 'but' 'analysts' 'expect' 'a' 'rebound' 'in' 'the' 'long'
 'term' '.']","['O', 'O', 'B-Organization', 'I-Organization', 'O', 'O', 'B-Miscellaneous', 'O', 'O', 'O', 'O', 'O', 'O', 'O', 'O', 'O', 'O', 'O', 'O', 'O', 'O', 'O', 'O', 'O', 'O', 'O', 'O', 'O', 'O', 'O', 'O', 'O', 'O', 'O', 'O', 'O', 'O', 'O']","Expectations that Cofinec S.A. , the Hungarian bourse 's first foreign listing , will report a disappointing first half have depressed the stock below its issue price , but analysts expect a rebound in the long term .","['Expectations(O)', 'that(O)', 'Cofinec(B-Organization)', 'S.A.(I-Organization)', ',(O)', 'the(O)', 'Hungarian(B-Miscellaneous)', 'bourse(O)', ""'s(O)"", 'first(O)', 'foreign(O)', 'listing(O)', ',(O)', 'will(O)', 'report(O)', 'a(O)', 'disappointing(O)', 'first(O)', 'half(O)', 'have(O)', 'depressed(O)', 'the(O)', 'stock(O)', 'below(O)', 'its(O)', 'issue(O)', 'price(O)', ',(O)', 'but(O)', 'analysts(O)', 'expect(O)', 'a(O)', 'rebound(O)', 'in(O)', 'the(O)', 'long(O)', 'term(O)', '.(O)']","Expectations(O) that(O) Cofinec(B-Organization) S.A.(I-Organization) ,(O) the(O) Hungarian(B-Miscellaneous) bourse(O) 's(O) first(O) foreign(O) listing(O) ,(O) will(O) report(O) a(O) disappointing(O) first(O) half(O) have(O) depressed(O) the(O) stock(O) below(O) its(O) issue(O) price(O) ,(O) but(O) analysts(O) expect(O) a(O) rebound(O) in(O) the(O) long(O) term(O) .(O)","Input: Expectations that Cofinec S.A. , the Hungarian bourse 's first foreign listing , will report a disappointing first half have depressed the stock below its issue price , but analysts expect a rebound in the long term .
Output: Expectations(O) that(O) Cofinec(B-Organization) S.A.(I-Organization) ,(O) the(O) Hungarian(B-Miscellaneous) bourse(O) 's(O) first(O) foreign(O) listing(O) ,(O) will(O) report(O) a(O) disappointing(O) first(O) half(O) have(O) depressed(O) the(O) stock(O) below(O) its(O) issue(O) price(O) ,(O) but(O) analysts(O) expect(O) a(O) rebound(O) in(O) the(O) long(O) term(O) .(O)"
10814,"['My' 'minimum' 'would' 'be' 'that' 'he' 'just' 'ran' 'the' 'relay' ','
 '""' 'he' 'said' '.']","['O', 'O', 'O', 'O', 'O', 'O', 'O', 'O', 'O', 'O', 'O', 'O', 'O', 'O', 'O']","My minimum would be that he just ran the relay , "" he said .","['My(O)', 'minimum(O)', 'would(O)', 'be(O)', 'that(O)', 'he(O)', 'just(O)', 'ran(O)', 'the(O)', 'relay(O)', ',(O)', '""(O)', 'he(O)', 'said(O)', '.(O)']","My(O) minimum(O) would(O) be(O) that(O) he(O) just(O) ran(O) the(O) relay(O) ,(O) ""(O) he(O) said(O) .(O)","Input: My minimum would be that he just ran the relay , "" he said .
Output: My(O) minimum(O) would(O) be(O) that(O) he(O) just(O) ran(O) the(O) relay(O) ,(O) ""(O) he(O) said(O) .(O)"
10459,['ATLANTA' '81' '49' '.623' '-'],"['B-Organization', 'O', 'O', 'O', 'O']",ATLANTA 81 49 .623 -,"['ATLANTA(B-Organization)', '81(O)', '49(O)', '.623(O)', '-(O)']",ATLANTA(B-Organization) 81(O) 49(O) .623(O) -(O),"Input: ATLANTA 81 49 .623 -
Output: ATLANTA(B-Organization) 81(O) 49(O) .623(O) -(O)"
640,"['""' 'We' 'are' 'ready' 'to' 'fight' 'to' 'our' 'last' 'breath' '--'
 'Australia' 'must' 'play' 'at' 'its' 'absolute' 'best' 'to' 'win' ',' '""'
 'said' 'Newcombe' ',' 'who' 'described' 'the' 'tie' 'as' 'the' 'toughest'
 'he' 'has' 'faced' 'as' 'captain' '.']","['O', 'O', 'O', 'O', 'O', 'O', 'O', 'O', 'O', 'O', 'O', 'B-Location', 'O', 'O', 'O', 'O', 'O', 'O', 'O', 'O', 'O', 'O', 'O', 'B-Person', 'O', 'O', 'O', 'O', 'O', 'O', 'O', 'O', 'O', 'O', 'O', 'O', 'O', 'O']",""" We are ready to fight to our last breath -- Australia must play at its absolute best to win , "" said Newcombe , who described the tie as the toughest he has faced as captain .","['""(O)', 'We(O)', 'are(O)', 'ready(O)', 'to(O)', 'fight(O)', 'to(O)', 'our(O)', 'last(O)', 'breath(O)', '--(O)', 'Australia(B-Location)', 'must(O)', 'play(O)', 'at(O)', 'its(O)', 'absolute(O)', 'best(O)', 'to(O)', 'win(O)', ',(O)', '""(O)', 'said(O)', 'Newcombe(B-Person)', ',(O)', 'who(O)', 'described(O)', 'the(O)', 'tie(O)', 'as(O)', 'the(O)', 'toughest(O)', 'he(O)', 'has(O)', 'faced(O)', 'as(O)', 'captain(O)', '.(O)']","""(O) We(O) are(O) ready(O) to(O) fight(O) to(O) our(O) last(O) breath(O) --(O) Australia(B-Location) must(O) play(O) at(O) its(O) absolute(O) best(O) to(O) win(O) ,(O) ""(O) said(O) Newcombe(B-Person) ,(O) who(O) described(O) the(O) tie(O) as(O) the(O) toughest(O) he(O) has(O) faced(O) as(O) captain(O) .(O)","Input: "" We are ready to fight to our last breath -- Australia must play at its absolute best to win , "" said Newcombe , who described the tie as the toughest he has faced as captain .
Output: ""(O) We(O) are(O) ready(O) to(O) fight(O) to(O) our(O) last(O) breath(O) --(O) Australia(B-Location) must(O) play(O) at(O) its(O) absolute(O) best(O) to(O) win(O) ,(O) ""(O) said(O) Newcombe(B-Person) ,(O) who(O) described(O) the(O) tie(O) as(O) the(O) toughest(O) he(O) has(O) faced(O) as(O) captain(O) .(O)"
2972,['Legal' 'challenge' 'to' 'Diana' 'delayed' 'by' 'jail' 'term' '.'],"['O', 'O', 'O', 'B-Person', 'O', 'O', 'O', 'O', 'O']",Legal challenge to Diana delayed by jail term .,"['Legal(O)', 'challenge(O)', 'to(O)', 'Diana(B-Person)', 'delayed(O)', 'by(O)', 'jail(O)', 'term(O)', '.(O)']",Legal(O) challenge(O) to(O) Diana(B-Person) delayed(O) by(O) jail(O) term(O) .(O),"Input: Legal challenge to Diana delayed by jail term .
Output: Legal(O) challenge(O) to(O) Diana(B-Person) delayed(O) by(O) jail(O) term(O) .(O)"
4942,['Everton' '3' '1' '2' '0' '4' '2' '5'],"['B-Organization', 'O', 'O', 'O', 'O', 'O', 'O', 'O']",Everton 3 1 2 0 4 2 5,"['Everton(B-Organization)', '3(O)', '1(O)', '2(O)', '0(O)', '4(O)', '2(O)', '5(O)']",Everton(B-Organization) 3(O) 1(O) 2(O) 0(O) 4(O) 2(O) 5(O),"Input: Everton 3 1 2 0 4 2 5
Output: Everton(B-Organization) 3(O) 1(O) 2(O) 0(O) 4(O) 2(O) 5(O)"
2697,"['TAIBE' ',' 'Israel' '1996-08-23']","['B-Location', 'O', 'B-Location', 'O']","TAIBE , Israel 1996-08-23","['TAIBE(B-Location)', ',(O)', 'Israel(B-Location)', '1996-08-23(O)']","TAIBE(B-Location) ,(O) Israel(B-Location) 1996-08-23(O)","Input: TAIBE , Israel 1996-08-23
Output: TAIBE(B-Location) ,(O) Israel(B-Location) 1996-08-23(O)"
12617,"['That' ""'s"" 'where' 'the' 'real' 'champion' 'wins' '.']","['O', 'O', 'O', 'O', 'O', 'O', 'O', 'O']",That 's where the real champion wins .,"['That(O)', ""'s(O)"", 'where(O)', 'the(O)', 'real(O)', 'champion(O)', 'wins(O)', '.(O)']",That(O) 's(O) where(O) the(O) real(O) champion(O) wins(O) .(O),"Input: That 's where the real champion wins .
Output: That(O) 's(O) where(O) the(O) real(O) champion(O) wins(O) .(O)"
13984,"['ABDERDEEN' ',' 'Scotland' '1996-08-30']","['B-Location', 'O', 'B-Location', 'O']","ABDERDEEN , Scotland 1996-08-30","['ABDERDEEN(B-Location)', ',(O)', 'Scotland(B-Location)', '1996-08-30(O)']","ABDERDEEN(B-Location) ,(O) Scotland(B-Location) 1996-08-30(O)","Input: ABDERDEEN , Scotland 1996-08-30
Output: ABDERDEEN(B-Location) ,(O) Scotland(B-Location) 1996-08-30(O)"
5968,['MEXICO' 'CITY' '1996-08-25'],"['B-Location', 'I-Location', 'O']",MEXICO CITY 1996-08-25,"['MEXICO(B-Location)', 'CITY(I-Location)', '1996-08-25(O)']",MEXICO(B-Location) CITY(I-Location) 1996-08-25(O),"Input: MEXICO CITY 1996-08-25
Output: MEXICO(B-Location) CITY(I-Location) 1996-08-25(O)"
10055,['4.' 'Teutenberg' '4' 'seconds'],"['O', 'B-Person', 'O', 'O']",4. Teutenberg 4 seconds,"['4.(O)', 'Teutenberg(B-Person)', '4(O)', 'seconds(O)']",4.(O) Teutenberg(B-Person) 4(O) seconds(O),"Input: 4. Teutenberg 4 seconds
Output: 4.(O) Teutenberg(B-Person) 4(O) seconds(O)"
4776,['15' 'equal' '.'],"['O', 'O', 'O']",15 equal .,"['15(O)', 'equal(O)', '.(O)']",15(O) equal(O) .(O),"Input: 15 equal .
Output: 15(O) equal(O) .(O)"
9285,['Issuer' ':' 'Birmingham' 'Public' 'Park' '&' 'Rec' '.'],"['O', 'O', 'B-Location', 'I-Location', 'I-Location', 'I-Location', 'I-Location', 'O']",Issuer : Birmingham Public Park & Rec .,"['Issuer(O)', ':(O)', 'Birmingham(B-Location)', 'Public(I-Location)', 'Park(I-Location)', '&(I-Location)', 'Rec(I-Location)', '.(O)']",Issuer(O) :(O) Birmingham(B-Location) Public(I-Location) Park(I-Location) &(I-Location) Rec(I-Location) .(O),"Input: Issuer : Birmingham Public Park & Rec .
Output: Issuer(O) :(O) Birmingham(B-Location) Public(I-Location) Park(I-Location) &(I-Location) Rec(I-Location) .(O)"
2530,"['Midfielders' '-' 'Mario' 'Basler' ',' 'Marco' 'Bode' ',' 'Dieter'
 'Eilts' ',' 'Steffen' 'Freund' ',' 'Thomas' 'Haessler' ',' 'Andreas'
 'Moeller' ',' 'Mehmet' 'Scholl' ',' 'Thomas' 'Strunz' ',' 'Jens' 'Todt'
 ',' 'Christian' 'Ziege']","['O', 'O', 'B-Person', 'I-Person', 'O', 'B-Person', 'I-Person', 'O', 'B-Person', 'I-Person', 'O', 'B-Person', 'I-Person', 'O', 'B-Person', 'I-Person', 'O', 'B-Person', 'I-Person', 'O', 'B-Person', 'I-Person', 'O', 'B-Person', 'I-Person', 'O', 'B-Person', 'I-Person', 'O', 'B-Person', 'I-Person']","Midfielders - Mario Basler , Marco Bode , Dieter Eilts , Steffen Freund , Thomas Haessler , Andreas Moeller , Mehmet Scholl , Thomas Strunz , Jens Todt , Christian Ziege","['Midfielders(O)', '-(O)', 'Mario(B-Person)', 'Basler(I-Person)', ',(O)', 'Marco(B-Person)', 'Bode(I-Person)', ',(O)', 'Dieter(B-Person)', 'Eilts(I-Person)', ',(O)', 'Steffen(B-Person)', 'Freund(I-Person)', ',(O)', 'Thomas(B-Person)', 'Haessler(I-Person)', ',(O)', 'Andreas(B-Person)', 'Moeller(I-Person)', ',(O)', 'Mehmet(B-Person)', 'Scholl(I-Person)', ',(O)', 'Thomas(B-Person)', 'Strunz(I-Person)', ',(O)', 'Jens(B-Person)', 'Todt(I-Person)', ',(O)', 'Christian(B-Person)', 'Ziege(I-Person)']","Midfielders(O) -(O) Mario(B-Person) Basler(I-Person) ,(O) Marco(B-Person) Bode(I-Person) ,(O) Dieter(B-Person) Eilts(I-Person) ,(O) Steffen(B-Person) Freund(I-Person) ,(O) Thomas(B-Person) Haessler(I-Person) ,(O) Andreas(B-Person) Moeller(I-Person) ,(O) Mehmet(B-Person) Scholl(I-Person) ,(O) Thomas(B-Person) Strunz(I-Person) ,(O) Jens(B-Person) Todt(I-Person) ,(O) Christian(B-Person) Ziege(I-Person)","Input: Midfielders - Mario Basler , Marco Bode , Dieter Eilts , Steffen Freund , Thomas Haessler , Andreas Moeller , Mehmet Scholl , Thomas Strunz , Jens Todt , Christian Ziege
Output: Midfielders(O) -(O) Mario(B-Person) Basler(I-Person) ,(O) Marco(B-Person) Bode(I-Person) ,(O) Dieter(B-Person) Eilts(I-Person) ,(O) Steffen(B-Person) Freund(I-Person) ,(O) Thomas(B-Person) Haessler(I-Person) ,(O) Andreas(B-Person) Moeller(I-Person) ,(O) Mehmet(B-Person) Scholl(I-Person) ,(O) Thomas(B-Person) Strunz(I-Person) ,(O) Jens(B-Person) Todt(I-Person) ,(O) Christian(B-Person) Ziege(I-Person)"
5904,"['""' 'I' 'do' ""n't"" 'think' 'one' 'should' 'have' 'expected' 'more' 'than'
 'what' 'one' 'got' ',' '""' 'he' 'said' '.' '""']","['O', 'O', 'O', 'O', 'O', 'O', 'O', 'O', 'O', 'O', 'O', 'O', 'O', 'O', 'O', 'O', 'O', 'O', 'O', 'O']",""" I do n't think one should have expected more than what one got , "" he said . ""","['""(O)', 'I(O)', 'do(O)', ""n't(O)"", 'think(O)', 'one(O)', 'should(O)', 'have(O)', 'expected(O)', 'more(O)', 'than(O)', 'what(O)', 'one(O)', 'got(O)', ',(O)', '""(O)', 'he(O)', 'said(O)', '.(O)', '""(O)']","""(O) I(O) do(O) n't(O) think(O) one(O) should(O) have(O) expected(O) more(O) than(O) what(O) one(O) got(O) ,(O) ""(O) he(O) said(O) .(O) ""(O)","Input: "" I do n't think one should have expected more than what one got , "" he said . ""
Output: ""(O) I(O) do(O) n't(O) think(O) one(O) should(O) have(O) expected(O) more(O) than(O) what(O) one(O) got(O) ,(O) ""(O) he(O) said(O) .(O) ""(O)"
5183,['Chernomorets' 'Novorossiisk' '2' 'Rostselmash' 'Rostov' '1'],"['B-Organization', 'I-Organization', 'O', 'B-Organization', 'I-Organization', 'O']",Chernomorets Novorossiisk 2 Rostselmash Rostov 1,"['Chernomorets(B-Organization)', 'Novorossiisk(I-Organization)', '2(O)', 'Rostselmash(B-Organization)', 'Rostov(I-Organization)', '1(O)']",Chernomorets(B-Organization) Novorossiisk(I-Organization) 2(O) Rostselmash(B-Organization) Rostov(I-Organization) 1(O),"Input: Chernomorets Novorossiisk 2 Rostselmash Rostov 1
Output: Chernomorets(B-Organization) Novorossiisk(I-Organization) 2(O) Rostselmash(B-Organization) Rostov(I-Organization) 1(O)"
9230,"['""' 'The' 'Democratic' 'Party' 'is' 'indeed' 'the' 'party' 'of' 'true'
 'inclusiveness' ',' '""' 'Hall' 'said' '.']","['O', 'O', 'B-Organization', 'I-Organization', 'O', 'O', 'O', 'O', 'O', 'O', 'O', 'O', 'O', 'B-Person', 'O', 'O']",""" The Democratic Party is indeed the party of true inclusiveness , "" Hall said .","['""(O)', 'The(O)', 'Democratic(B-Organization)', 'Party(I-Organization)', 'is(O)', 'indeed(O)', 'the(O)', 'party(O)', 'of(O)', 'true(O)', 'inclusiveness(O)', ',(O)', '""(O)', 'Hall(B-Person)', 'said(O)', '.(O)']","""(O) The(O) Democratic(B-Organization) Party(I-Organization) is(O) indeed(O) the(O) party(O) of(O) true(O) inclusiveness(O) ,(O) ""(O) Hall(B-Person) said(O) .(O)","Input: "" The Democratic Party is indeed the party of true inclusiveness , "" Hall said .
Output: ""(O) The(O) Democratic(B-Organization) Party(I-Organization) is(O) indeed(O) the(O) party(O) of(O) true(O) inclusiveness(O) ,(O) ""(O) Hall(B-Person) said(O) .(O)"
7487,"['Radio' 'New' 'Zealand' 'reported' 'earlier' 'that' 'an' 'armed' 'man'
 'on' 'Monday' 'entered' 'the' 'Northcote' 'College' 'swimming' 'pool'
 'changing' 'sheds' 'and' 'confronted' 'a' '16-year-old' 'schoolgirl' '.']","['B-Organization', 'I-Organization', 'I-Organization', 'O', 'O', 'O', 'O', 'O', 'O', 'O', 'O', 'O', 'O', 'B-Organization', 'I-Organization', 'O', 'O', 'O', 'O', 'O', 'O', 'O', 'O', 'O', 'O']",Radio New Zealand reported earlier that an armed man on Monday entered the Northcote College swimming pool changing sheds and confronted a 16-year-old schoolgirl .,"['Radio(B-Organization)', 'New(I-Organization)', 'Zealand(I-Organization)', 'reported(O)', 'earlier(O)', 'that(O)', 'an(O)', 'armed(O)', 'man(O)', 'on(O)', 'Monday(O)', 'entered(O)', 'the(O)', 'Northcote(B-Organization)', 'College(I-Organization)', 'swimming(O)', 'pool(O)', 'changing(O)', 'sheds(O)', 'and(O)', 'confronted(O)', 'a(O)', '16-year-old(O)', 'schoolgirl(O)', '.(O)']",Radio(B-Organization) New(I-Organization) Zealand(I-Organization) reported(O) earlier(O) that(O) an(O) armed(O) man(O) on(O) Monday(O) entered(O) the(O) Northcote(B-Organization) College(I-Organization) swimming(O) pool(O) changing(O) sheds(O) and(O) confronted(O) a(O) 16-year-old(O) schoolgirl(O) .(O),"Input: Radio New Zealand reported earlier that an armed man on Monday entered the Northcote College swimming pool changing sheds and confronted a 16-year-old schoolgirl .
Output: Radio(B-Organization) New(I-Organization) Zealand(I-Organization) reported(O) earlier(O) that(O) an(O) armed(O) man(O) on(O) Monday(O) entered(O) the(O) Northcote(B-Organization) College(I-Organization) swimming(O) pool(O) changing(O) sheds(O) and(O) confronted(O) a(O) 16-year-old(O) schoolgirl(O) .(O)"
5937,"['""' 'The' 'main' 'point' 'of' 'this' 'rally' 'is' 'to' 'highlight' 'to'
 'the' 'world' 'powers' 'what' 'misfortune' 'they' 'brought' 'upon' 'us'
 ',' '""' 'said' 'Reuf' 'Mehemdagic' ',' 'head' 'of' 'Doboj'
 'municipality-in-exile' '.']","['O', 'O', 'O', 'O', 'O', 'O', 'O', 'O', 'O', 'O', 'O', 'O', 'O', 'O', 'O', 'O', 'O', 'O', 'O', 'O', 'O', 'O', 'O', 'B-Person', 'I-Person', 'O', 'O', 'O', 'B-Location', 'O', 'O']",""" The main point of this rally is to highlight to the world powers what misfortune they brought upon us , "" said Reuf Mehemdagic , head of Doboj municipality-in-exile .","['""(O)', 'The(O)', 'main(O)', 'point(O)', 'of(O)', 'this(O)', 'rally(O)', 'is(O)', 'to(O)', 'highlight(O)', 'to(O)', 'the(O)', 'world(O)', 'powers(O)', 'what(O)', 'misfortune(O)', 'they(O)', 'brought(O)', 'upon(O)', 'us(O)', ',(O)', '""(O)', 'said(O)', 'Reuf(B-Person)', 'Mehemdagic(I-Person)', ',(O)', 'head(O)', 'of(O)', 'Doboj(B-Location)', 'municipality-in-exile(O)', '.(O)']","""(O) The(O) main(O) point(O) of(O) this(O) rally(O) is(O) to(O) highlight(O) to(O) the(O) world(O) powers(O) what(O) misfortune(O) they(O) brought(O) upon(O) us(O) ,(O) ""(O) said(O) Reuf(B-Person) Mehemdagic(I-Person) ,(O) head(O) of(O) Doboj(B-Location) municipality-in-exile(O) .(O)","Input: "" The main point of this rally is to highlight to the world powers what misfortune they brought upon us , "" said Reuf Mehemdagic , head of Doboj municipality-in-exile .
Output: ""(O) The(O) main(O) point(O) of(O) this(O) rally(O) is(O) to(O) highlight(O) to(O) the(O) world(O) powers(O) what(O) misfortune(O) they(O) brought(O) upon(O) us(O) ,(O) ""(O) said(O) Reuf(B-Person) Mehemdagic(I-Person) ,(O) head(O) of(O) Doboj(B-Location) municipality-in-exile(O) .(O)"
6453,['At' 'Leicester' ':' 'Match' 'drawn' '.'],"['O', 'B-Location', 'O', 'O', 'O', 'O']",At Leicester : Match drawn .,"['At(O)', 'Leicester(B-Location)', ':(O)', 'Match(O)', 'drawn(O)', '.(O)']",At(O) Leicester(B-Location) :(O) Match(O) drawn(O) .(O),"Input: At Leicester : Match drawn .
Output: At(O) Leicester(B-Location) :(O) Match(O) drawn(O) .(O)"
7527,"['He' 'said' 'liquidity' 'would' 'be' 'the' 'main' 'concern' 'for' 'the'
 'next' 'few' 'days' '.']","['O', 'O', 'O', 'O', 'O', 'O', 'O', 'O', 'O', 'O', 'O', 'O', 'O', 'O']",He said liquidity would be the main concern for the next few days .,"['He(O)', 'said(O)', 'liquidity(O)', 'would(O)', 'be(O)', 'the(O)', 'main(O)', 'concern(O)', 'for(O)', 'the(O)', 'next(O)', 'few(O)', 'days(O)', '.(O)']",He(O) said(O) liquidity(O) would(O) be(O) the(O) main(O) concern(O) for(O) the(O) next(O) few(O) days(O) .(O),"Input: He said liquidity would be the main concern for the next few days .
Output: He(O) said(O) liquidity(O) would(O) be(O) the(O) main(O) concern(O) for(O) the(O) next(O) few(O) days(O) .(O)"
6450,"['Lancashire' '323' '(' 'N.' 'Fairbrother' '86' ',' 'M.' 'Watkinson' '64'
 ';' 'D.' 'Gough' '4-53' ')']","['B-Organization', 'O', 'O', 'B-Person', 'I-Person', 'O', 'O', 'B-Person', 'I-Person', 'O', 'O', 'B-Person', 'I-Person', 'O', 'O']","Lancashire 323 ( N. Fairbrother 86 , M. Watkinson 64 ; D. Gough 4-53 )","['Lancashire(B-Organization)', '323(O)', '((O)', 'N.(B-Person)', 'Fairbrother(I-Person)', '86(O)', ',(O)', 'M.(B-Person)', 'Watkinson(I-Person)', '64(O)', ';(O)', 'D.(B-Person)', 'Gough(I-Person)', '4-53(O)', ')(O)']","Lancashire(B-Organization) 323(O) ((O) N.(B-Person) Fairbrother(I-Person) 86(O) ,(O) M.(B-Person) Watkinson(I-Person) 64(O) ;(O) D.(B-Person) Gough(I-Person) 4-53(O) )(O)","Input: Lancashire 323 ( N. Fairbrother 86 , M. Watkinson 64 ; D. Gough 4-53 )
Output: Lancashire(B-Organization) 323(O) ((O) N.(B-Person) Fairbrother(I-Person) 86(O) ,(O) M.(B-Person) Watkinson(I-Person) 64(O) ;(O) D.(B-Person) Gough(I-Person) 4-53(O) )(O)"
2457,['8.' 'Martin' 'Keino' '(' 'Kenya' ')' '7:38.88'],"['O', 'B-Person', 'I-Person', 'O', 'B-Location', 'O', 'O']",8. Martin Keino ( Kenya ) 7:38.88,"['8.(O)', 'Martin(B-Person)', 'Keino(I-Person)', '((O)', 'Kenya(B-Location)', ')(O)', '7:38.88(O)']",8.(O) Martin(B-Person) Keino(I-Person) ((O) Kenya(B-Location) )(O) 7:38.88(O),"Input: 8. Martin Keino ( Kenya ) 7:38.88
Output: 8.(O) Martin(B-Person) Keino(I-Person) ((O) Kenya(B-Location) )(O) 7:38.88(O)"
11254,"['On' 'Moscow' ""'s"" 'foreign' 'policy' ',' 'Rosati' 'said' 'it' 'had'
 'changed' 'its' 'stance' 'on' 'NATO' ""'s"" 'eastward' 'expansion' 'and'
 'was' 'preparing' 'itself' 'for' 'Poland' ""'s"" 'inevitable' 'entry'
 'into' 'the' 'Western' 'alliance' '.']","['O', 'B-Location', 'O', 'O', 'O', 'O', 'B-Person', 'O', 'O', 'O', 'O', 'O', 'O', 'O', 'B-Organization', 'O', 'O', 'O', 'O', 'O', 'O', 'O', 'O', 'B-Location', 'O', 'O', 'O', 'O', 'O', 'B-Miscellaneous', 'O', 'O']","On Moscow 's foreign policy , Rosati said it had changed its stance on NATO 's eastward expansion and was preparing itself for Poland 's inevitable entry into the Western alliance .","['On(O)', 'Moscow(B-Location)', ""'s(O)"", 'foreign(O)', 'policy(O)', ',(O)', 'Rosati(B-Person)', 'said(O)', 'it(O)', 'had(O)', 'changed(O)', 'its(O)', 'stance(O)', 'on(O)', 'NATO(B-Organization)', ""'s(O)"", 'eastward(O)', 'expansion(O)', 'and(O)', 'was(O)', 'preparing(O)', 'itself(O)', 'for(O)', 'Poland(B-Location)', ""'s(O)"", 'inevitable(O)', 'entry(O)', 'into(O)', 'the(O)', 'Western(B-Miscellaneous)', 'alliance(O)', '.(O)']","On(O) Moscow(B-Location) 's(O) foreign(O) policy(O) ,(O) Rosati(B-Person) said(O) it(O) had(O) changed(O) its(O) stance(O) on(O) NATO(B-Organization) 's(O) eastward(O) expansion(O) and(O) was(O) preparing(O) itself(O) for(O) Poland(B-Location) 's(O) inevitable(O) entry(O) into(O) the(O) Western(B-Miscellaneous) alliance(O) .(O)","Input: On Moscow 's foreign policy , Rosati said it had changed its stance on NATO 's eastward expansion and was preparing itself for Poland 's inevitable entry into the Western alliance .
Output: On(O) Moscow(B-Location) 's(O) foreign(O) policy(O) ,(O) Rosati(B-Person) said(O) it(O) had(O) changed(O) its(O) stance(O) on(O) NATO(B-Organization) 's(O) eastward(O) expansion(O) and(O) was(O) preparing(O) itself(O) for(O) Poland(B-Location) 's(O) inevitable(O) entry(O) into(O) the(O) Western(B-Miscellaneous) alliance(O) .(O)"
5786,"['The' 'right-handed' 'batsman' 'will' 'have' 'to' 'forfeit' 'half' 'the'
 'money' 'he' 'was' 'due' 'to' 'earn' 'from' 'the' 'tour' ',' 'the' 'news'
 'agency' 'said' 'after' 'a' 'disciplinary' 'committee' 'set' 'up' 'by'
 'the' 'Board' 'of' 'Control' 'for' 'Cricket' 'in' 'India' 'met' 'at'
 'Mohali' ',' 'near' 'the' 'northern' 'city' 'of' 'Chandigarh' '.']","['O', 'O', 'O', 'O', 'O', 'O', 'O', 'O', 'O', 'O', 'O', 'O', 'O', 'O', 'O', 'O', 'O', 'O', 'O', 'O', 'O', 'O', 'O', 'O', 'O', 'O', 'O', 'O', 'O', 'O', 'O', 'B-Organization', 'I-Organization', 'I-Organization', 'I-Organization', 'I-Organization', 'I-Organization', 'I-Organization', 'O', 'O', 'B-Location', 'O', 'O', 'O', 'O', 'O', 'O', 'B-Location', 'O']","The right-handed batsman will have to forfeit half the money he was due to earn from the tour , the news agency said after a disciplinary committee set up by the Board of Control for Cricket in India met at Mohali , near the northern city of Chandigarh .","['The(O)', 'right-handed(O)', 'batsman(O)', 'will(O)', 'have(O)', 'to(O)', 'forfeit(O)', 'half(O)', 'the(O)', 'money(O)', 'he(O)', 'was(O)', 'due(O)', 'to(O)', 'earn(O)', 'from(O)', 'the(O)', 'tour(O)', ',(O)', 'the(O)', 'news(O)', 'agency(O)', 'said(O)', 'after(O)', 'a(O)', 'disciplinary(O)', 'committee(O)', 'set(O)', 'up(O)', 'by(O)', 'the(O)', 'Board(B-Organization)', 'of(I-Organization)', 'Control(I-Organization)', 'for(I-Organization)', 'Cricket(I-Organization)', 'in(I-Organization)', 'India(I-Organization)', 'met(O)', 'at(O)', 'Mohali(B-Location)', ',(O)', 'near(O)', 'the(O)', 'northern(O)', 'city(O)', 'of(O)', 'Chandigarh(B-Location)', '.(O)']","The(O) right-handed(O) batsman(O) will(O) have(O) to(O) forfeit(O) half(O) the(O) money(O) he(O) was(O) due(O) to(O) earn(O) from(O) the(O) tour(O) ,(O) the(O) news(O) agency(O) said(O) after(O) a(O) disciplinary(O) committee(O) set(O) up(O) by(O) the(O) Board(B-Organization) of(I-Organization) Control(I-Organization) for(I-Organization) Cricket(I-Organization) in(I-Organization) India(I-Organization) met(O) at(O) Mohali(B-Location) ,(O) near(O) the(O) northern(O) city(O) of(O) Chandigarh(B-Location) .(O)","Input: The right-handed batsman will have to forfeit half the money he was due to earn from the tour , the news agency said after a disciplinary committee set up by the Board of Control for Cricket in India met at Mohali , near the northern city of Chandigarh .
Output: The(O) right-handed(O) batsman(O) will(O) have(O) to(O) forfeit(O) half(O) the(O) money(O) he(O) was(O) due(O) to(O) earn(O) from(O) the(O) tour(O) ,(O) the(O) news(O) agency(O) said(O) after(O) a(O) disciplinary(O) committee(O) set(O) up(O) by(O) the(O) Board(B-Organization) of(I-Organization) Control(I-Organization) for(I-Organization) Cricket(I-Organization) in(I-Organization) India(I-Organization) met(O) at(O) Mohali(B-Location) ,(O) near(O) the(O) northern(O) city(O) of(O) Chandigarh(B-Location) .(O)"
5200,['Spartak' 'Moscow' '25' '14' '7' '4' '48' '24' '49'],"['B-Organization', 'I-Organization', 'O', 'O', 'O', 'O', 'O', 'O', 'O']",Spartak Moscow 25 14 7 4 48 24 49,"['Spartak(B-Organization)', 'Moscow(I-Organization)', '25(O)', '14(O)', '7(O)', '4(O)', '48(O)', '24(O)', '49(O)']",Spartak(B-Organization) Moscow(I-Organization) 25(O) 14(O) 7(O) 4(O) 48(O) 24(O) 49(O),"Input: Spartak Moscow 25 14 7 4 48 24 49
Output: Spartak(B-Organization) Moscow(I-Organization) 25(O) 14(O) 7(O) 4(O) 48(O) 24(O) 49(O)"
5910,"['But' 'Currin' ',' 'who' 'is' 'advising' 'several' 'people' 'regarded'
 'as' 'perpetrators' ',' 'said' 'this' 'was' 'not' 'the' 'best' 'way' 'to'
 'achieve' 'the' 'commission' ""'s"" 'aims' '.']","['O', 'B-Person', 'O', 'O', 'O', 'O', 'O', 'O', 'O', 'O', 'O', 'O', 'O', 'O', 'O', 'O', 'O', 'O', 'O', 'O', 'O', 'O', 'O', 'O', 'O', 'O']","But Currin , who is advising several people regarded as perpetrators , said this was not the best way to achieve the commission 's aims .","['But(O)', 'Currin(B-Person)', ',(O)', 'who(O)', 'is(O)', 'advising(O)', 'several(O)', 'people(O)', 'regarded(O)', 'as(O)', 'perpetrators(O)', ',(O)', 'said(O)', 'this(O)', 'was(O)', 'not(O)', 'the(O)', 'best(O)', 'way(O)', 'to(O)', 'achieve(O)', 'the(O)', 'commission(O)', ""'s(O)"", 'aims(O)', '.(O)']","But(O) Currin(B-Person) ,(O) who(O) is(O) advising(O) several(O) people(O) regarded(O) as(O) perpetrators(O) ,(O) said(O) this(O) was(O) not(O) the(O) best(O) way(O) to(O) achieve(O) the(O) commission(O) 's(O) aims(O) .(O)","Input: But Currin , who is advising several people regarded as perpetrators , said this was not the best way to achieve the commission 's aims .
Output: But(O) Currin(B-Person) ,(O) who(O) is(O) advising(O) several(O) people(O) regarded(O) as(O) perpetrators(O) ,(O) said(O) this(O) was(O) not(O) the(O) best(O) way(O) to(O) achieve(O) the(O) commission(O) 's(O) aims(O) .(O)"
10815,"['The' '36-year-old' 'Briton' 'is' 'still' 'considering' 'the' 'offer'
 'and' 'is' 'expected' 'to' 'announce' 'his' 'decision' 'later' 'on'
 'Wednesday' '.']","['O', 'O', 'B-Miscellaneous', 'O', 'O', 'O', 'O', 'O', 'O', 'O', 'O', 'O', 'O', 'O', 'O', 'O', 'O', 'O', 'O']",The 36-year-old Briton is still considering the offer and is expected to announce his decision later on Wednesday .,"['The(O)', '36-year-old(O)', 'Briton(B-Miscellaneous)', 'is(O)', 'still(O)', 'considering(O)', 'the(O)', 'offer(O)', 'and(O)', 'is(O)', 'expected(O)', 'to(O)', 'announce(O)', 'his(O)', 'decision(O)', 'later(O)', 'on(O)', 'Wednesday(O)', '.(O)']",The(O) 36-year-old(O) Briton(B-Miscellaneous) is(O) still(O) considering(O) the(O) offer(O) and(O) is(O) expected(O) to(O) announce(O) his(O) decision(O) later(O) on(O) Wednesday(O) .(O),"Input: The 36-year-old Briton is still considering the offer and is expected to announce his decision later on Wednesday .
Output: The(O) 36-year-old(O) Briton(B-Miscellaneous) is(O) still(O) considering(O) the(O) offer(O) and(O) is(O) expected(O) to(O) announce(O) his(O) decision(O) later(O) on(O) Wednesday(O) .(O)"
13332,"['income' '5,486,000' '6,688,000' '10,119,000' '6,512,000']","['O', 'O', 'O', 'O', 'O']","income 5,486,000 6,688,000 10,119,000 6,512,000","['income(O)', '5,486,000(O)', '6,688,000(O)', '10,119,000(O)', '6,512,000(O)']","income(O) 5,486,000(O) 6,688,000(O) 10,119,000(O) 6,512,000(O)","Input: income 5,486,000 6,688,000 10,119,000 6,512,000
Output: income(O) 5,486,000(O) 6,688,000(O) 10,119,000(O) 6,512,000(O)"
8491,"['Mark' 'Knowles' '(' 'Bahamas' ')' 'beat' 'Marcelo' 'Filippini' '('
 'Uruguay' ')' '6-3' '7-5']","['B-Person', 'I-Person', 'O', 'B-Location', 'O', 'O', 'B-Person', 'I-Person', 'O', 'B-Location', 'O', 'O', 'O']",Mark Knowles ( Bahamas ) beat Marcelo Filippini ( Uruguay ) 6-3 7-5,"['Mark(B-Person)', 'Knowles(I-Person)', '((O)', 'Bahamas(B-Location)', ')(O)', 'beat(O)', 'Marcelo(B-Person)', 'Filippini(I-Person)', '((O)', 'Uruguay(B-Location)', ')(O)', '6-3(O)', '7-5(O)']",Mark(B-Person) Knowles(I-Person) ((O) Bahamas(B-Location) )(O) beat(O) Marcelo(B-Person) Filippini(I-Person) ((O) Uruguay(B-Location) )(O) 6-3(O) 7-5(O),"Input: Mark Knowles ( Bahamas ) beat Marcelo Filippini ( Uruguay ) 6-3 7-5
Output: Mark(B-Person) Knowles(I-Person) ((O) Bahamas(B-Location) )(O) beat(O) Marcelo(B-Person) Filippini(I-Person) ((O) Uruguay(B-Location) )(O) 6-3(O) 7-5(O)"
9590,"['Barrick' 'Gold' 'Corp' 'said' 'on' 'Tuesday' 'its' 'takeover' 'offer'
 'for' 'Arequipa' 'Resources' 'Ltd' 'was' 'successful' ',' 'with' '93'
 'percent' 'of' 'the' '36.3' 'million' 'shares' 'not' 'already' 'owned'
 'tendered' 'under' 'the' 'bid' ',' 'which' 'expired' 'overnight' '.']","['B-Organization', 'I-Organization', 'I-Organization', 'O', 'O', 'O', 'O', 'O', 'O', 'O', 'B-Organization', 'I-Organization', 'I-Organization', 'O', 'O', 'O', 'O', 'O', 'O', 'O', 'O', 'O', 'O', 'O', 'O', 'O', 'O', 'O', 'O', 'O', 'O', 'O', 'O', 'O', 'O', 'O']","Barrick Gold Corp said on Tuesday its takeover offer for Arequipa Resources Ltd was successful , with 93 percent of the 36.3 million shares not already owned tendered under the bid , which expired overnight .","['Barrick(B-Organization)', 'Gold(I-Organization)', 'Corp(I-Organization)', 'said(O)', 'on(O)', 'Tuesday(O)', 'its(O)', 'takeover(O)', 'offer(O)', 'for(O)', 'Arequipa(B-Organization)', 'Resources(I-Organization)', 'Ltd(I-Organization)', 'was(O)', 'successful(O)', ',(O)', 'with(O)', '93(O)', 'percent(O)', 'of(O)', 'the(O)', '36.3(O)', 'million(O)', 'shares(O)', 'not(O)', 'already(O)', 'owned(O)', 'tendered(O)', 'under(O)', 'the(O)', 'bid(O)', ',(O)', 'which(O)', 'expired(O)', 'overnight(O)', '.(O)']","Barrick(B-Organization) Gold(I-Organization) Corp(I-Organization) said(O) on(O) Tuesday(O) its(O) takeover(O) offer(O) for(O) Arequipa(B-Organization) Resources(I-Organization) Ltd(I-Organization) was(O) successful(O) ,(O) with(O) 93(O) percent(O) of(O) the(O) 36.3(O) million(O) shares(O) not(O) already(O) owned(O) tendered(O) under(O) the(O) bid(O) ,(O) which(O) expired(O) overnight(O) .(O)","Input: Barrick Gold Corp said on Tuesday its takeover offer for Arequipa Resources Ltd was successful , with 93 percent of the 36.3 million shares not already owned tendered under the bid , which expired overnight .
Output: Barrick(B-Organization) Gold(I-Organization) Corp(I-Organization) said(O) on(O) Tuesday(O) its(O) takeover(O) offer(O) for(O) Arequipa(B-Organization) Resources(I-Organization) Ltd(I-Organization) was(O) successful(O) ,(O) with(O) 93(O) percent(O) of(O) the(O) 36.3(O) million(O) shares(O) not(O) already(O) owned(O) tendered(O) under(O) the(O) bid(O) ,(O) which(O) expired(O) overnight(O) .(O)"
10669,['soccer' 'played' 'on' 'Wednesday' ':'],"['O', 'O', 'O', 'O', 'O']",soccer played on Wednesday :,"['soccer(O)', 'played(O)', 'on(O)', 'Wednesday(O)', ':(O)']",soccer(O) played(O) on(O) Wednesday(O) :(O),"Input: soccer played on Wednesday :
Output: soccer(O) played(O) on(O) Wednesday(O) :(O)"
9495,['Nepal' 'offers' 'to' 'talk' 'to' 'Maoist' 'insurgents' '.'],"['B-Location', 'O', 'O', 'O', 'O', 'B-Miscellaneous', 'O', 'O']",Nepal offers to talk to Maoist insurgents .,"['Nepal(B-Location)', 'offers(O)', 'to(O)', 'talk(O)', 'to(O)', 'Maoist(B-Miscellaneous)', 'insurgents(O)', '.(O)']",Nepal(B-Location) offers(O) to(O) talk(O) to(O) Maoist(B-Miscellaneous) insurgents(O) .(O),"Input: Nepal offers to talk to Maoist insurgents .
Output: Nepal(B-Location) offers(O) to(O) talk(O) to(O) Maoist(B-Miscellaneous) insurgents(O) .(O)"
8639,"['""' 'Those' 'little' 'seconds' 'were' 'like' 'an' 'hour' 'to' 'me' ','
 '""' 'said' 'Oncins' ',' 'who' 'promptly' 'fired' 'two' 'serves' 'barely'
 'contained' 'by' 'the' 'baseline' 'as' 'he' 'frittered' 'away' 'his'
 'best' 'chance' '.']","['O', 'O', 'O', 'O', 'O', 'O', 'O', 'O', 'O', 'O', 'O', 'O', 'O', 'B-Person', 'O', 'O', 'O', 'O', 'O', 'O', 'O', 'O', 'O', 'O', 'O', 'O', 'O', 'O', 'O', 'O', 'O', 'O', 'O']",""" Those little seconds were like an hour to me , "" said Oncins , who promptly fired two serves barely contained by the baseline as he frittered away his best chance .","['""(O)', 'Those(O)', 'little(O)', 'seconds(O)', 'were(O)', 'like(O)', 'an(O)', 'hour(O)', 'to(O)', 'me(O)', ',(O)', '""(O)', 'said(O)', 'Oncins(B-Person)', ',(O)', 'who(O)', 'promptly(O)', 'fired(O)', 'two(O)', 'serves(O)', 'barely(O)', 'contained(O)', 'by(O)', 'the(O)', 'baseline(O)', 'as(O)', 'he(O)', 'frittered(O)', 'away(O)', 'his(O)', 'best(O)', 'chance(O)', '.(O)']","""(O) Those(O) little(O) seconds(O) were(O) like(O) an(O) hour(O) to(O) me(O) ,(O) ""(O) said(O) Oncins(B-Person) ,(O) who(O) promptly(O) fired(O) two(O) serves(O) barely(O) contained(O) by(O) the(O) baseline(O) as(O) he(O) frittered(O) away(O) his(O) best(O) chance(O) .(O)","Input: "" Those little seconds were like an hour to me , "" said Oncins , who promptly fired two serves barely contained by the baseline as he frittered away his best chance .
Output: ""(O) Those(O) little(O) seconds(O) were(O) like(O) an(O) hour(O) to(O) me(O) ,(O) ""(O) said(O) Oncins(B-Person) ,(O) who(O) promptly(O) fired(O) two(O) serves(O) barely(O) contained(O) by(O) the(O) baseline(O) as(O) he(O) frittered(O) away(O) his(O) best(O) chance(O) .(O)"
12324,['A.' 'Stewart' 'lbw' 'b' 'Waqar' 'Younis' '48'],"['B-Person', 'I-Person', 'O', 'O', 'B-Person', 'I-Person', 'O']",A. Stewart lbw b Waqar Younis 48,"['A.(B-Person)', 'Stewart(I-Person)', 'lbw(O)', 'b(O)', 'Waqar(B-Person)', 'Younis(I-Person)', '48(O)']",A.(B-Person) Stewart(I-Person) lbw(O) b(O) Waqar(B-Person) Younis(I-Person) 48(O),"Input: A. Stewart lbw b Waqar Younis 48
Output: A.(B-Person) Stewart(I-Person) lbw(O) b(O) Waqar(B-Person) Younis(I-Person) 48(O)"
4074,['Hansa' 'Rostock' '0' 'Hamburg' '1'],"['B-Organization', 'I-Organization', 'O', 'B-Organization', 'O']",Hansa Rostock 0 Hamburg 1,"['Hansa(B-Organization)', 'Rostock(I-Organization)', '0(O)', 'Hamburg(B-Organization)', '1(O)']",Hansa(B-Organization) Rostock(I-Organization) 0(O) Hamburg(B-Organization) 1(O),"Input: Hansa Rostock 0 Hamburg 1
Output: Hansa(B-Organization) Rostock(I-Organization) 0(O) Hamburg(B-Organization) 1(O)"
7905,"['RABOBANK' '[' 'RABN.CN' ']' 'SEES' 'H2' 'NET' 'GROWTH' 'UNDER' '10'
 'PCT' '.']","['B-Organization', 'O', 'O', 'O', 'O', 'O', 'O', 'O', 'O', 'O', 'O', 'O']",RABOBANK [ RABN.CN ] SEES H2 NET GROWTH UNDER 10 PCT .,"['RABOBANK(B-Organization)', '[(O)', 'RABN.CN(O)', '](O)', 'SEES(O)', 'H2(O)', 'NET(O)', 'GROWTH(O)', 'UNDER(O)', '10(O)', 'PCT(O)', '.(O)']",RABOBANK(B-Organization) [(O) RABN.CN(O) ](O) SEES(O) H2(O) NET(O) GROWTH(O) UNDER(O) 10(O) PCT(O) .(O),"Input: RABOBANK [ RABN.CN ] SEES H2 NET GROWTH UNDER 10 PCT .
Output: RABOBANK(B-Organization) [(O) RABN.CN(O) ](O) SEES(O) H2(O) NET(O) GROWTH(O) UNDER(O) 10(O) PCT(O) .(O)"
5406,"['I' 'got' 'the' 'good' 'part' 'of' 'the' 'bat' 'on' 'it' 'and' 'it'
 'carried' 'out' '.' '""']","['O', 'O', 'O', 'O', 'O', 'O', 'O', 'O', 'O', 'O', 'O', 'O', 'O', 'O', 'O', 'O']","I got the good part of the bat on it and it carried out . ""","['I(O)', 'got(O)', 'the(O)', 'good(O)', 'part(O)', 'of(O)', 'the(O)', 'bat(O)', 'on(O)', 'it(O)', 'and(O)', 'it(O)', 'carried(O)', 'out(O)', '.(O)', '""(O)']","I(O) got(O) the(O) good(O) part(O) of(O) the(O) bat(O) on(O) it(O) and(O) it(O) carried(O) out(O) .(O) ""(O)","Input: I got the good part of the bat on it and it carried out . ""
Output: I(O) got(O) the(O) good(O) part(O) of(O) the(O) bat(O) on(O) it(O) and(O) it(O) carried(O) out(O) .(O) ""(O)"
3215,['CANBERRA' '1996-08-23'],"['B-Location', 'O']",CANBERRA 1996-08-23,"['CANBERRA(B-Location)', '1996-08-23(O)']",CANBERRA(B-Location) 1996-08-23(O),"Input: CANBERRA 1996-08-23
Output: CANBERRA(B-Location) 1996-08-23(O)"
5690,['Club' 'Brugge' '4' '2' '2' '0' '10' '4' '8'],"['B-Organization', 'I-Organization', 'O', 'O', 'O', 'O', 'O', 'O', 'O']",Club Brugge 4 2 2 0 10 4 8,"['Club(B-Organization)', 'Brugge(I-Organization)', '4(O)', '2(O)', '2(O)', '0(O)', '10(O)', '4(O)', '8(O)']",Club(B-Organization) Brugge(I-Organization) 4(O) 2(O) 2(O) 0(O) 10(O) 4(O) 8(O),"Input: Club Brugge 4 2 2 0 10 4 8
Output: Club(B-Organization) Brugge(I-Organization) 4(O) 2(O) 2(O) 0(O) 10(O) 4(O) 8(O)"
482,"['Daniel' 'Nestor' '(' 'Canada' ')' 'beat' '1' '-' 'Thomas' 'Muster' '('
 'Austria' ')' '6-3' '7-5']","['B-Person', 'I-Person', 'O', 'B-Location', 'O', 'O', 'O', 'O', 'B-Person', 'I-Person', 'O', 'B-Location', 'O', 'O', 'O']",Daniel Nestor ( Canada ) beat 1 - Thomas Muster ( Austria ) 6-3 7-5,"['Daniel(B-Person)', 'Nestor(I-Person)', '((O)', 'Canada(B-Location)', ')(O)', 'beat(O)', '1(O)', '-(O)', 'Thomas(B-Person)', 'Muster(I-Person)', '((O)', 'Austria(B-Location)', ')(O)', '6-3(O)', '7-5(O)']",Daniel(B-Person) Nestor(I-Person) ((O) Canada(B-Location) )(O) beat(O) 1(O) -(O) Thomas(B-Person) Muster(I-Person) ((O) Austria(B-Location) )(O) 6-3(O) 7-5(O),"Input: Daniel Nestor ( Canada ) beat 1 - Thomas Muster ( Austria ) 6-3 7-5
Output: Daniel(B-Person) Nestor(I-Person) ((O) Canada(B-Location) )(O) beat(O) 1(O) -(O) Thomas(B-Person) Muster(I-Person) ((O) Austria(B-Location) )(O) 6-3(O) 7-5(O)"
4600,['5.' 'Nicolas' 'Charlier' '(' 'France' ')' 'Kawasaki'],"['O', 'B-Person', 'I-Person', 'O', 'B-Location', 'O', 'B-Organization']",5. Nicolas Charlier ( France ) Kawasaki,"['5.(O)', 'Nicolas(B-Person)', 'Charlier(I-Person)', '((O)', 'France(B-Location)', ')(O)', 'Kawasaki(B-Organization)']",5.(O) Nicolas(B-Person) Charlier(I-Person) ((O) France(B-Location) )(O) Kawasaki(B-Organization),"Input: 5. Nicolas Charlier ( France ) Kawasaki
Output: 5.(O) Nicolas(B-Person) Charlier(I-Person) ((O) France(B-Location) )(O) Kawasaki(B-Organization)"
2244,"['In' 'her' 'first' 'mile' 'race' 'at' 'the' 'richest' 'meeting' 'in'
 'Zurich' 'last' 'Wednesday' ',' 'she' 'slashed' '3.05' 'seconds' 'off'
 'the' 'previous' 'record' '.']","['O', 'O', 'O', 'O', 'O', 'O', 'O', 'O', 'O', 'O', 'B-Location', 'O', 'O', 'O', 'O', 'O', 'O', 'O', 'O', 'O', 'O', 'O', 'O']","In her first mile race at the richest meeting in Zurich last Wednesday , she slashed 3.05 seconds off the previous record .","['In(O)', 'her(O)', 'first(O)', 'mile(O)', 'race(O)', 'at(O)', 'the(O)', 'richest(O)', 'meeting(O)', 'in(O)', 'Zurich(B-Location)', 'last(O)', 'Wednesday(O)', ',(O)', 'she(O)', 'slashed(O)', '3.05(O)', 'seconds(O)', 'off(O)', 'the(O)', 'previous(O)', 'record(O)', '.(O)']","In(O) her(O) first(O) mile(O) race(O) at(O) the(O) richest(O) meeting(O) in(O) Zurich(B-Location) last(O) Wednesday(O) ,(O) she(O) slashed(O) 3.05(O) seconds(O) off(O) the(O) previous(O) record(O) .(O)","Input: In her first mile race at the richest meeting in Zurich last Wednesday , she slashed 3.05 seconds off the previous record .
Output: In(O) her(O) first(O) mile(O) race(O) at(O) the(O) richest(O) meeting(O) in(O) Zurich(B-Location) last(O) Wednesday(O) ,(O) she(O) slashed(O) 3.05(O) seconds(O) off(O) the(O) previous(O) record(O) .(O)"
6397,['Leicestershire' '13' '6' '1' '6' '43' '45' '202'],"['B-Organization', 'O', 'O', 'O', 'O', 'O', 'O', 'O']",Leicestershire 13 6 1 6 43 45 202,"['Leicestershire(B-Organization)', '13(O)', '6(O)', '1(O)', '6(O)', '43(O)', '45(O)', '202(O)']",Leicestershire(B-Organization) 13(O) 6(O) 1(O) 6(O) 43(O) 45(O) 202(O),"Input: Leicestershire 13 6 1 6 43 45 202
Output: Leicestershire(B-Organization) 13(O) 6(O) 1(O) 6(O) 43(O) 45(O) 202(O)"
3191,['Group' 'pre-tax' 'profit' '188' 'vs' '160'],"['O', 'O', 'O', 'O', 'O', 'O']",Group pre-tax profit 188 vs 160,"['Group(O)', 'pre-tax(O)', 'profit(O)', '188(O)', 'vs(O)', '160(O)']",Group(O) pre-tax(O) profit(O) 188(O) vs(O) 160(O),"Input: Group pre-tax profit 188 vs 160
Output: Group(O) pre-tax(O) profit(O) 188(O) vs(O) 160(O)"
9779,"['Stansted' ',' 'London' ""'s"" 'third-busiest' 'airport' 'after' 'Heathrow'
 'and' 'Gatwick' ',' 'is' 'located' 'about' '30' 'miles' '(' '48' 'km' ')'
 'northeast' 'of' 'the' 'capital' '.']","['B-Location', 'O', 'B-Location', 'O', 'O', 'O', 'O', 'B-Location', 'O', 'B-Location', 'O', 'O', 'O', 'O', 'O', 'O', 'O', 'O', 'O', 'O', 'O', 'O', 'O', 'O', 'O']","Stansted , London 's third-busiest airport after Heathrow and Gatwick , is located about 30 miles ( 48 km ) northeast of the capital .","['Stansted(B-Location)', ',(O)', 'London(B-Location)', ""'s(O)"", 'third-busiest(O)', 'airport(O)', 'after(O)', 'Heathrow(B-Location)', 'and(O)', 'Gatwick(B-Location)', ',(O)', 'is(O)', 'located(O)', 'about(O)', '30(O)', 'miles(O)', '((O)', '48(O)', 'km(O)', ')(O)', 'northeast(O)', 'of(O)', 'the(O)', 'capital(O)', '.(O)']","Stansted(B-Location) ,(O) London(B-Location) 's(O) third-busiest(O) airport(O) after(O) Heathrow(B-Location) and(O) Gatwick(B-Location) ,(O) is(O) located(O) about(O) 30(O) miles(O) ((O) 48(O) km(O) )(O) northeast(O) of(O) the(O) capital(O) .(O)","Input: Stansted , London 's third-busiest airport after Heathrow and Gatwick , is located about 30 miles ( 48 km ) northeast of the capital .
Output: Stansted(B-Location) ,(O) London(B-Location) 's(O) third-busiest(O) airport(O) after(O) Heathrow(B-Location) and(O) Gatwick(B-Location) ,(O) is(O) located(O) about(O) 30(O) miles(O) ((O) 48(O) km(O) )(O) northeast(O) of(O) the(O) capital(O) .(O)"
5125,"['for' ',' 'against' ',' 'points' ')' ':']","['O', 'O', 'O', 'O', 'O', 'O', 'O']","for , against , points ) :","['for(O)', ',(O)', 'against(O)', ',(O)', 'points(O)', ')(O)', ':(O)']","for(O) ,(O) against(O) ,(O) points(O) )(O) :(O)","Input: for , against , points ) :
Output: for(O) ,(O) against(O) ,(O) points(O) )(O) :(O)"
3384,"['Finland' ""'s"" 'Juha' 'Kankkunen' 'produced' 'an' 'impressive'
 'performance' 'in' 'his' 'Toyota' 'on' 'Saturday' 'to' 'open' 'up' 'a'
 '37' 'seconds' 'lead' 'after' 'six' 'stages' 'of' 'the' '1,000' 'Lakes'
 'Rally' ',' 'sixth' 'round' 'of' 'the' 'world' 'championship' '.']","['B-Location', 'O', 'B-Person', 'I-Person', 'O', 'O', 'O', 'O', 'O', 'O', 'B-Organization', 'O', 'O', 'O', 'O', 'O', 'O', 'O', 'O', 'O', 'O', 'O', 'O', 'O', 'O', 'B-Miscellaneous', 'I-Miscellaneous', 'I-Miscellaneous', 'O', 'O', 'O', 'O', 'O', 'O', 'O', 'O']","Finland 's Juha Kankkunen produced an impressive performance in his Toyota on Saturday to open up a 37 seconds lead after six stages of the 1,000 Lakes Rally , sixth round of the world championship .","['Finland(B-Location)', ""'s(O)"", 'Juha(B-Person)', 'Kankkunen(I-Person)', 'produced(O)', 'an(O)', 'impressive(O)', 'performance(O)', 'in(O)', 'his(O)', 'Toyota(B-Organization)', 'on(O)', 'Saturday(O)', 'to(O)', 'open(O)', 'up(O)', 'a(O)', '37(O)', 'seconds(O)', 'lead(O)', 'after(O)', 'six(O)', 'stages(O)', 'of(O)', 'the(O)', '1,000(B-Miscellaneous)', 'Lakes(I-Miscellaneous)', 'Rally(I-Miscellaneous)', ',(O)', 'sixth(O)', 'round(O)', 'of(O)', 'the(O)', 'world(O)', 'championship(O)', '.(O)']","Finland(B-Location) 's(O) Juha(B-Person) Kankkunen(I-Person) produced(O) an(O) impressive(O) performance(O) in(O) his(O) Toyota(B-Organization) on(O) Saturday(O) to(O) open(O) up(O) a(O) 37(O) seconds(O) lead(O) after(O) six(O) stages(O) of(O) the(O) 1,000(B-Miscellaneous) Lakes(I-Miscellaneous) Rally(I-Miscellaneous) ,(O) sixth(O) round(O) of(O) the(O) world(O) championship(O) .(O)","Input: Finland 's Juha Kankkunen produced an impressive performance in his Toyota on Saturday to open up a 37 seconds lead after six stages of the 1,000 Lakes Rally , sixth round of the world championship .
Output: Finland(B-Location) 's(O) Juha(B-Person) Kankkunen(I-Person) produced(O) an(O) impressive(O) performance(O) in(O) his(O) Toyota(B-Organization) on(O) Saturday(O) to(O) open(O) up(O) a(O) 37(O) seconds(O) lead(O) after(O) six(O) stages(O) of(O) the(O) 1,000(B-Miscellaneous) Lakes(I-Miscellaneous) Rally(I-Miscellaneous) ,(O) sixth(O) round(O) of(O) the(O) world(O) championship(O) .(O)"
12381,"['Portsmouth' ':' 'Middlesex' '199' 'and' '226-1' '(' 'J.' 'Pooley' '106'
 'not' 'out' ',' 'M.' 'Ramprakash' '81' 'not' 'out' ')' ',' 'Hampshire'
 '232' '(' 'A.' 'Fraser' '5-55' ',' 'R.' 'Fay' '4-77' ')']","['B-Location', 'O', 'B-Organization', 'O', 'O', 'O', 'O', 'B-Person', 'I-Person', 'O', 'O', 'O', 'O', 'B-Person', 'I-Person', 'O', 'O', 'O', 'O', 'O', 'B-Organization', 'O', 'O', 'B-Person', 'I-Person', 'O', 'O', 'B-Person', 'I-Person', 'O', 'O']","Portsmouth : Middlesex 199 and 226-1 ( J. Pooley 106 not out , M. Ramprakash 81 not out ) , Hampshire 232 ( A. Fraser 5-55 , R. Fay 4-77 )","['Portsmouth(B-Location)', ':(O)', 'Middlesex(B-Organization)', '199(O)', 'and(O)', '226-1(O)', '((O)', 'J.(B-Person)', 'Pooley(I-Person)', '106(O)', 'not(O)', 'out(O)', ',(O)', 'M.(B-Person)', 'Ramprakash(I-Person)', '81(O)', 'not(O)', 'out(O)', ')(O)', ',(O)', 'Hampshire(B-Organization)', '232(O)', '((O)', 'A.(B-Person)', 'Fraser(I-Person)', '5-55(O)', ',(O)', 'R.(B-Person)', 'Fay(I-Person)', '4-77(O)', ')(O)']","Portsmouth(B-Location) :(O) Middlesex(B-Organization) 199(O) and(O) 226-1(O) ((O) J.(B-Person) Pooley(I-Person) 106(O) not(O) out(O) ,(O) M.(B-Person) Ramprakash(I-Person) 81(O) not(O) out(O) )(O) ,(O) Hampshire(B-Organization) 232(O) ((O) A.(B-Person) Fraser(I-Person) 5-55(O) ,(O) R.(B-Person) Fay(I-Person) 4-77(O) )(O)","Input: Portsmouth : Middlesex 199 and 226-1 ( J. Pooley 106 not out , M. Ramprakash 81 not out ) , Hampshire 232 ( A. Fraser 5-55 , R. Fay 4-77 )
Output: Portsmouth(B-Location) :(O) Middlesex(B-Organization) 199(O) and(O) 226-1(O) ((O) J.(B-Person) Pooley(I-Person) 106(O) not(O) out(O) ,(O) M.(B-Person) Ramprakash(I-Person) 81(O) not(O) out(O) )(O) ,(O) Hampshire(B-Organization) 232(O) ((O) A.(B-Person) Fraser(I-Person) 5-55(O) ,(O) R.(B-Person) Fay(I-Person) 4-77(O) )(O)"
13410,"['Egyptian' 'police' 'have' 'arrested' 'eight' 'people' 'who' 'were'
 'trying' 'to' 'sell' 'an' 'ancient' 'copy' 'of' 'the' 'Old' 'Testament'
 ',' 'the' 'official' 'al-Akhbar' 'newspaper' 'said' 'on' 'Thursday' '.']","['B-Miscellaneous', 'O', 'O', 'O', 'O', 'O', 'O', 'O', 'O', 'O', 'O', 'O', 'O', 'O', 'O', 'O', 'B-Miscellaneous', 'I-Miscellaneous', 'O', 'O', 'O', 'B-Organization', 'O', 'O', 'O', 'O', 'O']","Egyptian police have arrested eight people who were trying to sell an ancient copy of the Old Testament , the official al-Akhbar newspaper said on Thursday .","['Egyptian(B-Miscellaneous)', 'police(O)', 'have(O)', 'arrested(O)', 'eight(O)', 'people(O)', 'who(O)', 'were(O)', 'trying(O)', 'to(O)', 'sell(O)', 'an(O)', 'ancient(O)', 'copy(O)', 'of(O)', 'the(O)', 'Old(B-Miscellaneous)', 'Testament(I-Miscellaneous)', ',(O)', 'the(O)', 'official(O)', 'al-Akhbar(B-Organization)', 'newspaper(O)', 'said(O)', 'on(O)', 'Thursday(O)', '.(O)']","Egyptian(B-Miscellaneous) police(O) have(O) arrested(O) eight(O) people(O) who(O) were(O) trying(O) to(O) sell(O) an(O) ancient(O) copy(O) of(O) the(O) Old(B-Miscellaneous) Testament(I-Miscellaneous) ,(O) the(O) official(O) al-Akhbar(B-Organization) newspaper(O) said(O) on(O) Thursday(O) .(O)","Input: Egyptian police have arrested eight people who were trying to sell an ancient copy of the Old Testament , the official al-Akhbar newspaper said on Thursday .
Output: Egyptian(B-Miscellaneous) police(O) have(O) arrested(O) eight(O) people(O) who(O) were(O) trying(O) to(O) sell(O) an(O) ancient(O) copy(O) of(O) the(O) Old(B-Miscellaneous) Testament(I-Miscellaneous) ,(O) the(O) official(O) al-Akhbar(B-Organization) newspaper(O) said(O) on(O) Thursday(O) .(O)"
1693,"['""' 'More' 'generally' ',' 'the' 'long-term' 'effects' 'of' 'fiscal'
 'consolidation' 'are' 'clearly' 'positive' ',' 'with' 'higher' 'saving'
 'tending' 'to' 'promote' 'economic' 'growth' 'by' 'raising' 'investment'
 'and' 'lowering' 'long-term' 'real' 'interest' 'rates' ',' '""' 'the'
 'RBA' 'said' '.']","['O', 'O', 'O', 'O', 'O', 'O', 'O', 'O', 'O', 'O', 'O', 'O', 'O', 'O', 'O', 'O', 'O', 'O', 'O', 'O', 'O', 'O', 'O', 'O', 'O', 'O', 'O', 'O', 'O', 'O', 'O', 'O', 'O', 'O', 'B-Organization', 'O', 'O']",""" More generally , the long-term effects of fiscal consolidation are clearly positive , with higher saving tending to promote economic growth by raising investment and lowering long-term real interest rates , "" the RBA said .","['""(O)', 'More(O)', 'generally(O)', ',(O)', 'the(O)', 'long-term(O)', 'effects(O)', 'of(O)', 'fiscal(O)', 'consolidation(O)', 'are(O)', 'clearly(O)', 'positive(O)', ',(O)', 'with(O)', 'higher(O)', 'saving(O)', 'tending(O)', 'to(O)', 'promote(O)', 'economic(O)', 'growth(O)', 'by(O)', 'raising(O)', 'investment(O)', 'and(O)', 'lowering(O)', 'long-term(O)', 'real(O)', 'interest(O)', 'rates(O)', ',(O)', '""(O)', 'the(O)', 'RBA(B-Organization)', 'said(O)', '.(O)']","""(O) More(O) generally(O) ,(O) the(O) long-term(O) effects(O) of(O) fiscal(O) consolidation(O) are(O) clearly(O) positive(O) ,(O) with(O) higher(O) saving(O) tending(O) to(O) promote(O) economic(O) growth(O) by(O) raising(O) investment(O) and(O) lowering(O) long-term(O) real(O) interest(O) rates(O) ,(O) ""(O) the(O) RBA(B-Organization) said(O) .(O)","Input: "" More generally , the long-term effects of fiscal consolidation are clearly positive , with higher saving tending to promote economic growth by raising investment and lowering long-term real interest rates , "" the RBA said .
Output: ""(O) More(O) generally(O) ,(O) the(O) long-term(O) effects(O) of(O) fiscal(O) consolidation(O) are(O) clearly(O) positive(O) ,(O) with(O) higher(O) saving(O) tending(O) to(O) promote(O) economic(O) growth(O) by(O) raising(O) investment(O) and(O) lowering(O) long-term(O) real(O) interest(O) rates(O) ,(O) ""(O) the(O) RBA(B-Organization) said(O) .(O)"
5322,['Samsung' '47' '5' '54' '.467' '15'],"['B-Organization', 'O', 'O', 'O', 'O', 'O']",Samsung 47 5 54 .467 15,"['Samsung(B-Organization)', '47(O)', '5(O)', '54(O)', '.467(O)', '15(O)']",Samsung(B-Organization) 47(O) 5(O) 54(O) .467(O) 15(O),"Input: Samsung 47 5 54 .467 15
Output: Samsung(B-Organization) 47(O) 5(O) 54(O) .467(O) 15(O)"
12270,['Olympic' 'sprint' 'championship' '(' 'three-man' 'teams' ')' ':'],"['B-Miscellaneous', 'O', 'O', 'O', 'O', 'O', 'O', 'O']",Olympic sprint championship ( three-man teams ) :,"['Olympic(B-Miscellaneous)', 'sprint(O)', 'championship(O)', '((O)', 'three-man(O)', 'teams(O)', ')(O)', ':(O)']",Olympic(B-Miscellaneous) sprint(O) championship(O) ((O) three-man(O) teams(O) )(O) :(O),"Input: Olympic sprint championship ( three-man teams ) :
Output: Olympic(B-Miscellaneous) sprint(O) championship(O) ((O) three-man(O) teams(O) )(O) :(O)"
11549,['Closing' 'prices' 'as' 'follows' ':'],"['O', 'O', 'O', 'O', 'O']",Closing prices as follows :,"['Closing(O)', 'prices(O)', 'as(O)', 'follows(O)', ':(O)']",Closing(O) prices(O) as(O) follows(O) :(O),"Input: Closing prices as follows :
Output: Closing(O) prices(O) as(O) follows(O) :(O)"
1899,['(' 'Slovakia' ')' '7-6' '(' '7-4' ')' '6-2'],"['O', 'B-Location', 'O', 'O', 'O', 'O', 'O', 'O']",( Slovakia ) 7-6 ( 7-4 ) 6-2,"['((O)', 'Slovakia(B-Location)', ')(O)', '7-6(O)', '((O)', '7-4(O)', ')(O)', '6-2(O)']",((O) Slovakia(B-Location) )(O) 7-6(O) ((O) 7-4(O) )(O) 6-2(O),"Input: ( Slovakia ) 7-6 ( 7-4 ) 6-2
Output: ((O) Slovakia(B-Location) )(O) 7-6(O) ((O) 7-4(O) )(O) 6-2(O)"
13614,['Galeforce' 'winds' 'and' 'heavy' 'rains' 'batter' 'Belgium' '.'],"['O', 'O', 'O', 'O', 'O', 'O', 'B-Location', 'O']",Galeforce winds and heavy rains batter Belgium .,"['Galeforce(O)', 'winds(O)', 'and(O)', 'heavy(O)', 'rains(O)', 'batter(O)', 'Belgium(B-Location)', '.(O)']",Galeforce(O) winds(O) and(O) heavy(O) rains(O) batter(O) Belgium(B-Location) .(O),"Input: Galeforce winds and heavy rains batter Belgium .
Output: Galeforce(O) winds(O) and(O) heavy(O) rains(O) batter(O) Belgium(B-Location) .(O)"
6716,['PRAGUE' '1996-08-26'],"['B-Location', 'O']",PRAGUE 1996-08-26,"['PRAGUE(B-Location)', '1996-08-26(O)']",PRAGUE(B-Location) 1996-08-26(O),"Input: PRAGUE 1996-08-26
Output: PRAGUE(B-Location) 1996-08-26(O)"
3472,['-' '4' 'Greg' 'Norman' '(' 'Australia' ')' 'through' '8'],"['O', 'O', 'B-Person', 'I-Person', 'O', 'B-Location', 'O', 'O', 'O']",- 4 Greg Norman ( Australia ) through 8,"['-(O)', '4(O)', 'Greg(B-Person)', 'Norman(I-Person)', '((O)', 'Australia(B-Location)', ')(O)', 'through(O)', '8(O)']",-(O) 4(O) Greg(B-Person) Norman(I-Person) ((O) Australia(B-Location) )(O) through(O) 8(O),"Input: - 4 Greg Norman ( Australia ) through 8
Output: -(O) 4(O) Greg(B-Person) Norman(I-Person) ((O) Australia(B-Location) )(O) through(O) 8(O)"
10074,"['10.' 'Kaspars' 'Ozers' '(' 'Latvia' ')' 'Motorola' 'all' 'same' 'time'
 '.']","['O', 'B-Person', 'I-Person', 'O', 'B-Location', 'O', 'B-Organization', 'O', 'O', 'O', 'O']",10. Kaspars Ozers ( Latvia ) Motorola all same time .,"['10.(O)', 'Kaspars(B-Person)', 'Ozers(I-Person)', '((O)', 'Latvia(B-Location)', ')(O)', 'Motorola(B-Organization)', 'all(O)', 'same(O)', 'time(O)', '.(O)']",10.(O) Kaspars(B-Person) Ozers(I-Person) ((O) Latvia(B-Location) )(O) Motorola(B-Organization) all(O) same(O) time(O) .(O),"Input: 10. Kaspars Ozers ( Latvia ) Motorola all same time .
Output: 10.(O) Kaspars(B-Person) Ozers(I-Person) ((O) Latvia(B-Location) )(O) Motorola(B-Organization) all(O) same(O) time(O) .(O)"
4331,"['Attorney' 'General' 'Janet' 'Reno' ""'s"" 'report' '--' 'all' 'nine'
 'pages' 'of' 'it' ',' 'including' 'footnotes' '--' 'offers' 'only' 'the'
 'interim' 'services' 'of' 'the' 'FBI' 'until' 'a' 'formal' 'registry'
 'on' 'sex' 'offenders' 'has' 'been' 'established' '.']","['O', 'O', 'B-Person', 'I-Person', 'O', 'O', 'O', 'O', 'O', 'O', 'O', 'O', 'O', 'O', 'O', 'O', 'O', 'O', 'O', 'O', 'O', 'O', 'O', 'B-Organization', 'O', 'O', 'O', 'O', 'O', 'O', 'O', 'O', 'O', 'O', 'O']","Attorney General Janet Reno 's report -- all nine pages of it , including footnotes -- offers only the interim services of the FBI until a formal registry on sex offenders has been established .","['Attorney(O)', 'General(O)', 'Janet(B-Person)', 'Reno(I-Person)', ""'s(O)"", 'report(O)', '--(O)', 'all(O)', 'nine(O)', 'pages(O)', 'of(O)', 'it(O)', ',(O)', 'including(O)', 'footnotes(O)', '--(O)', 'offers(O)', 'only(O)', 'the(O)', 'interim(O)', 'services(O)', 'of(O)', 'the(O)', 'FBI(B-Organization)', 'until(O)', 'a(O)', 'formal(O)', 'registry(O)', 'on(O)', 'sex(O)', 'offenders(O)', 'has(O)', 'been(O)', 'established(O)', '.(O)']","Attorney(O) General(O) Janet(B-Person) Reno(I-Person) 's(O) report(O) --(O) all(O) nine(O) pages(O) of(O) it(O) ,(O) including(O) footnotes(O) --(O) offers(O) only(O) the(O) interim(O) services(O) of(O) the(O) FBI(B-Organization) until(O) a(O) formal(O) registry(O) on(O) sex(O) offenders(O) has(O) been(O) established(O) .(O)","Input: Attorney General Janet Reno 's report -- all nine pages of it , including footnotes -- offers only the interim services of the FBI until a formal registry on sex offenders has been established .
Output: Attorney(O) General(O) Janet(B-Person) Reno(I-Person) 's(O) report(O) --(O) all(O) nine(O) pages(O) of(O) it(O) ,(O) including(O) footnotes(O) --(O) offers(O) only(O) the(O) interim(O) services(O) of(O) the(O) FBI(B-Organization) until(O) a(O) formal(O) registry(O) on(O) sex(O) offenders(O) has(O) been(O) established(O) .(O)"
7789,"['Salomon' 'Brothers' 'analyst' 'Paul' 'Ting' 'said' 'he' 'cut' 'his'
 'share' 'earnings' 'estimates' 'on' 'refiners' 'for' 'the' 'third'
 'quarter' 'on' 'the' 'belief' 'the' 'companies' 'will' 'face' 'sharp'
 'revisions' 'in' 'refining' 'and' 'marketing' 'margins' '.']","['B-Organization', 'I-Organization', 'O', 'B-Person', 'I-Person', 'O', 'O', 'O', 'O', 'O', 'O', 'O', 'O', 'O', 'O', 'O', 'O', 'O', 'O', 'O', 'O', 'O', 'O', 'O', 'O', 'O', 'O', 'O', 'O', 'O', 'O', 'O', 'O']",Salomon Brothers analyst Paul Ting said he cut his share earnings estimates on refiners for the third quarter on the belief the companies will face sharp revisions in refining and marketing margins .,"['Salomon(B-Organization)', 'Brothers(I-Organization)', 'analyst(O)', 'Paul(B-Person)', 'Ting(I-Person)', 'said(O)', 'he(O)', 'cut(O)', 'his(O)', 'share(O)', 'earnings(O)', 'estimates(O)', 'on(O)', 'refiners(O)', 'for(O)', 'the(O)', 'third(O)', 'quarter(O)', 'on(O)', 'the(O)', 'belief(O)', 'the(O)', 'companies(O)', 'will(O)', 'face(O)', 'sharp(O)', 'revisions(O)', 'in(O)', 'refining(O)', 'and(O)', 'marketing(O)', 'margins(O)', '.(O)']",Salomon(B-Organization) Brothers(I-Organization) analyst(O) Paul(B-Person) Ting(I-Person) said(O) he(O) cut(O) his(O) share(O) earnings(O) estimates(O) on(O) refiners(O) for(O) the(O) third(O) quarter(O) on(O) the(O) belief(O) the(O) companies(O) will(O) face(O) sharp(O) revisions(O) in(O) refining(O) and(O) marketing(O) margins(O) .(O),"Input: Salomon Brothers analyst Paul Ting said he cut his share earnings estimates on refiners for the third quarter on the belief the companies will face sharp revisions in refining and marketing margins .
Output: Salomon(B-Organization) Brothers(I-Organization) analyst(O) Paul(B-Person) Ting(I-Person) said(O) he(O) cut(O) his(O) share(O) earnings(O) estimates(O) on(O) refiners(O) for(O) the(O) third(O) quarter(O) on(O) the(O) belief(O) the(O) companies(O) will(O) face(O) sharp(O) revisions(O) in(O) refining(O) and(O) marketing(O) margins(O) .(O)"
6622,['Metalurg' '6' '3' '2' '1' '9' '6' '11'],"['B-Organization', 'O', 'O', 'O', 'O', 'O', 'O', 'O']",Metalurg 6 3 2 1 9 6 11,"['Metalurg(B-Organization)', '6(O)', '3(O)', '2(O)', '1(O)', '9(O)', '6(O)', '11(O)']",Metalurg(B-Organization) 6(O) 3(O) 2(O) 1(O) 9(O) 6(O) 11(O),"Input: Metalurg 6 3 2 1 9 6 11
Output: Metalurg(B-Organization) 6(O) 3(O) 2(O) 1(O) 9(O) 6(O) 11(O)"
11792,['NEW' 'YORK' '1996-08-27'],"['B-Location', 'I-Location', 'O']",NEW YORK 1996-08-27,"['NEW(B-Location)', 'YORK(I-Location)', '1996-08-27(O)']",NEW(B-Location) YORK(I-Location) 1996-08-27(O),"Input: NEW YORK 1996-08-27
Output: NEW(B-Location) YORK(I-Location) 1996-08-27(O)"
3621,['Falkirk' '1' 'Partick' '0'],"['B-Organization', 'O', 'B-Organization', 'O']",Falkirk 1 Partick 0,"['Falkirk(B-Organization)', '1(O)', 'Partick(B-Organization)', '0(O)']",Falkirk(B-Organization) 1(O) Partick(B-Organization) 0(O),"Input: Falkirk 1 Partick 0
Output: Falkirk(B-Organization) 1(O) Partick(B-Organization) 0(O)"
13478,"['Baker' 'was' 'secretary' 'of' 'state' 'in' 'the' 'Republican'
 'administration' 'of' 'President' 'George' 'Bush' '.']","['B-Person', 'O', 'O', 'O', 'O', 'O', 'O', 'B-Miscellaneous', 'O', 'O', 'O', 'B-Person', 'I-Person', 'O']",Baker was secretary of state in the Republican administration of President George Bush .,"['Baker(B-Person)', 'was(O)', 'secretary(O)', 'of(O)', 'state(O)', 'in(O)', 'the(O)', 'Republican(B-Miscellaneous)', 'administration(O)', 'of(O)', 'President(O)', 'George(B-Person)', 'Bush(I-Person)', '.(O)']",Baker(B-Person) was(O) secretary(O) of(O) state(O) in(O) the(O) Republican(B-Miscellaneous) administration(O) of(O) President(O) George(B-Person) Bush(I-Person) .(O),"Input: Baker was secretary of state in the Republican administration of President George Bush .
Output: Baker(B-Person) was(O) secretary(O) of(O) state(O) in(O) the(O) Republican(B-Miscellaneous) administration(O) of(O) President(O) George(B-Person) Bush(I-Person) .(O)"
7358,"['Overnight' 'trade' 'at' 'the' 'weekend' 'left' 'a' 'surplus' 'of' '1.2'
 'billion' 'kuna' 'on' 'the' 'supply' 'side' 'after' '40' 'million' 'were'
 'settled' '.']","['O', 'O', 'O', 'O', 'O', 'O', 'O', 'O', 'O', 'O', 'O', 'O', 'O', 'O', 'O', 'O', 'O', 'O', 'O', 'O', 'O', 'O']",Overnight trade at the weekend left a surplus of 1.2 billion kuna on the supply side after 40 million were settled .,"['Overnight(O)', 'trade(O)', 'at(O)', 'the(O)', 'weekend(O)', 'left(O)', 'a(O)', 'surplus(O)', 'of(O)', '1.2(O)', 'billion(O)', 'kuna(O)', 'on(O)', 'the(O)', 'supply(O)', 'side(O)', 'after(O)', '40(O)', 'million(O)', 'were(O)', 'settled(O)', '.(O)']",Overnight(O) trade(O) at(O) the(O) weekend(O) left(O) a(O) surplus(O) of(O) 1.2(O) billion(O) kuna(O) on(O) the(O) supply(O) side(O) after(O) 40(O) million(O) were(O) settled(O) .(O),"Input: Overnight trade at the weekend left a surplus of 1.2 billion kuna on the supply side after 40 million were settled .
Output: Overnight(O) trade(O) at(O) the(O) weekend(O) left(O) a(O) surplus(O) of(O) 1.2(O) billion(O) kuna(O) on(O) the(O) supply(O) side(O) after(O) 40(O) million(O) were(O) settled(O) .(O)"
6167,"['Hasina' 'told' 'a' 'cross' 'section' 'of' 'people' 'at' 'the' 'Bogra'
 'police' 'headquarters' 'on' 'Sunday' 'that' 'the' 'government' 'had'
 'already' 'suspended' 'three' 'police' 'officers' 'and' 'ordered' 'a'
 'judicial' 'probe' 'into' 'the' 'violent' 'incidents' '.']","['B-Person', 'O', 'O', 'O', 'O', 'O', 'O', 'O', 'O', 'B-Location', 'O', 'O', 'O', 'O', 'O', 'O', 'O', 'O', 'O', 'O', 'O', 'O', 'O', 'O', 'O', 'O', 'O', 'O', 'O', 'O', 'O', 'O', 'O']",Hasina told a cross section of people at the Bogra police headquarters on Sunday that the government had already suspended three police officers and ordered a judicial probe into the violent incidents .,"['Hasina(B-Person)', 'told(O)', 'a(O)', 'cross(O)', 'section(O)', 'of(O)', 'people(O)', 'at(O)', 'the(O)', 'Bogra(B-Location)', 'police(O)', 'headquarters(O)', 'on(O)', 'Sunday(O)', 'that(O)', 'the(O)', 'government(O)', 'had(O)', 'already(O)', 'suspended(O)', 'three(O)', 'police(O)', 'officers(O)', 'and(O)', 'ordered(O)', 'a(O)', 'judicial(O)', 'probe(O)', 'into(O)', 'the(O)', 'violent(O)', 'incidents(O)', '.(O)']",Hasina(B-Person) told(O) a(O) cross(O) section(O) of(O) people(O) at(O) the(O) Bogra(B-Location) police(O) headquarters(O) on(O) Sunday(O) that(O) the(O) government(O) had(O) already(O) suspended(O) three(O) police(O) officers(O) and(O) ordered(O) a(O) judicial(O) probe(O) into(O) the(O) violent(O) incidents(O) .(O),"Input: Hasina told a cross section of people at the Bogra police headquarters on Sunday that the government had already suspended three police officers and ordered a judicial probe into the violent incidents .
Output: Hasina(B-Person) told(O) a(O) cross(O) section(O) of(O) people(O) at(O) the(O) Bogra(B-Location) police(O) headquarters(O) on(O) Sunday(O) that(O) the(O) government(O) had(O) already(O) suspended(O) three(O) police(O) officers(O) and(O) ordered(O) a(O) judicial(O) probe(O) into(O) the(O) violent(O) incidents(O) .(O)"
12695,"['The' 'ruling' 'meant' 'that' 'serie' 'B' 'club' 'Genoa' 'now' 'meet'
 'local' 'serie' 'A' 'arch-rivals' 'Sampdoria' 'in' 'the' 'second' 'round'
 '.']","['O', 'O', 'O', 'O', 'O', 'O', 'O', 'B-Organization', 'O', 'O', 'O', 'B-Miscellaneous', 'I-Miscellaneous', 'O', 'B-Organization', 'O', 'O', 'O', 'O', 'O']",The ruling meant that serie B club Genoa now meet local serie A arch-rivals Sampdoria in the second round .,"['The(O)', 'ruling(O)', 'meant(O)', 'that(O)', 'serie(O)', 'B(O)', 'club(O)', 'Genoa(B-Organization)', 'now(O)', 'meet(O)', 'local(O)', 'serie(B-Miscellaneous)', 'A(I-Miscellaneous)', 'arch-rivals(O)', 'Sampdoria(B-Organization)', 'in(O)', 'the(O)', 'second(O)', 'round(O)', '.(O)']",The(O) ruling(O) meant(O) that(O) serie(O) B(O) club(O) Genoa(B-Organization) now(O) meet(O) local(O) serie(B-Miscellaneous) A(I-Miscellaneous) arch-rivals(O) Sampdoria(B-Organization) in(O) the(O) second(O) round(O) .(O),"Input: The ruling meant that serie B club Genoa now meet local serie A arch-rivals Sampdoria in the second round .
Output: The(O) ruling(O) meant(O) that(O) serie(O) B(O) club(O) Genoa(B-Organization) now(O) meet(O) local(O) serie(B-Miscellaneous) A(I-Miscellaneous) arch-rivals(O) Sampdoria(B-Organization) in(O) the(O) second(O) round(O) .(O)"
13731,['BANGKOK' '1996-08-29'],"['B-Location', 'O']",BANGKOK 1996-08-29,"['BANGKOK(B-Location)', '1996-08-29(O)']",BANGKOK(B-Location) 1996-08-29(O),"Input: BANGKOK 1996-08-29
Output: BANGKOK(B-Location) 1996-08-29(O)"
12460,['OB' '42' '6' '61' '.413' '20'],"['B-Organization', 'O', 'O', 'O', 'O', 'O']",OB 42 6 61 .413 20,"['OB(B-Organization)', '42(O)', '6(O)', '61(O)', '.413(O)', '20(O)']",OB(B-Organization) 42(O) 6(O) 61(O) .413(O) 20(O),"Input: OB 42 6 61 .413 20
Output: OB(B-Organization) 42(O) 6(O) 61(O) .413(O) 20(O)"
4917,['and' 'final' 'test' 'at' 'The' 'Oval' 'on' 'Sunday' '.'],"['O', 'O', 'O', 'O', 'B-Location', 'I-Location', 'O', 'O', 'O']",and final test at The Oval on Sunday .,"['and(O)', 'final(O)', 'test(O)', 'at(O)', 'The(B-Location)', 'Oval(I-Location)', 'on(O)', 'Sunday(O)', '.(O)']",and(O) final(O) test(O) at(O) The(B-Location) Oval(I-Location) on(O) Sunday(O) .(O),"Input: and final test at The Oval on Sunday .
Output: and(O) final(O) test(O) at(O) The(B-Location) Oval(I-Location) on(O) Sunday(O) .(O)"
10051,['Leading' 'overall' 'placings' 'after' 'two' 'stages' ':'],"['O', 'O', 'O', 'O', 'O', 'O', 'O']",Leading overall placings after two stages :,"['Leading(O)', 'overall(O)', 'placings(O)', 'after(O)', 'two(O)', 'stages(O)', ':(O)']",Leading(O) overall(O) placings(O) after(O) two(O) stages(O) :(O),"Input: Leading overall placings after two stages :
Output: Leading(O) overall(O) placings(O) after(O) two(O) stages(O) :(O)"
2398,['6.' 'Larbi' 'El' 'Khattabi' '(' 'Morocco' ')' '8:17.29'],"['O', 'B-Person', 'I-Person', 'I-Person', 'O', 'B-Location', 'O', 'O']",6. Larbi El Khattabi ( Morocco ) 8:17.29,"['6.(O)', 'Larbi(B-Person)', 'El(I-Person)', 'Khattabi(I-Person)', '((O)', 'Morocco(B-Location)', ')(O)', '8:17.29(O)']",6.(O) Larbi(B-Person) El(I-Person) Khattabi(I-Person) ((O) Morocco(B-Location) )(O) 8:17.29(O),"Input: 6. Larbi El Khattabi ( Morocco ) 8:17.29
Output: 6.(O) Larbi(B-Person) El(I-Person) Khattabi(I-Person) ((O) Morocco(B-Location) )(O) 8:17.29(O)"
10110,['8.' 'Jose' 'Moreno' '(' 'Spain' ')' '1:05.219'],"['O', 'B-Person', 'I-Person', 'O', 'B-Location', 'O', 'O']",8. Jose Moreno ( Spain ) 1:05.219,"['8.(O)', 'Jose(B-Person)', 'Moreno(I-Person)', '((O)', 'Spain(B-Location)', ')(O)', '1:05.219(O)']",8.(O) Jose(B-Person) Moreno(I-Person) ((O) Spain(B-Location) )(O) 1:05.219(O),"Input: 8. Jose Moreno ( Spain ) 1:05.219
Output: 8.(O) Jose(B-Person) Moreno(I-Person) ((O) Spain(B-Location) )(O) 1:05.219(O)"
857,['Chris' 'Hoiles' 'hit' 'his' '22nd' 'homer' 'for' 'Baltimore' '.'],"['B-Person', 'I-Person', 'O', 'O', 'O', 'O', 'O', 'B-Location', 'O']",Chris Hoiles hit his 22nd homer for Baltimore .,"['Chris(B-Person)', 'Hoiles(I-Person)', 'hit(O)', 'his(O)', '22nd(O)', 'homer(O)', 'for(O)', 'Baltimore(B-Location)', '.(O)']",Chris(B-Person) Hoiles(I-Person) hit(O) his(O) 22nd(O) homer(O) for(O) Baltimore(B-Location) .(O),"Input: Chris Hoiles hit his 22nd homer for Baltimore .
Output: Chris(B-Person) Hoiles(I-Person) hit(O) his(O) 22nd(O) homer(O) for(O) Baltimore(B-Location) .(O)"
5191,"['goals' 'for' ',' 'goals' 'against' ',' 'points' ')' '.']","['O', 'O', 'O', 'O', 'O', 'O', 'O', 'O', 'O']","goals for , goals against , points ) .","['goals(O)', 'for(O)', ',(O)', 'goals(O)', 'against(O)', ',(O)', 'points(O)', ')(O)', '.(O)']","goals(O) for(O) ,(O) goals(O) against(O) ,(O) points(O) )(O) .(O)","Input: goals for , goals against , points ) .
Output: goals(O) for(O) ,(O) goals(O) against(O) ,(O) points(O) )(O) .(O)"
8260,['Leyton' 'Orient' '3' '0' '1' '2' '1' '3' '1'],"['B-Organization', 'I-Organization', 'O', 'O', 'O', 'O', 'O', 'O', 'O']",Leyton Orient 3 0 1 2 1 3 1,"['Leyton(B-Organization)', 'Orient(I-Organization)', '3(O)', '0(O)', '1(O)', '2(O)', '1(O)', '3(O)', '1(O)']",Leyton(B-Organization) Orient(I-Organization) 3(O) 0(O) 1(O) 2(O) 1(O) 3(O) 1(O),"Input: Leyton Orient 3 0 1 2 1 3 1
Output: Leyton(B-Organization) Orient(I-Organization) 3(O) 0(O) 1(O) 2(O) 1(O) 3(O) 1(O)"
9128,"['Banespa' 'has' 'been' 'under' 'central' 'bank' 'special' 'temporary'
 'administration' 'since' 'December' '1994' '.']","['B-Organization', 'O', 'O', 'O', 'O', 'O', 'O', 'O', 'O', 'O', 'O', 'O', 'O']",Banespa has been under central bank special temporary administration since December 1994 .,"['Banespa(B-Organization)', 'has(O)', 'been(O)', 'under(O)', 'central(O)', 'bank(O)', 'special(O)', 'temporary(O)', 'administration(O)', 'since(O)', 'December(O)', '1994(O)', '.(O)']",Banespa(B-Organization) has(O) been(O) under(O) central(O) bank(O) special(O) temporary(O) administration(O) since(O) December(O) 1994(O) .(O),"Input: Banespa has been under central bank special temporary administration since December 1994 .
Output: Banespa(B-Organization) has(O) been(O) under(O) central(O) bank(O) special(O) temporary(O) administration(O) since(O) December(O) 1994(O) .(O)"
13394,"['One' 'trader' 'said' 'despite' 'the' 'fact' 'that' 'some' 'kerosene'
 'was' 'in' 'storage' 'at' 'Dubai' 'ports' ',' 'demand' 'looked' 'to'
 'exceed' 'supply' 'in' 'the' 'near' 'term' '.']","['O', 'O', 'O', 'O', 'O', 'O', 'O', 'O', 'O', 'O', 'O', 'O', 'O', 'B-Location', 'O', 'O', 'O', 'O', 'O', 'O', 'O', 'O', 'O', 'O', 'O', 'O']","One trader said despite the fact that some kerosene was in storage at Dubai ports , demand looked to exceed supply in the near term .","['One(O)', 'trader(O)', 'said(O)', 'despite(O)', 'the(O)', 'fact(O)', 'that(O)', 'some(O)', 'kerosene(O)', 'was(O)', 'in(O)', 'storage(O)', 'at(O)', 'Dubai(B-Location)', 'ports(O)', ',(O)', 'demand(O)', 'looked(O)', 'to(O)', 'exceed(O)', 'supply(O)', 'in(O)', 'the(O)', 'near(O)', 'term(O)', '.(O)']","One(O) trader(O) said(O) despite(O) the(O) fact(O) that(O) some(O) kerosene(O) was(O) in(O) storage(O) at(O) Dubai(B-Location) ports(O) ,(O) demand(O) looked(O) to(O) exceed(O) supply(O) in(O) the(O) near(O) term(O) .(O)","Input: One trader said despite the fact that some kerosene was in storage at Dubai ports , demand looked to exceed supply in the near term .
Output: One(O) trader(O) said(O) despite(O) the(O) fact(O) that(O) some(O) kerosene(O) was(O) in(O) storage(O) at(O) Dubai(B-Location) ports(O) ,(O) demand(O) looked(O) to(O) exceed(O) supply(O) in(O) the(O) near(O) term(O) .(O)"
6955,"['""' 'I' 'think' 'I' 'did' ""n't"" 'play' 'that' 'bad' 'today' '.']","['O', 'O', 'O', 'O', 'O', 'O', 'O', 'O', 'O', 'O', 'O']",""" I think I did n't play that bad today .","['""(O)', 'I(O)', 'think(O)', 'I(O)', 'did(O)', ""n't(O)"", 'play(O)', 'that(O)', 'bad(O)', 'today(O)', '.(O)']","""(O) I(O) think(O) I(O) did(O) n't(O) play(O) that(O) bad(O) today(O) .(O)","Input: "" I think I did n't play that bad today .
Output: ""(O) I(O) think(O) I(O) did(O) n't(O) play(O) that(O) bad(O) today(O) .(O)"
10933,"['When' 'it' 'approved' 'Avonex' 'in' 'May' ',' 'the' 'FDA' 'said' 'both'
 'Biogen' ""'s"" 'product' 'and' 'Betaseron' 'were' 'developed' 'under'
 'the' 'incentives' 'of' 'the' 'Ophran' 'Drug' 'Act' 'which' 'provides'
 'seven' 'years' 'of' 'marketing' 'exclusivity' 'for' 'products' 'that'
 'treat' 'rare' 'diseases' '.']","['O', 'O', 'O', 'B-Miscellaneous', 'O', 'O', 'O', 'O', 'B-Organization', 'O', 'O', 'B-Organization', 'O', 'O', 'O', 'B-Miscellaneous', 'O', 'O', 'O', 'O', 'O', 'O', 'O', 'B-Miscellaneous', 'I-Miscellaneous', 'I-Miscellaneous', 'O', 'O', 'O', 'O', 'O', 'O', 'O', 'O', 'O', 'O', 'O', 'O', 'O', 'O']","When it approved Avonex in May , the FDA said both Biogen 's product and Betaseron were developed under the incentives of the Ophran Drug Act which provides seven years of marketing exclusivity for products that treat rare diseases .","['When(O)', 'it(O)', 'approved(O)', 'Avonex(B-Miscellaneous)', 'in(O)', 'May(O)', ',(O)', 'the(O)', 'FDA(B-Organization)', 'said(O)', 'both(O)', 'Biogen(B-Organization)', ""'s(O)"", 'product(O)', 'and(O)', 'Betaseron(B-Miscellaneous)', 'were(O)', 'developed(O)', 'under(O)', 'the(O)', 'incentives(O)', 'of(O)', 'the(O)', 'Ophran(B-Miscellaneous)', 'Drug(I-Miscellaneous)', 'Act(I-Miscellaneous)', 'which(O)', 'provides(O)', 'seven(O)', 'years(O)', 'of(O)', 'marketing(O)', 'exclusivity(O)', 'for(O)', 'products(O)', 'that(O)', 'treat(O)', 'rare(O)', 'diseases(O)', '.(O)']","When(O) it(O) approved(O) Avonex(B-Miscellaneous) in(O) May(O) ,(O) the(O) FDA(B-Organization) said(O) both(O) Biogen(B-Organization) 's(O) product(O) and(O) Betaseron(B-Miscellaneous) were(O) developed(O) under(O) the(O) incentives(O) of(O) the(O) Ophran(B-Miscellaneous) Drug(I-Miscellaneous) Act(I-Miscellaneous) which(O) provides(O) seven(O) years(O) of(O) marketing(O) exclusivity(O) for(O) products(O) that(O) treat(O) rare(O) diseases(O) .(O)","Input: When it approved Avonex in May , the FDA said both Biogen 's product and Betaseron were developed under the incentives of the Ophran Drug Act which provides seven years of marketing exclusivity for products that treat rare diseases .
Output: When(O) it(O) approved(O) Avonex(B-Miscellaneous) in(O) May(O) ,(O) the(O) FDA(B-Organization) said(O) both(O) Biogen(B-Organization) 's(O) product(O) and(O) Betaseron(B-Miscellaneous) were(O) developed(O) under(O) the(O) incentives(O) of(O) the(O) Ophran(B-Miscellaneous) Drug(I-Miscellaneous) Act(I-Miscellaneous) which(O) provides(O) seven(O) years(O) of(O) marketing(O) exclusivity(O) for(O) products(O) that(O) treat(O) rare(O) diseases(O) .(O)"
8839,['SKODA' 'PLZEN' '1045.56' '1060.00' '10772' '11361.330'],"['B-Organization', 'I-Organization', 'O', 'O', 'O', 'O']",SKODA PLZEN 1045.56 1060.00 10772 11361.330,"['SKODA(B-Organization)', 'PLZEN(I-Organization)', '1045.56(O)', '1060.00(O)', '10772(O)', '11361.330(O)']",SKODA(B-Organization) PLZEN(I-Organization) 1045.56(O) 1060.00(O) 10772(O) 11361.330(O),"Input: SKODA PLZEN 1045.56 1060.00 10772 11361.330
Output: SKODA(B-Organization) PLZEN(I-Organization) 1045.56(O) 1060.00(O) 10772(O) 11361.330(O)"
13391,"['""' 'But' 'for' 'normal' 'jet' 'the' 'weakened' 'demand' 'is' 'quite'
 'noticeable' ',' 'the' 'premium' 'is' 'around' '45-50' 'cents' '.']","['O', 'O', 'O', 'O', 'O', 'O', 'O', 'O', 'O', 'O', 'O', 'O', 'O', 'O', 'O', 'O', 'O', 'O', 'O']",""" But for normal jet the weakened demand is quite noticeable , the premium is around 45-50 cents .","['""(O)', 'But(O)', 'for(O)', 'normal(O)', 'jet(O)', 'the(O)', 'weakened(O)', 'demand(O)', 'is(O)', 'quite(O)', 'noticeable(O)', ',(O)', 'the(O)', 'premium(O)', 'is(O)', 'around(O)', '45-50(O)', 'cents(O)', '.(O)']","""(O) But(O) for(O) normal(O) jet(O) the(O) weakened(O) demand(O) is(O) quite(O) noticeable(O) ,(O) the(O) premium(O) is(O) around(O) 45-50(O) cents(O) .(O)","Input: "" But for normal jet the weakened demand is quite noticeable , the premium is around 45-50 cents .
Output: ""(O) But(O) for(O) normal(O) jet(O) the(O) weakened(O) demand(O) is(O) quite(O) noticeable(O) ,(O) the(O) premium(O) is(O) around(O) 45-50(O) cents(O) .(O)"
8159,"['""' 'Regrettably' 'Jimmy' 'has' 'felt' 'unable' 'to' 'accept' 'that'
 'offer' ',' 'and' 'has' 'accordingly' 'left' 'the' 'club' '.' '""']","['O', 'O', 'B-Person', 'O', 'O', 'O', 'O', 'O', 'O', 'O', 'O', 'O', 'O', 'O', 'O', 'O', 'O', 'O', 'O']",""" Regrettably Jimmy has felt unable to accept that offer , and has accordingly left the club . ""","['""(O)', 'Regrettably(O)', 'Jimmy(B-Person)', 'has(O)', 'felt(O)', 'unable(O)', 'to(O)', 'accept(O)', 'that(O)', 'offer(O)', ',(O)', 'and(O)', 'has(O)', 'accordingly(O)', 'left(O)', 'the(O)', 'club(O)', '.(O)', '""(O)']","""(O) Regrettably(O) Jimmy(B-Person) has(O) felt(O) unable(O) to(O) accept(O) that(O) offer(O) ,(O) and(O) has(O) accordingly(O) left(O) the(O) club(O) .(O) ""(O)","Input: "" Regrettably Jimmy has felt unable to accept that offer , and has accordingly left the club . ""
Output: ""(O) Regrettably(O) Jimmy(B-Person) has(O) felt(O) unable(O) to(O) accept(O) that(O) offer(O) ,(O) and(O) has(O) accordingly(O) left(O) the(O) club(O) .(O) ""(O)"
8500,"['4' '-' 'Conchita' 'Martinez' '(' 'Spain' ')' 'beat' 'Ruxandra'
 'Dragomir' '(' 'Romania' ')' '6-2' '6-0']","['O', 'O', 'B-Person', 'I-Person', 'O', 'B-Location', 'O', 'O', 'B-Person', 'I-Person', 'O', 'B-Location', 'O', 'O', 'O']",4 - Conchita Martinez ( Spain ) beat Ruxandra Dragomir ( Romania ) 6-2 6-0,"['4(O)', '-(O)', 'Conchita(B-Person)', 'Martinez(I-Person)', '((O)', 'Spain(B-Location)', ')(O)', 'beat(O)', 'Ruxandra(B-Person)', 'Dragomir(I-Person)', '((O)', 'Romania(B-Location)', ')(O)', '6-2(O)', '6-0(O)']",4(O) -(O) Conchita(B-Person) Martinez(I-Person) ((O) Spain(B-Location) )(O) beat(O) Ruxandra(B-Person) Dragomir(I-Person) ((O) Romania(B-Location) )(O) 6-2(O) 6-0(O),"Input: 4 - Conchita Martinez ( Spain ) beat Ruxandra Dragomir ( Romania ) 6-2 6-0
Output: 4(O) -(O) Conchita(B-Person) Martinez(I-Person) ((O) Spain(B-Location) )(O) beat(O) Ruxandra(B-Person) Dragomir(I-Person) ((O) Romania(B-Location) )(O) 6-2(O) 6-0(O)"
9279,['(' 'Chicago' 'bureau' '312-408-8720' ')'],"['O', 'B-Location', 'O', 'O', 'O']",( Chicago bureau 312-408-8720 ),"['((O)', 'Chicago(B-Location)', 'bureau(O)', '312-408-8720(O)', ')(O)']",((O) Chicago(B-Location) bureau(O) 312-408-8720(O) )(O),"Input: ( Chicago bureau 312-408-8720 )
Output: ((O) Chicago(B-Location) bureau(O) 312-408-8720(O) )(O)"
2564,"['Reuters' 'has' 'not' 'verified' 'these' 'stories' 'and' 'does' 'not'
 'vouch' 'for' 'their' 'accuracy' '.']","['B-Organization', 'O', 'O', 'O', 'O', 'O', 'O', 'O', 'O', 'O', 'O', 'O', 'O', 'O']",Reuters has not verified these stories and does not vouch for their accuracy .,"['Reuters(B-Organization)', 'has(O)', 'not(O)', 'verified(O)', 'these(O)', 'stories(O)', 'and(O)', 'does(O)', 'not(O)', 'vouch(O)', 'for(O)', 'their(O)', 'accuracy(O)', '.(O)']",Reuters(B-Organization) has(O) not(O) verified(O) these(O) stories(O) and(O) does(O) not(O) vouch(O) for(O) their(O) accuracy(O) .(O),"Input: Reuters has not verified these stories and does not vouch for their accuracy .
Output: Reuters(B-Organization) has(O) not(O) verified(O) these(O) stories(O) and(O) does(O) not(O) vouch(O) for(O) their(O) accuracy(O) .(O)"
11612,"['LTTE' 'spokesmen' 'could' 'not' 'immediately' 'be' 'reached' 'for'
 'comment' ',' 'but' 'Sri' 'Lankan' 'fishermen' 'denied' 'that' 'Indians'
 'were' 'being' 'coerced' 'into' 'carrying' 'refugees' 'across' 'the'
 'Palk' 'Strait' '.']","['B-Organization', 'O', 'O', 'O', 'O', 'O', 'O', 'O', 'O', 'O', 'O', 'B-Miscellaneous', 'I-Miscellaneous', 'O', 'O', 'O', 'B-Miscellaneous', 'O', 'O', 'O', 'O', 'O', 'O', 'O', 'O', 'B-Location', 'I-Location', 'O']","LTTE spokesmen could not immediately be reached for comment , but Sri Lankan fishermen denied that Indians were being coerced into carrying refugees across the Palk Strait .","['LTTE(B-Organization)', 'spokesmen(O)', 'could(O)', 'not(O)', 'immediately(O)', 'be(O)', 'reached(O)', 'for(O)', 'comment(O)', ',(O)', 'but(O)', 'Sri(B-Miscellaneous)', 'Lankan(I-Miscellaneous)', 'fishermen(O)', 'denied(O)', 'that(O)', 'Indians(B-Miscellaneous)', 'were(O)', 'being(O)', 'coerced(O)', 'into(O)', 'carrying(O)', 'refugees(O)', 'across(O)', 'the(O)', 'Palk(B-Location)', 'Strait(I-Location)', '.(O)']","LTTE(B-Organization) spokesmen(O) could(O) not(O) immediately(O) be(O) reached(O) for(O) comment(O) ,(O) but(O) Sri(B-Miscellaneous) Lankan(I-Miscellaneous) fishermen(O) denied(O) that(O) Indians(B-Miscellaneous) were(O) being(O) coerced(O) into(O) carrying(O) refugees(O) across(O) the(O) Palk(B-Location) Strait(I-Location) .(O)","Input: LTTE spokesmen could not immediately be reached for comment , but Sri Lankan fishermen denied that Indians were being coerced into carrying refugees across the Palk Strait .
Output: LTTE(B-Organization) spokesmen(O) could(O) not(O) immediately(O) be(O) reached(O) for(O) comment(O) ,(O) but(O) Sri(B-Miscellaneous) Lankan(I-Miscellaneous) fishermen(O) denied(O) that(O) Indians(B-Miscellaneous) were(O) being(O) coerced(O) into(O) carrying(O) refugees(O) across(O) the(O) Palk(B-Location) Strait(I-Location) .(O)"
2300,"['He' 'seemed' 'to' 'relish' 'the' 'new' 'track' 'at' 'the' 'Brussels'
 'meeting' ',' 'dominating' 'the' 'race' 'from' 'start' 'to' 'finish'
 'with' 'a' 'slight' 'wind' 'at' 'his' 'back' '.']","['O', 'O', 'O', 'O', 'O', 'O', 'O', 'O', 'O', 'B-Location', 'O', 'O', 'O', 'O', 'O', 'O', 'O', 'O', 'O', 'O', 'O', 'O', 'O', 'O', 'O', 'O', 'O']","He seemed to relish the new track at the Brussels meeting , dominating the race from start to finish with a slight wind at his back .","['He(O)', 'seemed(O)', 'to(O)', 'relish(O)', 'the(O)', 'new(O)', 'track(O)', 'at(O)', 'the(O)', 'Brussels(B-Location)', 'meeting(O)', ',(O)', 'dominating(O)', 'the(O)', 'race(O)', 'from(O)', 'start(O)', 'to(O)', 'finish(O)', 'with(O)', 'a(O)', 'slight(O)', 'wind(O)', 'at(O)', 'his(O)', 'back(O)', '.(O)']","He(O) seemed(O) to(O) relish(O) the(O) new(O) track(O) at(O) the(O) Brussels(B-Location) meeting(O) ,(O) dominating(O) the(O) race(O) from(O) start(O) to(O) finish(O) with(O) a(O) slight(O) wind(O) at(O) his(O) back(O) .(O)","Input: He seemed to relish the new track at the Brussels meeting , dominating the race from start to finish with a slight wind at his back .
Output: He(O) seemed(O) to(O) relish(O) the(O) new(O) track(O) at(O) the(O) Brussels(B-Location) meeting(O) ,(O) dominating(O) the(O) race(O) from(O) start(O) to(O) finish(O) with(O) a(O) slight(O) wind(O) at(O) his(O) back(O) .(O)"
137,"['PUK' 'and' 'Iraq' ""'s"" 'Kurdistan' 'Democratic' 'Party' '(' 'KDP' ')'
 'the' 'two' 'main' 'Iraqi' 'Kurdish' 'factions' ',' 'have' 'had'
 'northern' 'Iraq' 'under' 'their' 'control' 'since' 'Iraqi' 'forces'
 'were' 'ousted' 'from' 'Kuwait' 'in' 'the' '1991' 'Gulf' 'War' '.']","['B-Organization', 'O', 'B-Location', 'O', 'B-Organization', 'I-Organization', 'I-Organization', 'O', 'B-Organization', 'O', 'O', 'O', 'O', 'B-Miscellaneous', 'I-Miscellaneous', 'O', 'O', 'O', 'O', 'O', 'B-Location', 'O', 'O', 'O', 'O', 'B-Miscellaneous', 'O', 'O', 'O', 'O', 'B-Location', 'O', 'O', 'O', 'B-Miscellaneous', 'I-Miscellaneous', 'O']","PUK and Iraq 's Kurdistan Democratic Party ( KDP ) the two main Iraqi Kurdish factions , have had northern Iraq under their control since Iraqi forces were ousted from Kuwait in the 1991 Gulf War .","['PUK(B-Organization)', 'and(O)', 'Iraq(B-Location)', ""'s(O)"", 'Kurdistan(B-Organization)', 'Democratic(I-Organization)', 'Party(I-Organization)', '((O)', 'KDP(B-Organization)', ')(O)', 'the(O)', 'two(O)', 'main(O)', 'Iraqi(B-Miscellaneous)', 'Kurdish(I-Miscellaneous)', 'factions(O)', ',(O)', 'have(O)', 'had(O)', 'northern(O)', 'Iraq(B-Location)', 'under(O)', 'their(O)', 'control(O)', 'since(O)', 'Iraqi(B-Miscellaneous)', 'forces(O)', 'were(O)', 'ousted(O)', 'from(O)', 'Kuwait(B-Location)', 'in(O)', 'the(O)', '1991(O)', 'Gulf(B-Miscellaneous)', 'War(I-Miscellaneous)', '.(O)']","PUK(B-Organization) and(O) Iraq(B-Location) 's(O) Kurdistan(B-Organization) Democratic(I-Organization) Party(I-Organization) ((O) KDP(B-Organization) )(O) the(O) two(O) main(O) Iraqi(B-Miscellaneous) Kurdish(I-Miscellaneous) factions(O) ,(O) have(O) had(O) northern(O) Iraq(B-Location) under(O) their(O) control(O) since(O) Iraqi(B-Miscellaneous) forces(O) were(O) ousted(O) from(O) Kuwait(B-Location) in(O) the(O) 1991(O) Gulf(B-Miscellaneous) War(I-Miscellaneous) .(O)","Input: PUK and Iraq 's Kurdistan Democratic Party ( KDP ) the two main Iraqi Kurdish factions , have had northern Iraq under their control since Iraqi forces were ousted from Kuwait in the 1991 Gulf War .
Output: PUK(B-Organization) and(O) Iraq(B-Location) 's(O) Kurdistan(B-Organization) Democratic(I-Organization) Party(I-Organization) ((O) KDP(B-Organization) )(O) the(O) two(O) main(O) Iraqi(B-Miscellaneous) Kurdish(I-Miscellaneous) factions(O) ,(O) have(O) had(O) northern(O) Iraq(B-Location) under(O) their(O) control(O) since(O) Iraqi(B-Miscellaneous) forces(O) were(O) ousted(O) from(O) Kuwait(B-Location) in(O) the(O) 1991(O) Gulf(B-Miscellaneous) War(I-Miscellaneous) .(O)"
11822,['BERLIN' '1996-08-28'],"['B-Location', 'O']",BERLIN 1996-08-28,"['BERLIN(B-Location)', '1996-08-28(O)']",BERLIN(B-Location) 1996-08-28(O),"Input: BERLIN 1996-08-28
Output: BERLIN(B-Location) 1996-08-28(O)"
6,"['He' 'said' 'further' 'scientific' 'study' 'was' 'required' 'and' 'if'
 'it' 'was' 'found' 'that' 'action' 'was' 'needed' 'it' 'should' 'be'
 'taken' 'by' 'the' 'European' 'Union' '.']","['O', 'O', 'O', 'O', 'O', 'O', 'O', 'O', 'O', 'O', 'O', 'O', 'O', 'O', 'O', 'O', 'O', 'O', 'O', 'O', 'O', 'O', 'B-Organization', 'I-Organization', 'O']",He said further scientific study was required and if it was found that action was needed it should be taken by the European Union .,"['He(O)', 'said(O)', 'further(O)', 'scientific(O)', 'study(O)', 'was(O)', 'required(O)', 'and(O)', 'if(O)', 'it(O)', 'was(O)', 'found(O)', 'that(O)', 'action(O)', 'was(O)', 'needed(O)', 'it(O)', 'should(O)', 'be(O)', 'taken(O)', 'by(O)', 'the(O)', 'European(B-Organization)', 'Union(I-Organization)', '.(O)']",He(O) said(O) further(O) scientific(O) study(O) was(O) required(O) and(O) if(O) it(O) was(O) found(O) that(O) action(O) was(O) needed(O) it(O) should(O) be(O) taken(O) by(O) the(O) European(B-Organization) Union(I-Organization) .(O),"Input: He said further scientific study was required and if it was found that action was needed it should be taken by the European Union .
Output: He(O) said(O) further(O) scientific(O) study(O) was(O) required(O) and(O) if(O) it(O) was(O) found(O) that(O) action(O) was(O) needed(O) it(O) should(O) be(O) taken(O) by(O) the(O) European(B-Organization) Union(I-Organization) .(O)"
12309,['Aamir' 'Sohail' 'b' 'Croft' '48'],"['B-Person', 'I-Person', 'O', 'B-Person', 'O']",Aamir Sohail b Croft 48,"['Aamir(B-Person)', 'Sohail(I-Person)', 'b(O)', 'Croft(B-Person)', '48(O)']",Aamir(B-Person) Sohail(I-Person) b(O) Croft(B-Person) 48(O),"Input: Aamir Sohail b Croft 48
Output: Aamir(B-Person) Sohail(I-Person) b(O) Croft(B-Person) 48(O)"
8030,['FOCUS' '-' 'Eurobourses' 'end' 'mixed' 'but' 'London' 'recovers' '.'],"['O', 'O', 'B-Organization', 'O', 'O', 'O', 'B-Location', 'O', 'O']",FOCUS - Eurobourses end mixed but London recovers .,"['FOCUS(O)', '-(O)', 'Eurobourses(B-Organization)', 'end(O)', 'mixed(O)', 'but(O)', 'London(B-Location)', 'recovers(O)', '.(O)']",FOCUS(O) -(O) Eurobourses(B-Organization) end(O) mixed(O) but(O) London(B-Location) recovers(O) .(O),"Input: FOCUS - Eurobourses end mixed but London recovers .
Output: FOCUS(O) -(O) Eurobourses(B-Organization) end(O) mixed(O) but(O) London(B-Location) recovers(O) .(O)"
854,"['Scott' 'Erickson' '(' '8-10' ')' 'laboured' 'to' 'his' 'third'
 'straight' 'win' '.']","['B-Person', 'I-Person', 'O', 'O', 'O', 'O', 'O', 'O', 'O', 'O', 'O', 'O']",Scott Erickson ( 8-10 ) laboured to his third straight win .,"['Scott(B-Person)', 'Erickson(I-Person)', '((O)', '8-10(O)', ')(O)', 'laboured(O)', 'to(O)', 'his(O)', 'third(O)', 'straight(O)', 'win(O)', '.(O)']",Scott(B-Person) Erickson(I-Person) ((O) 8-10(O) )(O) laboured(O) to(O) his(O) third(O) straight(O) win(O) .(O),"Input: Scott Erickson ( 8-10 ) laboured to his third straight win .
Output: Scott(B-Person) Erickson(I-Person) ((O) 8-10(O) )(O) laboured(O) to(O) his(O) third(O) straight(O) win(O) .(O)"
5084,['second' 'leg' 'match' 'on' 'Sunday' '.'],"['O', 'O', 'O', 'O', 'O', 'O']",second leg match on Sunday .,"['second(O)', 'leg(O)', 'match(O)', 'on(O)', 'Sunday(O)', '.(O)']",second(O) leg(O) match(O) on(O) Sunday(O) .(O),"Input: second leg match on Sunday .
Output: second(O) leg(O) match(O) on(O) Sunday(O) .(O)"
13791,"['The' 'Supreme' 'Court' 'ruled' 'that' 'a' 'judicial' 'hearing'
 'contesting' 'the' 'ban' 'would' 'be' 'heard' 'on' 'September' '11' ','
 'three' 'days' 'before' 'the' 'nomination' 'period' 'for' 'the'
 'Selection' 'Committee' 'closes' '.']","['O', 'B-Organization', 'I-Organization', 'O', 'O', 'O', 'O', 'O', 'O', 'O', 'O', 'O', 'O', 'O', 'O', 'O', 'O', 'O', 'O', 'O', 'O', 'O', 'O', 'O', 'O', 'O', 'B-Organization', 'I-Organization', 'O', 'O']","The Supreme Court ruled that a judicial hearing contesting the ban would be heard on September 11 , three days before the nomination period for the Selection Committee closes .","['The(O)', 'Supreme(B-Organization)', 'Court(I-Organization)', 'ruled(O)', 'that(O)', 'a(O)', 'judicial(O)', 'hearing(O)', 'contesting(O)', 'the(O)', 'ban(O)', 'would(O)', 'be(O)', 'heard(O)', 'on(O)', 'September(O)', '11(O)', ',(O)', 'three(O)', 'days(O)', 'before(O)', 'the(O)', 'nomination(O)', 'period(O)', 'for(O)', 'the(O)', 'Selection(B-Organization)', 'Committee(I-Organization)', 'closes(O)', '.(O)']","The(O) Supreme(B-Organization) Court(I-Organization) ruled(O) that(O) a(O) judicial(O) hearing(O) contesting(O) the(O) ban(O) would(O) be(O) heard(O) on(O) September(O) 11(O) ,(O) three(O) days(O) before(O) the(O) nomination(O) period(O) for(O) the(O) Selection(B-Organization) Committee(I-Organization) closes(O) .(O)","Input: The Supreme Court ruled that a judicial hearing contesting the ban would be heard on September 11 , three days before the nomination period for the Selection Committee closes .
Output: The(O) Supreme(B-Organization) Court(I-Organization) ruled(O) that(O) a(O) judicial(O) hearing(O) contesting(O) the(O) ban(O) would(O) be(O) heard(O) on(O) September(O) 11(O) ,(O) three(O) days(O) before(O) the(O) nomination(O) period(O) for(O) the(O) Selection(B-Organization) Committee(I-Organization) closes(O) .(O)"
7421,['Bancomext' 'official' 'says' 'Mexico' 'peso' 'level' 'suitable' '.'],"['B-Organization', 'O', 'O', 'B-Location', 'O', 'O', 'O', 'O']",Bancomext official says Mexico peso level suitable .,"['Bancomext(B-Organization)', 'official(O)', 'says(O)', 'Mexico(B-Location)', 'peso(O)', 'level(O)', 'suitable(O)', '.(O)']",Bancomext(B-Organization) official(O) says(O) Mexico(B-Location) peso(O) level(O) suitable(O) .(O),"Input: Bancomext official says Mexico peso level suitable .
Output: Bancomext(B-Organization) official(O) says(O) Mexico(B-Location) peso(O) level(O) suitable(O) .(O)"
12836,"['U.N.' 'police' ',' 'relief' 'workers' 'and' 'NATO' 'officers' 'have'
 'reported' 'a' 'rise' 'in' 'political' 'violence' 'across' 'Bosnia' 'in'
 'the' 'run-up' 'to' 'the' 'September' '14' 'elections' '.']","['B-Organization', 'O', 'O', 'O', 'O', 'O', 'B-Organization', 'O', 'O', 'O', 'O', 'O', 'O', 'O', 'O', 'O', 'B-Location', 'O', 'O', 'O', 'O', 'O', 'O', 'O', 'O', 'O']","U.N. police , relief workers and NATO officers have reported a rise in political violence across Bosnia in the run-up to the September 14 elections .","['U.N.(B-Organization)', 'police(O)', ',(O)', 'relief(O)', 'workers(O)', 'and(O)', 'NATO(B-Organization)', 'officers(O)', 'have(O)', 'reported(O)', 'a(O)', 'rise(O)', 'in(O)', 'political(O)', 'violence(O)', 'across(O)', 'Bosnia(B-Location)', 'in(O)', 'the(O)', 'run-up(O)', 'to(O)', 'the(O)', 'September(O)', '14(O)', 'elections(O)', '.(O)']","U.N.(B-Organization) police(O) ,(O) relief(O) workers(O) and(O) NATO(B-Organization) officers(O) have(O) reported(O) a(O) rise(O) in(O) political(O) violence(O) across(O) Bosnia(B-Location) in(O) the(O) run-up(O) to(O) the(O) September(O) 14(O) elections(O) .(O)","Input: U.N. police , relief workers and NATO officers have reported a rise in political violence across Bosnia in the run-up to the September 14 elections .
Output: U.N.(B-Organization) police(O) ,(O) relief(O) workers(O) and(O) NATO(B-Organization) officers(O) have(O) reported(O) a(O) rise(O) in(O) political(O) violence(O) across(O) Bosnia(B-Location) in(O) the(O) run-up(O) to(O) the(O) September(O) 14(O) elections(O) .(O)"
1950,['Scoreboard' 'on' 'the' 'second' 'day' 'of'],"['O', 'O', 'O', 'O', 'O', 'O']",Scoreboard on the second day of,"['Scoreboard(O)', 'on(O)', 'the(O)', 'second(O)', 'day(O)', 'of(O)']",Scoreboard(O) on(O) the(O) second(O) day(O) of(O),"Input: Scoreboard on the second day of
Output: Scoreboard(O) on(O) the(O) second(O) day(O) of(O)"
4371,"['ORVIETO' ',' 'Italy' '1996-08-24']","['B-Location', 'O', 'B-Location', 'O']","ORVIETO , Italy 1996-08-24","['ORVIETO(B-Location)', ',(O)', 'Italy(B-Location)', '1996-08-24(O)']","ORVIETO(B-Location) ,(O) Italy(B-Location) 1996-08-24(O)","Input: ORVIETO , Italy 1996-08-24
Output: ORVIETO(B-Location) ,(O) Italy(B-Location) 1996-08-24(O)"
9815,"['South' 'Korea' 'has' 'told' 'its' 'overseas' 'missions' 'to' 'step' 'up'
 'security' 'since' 'its' 'embassy' 'in' 'the' 'former' 'Yugoslavia'
 'received' 'a' 'threat' 'over' 'Seoul' ""'s"" 'crackdown' 'on' 'radical'
 'students' ',' 'the' 'foreign' 'ministry' 'said' 'on' 'Tuesday' '.']","['B-Location', 'I-Location', 'O', 'O', 'O', 'O', 'O', 'O', 'O', 'O', 'O', 'O', 'O', 'O', 'O', 'O', 'O', 'B-Location', 'O', 'O', 'O', 'O', 'B-Location', 'O', 'O', 'O', 'O', 'O', 'O', 'O', 'O', 'O', 'O', 'O', 'O', 'O']","South Korea has told its overseas missions to step up security since its embassy in the former Yugoslavia received a threat over Seoul 's crackdown on radical students , the foreign ministry said on Tuesday .","['South(B-Location)', 'Korea(I-Location)', 'has(O)', 'told(O)', 'its(O)', 'overseas(O)', 'missions(O)', 'to(O)', 'step(O)', 'up(O)', 'security(O)', 'since(O)', 'its(O)', 'embassy(O)', 'in(O)', 'the(O)', 'former(O)', 'Yugoslavia(B-Location)', 'received(O)', 'a(O)', 'threat(O)', 'over(O)', 'Seoul(B-Location)', ""'s(O)"", 'crackdown(O)', 'on(O)', 'radical(O)', 'students(O)', ',(O)', 'the(O)', 'foreign(O)', 'ministry(O)', 'said(O)', 'on(O)', 'Tuesday(O)', '.(O)']","South(B-Location) Korea(I-Location) has(O) told(O) its(O) overseas(O) missions(O) to(O) step(O) up(O) security(O) since(O) its(O) embassy(O) in(O) the(O) former(O) Yugoslavia(B-Location) received(O) a(O) threat(O) over(O) Seoul(B-Location) 's(O) crackdown(O) on(O) radical(O) students(O) ,(O) the(O) foreign(O) ministry(O) said(O) on(O) Tuesday(O) .(O)","Input: South Korea has told its overseas missions to step up security since its embassy in the former Yugoslavia received a threat over Seoul 's crackdown on radical students , the foreign ministry said on Tuesday .
Output: South(B-Location) Korea(I-Location) has(O) told(O) its(O) overseas(O) missions(O) to(O) step(O) up(O) security(O) since(O) its(O) embassy(O) in(O) the(O) former(O) Yugoslavia(B-Location) received(O) a(O) threat(O) over(O) Seoul(B-Location) 's(O) crackdown(O) on(O) radical(O) students(O) ,(O) the(O) foreign(O) ministry(O) said(O) on(O) Tuesday(O) .(O)"
11782,['Northern' 'States' 'Power' 'Co' 'sets' 'payout' '.'],"['B-Organization', 'I-Organization', 'I-Organization', 'I-Organization', 'O', 'O', 'O']",Northern States Power Co sets payout .,"['Northern(B-Organization)', 'States(I-Organization)', 'Power(I-Organization)', 'Co(I-Organization)', 'sets(O)', 'payout(O)', '.(O)']",Northern(B-Organization) States(I-Organization) Power(I-Organization) Co(I-Organization) sets(O) payout(O) .(O),"Input: Northern States Power Co sets payout .
Output: Northern(B-Organization) States(I-Organization) Power(I-Organization) Co(I-Organization) sets(O) payout(O) .(O)"
6650,"['Smirnov' 'said' 'the' 'Olympic' 'Committee' 'might' 'ask' 'the'
 'government' 'to' 'take' 'measures' 'to' 'protect' 'the' 'country' ""'s""
 'best' 'athletes' ',' 'some' 'of' 'whom' 'have' 'already' 'chosen' 'to'
 'live' 'abroad' 'for' 'fear' 'of' 'a' 'surge' 'in' 'crime' 'in'
 'post-Soviet' 'Russia' '.']","['B-Person', 'O', 'O', 'B-Miscellaneous', 'I-Miscellaneous', 'O', 'O', 'O', 'O', 'O', 'O', 'O', 'O', 'O', 'O', 'O', 'O', 'O', 'O', 'O', 'O', 'O', 'O', 'O', 'O', 'O', 'O', 'O', 'O', 'O', 'O', 'O', 'O', 'O', 'O', 'O', 'O', 'B-Miscellaneous', 'B-Location', 'O']","Smirnov said the Olympic Committee might ask the government to take measures to protect the country 's best athletes , some of whom have already chosen to live abroad for fear of a surge in crime in post-Soviet Russia .","['Smirnov(B-Person)', 'said(O)', 'the(O)', 'Olympic(B-Miscellaneous)', 'Committee(I-Miscellaneous)', 'might(O)', 'ask(O)', 'the(O)', 'government(O)', 'to(O)', 'take(O)', 'measures(O)', 'to(O)', 'protect(O)', 'the(O)', 'country(O)', ""'s(O)"", 'best(O)', 'athletes(O)', ',(O)', 'some(O)', 'of(O)', 'whom(O)', 'have(O)', 'already(O)', 'chosen(O)', 'to(O)', 'live(O)', 'abroad(O)', 'for(O)', 'fear(O)', 'of(O)', 'a(O)', 'surge(O)', 'in(O)', 'crime(O)', 'in(O)', 'post-Soviet(B-Miscellaneous)', 'Russia(B-Location)', '.(O)']","Smirnov(B-Person) said(O) the(O) Olympic(B-Miscellaneous) Committee(I-Miscellaneous) might(O) ask(O) the(O) government(O) to(O) take(O) measures(O) to(O) protect(O) the(O) country(O) 's(O) best(O) athletes(O) ,(O) some(O) of(O) whom(O) have(O) already(O) chosen(O) to(O) live(O) abroad(O) for(O) fear(O) of(O) a(O) surge(O) in(O) crime(O) in(O) post-Soviet(B-Miscellaneous) Russia(B-Location) .(O)","Input: Smirnov said the Olympic Committee might ask the government to take measures to protect the country 's best athletes , some of whom have already chosen to live abroad for fear of a surge in crime in post-Soviet Russia .
Output: Smirnov(B-Person) said(O) the(O) Olympic(B-Miscellaneous) Committee(I-Miscellaneous) might(O) ask(O) the(O) government(O) to(O) take(O) measures(O) to(O) protect(O) the(O) country(O) 's(O) best(O) athletes(O) ,(O) some(O) of(O) whom(O) have(O) already(O) chosen(O) to(O) live(O) abroad(O) for(O) fear(O) of(O) a(O) surge(O) in(O) crime(O) in(O) post-Soviet(B-Miscellaneous) Russia(B-Location) .(O)"
2040,"['Alex' ""O'Brien"" '(' 'U.S.' ')' 'beat' 'Mikael' 'Tillstrom' '(' 'Sweden'
 ')' '6-3' '2-6']","['B-Person', 'I-Person', 'O', 'B-Location', 'O', 'O', 'B-Person', 'I-Person', 'O', 'B-Location', 'O', 'O', 'O']",Alex O'Brien ( U.S. ) beat Mikael Tillstrom ( Sweden ) 6-3 2-6,"['Alex(B-Person)', ""O'Brien(I-Person)"", '((O)', 'U.S.(B-Location)', ')(O)', 'beat(O)', 'Mikael(B-Person)', 'Tillstrom(I-Person)', '((O)', 'Sweden(B-Location)', ')(O)', '6-3(O)', '2-6(O)']",Alex(B-Person) O'Brien(I-Person) ((O) U.S.(B-Location) )(O) beat(O) Mikael(B-Person) Tillstrom(I-Person) ((O) Sweden(B-Location) )(O) 6-3(O) 2-6(O),"Input: Alex O'Brien ( U.S. ) beat Mikael Tillstrom ( Sweden ) 6-3 2-6
Output: Alex(B-Person) O'Brien(I-Person) ((O) U.S.(B-Location) )(O) beat(O) Mikael(B-Person) Tillstrom(I-Person) ((O) Sweden(B-Location) )(O) 6-3(O) 2-6(O)"
1351,"['But' 'Taha' 'said' 'that' 'the' 'absence' 'of' 'relevent' 'legislations'
 'may' 'have' 'resulted' 'in' 'some' 'mistakes' 'by' 'some' 'security'
 'officials' '.']","['O', 'B-Person', 'O', 'O', 'O', 'O', 'O', 'O', 'O', 'O', 'O', 'O', 'O', 'O', 'O', 'O', 'O', 'O', 'O', 'O']",But Taha said that the absence of relevent legislations may have resulted in some mistakes by some security officials .,"['But(O)', 'Taha(B-Person)', 'said(O)', 'that(O)', 'the(O)', 'absence(O)', 'of(O)', 'relevent(O)', 'legislations(O)', 'may(O)', 'have(O)', 'resulted(O)', 'in(O)', 'some(O)', 'mistakes(O)', 'by(O)', 'some(O)', 'security(O)', 'officials(O)', '.(O)']",But(O) Taha(B-Person) said(O) that(O) the(O) absence(O) of(O) relevent(O) legislations(O) may(O) have(O) resulted(O) in(O) some(O) mistakes(O) by(O) some(O) security(O) officials(O) .(O),"Input: But Taha said that the absence of relevent legislations may have resulted in some mistakes by some security officials .
Output: But(O) Taha(B-Person) said(O) that(O) the(O) absence(O) of(O) relevent(O) legislations(O) may(O) have(O) resulted(O) in(O) some(O) mistakes(O) by(O) some(O) security(O) officials(O) .(O)"
11525,"['TOTAL' 'VOLUME' '--' '83,008' '60,131' '22,877' '--']","['O', 'O', 'O', 'O', 'O', 'O', 'O']","TOTAL VOLUME -- 83,008 60,131 22,877 --","['TOTAL(O)', 'VOLUME(O)', '--(O)', '83,008(O)', '60,131(O)', '22,877(O)', '--(O)']","TOTAL(O) VOLUME(O) --(O) 83,008(O) 60,131(O) 22,877(O) --(O)","Input: TOTAL VOLUME -- 83,008 60,131 22,877 --
Output: TOTAL(O) VOLUME(O) --(O) 83,008(O) 60,131(O) 22,877(O) --(O)"
6547,"['Rochdale' ',' 'Scarborough' 'v' 'Northampton' ',' 'Torquay' 'v' 'Exeter'
 ',' 'Wigan' 'v']","['B-Organization', 'O', 'B-Organization', 'O', 'B-Organization', 'O', 'B-Organization', 'O', 'B-Organization', 'O', 'B-Organization', 'O']","Rochdale , Scarborough v Northampton , Torquay v Exeter , Wigan v","['Rochdale(B-Organization)', ',(O)', 'Scarborough(B-Organization)', 'v(O)', 'Northampton(B-Organization)', ',(O)', 'Torquay(B-Organization)', 'v(O)', 'Exeter(B-Organization)', ',(O)', 'Wigan(B-Organization)', 'v(O)']","Rochdale(B-Organization) ,(O) Scarborough(B-Organization) v(O) Northampton(B-Organization) ,(O) Torquay(B-Organization) v(O) Exeter(B-Organization) ,(O) Wigan(B-Organization) v(O)","Input: Rochdale , Scarborough v Northampton , Torquay v Exeter , Wigan v
Output: Rochdale(B-Organization) ,(O) Scarborough(B-Organization) v(O) Northampton(B-Organization) ,(O) Torquay(B-Organization) v(O) Exeter(B-Organization) ,(O) Wigan(B-Organization) v(O)"
6774,['Toluca' '3' '1' '0' '2' '6' '5' '3'],"['B-Organization', 'O', 'O', 'O', 'O', 'O', 'O', 'O']",Toluca 3 1 0 2 6 5 3,"['Toluca(B-Organization)', '3(O)', '1(O)', '0(O)', '2(O)', '6(O)', '5(O)', '3(O)']",Toluca(B-Organization) 3(O) 1(O) 0(O) 2(O) 6(O) 5(O) 3(O),"Input: Toluca 3 1 0 2 6 5 3
Output: Toluca(B-Organization) 3(O) 1(O) 0(O) 2(O) 6(O) 5(O) 3(O)"
12845,"['However' ',' 'its' '23.6' 'billion' 'shares' 'are' 'highly' 'illiquid'
 'and' 'management' 'permission' 'is' 'required' 'to' 'sell' 'them' '.']","['O', 'O', 'O', 'O', 'O', 'O', 'O', 'O', 'O', 'O', 'O', 'O', 'O', 'O', 'O', 'O', 'O', 'O']","However , its 23.6 billion shares are highly illiquid and management permission is required to sell them .","['However(O)', ',(O)', 'its(O)', '23.6(O)', 'billion(O)', 'shares(O)', 'are(O)', 'highly(O)', 'illiquid(O)', 'and(O)', 'management(O)', 'permission(O)', 'is(O)', 'required(O)', 'to(O)', 'sell(O)', 'them(O)', '.(O)']","However(O) ,(O) its(O) 23.6(O) billion(O) shares(O) are(O) highly(O) illiquid(O) and(O) management(O) permission(O) is(O) required(O) to(O) sell(O) them(O) .(O)","Input: However , its 23.6 billion shares are highly illiquid and management permission is required to sell them .
Output: However(O) ,(O) its(O) 23.6(O) billion(O) shares(O) are(O) highly(O) illiquid(O) and(O) management(O) permission(O) is(O) required(O) to(O) sell(O) them(O) .(O)"
13805,"['But' 'nothing' 'has' 'been' 'decided' 'as' 'they' 'are' 'still'
 'waiting' 'for' 'an' 'X-ray' 'machine' 'to' 'determine' 'the' 'problem'
 '.' '""']","['O', 'O', 'O', 'O', 'O', 'O', 'O', 'O', 'O', 'O', 'O', 'O', 'O', 'O', 'O', 'O', 'O', 'O', 'O', 'O']","But nothing has been decided as they are still waiting for an X-ray machine to determine the problem . ""","['But(O)', 'nothing(O)', 'has(O)', 'been(O)', 'decided(O)', 'as(O)', 'they(O)', 'are(O)', 'still(O)', 'waiting(O)', 'for(O)', 'an(O)', 'X-ray(O)', 'machine(O)', 'to(O)', 'determine(O)', 'the(O)', 'problem(O)', '.(O)', '""(O)']","But(O) nothing(O) has(O) been(O) decided(O) as(O) they(O) are(O) still(O) waiting(O) for(O) an(O) X-ray(O) machine(O) to(O) determine(O) the(O) problem(O) .(O) ""(O)","Input: But nothing has been decided as they are still waiting for an X-ray machine to determine the problem . ""
Output: But(O) nothing(O) has(O) been(O) decided(O) as(O) they(O) are(O) still(O) waiting(O) for(O) an(O) X-ray(O) machine(O) to(O) determine(O) the(O) problem(O) .(O) ""(O)"
8887,['PRETORIA' '1996-08-27'],"['B-Location', 'O']",PRETORIA 1996-08-27,"['PRETORIA(B-Location)', '1996-08-27(O)']",PRETORIA(B-Location) 1996-08-27(O),"Input: PRETORIA 1996-08-27
Output: PRETORIA(B-Location) 1996-08-27(O)"
6273,"['IMED' 'introduced' 'the' 'world' ""'s"" 'first' 'volumetric' 'infusion'
 'pump' 'in' '1974' '.']","['B-Organization', 'O', 'O', 'O', 'O', 'O', 'O', 'O', 'O', 'O', 'O', 'O']",IMED introduced the world 's first volumetric infusion pump in 1974 .,"['IMED(B-Organization)', 'introduced(O)', 'the(O)', 'world(O)', ""'s(O)"", 'first(O)', 'volumetric(O)', 'infusion(O)', 'pump(O)', 'in(O)', '1974(O)', '.(O)']",IMED(B-Organization) introduced(O) the(O) world(O) 's(O) first(O) volumetric(O) infusion(O) pump(O) in(O) 1974(O) .(O),"Input: IMED introduced the world 's first volumetric infusion pump in 1974 .
Output: IMED(B-Organization) introduced(O) the(O) world(O) 's(O) first(O) volumetric(O) infusion(O) pump(O) in(O) 1974(O) .(O)"
3199,"['Revenue' 'from' 'freight' 'traffic' '3,200' 'down' '5.1' 'pct']","['O', 'O', 'O', 'O', 'O', 'O', 'O', 'O']","Revenue from freight traffic 3,200 down 5.1 pct","['Revenue(O)', 'from(O)', 'freight(O)', 'traffic(O)', '3,200(O)', 'down(O)', '5.1(O)', 'pct(O)']","Revenue(O) from(O) freight(O) traffic(O) 3,200(O) down(O) 5.1(O) pct(O)","Input: Revenue from freight traffic 3,200 down 5.1 pct
Output: Revenue(O) from(O) freight(O) traffic(O) 3,200(O) down(O) 5.1(O) pct(O)"
7881,"['Former' 'businessman' 'and' 'soccer' 'boss' 'Bernard' 'Tapie' 'said'
 'that' 'he' 'would' 'give' 'up' 'his' 'seat' 'in' 'the' 'National'
 'Assembly' 'by' 'Wednesday' ',' 'the' 'day' 'a' 'film' 'by' 'Claude'
 'Lelouche' 'in' 'which' 'he' 'stars' 'opens' 'in' 'France' '.']","['O', 'O', 'O', 'O', 'O', 'B-Person', 'I-Person', 'O', 'O', 'O', 'O', 'O', 'O', 'O', 'O', 'O', 'O', 'B-Organization', 'I-Organization', 'O', 'O', 'O', 'O', 'O', 'O', 'O', 'O', 'B-Person', 'I-Person', 'O', 'O', 'O', 'O', 'O', 'O', 'B-Location', 'O']","Former businessman and soccer boss Bernard Tapie said that he would give up his seat in the National Assembly by Wednesday , the day a film by Claude Lelouche in which he stars opens in France .","['Former(O)', 'businessman(O)', 'and(O)', 'soccer(O)', 'boss(O)', 'Bernard(B-Person)', 'Tapie(I-Person)', 'said(O)', 'that(O)', 'he(O)', 'would(O)', 'give(O)', 'up(O)', 'his(O)', 'seat(O)', 'in(O)', 'the(O)', 'National(B-Organization)', 'Assembly(I-Organization)', 'by(O)', 'Wednesday(O)', ',(O)', 'the(O)', 'day(O)', 'a(O)', 'film(O)', 'by(O)', 'Claude(B-Person)', 'Lelouche(I-Person)', 'in(O)', 'which(O)', 'he(O)', 'stars(O)', 'opens(O)', 'in(O)', 'France(B-Location)', '.(O)']","Former(O) businessman(O) and(O) soccer(O) boss(O) Bernard(B-Person) Tapie(I-Person) said(O) that(O) he(O) would(O) give(O) up(O) his(O) seat(O) in(O) the(O) National(B-Organization) Assembly(I-Organization) by(O) Wednesday(O) ,(O) the(O) day(O) a(O) film(O) by(O) Claude(B-Person) Lelouche(I-Person) in(O) which(O) he(O) stars(O) opens(O) in(O) France(B-Location) .(O)","Input: Former businessman and soccer boss Bernard Tapie said that he would give up his seat in the National Assembly by Wednesday , the day a film by Claude Lelouche in which he stars opens in France .
Output: Former(O) businessman(O) and(O) soccer(O) boss(O) Bernard(B-Person) Tapie(I-Person) said(O) that(O) he(O) would(O) give(O) up(O) his(O) seat(O) in(O) the(O) National(B-Organization) Assembly(I-Organization) by(O) Wednesday(O) ,(O) the(O) day(O) a(O) film(O) by(O) Claude(B-Person) Lelouche(I-Person) in(O) which(O) he(O) stars(O) opens(O) in(O) France(B-Location) .(O)"
6079,"['Netanyahu' 'met' 'Weizman' 'last' 'Tuesday' 'and' 'voiced' 'his'
 'opposition' ',' 'Yedioth' 'said' '.']","['B-Person', 'O', 'B-Person', 'O', 'O', 'O', 'O', 'O', 'O', 'O', 'B-Organization', 'O', 'O']","Netanyahu met Weizman last Tuesday and voiced his opposition , Yedioth said .","['Netanyahu(B-Person)', 'met(O)', 'Weizman(B-Person)', 'last(O)', 'Tuesday(O)', 'and(O)', 'voiced(O)', 'his(O)', 'opposition(O)', ',(O)', 'Yedioth(B-Organization)', 'said(O)', '.(O)']","Netanyahu(B-Person) met(O) Weizman(B-Person) last(O) Tuesday(O) and(O) voiced(O) his(O) opposition(O) ,(O) Yedioth(B-Organization) said(O) .(O)","Input: Netanyahu met Weizman last Tuesday and voiced his opposition , Yedioth said .
Output: Netanyahu(B-Person) met(O) Weizman(B-Person) last(O) Tuesday(O) and(O) voiced(O) his(O) opposition(O) ,(O) Yedioth(B-Organization) said(O) .(O)"
13046,"['In' 'the' 'study' 'at' 'the' 'University' ""'s"" 'Institute' 'for' 'Human'
 'Gene' 'Therapy' ',' 'researchers' 'altered' 'a' 'common-cold' 'virus'
 'to' 'carry' 'a' 'version' 'of' 'the' 'working' 'dystrophin' 'gene' '.']","['O', 'O', 'O', 'O', 'O', 'O', 'O', 'B-Organization', 'I-Organization', 'I-Organization', 'I-Organization', 'I-Organization', 'O', 'O', 'O', 'O', 'O', 'O', 'O', 'O', 'O', 'O', 'O', 'O', 'O', 'O', 'O', 'O']","In the study at the University 's Institute for Human Gene Therapy , researchers altered a common-cold virus to carry a version of the working dystrophin gene .","['In(O)', 'the(O)', 'study(O)', 'at(O)', 'the(O)', 'University(O)', ""'s(O)"", 'Institute(B-Organization)', 'for(I-Organization)', 'Human(I-Organization)', 'Gene(I-Organization)', 'Therapy(I-Organization)', ',(O)', 'researchers(O)', 'altered(O)', 'a(O)', 'common-cold(O)', 'virus(O)', 'to(O)', 'carry(O)', 'a(O)', 'version(O)', 'of(O)', 'the(O)', 'working(O)', 'dystrophin(O)', 'gene(O)', '.(O)']","In(O) the(O) study(O) at(O) the(O) University(O) 's(O) Institute(B-Organization) for(I-Organization) Human(I-Organization) Gene(I-Organization) Therapy(I-Organization) ,(O) researchers(O) altered(O) a(O) common-cold(O) virus(O) to(O) carry(O) a(O) version(O) of(O) the(O) working(O) dystrophin(O) gene(O) .(O)","Input: In the study at the University 's Institute for Human Gene Therapy , researchers altered a common-cold virus to carry a version of the working dystrophin gene .
Output: In(O) the(O) study(O) at(O) the(O) University(O) 's(O) Institute(B-Organization) for(I-Organization) Human(I-Organization) Gene(I-Organization) Therapy(I-Organization) ,(O) researchers(O) altered(O) a(O) common-cold(O) virus(O) to(O) carry(O) a(O) version(O) of(O) the(O) working(O) dystrophin(O) gene(O) .(O)"
4292,['There' 'was' 'no' 'independent' 'confirmation' 'of' 'the' 'reports' '.'],"['O', 'O', 'O', 'O', 'O', 'O', 'O', 'O', 'O']",There was no independent confirmation of the reports .,"['There(O)', 'was(O)', 'no(O)', 'independent(O)', 'confirmation(O)', 'of(O)', 'the(O)', 'reports(O)', '.(O)']",There(O) was(O) no(O) independent(O) confirmation(O) of(O) the(O) reports(O) .(O),"Input: There was no independent confirmation of the reports .
Output: There(O) was(O) no(O) independent(O) confirmation(O) of(O) the(O) reports(O) .(O)"
3983,['Lyon' '3' '1' '1' '1' '4' '4' '4'],"['B-Organization', 'O', 'O', 'O', 'O', 'O', 'O', 'O']",Lyon 3 1 1 1 4 4 4,"['Lyon(B-Organization)', '3(O)', '1(O)', '1(O)', '1(O)', '4(O)', '4(O)', '4(O)']",Lyon(B-Organization) 3(O) 1(O) 1(O) 1(O) 4(O) 4(O) 4(O),"Input: Lyon 3 1 1 1 4 4 4
Output: Lyon(B-Organization) 3(O) 1(O) 1(O) 1(O) 4(O) 4(O) 4(O)"
2235,"['ATHLETICS' '-' 'MASTERKOVA' 'BREAKS' 'SECOND' 'WORLD' 'RECORD' 'IN' '10'
 'DAYS' '.']","['O', 'O', 'B-Person', 'O', 'O', 'O', 'O', 'O', 'O', 'O', 'O']",ATHLETICS - MASTERKOVA BREAKS SECOND WORLD RECORD IN 10 DAYS .,"['ATHLETICS(O)', '-(O)', 'MASTERKOVA(B-Person)', 'BREAKS(O)', 'SECOND(O)', 'WORLD(O)', 'RECORD(O)', 'IN(O)', '10(O)', 'DAYS(O)', '.(O)']",ATHLETICS(O) -(O) MASTERKOVA(B-Person) BREAKS(O) SECOND(O) WORLD(O) RECORD(O) IN(O) 10(O) DAYS(O) .(O),"Input: ATHLETICS - MASTERKOVA BREAKS SECOND WORLD RECORD IN 10 DAYS .
Output: ATHLETICS(O) -(O) MASTERKOVA(B-Person) BREAKS(O) SECOND(O) WORLD(O) RECORD(O) IN(O) 10(O) DAYS(O) .(O)"
969,['23.' 'Poland' '8.12'],"['O', 'B-Location', 'O']",23. Poland 8.12,"['23.(O)', 'Poland(B-Location)', '8.12(O)']",23.(O) Poland(B-Location) 8.12(O),"Input: 23. Poland 8.12
Output: 23.(O) Poland(B-Location) 8.12(O)"
3916,['BRUSSELS' '1996-08-24'],"['B-Location', 'O']",BRUSSELS 1996-08-24,"['BRUSSELS(B-Location)', '1996-08-24(O)']",BRUSSELS(B-Location) 1996-08-24(O),"Input: BRUSSELS 1996-08-24
Output: BRUSSELS(B-Location) 1996-08-24(O)"
10354,['NEW' 'YORK' '1996-08-28'],"['B-Location', 'I-Location', 'O']",NEW YORK 1996-08-28,"['NEW(B-Location)', 'YORK(I-Location)', '1996-08-28(O)']",NEW(B-Location) YORK(I-Location) 1996-08-28(O),"Input: NEW YORK 1996-08-28
Output: NEW(B-Location) YORK(I-Location) 1996-08-28(O)"
9517,['Soyoil' 'refined' 'fell' 'by' '200' 'rupees' 'on' 'weak' 'undertone' '.'],"['O', 'O', 'O', 'O', 'O', 'O', 'O', 'O', 'O', 'O']",Soyoil refined fell by 200 rupees on weak undertone .,"['Soyoil(O)', 'refined(O)', 'fell(O)', 'by(O)', '200(O)', 'rupees(O)', 'on(O)', 'weak(O)', 'undertone(O)', '.(O)']",Soyoil(O) refined(O) fell(O) by(O) 200(O) rupees(O) on(O) weak(O) undertone(O) .(O),"Input: Soyoil refined fell by 200 rupees on weak undertone .
Output: Soyoil(O) refined(O) fell(O) by(O) 200(O) rupees(O) on(O) weak(O) undertone(O) .(O)"
13230,['Two' 'Indians' 'to' 'die' 'for' 'killing' '23' 'bus' 'passengers' '.'],"['O', 'B-Miscellaneous', 'O', 'O', 'O', 'O', 'O', 'O', 'O', 'O']",Two Indians to die for killing 23 bus passengers .,"['Two(O)', 'Indians(B-Miscellaneous)', 'to(O)', 'die(O)', 'for(O)', 'killing(O)', '23(O)', 'bus(O)', 'passengers(O)', '.(O)']",Two(O) Indians(B-Miscellaneous) to(O) die(O) for(O) killing(O) 23(O) bus(O) passengers(O) .(O),"Input: Two Indians to die for killing 23 bus passengers .
Output: Two(O) Indians(B-Miscellaneous) to(O) die(O) for(O) killing(O) 23(O) bus(O) passengers(O) .(O)"
5330,['American' 'League'],"['B-Miscellaneous', 'I-Miscellaneous']",American League,"['American(B-Miscellaneous)', 'League(I-Miscellaneous)']",American(B-Miscellaneous) League(I-Miscellaneous),"Input: American League
Output: American(B-Miscellaneous) League(I-Miscellaneous)"
5620,['1.' 'Museeuw' '162' 'points'],"['O', 'B-Person', 'O', 'O']",1. Museeuw 162 points,"['1.(O)', 'Museeuw(B-Person)', '162(O)', 'points(O)']",1.(O) Museeuw(B-Person) 162(O) points(O),"Input: 1. Museeuw 162 points
Output: 1.(O) Museeuw(B-Person) 162(O) points(O)"
1991,"['Every' 'time' 'he' 'finds' 'the' 'net' ',' 'the' 'grey-haired' 'forward'
 'pulls' 'his' 'shirtfront' 'over' 'his' 'head' 'as' 'he' 'runs' 'to'
 'salute' 'the' 'fans' ',' 'and' 'Middlesbrough' ""'s"" 'sponsors' 'want'
 'to' 'cash' 'in' 'on' 'the' 'spectacle' '.']","['O', 'O', 'O', 'O', 'O', 'O', 'O', 'O', 'O', 'O', 'O', 'O', 'O', 'O', 'O', 'O', 'O', 'O', 'O', 'O', 'O', 'O', 'O', 'O', 'O', 'B-Organization', 'O', 'O', 'O', 'O', 'O', 'O', 'O', 'O', 'O', 'O']","Every time he finds the net , the grey-haired forward pulls his shirtfront over his head as he runs to salute the fans , and Middlesbrough 's sponsors want to cash in on the spectacle .","['Every(O)', 'time(O)', 'he(O)', 'finds(O)', 'the(O)', 'net(O)', ',(O)', 'the(O)', 'grey-haired(O)', 'forward(O)', 'pulls(O)', 'his(O)', 'shirtfront(O)', 'over(O)', 'his(O)', 'head(O)', 'as(O)', 'he(O)', 'runs(O)', 'to(O)', 'salute(O)', 'the(O)', 'fans(O)', ',(O)', 'and(O)', 'Middlesbrough(B-Organization)', ""'s(O)"", 'sponsors(O)', 'want(O)', 'to(O)', 'cash(O)', 'in(O)', 'on(O)', 'the(O)', 'spectacle(O)', '.(O)']","Every(O) time(O) he(O) finds(O) the(O) net(O) ,(O) the(O) grey-haired(O) forward(O) pulls(O) his(O) shirtfront(O) over(O) his(O) head(O) as(O) he(O) runs(O) to(O) salute(O) the(O) fans(O) ,(O) and(O) Middlesbrough(B-Organization) 's(O) sponsors(O) want(O) to(O) cash(O) in(O) on(O) the(O) spectacle(O) .(O)","Input: Every time he finds the net , the grey-haired forward pulls his shirtfront over his head as he runs to salute the fans , and Middlesbrough 's sponsors want to cash in on the spectacle .
Output: Every(O) time(O) he(O) finds(O) the(O) net(O) ,(O) the(O) grey-haired(O) forward(O) pulls(O) his(O) shirtfront(O) over(O) his(O) head(O) as(O) he(O) runs(O) to(O) salute(O) the(O) fans(O) ,(O) and(O) Middlesbrough(B-Organization) 's(O) sponsors(O) want(O) to(O) cash(O) in(O) on(O) the(O) spectacle(O) .(O)"
1820,"['China' 'cancelled' 'a' 'visit' 'by' 'a' 'top-level' 'delegation' 'in'
 'protest' '.']","['B-Location', 'O', 'O', 'O', 'O', 'O', 'O', 'O', 'O', 'O', 'O']",China cancelled a visit by a top-level delegation in protest .,"['China(B-Location)', 'cancelled(O)', 'a(O)', 'visit(O)', 'by(O)', 'a(O)', 'top-level(O)', 'delegation(O)', 'in(O)', 'protest(O)', '.(O)']",China(B-Location) cancelled(O) a(O) visit(O) by(O) a(O) top-level(O) delegation(O) in(O) protest(O) .(O),"Input: China cancelled a visit by a top-level delegation in protest .
Output: China(B-Location) cancelled(O) a(O) visit(O) by(O) a(O) top-level(O) delegation(O) in(O) protest(O) .(O)"
9068,"['Russian' 'army' ',' 'Chechens' 'open' 'new' 'round' 'of' 'talks' '.']","['B-Miscellaneous', 'O', 'O', 'B-Miscellaneous', 'O', 'O', 'O', 'O', 'O', 'O']","Russian army , Chechens open new round of talks .","['Russian(B-Miscellaneous)', 'army(O)', ',(O)', 'Chechens(B-Miscellaneous)', 'open(O)', 'new(O)', 'round(O)', 'of(O)', 'talks(O)', '.(O)']","Russian(B-Miscellaneous) army(O) ,(O) Chechens(B-Miscellaneous) open(O) new(O) round(O) of(O) talks(O) .(O)","Input: Russian army , Chechens open new round of talks .
Output: Russian(B-Miscellaneous) army(O) ,(O) Chechens(B-Miscellaneous) open(O) new(O) round(O) of(O) talks(O) .(O)"
4113,['Admira' '/' 'Wacker' '6' '0' '3' '3' '5' '10' '3'],"['B-Organization', 'I-Organization', 'I-Organization', 'O', 'O', 'O', 'O', 'O', 'O', 'O']",Admira / Wacker 6 0 3 3 5 10 3,"['Admira(B-Organization)', '/(I-Organization)', 'Wacker(I-Organization)', '6(O)', '0(O)', '3(O)', '3(O)', '5(O)', '10(O)', '3(O)']",Admira(B-Organization) /(I-Organization) Wacker(I-Organization) 6(O) 0(O) 3(O) 3(O) 5(O) 10(O) 3(O),"Input: Admira / Wacker 6 0 3 3 5 10 3
Output: Admira(B-Organization) /(I-Organization) Wacker(I-Organization) 6(O) 0(O) 3(O) 3(O) 5(O) 10(O) 3(O)"
7626,"['FORT' 'LAUDERDALE' ',' 'Fla.' '1996-08-26']","['B-Location', 'I-Location', 'O', 'B-Location', 'O']","FORT LAUDERDALE , Fla. 1996-08-26","['FORT(B-Location)', 'LAUDERDALE(I-Location)', ',(O)', 'Fla.(B-Location)', '1996-08-26(O)']","FORT(B-Location) LAUDERDALE(I-Location) ,(O) Fla.(B-Location) 1996-08-26(O)","Input: FORT LAUDERDALE , Fla. 1996-08-26
Output: FORT(B-Location) LAUDERDALE(I-Location) ,(O) Fla.(B-Location) 1996-08-26(O)"
1661,"['Media' 'baron' 'Rupert' 'Murdoch' ""'s"" 'News' 'Corp' 'Ltd' 'reported'
 'lower' 'than' 'expected' '1995/96' 'profits' 'on' 'Thursday' ',' 'but'
 'forecast' 'that' 'the' 'hit' 'film' '""' 'Independence' 'Day' '""' 'would'
 'help' 'increase' 'profits' 'by' 'at' 'least' '20' 'percent' 'in'
 '1996/97' '.']","['O', 'O', 'B-Person', 'I-Person', 'O', 'B-Organization', 'I-Organization', 'I-Organization', 'O', 'O', 'O', 'O', 'O', 'O', 'O', 'O', 'O', 'O', 'O', 'O', 'O', 'O', 'O', 'O', 'B-Miscellaneous', 'I-Miscellaneous', 'O', 'O', 'O', 'O', 'O', 'O', 'O', 'O', 'O', 'O', 'O', 'O', 'O']","Media baron Rupert Murdoch 's News Corp Ltd reported lower than expected 1995/96 profits on Thursday , but forecast that the hit film "" Independence Day "" would help increase profits by at least 20 percent in 1996/97 .","['Media(O)', 'baron(O)', 'Rupert(B-Person)', 'Murdoch(I-Person)', ""'s(O)"", 'News(B-Organization)', 'Corp(I-Organization)', 'Ltd(I-Organization)', 'reported(O)', 'lower(O)', 'than(O)', 'expected(O)', '1995/96(O)', 'profits(O)', 'on(O)', 'Thursday(O)', ',(O)', 'but(O)', 'forecast(O)', 'that(O)', 'the(O)', 'hit(O)', 'film(O)', '""(O)', 'Independence(B-Miscellaneous)', 'Day(I-Miscellaneous)', '""(O)', 'would(O)', 'help(O)', 'increase(O)', 'profits(O)', 'by(O)', 'at(O)', 'least(O)', '20(O)', 'percent(O)', 'in(O)', '1996/97(O)', '.(O)']","Media(O) baron(O) Rupert(B-Person) Murdoch(I-Person) 's(O) News(B-Organization) Corp(I-Organization) Ltd(I-Organization) reported(O) lower(O) than(O) expected(O) 1995/96(O) profits(O) on(O) Thursday(O) ,(O) but(O) forecast(O) that(O) the(O) hit(O) film(O) ""(O) Independence(B-Miscellaneous) Day(I-Miscellaneous) ""(O) would(O) help(O) increase(O) profits(O) by(O) at(O) least(O) 20(O) percent(O) in(O) 1996/97(O) .(O)","Input: Media baron Rupert Murdoch 's News Corp Ltd reported lower than expected 1995/96 profits on Thursday , but forecast that the hit film "" Independence Day "" would help increase profits by at least 20 percent in 1996/97 .
Output: Media(O) baron(O) Rupert(B-Person) Murdoch(I-Person) 's(O) News(B-Organization) Corp(I-Organization) Ltd(I-Organization) reported(O) lower(O) than(O) expected(O) 1995/96(O) profits(O) on(O) Thursday(O) ,(O) but(O) forecast(O) that(O) the(O) hit(O) film(O) ""(O) Independence(B-Miscellaneous) Day(I-Miscellaneous) ""(O) would(O) help(O) increase(O) profits(O) by(O) at(O) least(O) 20(O) percent(O) in(O) 1996/97(O) .(O)"
11041,"['Philippoussis' 'is' 'on' 'course' 'for' 'a' 'third' 'round' 'meeting'
 'with' 'world' 'number' 'one' 'Pete' 'Sampras' 'of' 'the' 'United'
 'States' ',' 'whom' 'he' 'beat' 'at' 'the' 'Australian' 'Open' 'last'
 'January' '.']","['B-Person', 'O', 'O', 'O', 'O', 'O', 'O', 'O', 'O', 'O', 'O', 'O', 'O', 'B-Person', 'I-Person', 'O', 'O', 'B-Location', 'I-Location', 'O', 'O', 'O', 'O', 'O', 'O', 'B-Miscellaneous', 'I-Miscellaneous', 'O', 'O', 'O']","Philippoussis is on course for a third round meeting with world number one Pete Sampras of the United States , whom he beat at the Australian Open last January .","['Philippoussis(B-Person)', 'is(O)', 'on(O)', 'course(O)', 'for(O)', 'a(O)', 'third(O)', 'round(O)', 'meeting(O)', 'with(O)', 'world(O)', 'number(O)', 'one(O)', 'Pete(B-Person)', 'Sampras(I-Person)', 'of(O)', 'the(O)', 'United(B-Location)', 'States(I-Location)', ',(O)', 'whom(O)', 'he(O)', 'beat(O)', 'at(O)', 'the(O)', 'Australian(B-Miscellaneous)', 'Open(I-Miscellaneous)', 'last(O)', 'January(O)', '.(O)']","Philippoussis(B-Person) is(O) on(O) course(O) for(O) a(O) third(O) round(O) meeting(O) with(O) world(O) number(O) one(O) Pete(B-Person) Sampras(I-Person) of(O) the(O) United(B-Location) States(I-Location) ,(O) whom(O) he(O) beat(O) at(O) the(O) Australian(B-Miscellaneous) Open(I-Miscellaneous) last(O) January(O) .(O)","Input: Philippoussis is on course for a third round meeting with world number one Pete Sampras of the United States , whom he beat at the Australian Open last January .
Output: Philippoussis(B-Person) is(O) on(O) course(O) for(O) a(O) third(O) round(O) meeting(O) with(O) world(O) number(O) one(O) Pete(B-Person) Sampras(I-Person) of(O) the(O) United(B-Location) States(I-Location) ,(O) whom(O) he(O) beat(O) at(O) the(O) Australian(B-Miscellaneous) Open(I-Miscellaneous) last(O) January(O) .(O)"
9743,['Elect' 'Res' 'April' '20' '43.0' '32.0' '6.0' '12.0' '4.0'],"['B-Organization', 'I-Organization', 'O', 'O', 'O', 'O', 'O', 'O', 'O']",Elect Res April 20 43.0 32.0 6.0 12.0 4.0,"['Elect(B-Organization)', 'Res(I-Organization)', 'April(O)', '20(O)', '43.0(O)', '32.0(O)', '6.0(O)', '12.0(O)', '4.0(O)']",Elect(B-Organization) Res(I-Organization) April(O) 20(O) 43.0(O) 32.0(O) 6.0(O) 12.0(O) 4.0(O),"Input: Elect Res April 20 43.0 32.0 6.0 12.0 4.0
Output: Elect(B-Organization) Res(I-Organization) April(O) 20(O) 43.0(O) 32.0(O) 6.0(O) 12.0(O) 4.0(O)"
12981,"['Israeli' 'prison' 'officials' 'took' 'jailed' 'Islamic' 'militant'
 'Hamas' 'founder' 'Sheikh' 'Ahmed' 'Yassin' 'to' 'hospital' 'briefly'
 'on' 'Thursday' 'for' 'medical' 'tests' ',' 'officials' 'said' '.']","['B-Miscellaneous', 'O', 'O', 'O', 'O', 'B-Miscellaneous', 'O', 'B-Organization', 'O', 'O', 'B-Person', 'I-Person', 'O', 'O', 'O', 'O', 'O', 'O', 'O', 'O', 'O', 'O', 'O', 'O']","Israeli prison officials took jailed Islamic militant Hamas founder Sheikh Ahmed Yassin to hospital briefly on Thursday for medical tests , officials said .","['Israeli(B-Miscellaneous)', 'prison(O)', 'officials(O)', 'took(O)', 'jailed(O)', 'Islamic(B-Miscellaneous)', 'militant(O)', 'Hamas(B-Organization)', 'founder(O)', 'Sheikh(O)', 'Ahmed(B-Person)', 'Yassin(I-Person)', 'to(O)', 'hospital(O)', 'briefly(O)', 'on(O)', 'Thursday(O)', 'for(O)', 'medical(O)', 'tests(O)', ',(O)', 'officials(O)', 'said(O)', '.(O)']","Israeli(B-Miscellaneous) prison(O) officials(O) took(O) jailed(O) Islamic(B-Miscellaneous) militant(O) Hamas(B-Organization) founder(O) Sheikh(O) Ahmed(B-Person) Yassin(I-Person) to(O) hospital(O) briefly(O) on(O) Thursday(O) for(O) medical(O) tests(O) ,(O) officials(O) said(O) .(O)","Input: Israeli prison officials took jailed Islamic militant Hamas founder Sheikh Ahmed Yassin to hospital briefly on Thursday for medical tests , officials said .
Output: Israeli(B-Miscellaneous) prison(O) officials(O) took(O) jailed(O) Islamic(B-Miscellaneous) militant(O) Hamas(B-Organization) founder(O) Sheikh(O) Ahmed(B-Person) Yassin(I-Person) to(O) hospital(O) briefly(O) on(O) Thursday(O) for(O) medical(O) tests(O) ,(O) officials(O) said(O) .(O)"
11380,['Welcome' 'to' 'the' 'club' '.'],"['O', 'O', 'O', 'O', 'O']",Welcome to the club .,"['Welcome(O)', 'to(O)', 'the(O)', 'club(O)', '.(O)']",Welcome(O) to(O) the(O) club(O) .(O),"Input: Welcome to the club .
Output: Welcome(O) to(O) the(O) club(O) .(O)"
11770,['WASHINGTON' '1996-08-27'],"['B-Location', 'O']",WASHINGTON 1996-08-27,"['WASHINGTON(B-Location)', '1996-08-27(O)']",WASHINGTON(B-Location) 1996-08-27(O),"Input: WASHINGTON 1996-08-27
Output: WASHINGTON(B-Location) 1996-08-27(O)"
7814,"['2000' '650,000']","['O', 'O']","2000 650,000","['2000(O)', '650,000(O)']","2000(O) 650,000(O)","Input: 2000 650,000
Output: 2000(O) 650,000(O)"
7224,['C.' 'Evans' 'c' 'Healy' 'b' 'S.' 'Waugh' '15'],"['B-Person', 'I-Person', 'O', 'B-Person', 'O', 'B-Person', 'I-Person', 'O']",C. Evans c Healy b S. Waugh 15,"['C.(B-Person)', 'Evans(I-Person)', 'c(O)', 'Healy(B-Person)', 'b(O)', 'S.(B-Person)', 'Waugh(I-Person)', '15(O)']",C.(B-Person) Evans(I-Person) c(O) Healy(B-Person) b(O) S.(B-Person) Waugh(I-Person) 15(O),"Input: C. Evans c Healy b S. Waugh 15
Output: C.(B-Person) Evans(I-Person) c(O) Healy(B-Person) b(O) S.(B-Person) Waugh(I-Person) 15(O)"
2180,"['The' 'Rangers' ',' 'who' 'won' 'for' 'the' '11th' 'time' 'in' 'their'
 'last' '13' 'games' ',' 'have' 'scored' '45' 'runs' 'in' 'their' 'last'
 'five' 'contests' '.']","['O', 'B-Organization', 'O', 'O', 'O', 'O', 'O', 'O', 'O', 'O', 'O', 'O', 'O', 'O', 'O', 'O', 'O', 'O', 'O', 'O', 'O', 'O', 'O', 'O', 'O']","The Rangers , who won for the 11th time in their last 13 games , have scored 45 runs in their last five contests .","['The(O)', 'Rangers(B-Organization)', ',(O)', 'who(O)', 'won(O)', 'for(O)', 'the(O)', '11th(O)', 'time(O)', 'in(O)', 'their(O)', 'last(O)', '13(O)', 'games(O)', ',(O)', 'have(O)', 'scored(O)', '45(O)', 'runs(O)', 'in(O)', 'their(O)', 'last(O)', 'five(O)', 'contests(O)', '.(O)']","The(O) Rangers(B-Organization) ,(O) who(O) won(O) for(O) the(O) 11th(O) time(O) in(O) their(O) last(O) 13(O) games(O) ,(O) have(O) scored(O) 45(O) runs(O) in(O) their(O) last(O) five(O) contests(O) .(O)","Input: The Rangers , who won for the 11th time in their last 13 games , have scored 45 runs in their last five contests .
Output: The(O) Rangers(B-Organization) ,(O) who(O) won(O) for(O) the(O) 11th(O) time(O) in(O) their(O) last(O) 13(O) games(O) ,(O) have(O) scored(O) 45(O) runs(O) in(O) their(O) last(O) five(O) contests(O) .(O)"
13770,['JAKARTA' '1996-08-29'],"['B-Location', 'O']",JAKARTA 1996-08-29,"['JAKARTA(B-Location)', '1996-08-29(O)']",JAKARTA(B-Location) 1996-08-29(O),"Input: JAKARTA 1996-08-29
Output: JAKARTA(B-Location) 1996-08-29(O)"
5181,['Alaniya' 'Vladikavkaz' '3' 'Zhemchuzhina' 'Sochi' '1'],"['B-Organization', 'I-Organization', 'O', 'B-Organization', 'I-Organization', 'O']",Alaniya Vladikavkaz 3 Zhemchuzhina Sochi 1,"['Alaniya(B-Organization)', 'Vladikavkaz(I-Organization)', '3(O)', 'Zhemchuzhina(B-Organization)', 'Sochi(I-Organization)', '1(O)']",Alaniya(B-Organization) Vladikavkaz(I-Organization) 3(O) Zhemchuzhina(B-Organization) Sochi(I-Organization) 1(O),"Input: Alaniya Vladikavkaz 3 Zhemchuzhina Sochi 1
Output: Alaniya(B-Organization) Vladikavkaz(I-Organization) 3(O) Zhemchuzhina(B-Organization) Sochi(I-Organization) 1(O)"
10530,"['The' '27-year-old' 'Sosa' 'leads' 'the' 'league' 'with' '40' 'homers'
 'and' 'is' 'tied' 'for' '10th' 'with' '100' 'RBI' '.']","['O', 'O', 'B-Person', 'O', 'O', 'O', 'O', 'O', 'O', 'O', 'O', 'O', 'O', 'O', 'O', 'O', 'B-Miscellaneous', 'O']",The 27-year-old Sosa leads the league with 40 homers and is tied for 10th with 100 RBI .,"['The(O)', '27-year-old(O)', 'Sosa(B-Person)', 'leads(O)', 'the(O)', 'league(O)', 'with(O)', '40(O)', 'homers(O)', 'and(O)', 'is(O)', 'tied(O)', 'for(O)', '10th(O)', 'with(O)', '100(O)', 'RBI(B-Miscellaneous)', '.(O)']",The(O) 27-year-old(O) Sosa(B-Person) leads(O) the(O) league(O) with(O) 40(O) homers(O) and(O) is(O) tied(O) for(O) 10th(O) with(O) 100(O) RBI(B-Miscellaneous) .(O),"Input: The 27-year-old Sosa leads the league with 40 homers and is tied for 10th with 100 RBI .
Output: The(O) 27-year-old(O) Sosa(B-Person) leads(O) the(O) league(O) with(O) 40(O) homers(O) and(O) is(O) tied(O) for(O) 10th(O) with(O) 100(O) RBI(B-Miscellaneous) .(O)"
2047,"['Mulder' 'missed' 'the' 'first' 'test' 'in' 'Durban' 'with' 'back'
 'spasms' 'and' 'failed' 'a' 'fitness' 'check' 'on' 'Thursday' '.']","['B-Person', 'O', 'O', 'O', 'O', 'O', 'B-Location', 'O', 'O', 'O', 'O', 'O', 'O', 'O', 'O', 'O', 'O', 'O']",Mulder missed the first test in Durban with back spasms and failed a fitness check on Thursday .,"['Mulder(B-Person)', 'missed(O)', 'the(O)', 'first(O)', 'test(O)', 'in(O)', 'Durban(B-Location)', 'with(O)', 'back(O)', 'spasms(O)', 'and(O)', 'failed(O)', 'a(O)', 'fitness(O)', 'check(O)', 'on(O)', 'Thursday(O)', '.(O)']",Mulder(B-Person) missed(O) the(O) first(O) test(O) in(O) Durban(B-Location) with(O) back(O) spasms(O) and(O) failed(O) a(O) fitness(O) check(O) on(O) Thursday(O) .(O),"Input: Mulder missed the first test in Durban with back spasms and failed a fitness check on Thursday .
Output: Mulder(B-Person) missed(O) the(O) first(O) test(O) in(O) Durban(B-Location) with(O) back(O) spasms(O) and(O) failed(O) a(O) fitness(O) check(O) on(O) Thursday(O) .(O)"
9813,['Seoul' 'embassies' 'warned' 'of' 'terrorist' 'attacks' '.'],"['B-Location', 'O', 'O', 'O', 'O', 'O', 'O']",Seoul embassies warned of terrorist attacks .,"['Seoul(B-Location)', 'embassies(O)', 'warned(O)', 'of(O)', 'terrorist(O)', 'attacks(O)', '.(O)']",Seoul(B-Location) embassies(O) warned(O) of(O) terrorist(O) attacks(O) .(O),"Input: Seoul embassies warned of terrorist attacks .
Output: Seoul(B-Location) embassies(O) warned(O) of(O) terrorist(O) attacks(O) .(O)"
2852,"['One' 'teen' 'left' 'dead' 'by' 'attack' 'on' 'U.S.' 'slumber' 'party'
 '.']","['O', 'O', 'O', 'O', 'O', 'O', 'O', 'B-Location', 'O', 'O', 'O']",One teen left dead by attack on U.S. slumber party .,"['One(O)', 'teen(O)', 'left(O)', 'dead(O)', 'by(O)', 'attack(O)', 'on(O)', 'U.S.(B-Location)', 'slumber(O)', 'party(O)', '.(O)']",One(O) teen(O) left(O) dead(O) by(O) attack(O) on(O) U.S.(B-Location) slumber(O) party(O) .(O),"Input: One teen left dead by attack on U.S. slumber party .
Output: One(O) teen(O) left(O) dead(O) by(O) attack(O) on(O) U.S.(B-Location) slumber(O) party(O) .(O)"
5340,['Major' 'League' 'Baseball'],"['B-Miscellaneous', 'I-Miscellaneous', 'I-Miscellaneous']",Major League Baseball,"['Major(B-Miscellaneous)', 'League(I-Miscellaneous)', 'Baseball(I-Miscellaneous)']",Major(B-Miscellaneous) League(I-Miscellaneous) Baseball(I-Miscellaneous),"Input: Major League Baseball
Output: Major(B-Miscellaneous) League(I-Miscellaneous) Baseball(I-Miscellaneous)"
11134,['Freed' 'American' 'slaves' 'founded' 'Liberia' 'in' '1847' '.'],"['O', 'B-Miscellaneous', 'O', 'O', 'B-Location', 'O', 'O', 'O']",Freed American slaves founded Liberia in 1847 .,"['Freed(O)', 'American(B-Miscellaneous)', 'slaves(O)', 'founded(O)', 'Liberia(B-Location)', 'in(O)', '1847(O)', '.(O)']",Freed(O) American(B-Miscellaneous) slaves(O) founded(O) Liberia(B-Location) in(O) 1847(O) .(O),"Input: Freed American slaves founded Liberia in 1847 .
Output: Freed(O) American(B-Miscellaneous) slaves(O) founded(O) Liberia(B-Location) in(O) 1847(O) .(O)"
5104,"['(' 'Legia' 'Warsaw' ')' ',' 'Ryszard' 'Wieczorek' '(' 'Odra' 'Wodzislaw'
 ')']","['O', 'B-Organization', 'I-Organization', 'O', 'O', 'B-Person', 'I-Person', 'O', 'B-Organization', 'I-Organization', 'O']","( Legia Warsaw ) , Ryszard Wieczorek ( Odra Wodzislaw )","['((O)', 'Legia(B-Organization)', 'Warsaw(I-Organization)', ')(O)', ',(O)', 'Ryszard(B-Person)', 'Wieczorek(I-Person)', '((O)', 'Odra(B-Organization)', 'Wodzislaw(I-Organization)', ')(O)']","((O) Legia(B-Organization) Warsaw(I-Organization) )(O) ,(O) Ryszard(B-Person) Wieczorek(I-Person) ((O) Odra(B-Organization) Wodzislaw(I-Organization) )(O)","Input: ( Legia Warsaw ) , Ryszard Wieczorek ( Odra Wodzislaw )
Output: ((O) Legia(B-Organization) Warsaw(I-Organization) )(O) ,(O) Ryszard(B-Person) Wieczorek(I-Person) ((O) Odra(B-Organization) Wodzislaw(I-Organization) )(O)"
2420,['9.' 'Lamont' 'Smith' '(' 'U.S.' ')' '21.08'],"['O', 'B-Person', 'I-Person', 'O', 'B-Location', 'O', 'O']",9. Lamont Smith ( U.S. ) 21.08,"['9.(O)', 'Lamont(B-Person)', 'Smith(I-Person)', '((O)', 'U.S.(B-Location)', ')(O)', '21.08(O)']",9.(O) Lamont(B-Person) Smith(I-Person) ((O) U.S.(B-Location) )(O) 21.08(O),"Input: 9. Lamont Smith ( U.S. ) 21.08
Output: 9.(O) Lamont(B-Person) Smith(I-Person) ((O) U.S.(B-Location) )(O) 21.08(O)"
7489,['--' 'Wellington' 'newsroom' '64' '4' '473-4746'],"['O', 'B-Location', 'O', 'O', 'O', 'O']",-- Wellington newsroom 64 4 473-4746,"['--(O)', 'Wellington(B-Location)', 'newsroom(O)', '64(O)', '4(O)', '473-4746(O)']",--(O) Wellington(B-Location) newsroom(O) 64(O) 4(O) 473-4746(O),"Input: -- Wellington newsroom 64 4 473-4746
Output: --(O) Wellington(B-Location) newsroom(O) 64(O) 4(O) 473-4746(O)"
11489,"['The' 'officials' 'said' 'Amoco' 'was' 'deferring' 'to' 'the' 'Yemeni'
 'Ministry' 'of' 'Petroleum' 'and' 'Minerals' 'for' 'any' 'specific'
 'comments' 'on' 'the' 'Amoco-Yemen' 'talks' '.']","['O', 'O', 'O', 'B-Organization', 'O', 'O', 'O', 'O', 'B-Miscellaneous', 'B-Organization', 'I-Organization', 'I-Organization', 'I-Organization', 'I-Organization', 'O', 'O', 'O', 'O', 'O', 'O', 'B-Miscellaneous', 'O', 'O']",The officials said Amoco was deferring to the Yemeni Ministry of Petroleum and Minerals for any specific comments on the Amoco-Yemen talks .,"['The(O)', 'officials(O)', 'said(O)', 'Amoco(B-Organization)', 'was(O)', 'deferring(O)', 'to(O)', 'the(O)', 'Yemeni(B-Miscellaneous)', 'Ministry(B-Organization)', 'of(I-Organization)', 'Petroleum(I-Organization)', 'and(I-Organization)', 'Minerals(I-Organization)', 'for(O)', 'any(O)', 'specific(O)', 'comments(O)', 'on(O)', 'the(O)', 'Amoco-Yemen(B-Miscellaneous)', 'talks(O)', '.(O)']",The(O) officials(O) said(O) Amoco(B-Organization) was(O) deferring(O) to(O) the(O) Yemeni(B-Miscellaneous) Ministry(B-Organization) of(I-Organization) Petroleum(I-Organization) and(I-Organization) Minerals(I-Organization) for(O) any(O) specific(O) comments(O) on(O) the(O) Amoco-Yemen(B-Miscellaneous) talks(O) .(O),"Input: The officials said Amoco was deferring to the Yemeni Ministry of Petroleum and Minerals for any specific comments on the Amoco-Yemen talks .
Output: The(O) officials(O) said(O) Amoco(B-Organization) was(O) deferring(O) to(O) the(O) Yemeni(B-Miscellaneous) Ministry(B-Organization) of(I-Organization) Petroleum(I-Organization) and(I-Organization) Minerals(I-Organization) for(O) any(O) specific(O) comments(O) on(O) the(O) Amoco-Yemen(B-Miscellaneous) talks(O) .(O)"
4129,"['""' 'During' 'the' 'last' '15' 'days' 'of' 'being' 'held' ',' 'the'
 'fighting' 'in' 'Grozny' 'was' 'very' 'close' '.']","['O', 'O', 'O', 'O', 'O', 'O', 'O', 'O', 'O', 'O', 'O', 'O', 'O', 'B-Location', 'O', 'O', 'O', 'O']",""" During the last 15 days of being held , the fighting in Grozny was very close .","['""(O)', 'During(O)', 'the(O)', 'last(O)', '15(O)', 'days(O)', 'of(O)', 'being(O)', 'held(O)', ',(O)', 'the(O)', 'fighting(O)', 'in(O)', 'Grozny(B-Location)', 'was(O)', 'very(O)', 'close(O)', '.(O)']","""(O) During(O) the(O) last(O) 15(O) days(O) of(O) being(O) held(O) ,(O) the(O) fighting(O) in(O) Grozny(B-Location) was(O) very(O) close(O) .(O)","Input: "" During the last 15 days of being held , the fighting in Grozny was very close .
Output: ""(O) During(O) the(O) last(O) 15(O) days(O) of(O) being(O) held(O) ,(O) the(O) fighting(O) in(O) Grozny(B-Location) was(O) very(O) close(O) .(O)"
613,['Ferenc' 'Horvath' '(' '15th' ')'],"['B-Person', 'I-Person', 'O', 'O', 'O']",Ferenc Horvath ( 15th ),"['Ferenc(B-Person)', 'Horvath(I-Person)', '((O)', '15th(O)', ')(O)']",Ferenc(B-Person) Horvath(I-Person) ((O) 15th(O) )(O),"Input: Ferenc Horvath ( 15th )
Output: Ferenc(B-Person) Horvath(I-Person) ((O) 15th(O) )(O)"
8070,"['Police' 'said' 'most' 'of' 'the' 'passengers' 'were' 'Sudanese' 'but'
 'that' 'there' 'were' 'also' 'an' 'unknown' 'number' 'of' 'Iraqis' ','
 'Jordanians' ',' 'Palestinians' ',' 'Syrians' 'and' 'Saudis' '.']","['O', 'O', 'O', 'O', 'O', 'O', 'O', 'B-Miscellaneous', 'O', 'O', 'O', 'O', 'O', 'O', 'O', 'O', 'O', 'B-Miscellaneous', 'O', 'B-Miscellaneous', 'O', 'B-Miscellaneous', 'O', 'B-Miscellaneous', 'O', 'B-Miscellaneous', 'O']","Police said most of the passengers were Sudanese but that there were also an unknown number of Iraqis , Jordanians , Palestinians , Syrians and Saudis .","['Police(O)', 'said(O)', 'most(O)', 'of(O)', 'the(O)', 'passengers(O)', 'were(O)', 'Sudanese(B-Miscellaneous)', 'but(O)', 'that(O)', 'there(O)', 'were(O)', 'also(O)', 'an(O)', 'unknown(O)', 'number(O)', 'of(O)', 'Iraqis(B-Miscellaneous)', ',(O)', 'Jordanians(B-Miscellaneous)', ',(O)', 'Palestinians(B-Miscellaneous)', ',(O)', 'Syrians(B-Miscellaneous)', 'and(O)', 'Saudis(B-Miscellaneous)', '.(O)']","Police(O) said(O) most(O) of(O) the(O) passengers(O) were(O) Sudanese(B-Miscellaneous) but(O) that(O) there(O) were(O) also(O) an(O) unknown(O) number(O) of(O) Iraqis(B-Miscellaneous) ,(O) Jordanians(B-Miscellaneous) ,(O) Palestinians(B-Miscellaneous) ,(O) Syrians(B-Miscellaneous) and(O) Saudis(B-Miscellaneous) .(O)","Input: Police said most of the passengers were Sudanese but that there were also an unknown number of Iraqis , Jordanians , Palestinians , Syrians and Saudis .
Output: Police(O) said(O) most(O) of(O) the(O) passengers(O) were(O) Sudanese(B-Miscellaneous) but(O) that(O) there(O) were(O) also(O) an(O) unknown(O) number(O) of(O) Iraqis(B-Miscellaneous) ,(O) Jordanians(B-Miscellaneous) ,(O) Palestinians(B-Miscellaneous) ,(O) Syrians(B-Miscellaneous) and(O) Saudis(B-Miscellaneous) .(O)"
6451,"['and' '231-7' '(' 'N.' 'Speak' '77' ',' 'N.' 'Fairbrother' '55' ';' 'D.'
 'Gough' '4-48' ')' '.']","['O', 'O', 'O', 'B-Person', 'I-Person', 'O', 'O', 'B-Person', 'I-Person', 'O', 'O', 'B-Person', 'I-Person', 'O', 'O', 'O']","and 231-7 ( N. Speak 77 , N. Fairbrother 55 ; D. Gough 4-48 ) .","['and(O)', '231-7(O)', '((O)', 'N.(B-Person)', 'Speak(I-Person)', '77(O)', ',(O)', 'N.(B-Person)', 'Fairbrother(I-Person)', '55(O)', ';(O)', 'D.(B-Person)', 'Gough(I-Person)', '4-48(O)', ')(O)', '.(O)']","and(O) 231-7(O) ((O) N.(B-Person) Speak(I-Person) 77(O) ,(O) N.(B-Person) Fairbrother(I-Person) 55(O) ;(O) D.(B-Person) Gough(I-Person) 4-48(O) )(O) .(O)","Input: and 231-7 ( N. Speak 77 , N. Fairbrother 55 ; D. Gough 4-48 ) .
Output: and(O) 231-7(O) ((O) N.(B-Person) Speak(I-Person) 77(O) ,(O) N.(B-Person) Fairbrother(I-Person) 55(O) ;(O) D.(B-Person) Gough(I-Person) 4-48(O) )(O) .(O)"
10101,['4:20.241'],['O'],4:20.241,['4:20.241(O)'],4:20.241(O),"Input: 4:20.241
Output: 4:20.241(O)"
5442,['HOUSTON' '3' 'St' 'Louis' '1'],"['B-Organization', 'O', 'B-Organization', 'I-Organization', 'O']",HOUSTON 3 St Louis 1,"['HOUSTON(B-Organization)', '3(O)', 'St(B-Organization)', 'Louis(I-Organization)', '1(O)']",HOUSTON(B-Organization) 3(O) St(B-Organization) Louis(I-Organization) 1(O),"Input: HOUSTON 3 St Louis 1
Output: HOUSTON(B-Organization) 3(O) St(B-Organization) Louis(I-Organization) 1(O)"
11649,"['London' 'shares' ',' 'boosted' 'by' 'Wall' 'Street' ',' 'added' 'to'
 'early' 'gains' 'with' 'the' 'blue' 'chip' 'FTSE' '100' 'index' 'hitting'
 'a' 'new' 'peak' 'of' '3921.8' 'before' 'dropping' 'back' 'slightly' '.']","['B-Location', 'O', 'O', 'O', 'O', 'B-Location', 'I-Location', 'O', 'O', 'O', 'O', 'O', 'O', 'O', 'O', 'O', 'B-Miscellaneous', 'I-Miscellaneous', 'O', 'O', 'O', 'O', 'O', 'O', 'O', 'O', 'O', 'O', 'O', 'O']","London shares , boosted by Wall Street , added to early gains with the blue chip FTSE 100 index hitting a new peak of 3921.8 before dropping back slightly .","['London(B-Location)', 'shares(O)', ',(O)', 'boosted(O)', 'by(O)', 'Wall(B-Location)', 'Street(I-Location)', ',(O)', 'added(O)', 'to(O)', 'early(O)', 'gains(O)', 'with(O)', 'the(O)', 'blue(O)', 'chip(O)', 'FTSE(B-Miscellaneous)', '100(I-Miscellaneous)', 'index(O)', 'hitting(O)', 'a(O)', 'new(O)', 'peak(O)', 'of(O)', '3921.8(O)', 'before(O)', 'dropping(O)', 'back(O)', 'slightly(O)', '.(O)']","London(B-Location) shares(O) ,(O) boosted(O) by(O) Wall(B-Location) Street(I-Location) ,(O) added(O) to(O) early(O) gains(O) with(O) the(O) blue(O) chip(O) FTSE(B-Miscellaneous) 100(I-Miscellaneous) index(O) hitting(O) a(O) new(O) peak(O) of(O) 3921.8(O) before(O) dropping(O) back(O) slightly(O) .(O)","Input: London shares , boosted by Wall Street , added to early gains with the blue chip FTSE 100 index hitting a new peak of 3921.8 before dropping back slightly .
Output: London(B-Location) shares(O) ,(O) boosted(O) by(O) Wall(B-Location) Street(I-Location) ,(O) added(O) to(O) early(O) gains(O) with(O) the(O) blue(O) chip(O) FTSE(B-Miscellaneous) 100(I-Miscellaneous) index(O) hitting(O) a(O) new(O) peak(O) of(O) 3921.8(O) before(O) dropping(O) back(O) slightly(O) .(O)"
3279,"['Traders' 'have' 'said' 'the' 'reserve' 'could' 'negotiate' 'concessions'
 'on' 'duties' '--' 'three' 'percent' 'import' 'tax' 'and' '17' 'percent'
 'value-added' 'tax' '--' 'that' 'made' 'the' 'copper' 'prohibitively'
 'expensive' 'otherwise' '.']","['O', 'O', 'O', 'O', 'O', 'O', 'O', 'O', 'O', 'O', 'O', 'O', 'O', 'O', 'O', 'O', 'O', 'O', 'O', 'O', 'O', 'O', 'O', 'O', 'O', 'O', 'O', 'O', 'O']",Traders have said the reserve could negotiate concessions on duties -- three percent import tax and 17 percent value-added tax -- that made the copper prohibitively expensive otherwise .,"['Traders(O)', 'have(O)', 'said(O)', 'the(O)', 'reserve(O)', 'could(O)', 'negotiate(O)', 'concessions(O)', 'on(O)', 'duties(O)', '--(O)', 'three(O)', 'percent(O)', 'import(O)', 'tax(O)', 'and(O)', '17(O)', 'percent(O)', 'value-added(O)', 'tax(O)', '--(O)', 'that(O)', 'made(O)', 'the(O)', 'copper(O)', 'prohibitively(O)', 'expensive(O)', 'otherwise(O)', '.(O)']",Traders(O) have(O) said(O) the(O) reserve(O) could(O) negotiate(O) concessions(O) on(O) duties(O) --(O) three(O) percent(O) import(O) tax(O) and(O) 17(O) percent(O) value-added(O) tax(O) --(O) that(O) made(O) the(O) copper(O) prohibitively(O) expensive(O) otherwise(O) .(O),"Input: Traders have said the reserve could negotiate concessions on duties -- three percent import tax and 17 percent value-added tax -- that made the copper prohibitively expensive otherwise .
Output: Traders(O) have(O) said(O) the(O) reserve(O) could(O) negotiate(O) concessions(O) on(O) duties(O) --(O) three(O) percent(O) import(O) tax(O) and(O) 17(O) percent(O) value-added(O) tax(O) --(O) that(O) made(O) the(O) copper(O) prohibitively(O) expensive(O) otherwise(O) .(O)"
4432,"['Police' 'commissioner' 'George' 'Grech' 'said' 'the' 'cannabis' 'was'
 'found' 'on' 'Friday' 'packed' 'in' '500' 'boxes' 'hidden' 'behind'
 'chilli' 'sauce' 'in' 'a' 'container' 'that' 'arrived' 'at' 'Malta'
 'Freeport' 'a' 'week' 'ago' '.']","['O', 'O', 'B-Person', 'I-Person', 'O', 'O', 'O', 'O', 'O', 'O', 'O', 'O', 'O', 'O', 'O', 'O', 'O', 'O', 'O', 'O', 'O', 'O', 'O', 'O', 'O', 'B-Location', 'I-Location', 'O', 'O', 'O', 'O']",Police commissioner George Grech said the cannabis was found on Friday packed in 500 boxes hidden behind chilli sauce in a container that arrived at Malta Freeport a week ago .,"['Police(O)', 'commissioner(O)', 'George(B-Person)', 'Grech(I-Person)', 'said(O)', 'the(O)', 'cannabis(O)', 'was(O)', 'found(O)', 'on(O)', 'Friday(O)', 'packed(O)', 'in(O)', '500(O)', 'boxes(O)', 'hidden(O)', 'behind(O)', 'chilli(O)', 'sauce(O)', 'in(O)', 'a(O)', 'container(O)', 'that(O)', 'arrived(O)', 'at(O)', 'Malta(B-Location)', 'Freeport(I-Location)', 'a(O)', 'week(O)', 'ago(O)', '.(O)']",Police(O) commissioner(O) George(B-Person) Grech(I-Person) said(O) the(O) cannabis(O) was(O) found(O) on(O) Friday(O) packed(O) in(O) 500(O) boxes(O) hidden(O) behind(O) chilli(O) sauce(O) in(O) a(O) container(O) that(O) arrived(O) at(O) Malta(B-Location) Freeport(I-Location) a(O) week(O) ago(O) .(O),"Input: Police commissioner George Grech said the cannabis was found on Friday packed in 500 boxes hidden behind chilli sauce in a container that arrived at Malta Freeport a week ago .
Output: Police(O) commissioner(O) George(B-Person) Grech(I-Person) said(O) the(O) cannabis(O) was(O) found(O) on(O) Friday(O) packed(O) in(O) 500(O) boxes(O) hidden(O) behind(O) chilli(O) sauce(O) in(O) a(O) container(O) that(O) arrived(O) at(O) Malta(B-Location) Freeport(I-Location) a(O) week(O) ago(O) .(O)"
8714,['Arminia' 'Bielefeld' '3' '0' '2' '1' '2' '3' '2'],"['B-Organization', 'I-Organization', 'O', 'O', 'O', 'O', 'O', 'O', 'O']",Arminia Bielefeld 3 0 2 1 2 3 2,"['Arminia(B-Organization)', 'Bielefeld(I-Organization)', '3(O)', '0(O)', '2(O)', '1(O)', '2(O)', '3(O)', '2(O)']",Arminia(B-Organization) Bielefeld(I-Organization) 3(O) 0(O) 2(O) 1(O) 2(O) 3(O) 2(O),"Input: Arminia Bielefeld 3 0 2 1 2 3 2
Output: Arminia(B-Organization) Bielefeld(I-Organization) 3(O) 0(O) 2(O) 1(O) 2(O) 3(O) 2(O)"
440,"['third' 'and' 'final' 'test' 'between' 'England' 'and' 'Pakistan' 'at'
 'The' 'Oval' 'on']","['O', 'O', 'O', 'O', 'O', 'B-Location', 'O', 'B-Location', 'O', 'B-Location', 'I-Location', 'O']",third and final test between England and Pakistan at The Oval on,"['third(O)', 'and(O)', 'final(O)', 'test(O)', 'between(O)', 'England(B-Location)', 'and(O)', 'Pakistan(B-Location)', 'at(O)', 'The(B-Location)', 'Oval(I-Location)', 'on(O)']",third(O) and(O) final(O) test(O) between(O) England(B-Location) and(O) Pakistan(B-Location) at(O) The(B-Location) Oval(I-Location) on(O),"Input: third and final test between England and Pakistan at The Oval on
Output: third(O) and(O) final(O) test(O) between(O) England(B-Location) and(O) Pakistan(B-Location) at(O) The(B-Location) Oval(I-Location) on(O)"
13058,"['WHEAT' 'SALES' '-' 'The' 'Commodity' 'Credit' 'Corp' 'of' 'USDA'
 'bought' '18,278' 'tonnes' 'of' 'dark' 'northern' 'spring' '(' 'DNS' ')'
 'wheat' 'from' 'Cargill' 'Inc' 'at' '$' '195.79' 'per' 'tonne' ',' 'FOB'
 ',' 'for' 'donation' 'to' 'Nicaragua' '.']","['O', 'O', 'O', 'O', 'B-Organization', 'I-Organization', 'I-Organization', 'I-Organization', 'I-Organization', 'O', 'O', 'O', 'O', 'O', 'O', 'O', 'O', 'O', 'O', 'O', 'O', 'B-Organization', 'I-Organization', 'O', 'O', 'O', 'O', 'O', 'O', 'O', 'O', 'O', 'O', 'O', 'B-Location', 'O']","WHEAT SALES - The Commodity Credit Corp of USDA bought 18,278 tonnes of dark northern spring ( DNS ) wheat from Cargill Inc at $ 195.79 per tonne , FOB , for donation to Nicaragua .","['WHEAT(O)', 'SALES(O)', '-(O)', 'The(O)', 'Commodity(B-Organization)', 'Credit(I-Organization)', 'Corp(I-Organization)', 'of(I-Organization)', 'USDA(I-Organization)', 'bought(O)', '18,278(O)', 'tonnes(O)', 'of(O)', 'dark(O)', 'northern(O)', 'spring(O)', '((O)', 'DNS(O)', ')(O)', 'wheat(O)', 'from(O)', 'Cargill(B-Organization)', 'Inc(I-Organization)', 'at(O)', '$(O)', '195.79(O)', 'per(O)', 'tonne(O)', ',(O)', 'FOB(O)', ',(O)', 'for(O)', 'donation(O)', 'to(O)', 'Nicaragua(B-Location)', '.(O)']","WHEAT(O) SALES(O) -(O) The(O) Commodity(B-Organization) Credit(I-Organization) Corp(I-Organization) of(I-Organization) USDA(I-Organization) bought(O) 18,278(O) tonnes(O) of(O) dark(O) northern(O) spring(O) ((O) DNS(O) )(O) wheat(O) from(O) Cargill(B-Organization) Inc(I-Organization) at(O) $(O) 195.79(O) per(O) tonne(O) ,(O) FOB(O) ,(O) for(O) donation(O) to(O) Nicaragua(B-Location) .(O)","Input: WHEAT SALES - The Commodity Credit Corp of USDA bought 18,278 tonnes of dark northern spring ( DNS ) wheat from Cargill Inc at $ 195.79 per tonne , FOB , for donation to Nicaragua .
Output: WHEAT(O) SALES(O) -(O) The(O) Commodity(B-Organization) Credit(I-Organization) Corp(I-Organization) of(I-Organization) USDA(I-Organization) bought(O) 18,278(O) tonnes(O) of(O) dark(O) northern(O) spring(O) ((O) DNS(O) )(O) wheat(O) from(O) Cargill(B-Organization) Inc(I-Organization) at(O) $(O) 195.79(O) per(O) tonne(O) ,(O) FOB(O) ,(O) for(O) donation(O) to(O) Nicaragua(B-Location) .(O)"
5785,"['Indian' 'opener' 'Navjot' 'Singh' 'Sidhu' 'was' 'on' 'Sunday' 'given'
 'a' '50-day' 'ban' 'from' 'international' 'cricket' 'for' 'quitting'
 'this' 'year' ""'s"" 'tour' 'of' 'England' ',' 'the' 'Press' 'Trust' 'of'
 'India' 'said' '.']","['B-Miscellaneous', 'O', 'B-Person', 'I-Person', 'I-Person', 'O', 'O', 'O', 'O', 'O', 'O', 'O', 'O', 'O', 'O', 'O', 'O', 'O', 'O', 'O', 'O', 'O', 'B-Location', 'O', 'O', 'B-Organization', 'I-Organization', 'I-Organization', 'I-Organization', 'O', 'O']","Indian opener Navjot Singh Sidhu was on Sunday given a 50-day ban from international cricket for quitting this year 's tour of England , the Press Trust of India said .","['Indian(B-Miscellaneous)', 'opener(O)', 'Navjot(B-Person)', 'Singh(I-Person)', 'Sidhu(I-Person)', 'was(O)', 'on(O)', 'Sunday(O)', 'given(O)', 'a(O)', '50-day(O)', 'ban(O)', 'from(O)', 'international(O)', 'cricket(O)', 'for(O)', 'quitting(O)', 'this(O)', 'year(O)', ""'s(O)"", 'tour(O)', 'of(O)', 'England(B-Location)', ',(O)', 'the(O)', 'Press(B-Organization)', 'Trust(I-Organization)', 'of(I-Organization)', 'India(I-Organization)', 'said(O)', '.(O)']","Indian(B-Miscellaneous) opener(O) Navjot(B-Person) Singh(I-Person) Sidhu(I-Person) was(O) on(O) Sunday(O) given(O) a(O) 50-day(O) ban(O) from(O) international(O) cricket(O) for(O) quitting(O) this(O) year(O) 's(O) tour(O) of(O) England(B-Location) ,(O) the(O) Press(B-Organization) Trust(I-Organization) of(I-Organization) India(I-Organization) said(O) .(O)","Input: Indian opener Navjot Singh Sidhu was on Sunday given a 50-day ban from international cricket for quitting this year 's tour of England , the Press Trust of India said .
Output: Indian(B-Miscellaneous) opener(O) Navjot(B-Person) Singh(I-Person) Sidhu(I-Person) was(O) on(O) Sunday(O) given(O) a(O) 50-day(O) ban(O) from(O) international(O) cricket(O) for(O) quitting(O) this(O) year(O) 's(O) tour(O) of(O) England(B-Location) ,(O) the(O) Press(B-Organization) Trust(I-Organization) of(I-Organization) India(I-Organization) said(O) .(O)"
9201,['Leon' 'Barkho'],"['B-Person', 'I-Person']",Leon Barkho,"['Leon(B-Person)', 'Barkho(I-Person)']",Leon(B-Person) Barkho(I-Person),"Input: Leon Barkho
Output: Leon(B-Person) Barkho(I-Person)"
2909,['Lows' '68-76F' '(' '20-24C' ')' '.'],"['O', 'O', 'O', 'O', 'O', 'O']",Lows 68-76F ( 20-24C ) .,"['Lows(O)', '68-76F(O)', '((O)', '20-24C(O)', ')(O)', '.(O)']",Lows(O) 68-76F(O) ((O) 20-24C(O) )(O) .(O),"Input: Lows 68-76F ( 20-24C ) .
Output: Lows(O) 68-76F(O) ((O) 20-24C(O) )(O) .(O)"
6897,['Haitai' '63' '2' '41' '.604' '-'],"['B-Organization', 'O', 'O', 'O', 'O', 'O']",Haitai 63 2 41 .604 -,"['Haitai(B-Organization)', '63(O)', '2(O)', '41(O)', '.604(O)', '-(O)']",Haitai(B-Organization) 63(O) 2(O) 41(O) .604(O) -(O),"Input: Haitai 63 2 41 .604 -
Output: Haitai(B-Organization) 63(O) 2(O) 41(O) .604(O) -(O)"
10347,"['TENNIS' '-' 'SELES' 'HAS' 'WALKOVER' 'TO' 'U.S.' 'OPEN' 'THIRD' 'ROUND'
 '.']","['O', 'O', 'B-Person', 'I-Person', 'O', 'O', 'B-Miscellaneous', 'I-Miscellaneous', 'O', 'O', 'O']",TENNIS - SELES HAS WALKOVER TO U.S. OPEN THIRD ROUND .,"['TENNIS(O)', '-(O)', 'SELES(B-Person)', 'HAS(I-Person)', 'WALKOVER(O)', 'TO(O)', 'U.S.(B-Miscellaneous)', 'OPEN(I-Miscellaneous)', 'THIRD(O)', 'ROUND(O)', '.(O)']",TENNIS(O) -(O) SELES(B-Person) HAS(I-Person) WALKOVER(O) TO(O) U.S.(B-Miscellaneous) OPEN(I-Miscellaneous) THIRD(O) ROUND(O) .(O),"Input: TENNIS - SELES HAS WALKOVER TO U.S. OPEN THIRD ROUND .
Output: TENNIS(O) -(O) SELES(B-Person) HAS(I-Person) WALKOVER(O) TO(O) U.S.(B-Miscellaneous) OPEN(I-Miscellaneous) THIRD(O) ROUND(O) .(O)"
13712,"['Taiwan' 'dollar' 'ends' 'higher' ',' 'narrow' 'trade' 'seen' '.']","['B-Location', 'O', 'O', 'O', 'O', 'O', 'O', 'O', 'O']","Taiwan dollar ends higher , narrow trade seen .","['Taiwan(B-Location)', 'dollar(O)', 'ends(O)', 'higher(O)', ',(O)', 'narrow(O)', 'trade(O)', 'seen(O)', '.(O)']","Taiwan(B-Location) dollar(O) ends(O) higher(O) ,(O) narrow(O) trade(O) seen(O) .(O)","Input: Taiwan dollar ends higher , narrow trade seen .
Output: Taiwan(B-Location) dollar(O) ends(O) higher(O) ,(O) narrow(O) trade(O) seen(O) .(O)"
9337,"['Portland' 'sources' 'said' 'feed' 'mixer' 'demand' 'was' 'keeping'
 'pace' 'with' 'millfeed' 'production' 'and' 'driving' 'prices' 'higher'
 '.']","['B-Location', 'O', 'O', 'O', 'O', 'O', 'O', 'O', 'O', 'O', 'O', 'O', 'O', 'O', 'O', 'O', 'O']",Portland sources said feed mixer demand was keeping pace with millfeed production and driving prices higher .,"['Portland(B-Location)', 'sources(O)', 'said(O)', 'feed(O)', 'mixer(O)', 'demand(O)', 'was(O)', 'keeping(O)', 'pace(O)', 'with(O)', 'millfeed(O)', 'production(O)', 'and(O)', 'driving(O)', 'prices(O)', 'higher(O)', '.(O)']",Portland(B-Location) sources(O) said(O) feed(O) mixer(O) demand(O) was(O) keeping(O) pace(O) with(O) millfeed(O) production(O) and(O) driving(O) prices(O) higher(O) .(O),"Input: Portland sources said feed mixer demand was keeping pace with millfeed production and driving prices higher .
Output: Portland(B-Location) sources(O) said(O) feed(O) mixer(O) demand(O) was(O) keeping(O) pace(O) with(O) millfeed(O) production(O) and(O) driving(O) prices(O) higher(O) .(O)"
1056,['Four' 'of' 'the' 'mothers' 'had' 'measles' 'while' 'pregnant' '.'],"['O', 'O', 'O', 'O', 'O', 'O', 'O', 'O', 'O']",Four of the mothers had measles while pregnant .,"['Four(O)', 'of(O)', 'the(O)', 'mothers(O)', 'had(O)', 'measles(O)', 'while(O)', 'pregnant(O)', '.(O)']",Four(O) of(O) the(O) mothers(O) had(O) measles(O) while(O) pregnant(O) .(O),"Input: Four of the mothers had measles while pregnant .
Output: Four(O) of(O) the(O) mothers(O) had(O) measles(O) while(O) pregnant(O) .(O)"
678,"['Magnus' 'Larsson' '(' 'Sweden' ')' 'vs.' 'Alexander' 'Volkov' '('
 'Russia' ')']","['B-Person', 'I-Person', 'O', 'B-Location', 'O', 'O', 'B-Person', 'I-Person', 'O', 'B-Location', 'O']",Magnus Larsson ( Sweden ) vs. Alexander Volkov ( Russia ),"['Magnus(B-Person)', 'Larsson(I-Person)', '((O)', 'Sweden(B-Location)', ')(O)', 'vs.(O)', 'Alexander(B-Person)', 'Volkov(I-Person)', '((O)', 'Russia(B-Location)', ')(O)']",Magnus(B-Person) Larsson(I-Person) ((O) Sweden(B-Location) )(O) vs.(O) Alexander(B-Person) Volkov(I-Person) ((O) Russia(B-Location) )(O),"Input: Magnus Larsson ( Sweden ) vs. Alexander Volkov ( Russia )
Output: Magnus(B-Person) Larsson(I-Person) ((O) Sweden(B-Location) )(O) vs.(O) Alexander(B-Person) Volkov(I-Person) ((O) Russia(B-Location) )(O)"
8785,['5.' 'Wim' 'Omloop' '(' 'Belgium' ')' 'Collstrop' 'same' 'time'],"['O', 'B-Person', 'I-Person', 'O', 'B-Location', 'O', 'B-Organization', 'O', 'O']",5. Wim Omloop ( Belgium ) Collstrop same time,"['5.(O)', 'Wim(B-Person)', 'Omloop(I-Person)', '((O)', 'Belgium(B-Location)', ')(O)', 'Collstrop(B-Organization)', 'same(O)', 'time(O)']",5.(O) Wim(B-Person) Omloop(I-Person) ((O) Belgium(B-Location) )(O) Collstrop(B-Organization) same(O) time(O),"Input: 5. Wim Omloop ( Belgium ) Collstrop same time
Output: 5.(O) Wim(B-Person) Omloop(I-Person) ((O) Belgium(B-Location) )(O) Collstrop(B-Organization) same(O) time(O)"
309,"['Bonn' 'has' 'led' 'efforts' 'to' 'ensure' 'consumer' 'protection' 'tops'
 'the' 'list' 'of' 'priorities' 'in' 'dealing' 'with' 'the' 'mad' 'cow'
 'crisis' ',' 'which' 'erupted' 'in' 'March' 'when' 'Britain'
 'acknowledged' 'humans' 'could' 'contract' 'a' 'similar' 'illness' 'by'
 'eating' 'contaminated' 'beef' '.']","['B-Location', 'O', 'O', 'O', 'O', 'O', 'O', 'O', 'O', 'O', 'O', 'O', 'O', 'O', 'O', 'O', 'O', 'O', 'O', 'O', 'O', 'O', 'O', 'O', 'O', 'O', 'B-Location', 'O', 'O', 'O', 'O', 'O', 'O', 'O', 'O', 'O', 'O', 'O', 'O']","Bonn has led efforts to ensure consumer protection tops the list of priorities in dealing with the mad cow crisis , which erupted in March when Britain acknowledged humans could contract a similar illness by eating contaminated beef .","['Bonn(B-Location)', 'has(O)', 'led(O)', 'efforts(O)', 'to(O)', 'ensure(O)', 'consumer(O)', 'protection(O)', 'tops(O)', 'the(O)', 'list(O)', 'of(O)', 'priorities(O)', 'in(O)', 'dealing(O)', 'with(O)', 'the(O)', 'mad(O)', 'cow(O)', 'crisis(O)', ',(O)', 'which(O)', 'erupted(O)', 'in(O)', 'March(O)', 'when(O)', 'Britain(B-Location)', 'acknowledged(O)', 'humans(O)', 'could(O)', 'contract(O)', 'a(O)', 'similar(O)', 'illness(O)', 'by(O)', 'eating(O)', 'contaminated(O)', 'beef(O)', '.(O)']","Bonn(B-Location) has(O) led(O) efforts(O) to(O) ensure(O) consumer(O) protection(O) tops(O) the(O) list(O) of(O) priorities(O) in(O) dealing(O) with(O) the(O) mad(O) cow(O) crisis(O) ,(O) which(O) erupted(O) in(O) March(O) when(O) Britain(B-Location) acknowledged(O) humans(O) could(O) contract(O) a(O) similar(O) illness(O) by(O) eating(O) contaminated(O) beef(O) .(O)","Input: Bonn has led efforts to ensure consumer protection tops the list of priorities in dealing with the mad cow crisis , which erupted in March when Britain acknowledged humans could contract a similar illness by eating contaminated beef .
Output: Bonn(B-Location) has(O) led(O) efforts(O) to(O) ensure(O) consumer(O) protection(O) tops(O) the(O) list(O) of(O) priorities(O) in(O) dealing(O) with(O) the(O) mad(O) cow(O) crisis(O) ,(O) which(O) erupted(O) in(O) March(O) when(O) Britain(B-Location) acknowledged(O) humans(O) could(O) contract(O) a(O) similar(O) illness(O) by(O) eating(O) contaminated(O) beef(O) .(O)"
1959,['N.' 'Knight' 'b' 'Mushtaq' 'Ahmed' '17'],"['B-Person', 'I-Person', 'O', 'B-Person', 'I-Person', 'O']",N. Knight b Mushtaq Ahmed 17,"['N.(B-Person)', 'Knight(I-Person)', 'b(O)', 'Mushtaq(B-Person)', 'Ahmed(I-Person)', '17(O)']",N.(B-Person) Knight(I-Person) b(O) Mushtaq(B-Person) Ahmed(I-Person) 17(O),"Input: N. Knight b Mushtaq Ahmed 17
Output: N.(B-Person) Knight(I-Person) b(O) Mushtaq(B-Person) Ahmed(I-Person) 17(O)"
9585,['9-mth' 'Helibor' '3.73' 'pct' '3.70' 'pct'],"['O', 'B-Miscellaneous', 'O', 'O', 'O', 'O']",9-mth Helibor 3.73 pct 3.70 pct,"['9-mth(O)', 'Helibor(B-Miscellaneous)', '3.73(O)', 'pct(O)', '3.70(O)', 'pct(O)']",9-mth(O) Helibor(B-Miscellaneous) 3.73(O) pct(O) 3.70(O) pct(O),"Input: 9-mth Helibor 3.73 pct 3.70 pct
Output: 9-mth(O) Helibor(B-Miscellaneous) 3.73(O) pct(O) 3.70(O) pct(O)"
4180,"['Epidemics' 'are' 'common' 'in' 'rural' 'areas' 'of' 'Nigeria' 'where'
 'piped' 'water' 'is' 'not' 'usually' 'available' '.']","['O', 'O', 'O', 'O', 'O', 'O', 'O', 'B-Location', 'O', 'O', 'O', 'O', 'O', 'O', 'O', 'O']",Epidemics are common in rural areas of Nigeria where piped water is not usually available .,"['Epidemics(O)', 'are(O)', 'common(O)', 'in(O)', 'rural(O)', 'areas(O)', 'of(O)', 'Nigeria(B-Location)', 'where(O)', 'piped(O)', 'water(O)', 'is(O)', 'not(O)', 'usually(O)', 'available(O)', '.(O)']",Epidemics(O) are(O) common(O) in(O) rural(O) areas(O) of(O) Nigeria(B-Location) where(O) piped(O) water(O) is(O) not(O) usually(O) available(O) .(O),"Input: Epidemics are common in rural areas of Nigeria where piped water is not usually available .
Output: Epidemics(O) are(O) common(O) in(O) rural(O) areas(O) of(O) Nigeria(B-Location) where(O) piped(O) water(O) is(O) not(O) usually(O) available(O) .(O)"
10542,['SOCCER' '-' 'ROBSON' 'WINS' 'FIRST' 'TROPHY' 'WITH' 'BARCELONA' '.'],"['O', 'O', 'B-Person', 'O', 'O', 'O', 'O', 'B-Organization', 'O']",SOCCER - ROBSON WINS FIRST TROPHY WITH BARCELONA .,"['SOCCER(O)', '-(O)', 'ROBSON(B-Person)', 'WINS(O)', 'FIRST(O)', 'TROPHY(O)', 'WITH(O)', 'BARCELONA(B-Organization)', '.(O)']",SOCCER(O) -(O) ROBSON(B-Person) WINS(O) FIRST(O) TROPHY(O) WITH(O) BARCELONA(B-Organization) .(O),"Input: SOCCER - ROBSON WINS FIRST TROPHY WITH BARCELONA .
Output: SOCCER(O) -(O) ROBSON(B-Person) WINS(O) FIRST(O) TROPHY(O) WITH(O) BARCELONA(B-Organization) .(O)"
11978,"['Shanghai-Ek' 'Chor' 'Motorcycle' 'Co' ',' 'a' 'Sino-Thai' 'joint'
 'venture' ',' 'opened' 'a' 'new' 'plant' 'to' 'produce' 'gasoline'
 'engines' 'in' 'the' 'Pudong' 'New' 'Area' 'of' 'Shanghai' ',' 'the'
 'Xinhua' 'news' 'agency' 'reported' 'on' 'Wednesday' '.']","['B-Organization', 'I-Organization', 'I-Organization', 'I-Organization', 'O', 'O', 'B-Organization', 'O', 'O', 'O', 'O', 'O', 'O', 'O', 'O', 'O', 'O', 'O', 'O', 'O', 'B-Location', 'I-Location', 'I-Location', 'O', 'B-Location', 'O', 'O', 'B-Organization', 'O', 'O', 'O', 'O', 'O', 'O']","Shanghai-Ek Chor Motorcycle Co , a Sino-Thai joint venture , opened a new plant to produce gasoline engines in the Pudong New Area of Shanghai , the Xinhua news agency reported on Wednesday .","['Shanghai-Ek(B-Organization)', 'Chor(I-Organization)', 'Motorcycle(I-Organization)', 'Co(I-Organization)', ',(O)', 'a(O)', 'Sino-Thai(B-Organization)', 'joint(O)', 'venture(O)', ',(O)', 'opened(O)', 'a(O)', 'new(O)', 'plant(O)', 'to(O)', 'produce(O)', 'gasoline(O)', 'engines(O)', 'in(O)', 'the(O)', 'Pudong(B-Location)', 'New(I-Location)', 'Area(I-Location)', 'of(O)', 'Shanghai(B-Location)', ',(O)', 'the(O)', 'Xinhua(B-Organization)', 'news(O)', 'agency(O)', 'reported(O)', 'on(O)', 'Wednesday(O)', '.(O)']","Shanghai-Ek(B-Organization) Chor(I-Organization) Motorcycle(I-Organization) Co(I-Organization) ,(O) a(O) Sino-Thai(B-Organization) joint(O) venture(O) ,(O) opened(O) a(O) new(O) plant(O) to(O) produce(O) gasoline(O) engines(O) in(O) the(O) Pudong(B-Location) New(I-Location) Area(I-Location) of(O) Shanghai(B-Location) ,(O) the(O) Xinhua(B-Organization) news(O) agency(O) reported(O) on(O) Wednesday(O) .(O)","Input: Shanghai-Ek Chor Motorcycle Co , a Sino-Thai joint venture , opened a new plant to produce gasoline engines in the Pudong New Area of Shanghai , the Xinhua news agency reported on Wednesday .
Output: Shanghai-Ek(B-Organization) Chor(I-Organization) Motorcycle(I-Organization) Co(I-Organization) ,(O) a(O) Sino-Thai(B-Organization) joint(O) venture(O) ,(O) opened(O) a(O) new(O) plant(O) to(O) produce(O) gasoline(O) engines(O) in(O) the(O) Pudong(B-Location) New(I-Location) Area(I-Location) of(O) Shanghai(B-Location) ,(O) the(O) Xinhua(B-Organization) news(O) agency(O) reported(O) on(O) Wednesday(O) .(O)"
9215,['DODGE' 'CITY' '1996-08-27'],"['B-Location', 'I-Location', 'O']",DODGE CITY 1996-08-27,"['DODGE(B-Location)', 'CITY(I-Location)', '1996-08-27(O)']",DODGE(B-Location) CITY(I-Location) 1996-08-27(O),"Input: DODGE CITY 1996-08-27
Output: DODGE(B-Location) CITY(I-Location) 1996-08-27(O)"
11899,['FINANCIAL' 'KATHIMERINI'],"['B-Organization', 'I-Organization']",FINANCIAL KATHIMERINI,"['FINANCIAL(B-Organization)', 'KATHIMERINI(I-Organization)']",FINANCIAL(B-Organization) KATHIMERINI(I-Organization),"Input: FINANCIAL KATHIMERINI
Output: FINANCIAL(B-Organization) KATHIMERINI(I-Organization)"
13421,['AMMAN' '1996-08-29'],"['B-Location', 'O']",AMMAN 1996-08-29,"['AMMAN(B-Location)', '1996-08-29(O)']",AMMAN(B-Location) 1996-08-29(O),"Input: AMMAN 1996-08-29
Output: AMMAN(B-Location) 1996-08-29(O)"
2185,"['Hanson' '(' '11-15' ')' 'allowed' 'three' 'hits' ',' 'walked' 'three'
 'and' 'struck' 'out' 'four' 'to' 'snap' 'a' 'personal' 'three-game'
 'losing' 'streak' '.']","['B-Person', 'O', 'O', 'O', 'O', 'O', 'O', 'O', 'O', 'O', 'O', 'O', 'O', 'O', 'O', 'O', 'O', 'O', 'O', 'O', 'O', 'O']","Hanson ( 11-15 ) allowed three hits , walked three and struck out four to snap a personal three-game losing streak .","['Hanson(B-Person)', '((O)', '11-15(O)', ')(O)', 'allowed(O)', 'three(O)', 'hits(O)', ',(O)', 'walked(O)', 'three(O)', 'and(O)', 'struck(O)', 'out(O)', 'four(O)', 'to(O)', 'snap(O)', 'a(O)', 'personal(O)', 'three-game(O)', 'losing(O)', 'streak(O)', '.(O)']","Hanson(B-Person) ((O) 11-15(O) )(O) allowed(O) three(O) hits(O) ,(O) walked(O) three(O) and(O) struck(O) out(O) four(O) to(O) snap(O) a(O) personal(O) three-game(O) losing(O) streak(O) .(O)","Input: Hanson ( 11-15 ) allowed three hits , walked three and struck out four to snap a personal three-game losing streak .
Output: Hanson(B-Person) ((O) 11-15(O) )(O) allowed(O) three(O) hits(O) ,(O) walked(O) three(O) and(O) struck(O) out(O) four(O) to(O) snap(O) a(O) personal(O) three-game(O) losing(O) streak(O) .(O)"
11798,"['But' 'to' 'say' 'that' 'they' 'definitely' 'will' 'would' 'be'
 'premature' 'until' 'we' 'determine' 'what' 'the' 'exact' 'basis' 'for'
 'the' 'court' ""'s"" 'ruling' 'is' '.' '""']","['O', 'O', 'O', 'O', 'O', 'O', 'O', 'O', 'O', 'O', 'O', 'O', 'O', 'O', 'O', 'O', 'O', 'O', 'O', 'O', 'O', 'O', 'O', 'O', 'O']","But to say that they definitely will would be premature until we determine what the exact basis for the court 's ruling is . ""","['But(O)', 'to(O)', 'say(O)', 'that(O)', 'they(O)', 'definitely(O)', 'will(O)', 'would(O)', 'be(O)', 'premature(O)', 'until(O)', 'we(O)', 'determine(O)', 'what(O)', 'the(O)', 'exact(O)', 'basis(O)', 'for(O)', 'the(O)', 'court(O)', ""'s(O)"", 'ruling(O)', 'is(O)', '.(O)', '""(O)']","But(O) to(O) say(O) that(O) they(O) definitely(O) will(O) would(O) be(O) premature(O) until(O) we(O) determine(O) what(O) the(O) exact(O) basis(O) for(O) the(O) court(O) 's(O) ruling(O) is(O) .(O) ""(O)","Input: But to say that they definitely will would be premature until we determine what the exact basis for the court 's ruling is . ""
Output: But(O) to(O) say(O) that(O) they(O) definitely(O) will(O) would(O) be(O) premature(O) until(O) we(O) determine(O) what(O) the(O) exact(O) basis(O) for(O) the(O) court(O) 's(O) ruling(O) is(O) .(O) ""(O)"
6668,['Petrimex' 'Prievidza' '4' '3' '0' '1' '4' '2' '9'],"['B-Organization', 'I-Organization', 'O', 'O', 'O', 'O', 'O', 'O', 'O']",Petrimex Prievidza 4 3 0 1 4 2 9,"['Petrimex(B-Organization)', 'Prievidza(I-Organization)', '4(O)', '3(O)', '0(O)', '1(O)', '4(O)', '2(O)', '9(O)']",Petrimex(B-Organization) Prievidza(I-Organization) 4(O) 3(O) 0(O) 1(O) 4(O) 2(O) 9(O),"Input: Petrimex Prievidza 4 3 0 1 4 2 9
Output: Petrimex(B-Organization) Prievidza(I-Organization) 4(O) 3(O) 0(O) 1(O) 4(O) 2(O) 9(O)"
7555,"['The' 'KDP' 'said' '29' 'PUK' 'fighters' 'were' 'killed' 'in' 'the'
 'attack' '.']","['O', 'B-Organization', 'O', 'O', 'B-Organization', 'O', 'O', 'O', 'O', 'O', 'O', 'O']",The KDP said 29 PUK fighters were killed in the attack .,"['The(O)', 'KDP(B-Organization)', 'said(O)', '29(O)', 'PUK(B-Organization)', 'fighters(O)', 'were(O)', 'killed(O)', 'in(O)', 'the(O)', 'attack(O)', '.(O)']",The(O) KDP(B-Organization) said(O) 29(O) PUK(B-Organization) fighters(O) were(O) killed(O) in(O) the(O) attack(O) .(O),"Input: The KDP said 29 PUK fighters were killed in the attack .
Output: The(O) KDP(B-Organization) said(O) 29(O) PUK(B-Organization) fighters(O) were(O) killed(O) in(O) the(O) attack(O) .(O)"
5351,['CENTRAL' 'DIVISION'],"['B-Miscellaneous', 'I-Miscellaneous']",CENTRAL DIVISION,"['CENTRAL(B-Miscellaneous)', 'DIVISION(I-Miscellaneous)']",CENTRAL(B-Miscellaneous) DIVISION(I-Miscellaneous),"Input: CENTRAL DIVISION
Output: CENTRAL(B-Miscellaneous) DIVISION(I-Miscellaneous)"
10872,"['India' '-' 'Sachin' 'Tendulkar' '(' 'captain' ')' ',' 'Anil' 'Kumble'
 ',' 'Ajay' 'Jadeja' ',' 'Sourav' 'Ganguly' ',' 'Mohamed' 'Azharuddin' ','
 'Vinod' 'Kambli' ',' 'Rahul' 'Dravid' ',' 'Nayan' 'Mongia' ',' 'Javagal'
 'Srinath' ',' 'Venkatesh' 'Prasad' ',' 'Ashish' 'Kapoor' '.']","['B-Location', 'O', 'B-Person', 'I-Person', 'O', 'O', 'O', 'O', 'B-Person', 'I-Person', 'O', 'B-Person', 'I-Person', 'O', 'B-Person', 'I-Person', 'O', 'B-Person', 'I-Person', 'O', 'B-Person', 'I-Person', 'O', 'B-Person', 'I-Person', 'O', 'B-Person', 'I-Person', 'O', 'B-Person', 'I-Person', 'O', 'B-Person', 'I-Person', 'O', 'B-Person', 'I-Person', 'O']","India - Sachin Tendulkar ( captain ) , Anil Kumble , Ajay Jadeja , Sourav Ganguly , Mohamed Azharuddin , Vinod Kambli , Rahul Dravid , Nayan Mongia , Javagal Srinath , Venkatesh Prasad , Ashish Kapoor .","['India(B-Location)', '-(O)', 'Sachin(B-Person)', 'Tendulkar(I-Person)', '((O)', 'captain(O)', ')(O)', ',(O)', 'Anil(B-Person)', 'Kumble(I-Person)', ',(O)', 'Ajay(B-Person)', 'Jadeja(I-Person)', ',(O)', 'Sourav(B-Person)', 'Ganguly(I-Person)', ',(O)', 'Mohamed(B-Person)', 'Azharuddin(I-Person)', ',(O)', 'Vinod(B-Person)', 'Kambli(I-Person)', ',(O)', 'Rahul(B-Person)', 'Dravid(I-Person)', ',(O)', 'Nayan(B-Person)', 'Mongia(I-Person)', ',(O)', 'Javagal(B-Person)', 'Srinath(I-Person)', ',(O)', 'Venkatesh(B-Person)', 'Prasad(I-Person)', ',(O)', 'Ashish(B-Person)', 'Kapoor(I-Person)', '.(O)']","India(B-Location) -(O) Sachin(B-Person) Tendulkar(I-Person) ((O) captain(O) )(O) ,(O) Anil(B-Person) Kumble(I-Person) ,(O) Ajay(B-Person) Jadeja(I-Person) ,(O) Sourav(B-Person) Ganguly(I-Person) ,(O) Mohamed(B-Person) Azharuddin(I-Person) ,(O) Vinod(B-Person) Kambli(I-Person) ,(O) Rahul(B-Person) Dravid(I-Person) ,(O) Nayan(B-Person) Mongia(I-Person) ,(O) Javagal(B-Person) Srinath(I-Person) ,(O) Venkatesh(B-Person) Prasad(I-Person) ,(O) Ashish(B-Person) Kapoor(I-Person) .(O)","Input: India - Sachin Tendulkar ( captain ) , Anil Kumble , Ajay Jadeja , Sourav Ganguly , Mohamed Azharuddin , Vinod Kambli , Rahul Dravid , Nayan Mongia , Javagal Srinath , Venkatesh Prasad , Ashish Kapoor .
Output: India(B-Location) -(O) Sachin(B-Person) Tendulkar(I-Person) ((O) captain(O) )(O) ,(O) Anil(B-Person) Kumble(I-Person) ,(O) Ajay(B-Person) Jadeja(I-Person) ,(O) Sourav(B-Person) Ganguly(I-Person) ,(O) Mohamed(B-Person) Azharuddin(I-Person) ,(O) Vinod(B-Person) Kambli(I-Person) ,(O) Rahul(B-Person) Dravid(I-Person) ,(O) Nayan(B-Person) Mongia(I-Person) ,(O) Javagal(B-Person) Srinath(I-Person) ,(O) Venkatesh(B-Person) Prasad(I-Person) ,(O) Ashish(B-Person) Kapoor(I-Person) .(O)"
6035,['AD' 'DUSTOUR'],"['B-Organization', 'I-Organization']",AD DUSTOUR,"['AD(B-Organization)', 'DUSTOUR(I-Organization)']",AD(B-Organization) DUSTOUR(I-Organization),"Input: AD DUSTOUR
Output: AD(B-Organization) DUSTOUR(I-Organization)"
5033,['Kilmarnock' '3' '1' '0' '2' '5' '7' '3'],"['B-Organization', 'O', 'O', 'O', 'O', 'O', 'O', 'O']",Kilmarnock 3 1 0 2 5 7 3,"['Kilmarnock(B-Organization)', '3(O)', '1(O)', '0(O)', '2(O)', '5(O)', '7(O)', '3(O)']",Kilmarnock(B-Organization) 3(O) 1(O) 0(O) 2(O) 5(O) 7(O) 3(O),"Input: Kilmarnock 3 1 0 2 5 7 3
Output: Kilmarnock(B-Organization) 3(O) 1(O) 0(O) 2(O) 5(O) 7(O) 3(O)"
13765,['(' 'Parent' ')' 'FORECAST' 'YEAR-AGO'],"['O', 'O', 'O', 'O', 'O']",( Parent ) FORECAST YEAR-AGO,"['((O)', 'Parent(O)', ')(O)', 'FORECAST(O)', 'YEAR-AGO(O)']",((O) Parent(O) )(O) FORECAST(O) YEAR-AGO(O),"Input: ( Parent ) FORECAST YEAR-AGO
Output: ((O) Parent(O) )(O) FORECAST(O) YEAR-AGO(O)"
2882,"['Tracy' 'is' 'the' 'great-granddaughter' 'of' 'Democratic' 'former'
 'President' 'Franklin' 'Roosevelt' ',' 'and' 'support' 'for' 'Democrats'
 'runs' 'in' 'the' 'family' '.']","['B-Person', 'O', 'O', 'O', 'O', 'B-Miscellaneous', 'O', 'O', 'B-Location', 'I-Location', 'O', 'O', 'O', 'O', 'B-Miscellaneous', 'O', 'O', 'O', 'O', 'O']","Tracy is the great-granddaughter of Democratic former President Franklin Roosevelt , and support for Democrats runs in the family .","['Tracy(B-Person)', 'is(O)', 'the(O)', 'great-granddaughter(O)', 'of(O)', 'Democratic(B-Miscellaneous)', 'former(O)', 'President(O)', 'Franklin(B-Location)', 'Roosevelt(I-Location)', ',(O)', 'and(O)', 'support(O)', 'for(O)', 'Democrats(B-Miscellaneous)', 'runs(O)', 'in(O)', 'the(O)', 'family(O)', '.(O)']","Tracy(B-Person) is(O) the(O) great-granddaughter(O) of(O) Democratic(B-Miscellaneous) former(O) President(O) Franklin(B-Location) Roosevelt(I-Location) ,(O) and(O) support(O) for(O) Democrats(B-Miscellaneous) runs(O) in(O) the(O) family(O) .(O)","Input: Tracy is the great-granddaughter of Democratic former President Franklin Roosevelt , and support for Democrats runs in the family .
Output: Tracy(B-Person) is(O) the(O) great-granddaughter(O) of(O) Democratic(B-Miscellaneous) former(O) President(O) Franklin(B-Location) Roosevelt(I-Location) ,(O) and(O) support(O) for(O) Democrats(B-Miscellaneous) runs(O) in(O) the(O) family(O) .(O)"
8015,['-' 'Visitors' 'slam' 'bus' 'and' 'taxi' 'drivers' 'for' 'cheating' '.'],"['O', 'O', 'O', 'O', 'O', 'O', 'O', 'O', 'O', 'O']",- Visitors slam bus and taxi drivers for cheating .,"['-(O)', 'Visitors(O)', 'slam(O)', 'bus(O)', 'and(O)', 'taxi(O)', 'drivers(O)', 'for(O)', 'cheating(O)', '.(O)']",-(O) Visitors(O) slam(O) bus(O) and(O) taxi(O) drivers(O) for(O) cheating(O) .(O),"Input: - Visitors slam bus and taxi drivers for cheating .
Output: -(O) Visitors(O) slam(O) bus(O) and(O) taxi(O) drivers(O) for(O) cheating(O) .(O)"
7614,['extrusion' 'billet' '85' 'cents' '/' 'pound'],"['O', 'O', 'O', 'O', 'O', 'O']",extrusion billet 85 cents / pound,"['extrusion(O)', 'billet(O)', '85(O)', 'cents(O)', '/(O)', 'pound(O)']",extrusion(O) billet(O) 85(O) cents(O) /(O) pound(O),"Input: extrusion billet 85 cents / pound
Output: extrusion(O) billet(O) 85(O) cents(O) /(O) pound(O)"
10057,['6.' 'Koerts' '7'],"['O', 'B-Person', 'O']",6. Koerts 7,"['6.(O)', 'Koerts(B-Person)', '7(O)']",6.(O) Koerts(B-Person) 7(O),"Input: 6. Koerts 7
Output: 6.(O) Koerts(B-Person) 7(O)"
8365,"['Gooch' ',' 'who' 'retired' 'from' 'test' 'cricket' 'after' 'the'
 '1994-95' 'tour' 'of' 'Australia' 'but' 'is' 'now' 'an' 'England'
 'selector' ',' 'is' 'seventh' 'in' 'this' 'season' ""'s"" 'first-class'
 'averages' 'with' '1,429' 'runs' 'at' '64.95' ',' 'having' 'hit' 'five'
 'centuries' 'and' 'one' 'double' 'century' '.']","['B-Person', 'O', 'O', 'O', 'O', 'O', 'O', 'O', 'O', 'O', 'O', 'O', 'B-Location', 'O', 'O', 'O', 'O', 'B-Location', 'O', 'O', 'O', 'O', 'O', 'O', 'O', 'O', 'O', 'O', 'O', 'O', 'O', 'O', 'O', 'O', 'O', 'O', 'O', 'O', 'O', 'O', 'O', 'O', 'O']","Gooch , who retired from test cricket after the 1994-95 tour of Australia but is now an England selector , is seventh in this season 's first-class averages with 1,429 runs at 64.95 , having hit five centuries and one double century .","['Gooch(B-Person)', ',(O)', 'who(O)', 'retired(O)', 'from(O)', 'test(O)', 'cricket(O)', 'after(O)', 'the(O)', '1994-95(O)', 'tour(O)', 'of(O)', 'Australia(B-Location)', 'but(O)', 'is(O)', 'now(O)', 'an(O)', 'England(B-Location)', 'selector(O)', ',(O)', 'is(O)', 'seventh(O)', 'in(O)', 'this(O)', 'season(O)', ""'s(O)"", 'first-class(O)', 'averages(O)', 'with(O)', '1,429(O)', 'runs(O)', 'at(O)', '64.95(O)', ',(O)', 'having(O)', 'hit(O)', 'five(O)', 'centuries(O)', 'and(O)', 'one(O)', 'double(O)', 'century(O)', '.(O)']","Gooch(B-Person) ,(O) who(O) retired(O) from(O) test(O) cricket(O) after(O) the(O) 1994-95(O) tour(O) of(O) Australia(B-Location) but(O) is(O) now(O) an(O) England(B-Location) selector(O) ,(O) is(O) seventh(O) in(O) this(O) season(O) 's(O) first-class(O) averages(O) with(O) 1,429(O) runs(O) at(O) 64.95(O) ,(O) having(O) hit(O) five(O) centuries(O) and(O) one(O) double(O) century(O) .(O)","Input: Gooch , who retired from test cricket after the 1994-95 tour of Australia but is now an England selector , is seventh in this season 's first-class averages with 1,429 runs at 64.95 , having hit five centuries and one double century .
Output: Gooch(B-Person) ,(O) who(O) retired(O) from(O) test(O) cricket(O) after(O) the(O) 1994-95(O) tour(O) of(O) Australia(B-Location) but(O) is(O) now(O) an(O) England(B-Location) selector(O) ,(O) is(O) seventh(O) in(O) this(O) season(O) 's(O) first-class(O) averages(O) with(O) 1,429(O) runs(O) at(O) 64.95(O) ,(O) having(O) hit(O) five(O) centuries(O) and(O) one(O) double(O) century(O) .(O)"
5563,['Lugano' '1' 'Basle' '1'],"['B-Organization', 'O', 'B-Organization', 'O']",Lugano 1 Basle 1,"['Lugano(B-Organization)', '1(O)', 'Basle(B-Organization)', '1(O)']",Lugano(B-Organization) 1(O) Basle(B-Organization) 1(O),"Input: Lugano 1 Basle 1
Output: Lugano(B-Organization) 1(O) Basle(B-Organization) 1(O)"
1663,"['It' 'said' 'moderating' 'paper' 'prices' 'and' 'solid' 'orders' 'for'
 'advertising' 'at' 'its' 'Fox' 'Broadcasting' 'television' 'network' 'in'
 'the' 'United' 'States' 'would' 'also' 'help' 'boost' 'profits' 'in'
 'the' '1996/97' 'year' '.' '""']","['O', 'O', 'O', 'O', 'O', 'O', 'O', 'O', 'O', 'O', 'O', 'O', 'B-Organization', 'I-Organization', 'O', 'O', 'O', 'O', 'B-Location', 'I-Location', 'O', 'O', 'O', 'O', 'O', 'O', 'O', 'O', 'O', 'O', 'O']","It said moderating paper prices and solid orders for advertising at its Fox Broadcasting television network in the United States would also help boost profits in the 1996/97 year . ""","['It(O)', 'said(O)', 'moderating(O)', 'paper(O)', 'prices(O)', 'and(O)', 'solid(O)', 'orders(O)', 'for(O)', 'advertising(O)', 'at(O)', 'its(O)', 'Fox(B-Organization)', 'Broadcasting(I-Organization)', 'television(O)', 'network(O)', 'in(O)', 'the(O)', 'United(B-Location)', 'States(I-Location)', 'would(O)', 'also(O)', 'help(O)', 'boost(O)', 'profits(O)', 'in(O)', 'the(O)', '1996/97(O)', 'year(O)', '.(O)', '""(O)']","It(O) said(O) moderating(O) paper(O) prices(O) and(O) solid(O) orders(O) for(O) advertising(O) at(O) its(O) Fox(B-Organization) Broadcasting(I-Organization) television(O) network(O) in(O) the(O) United(B-Location) States(I-Location) would(O) also(O) help(O) boost(O) profits(O) in(O) the(O) 1996/97(O) year(O) .(O) ""(O)","Input: It said moderating paper prices and solid orders for advertising at its Fox Broadcasting television network in the United States would also help boost profits in the 1996/97 year . ""
Output: It(O) said(O) moderating(O) paper(O) prices(O) and(O) solid(O) orders(O) for(O) advertising(O) at(O) its(O) Fox(B-Organization) Broadcasting(I-Organization) television(O) network(O) in(O) the(O) United(B-Location) States(I-Location) would(O) also(O) help(O) boost(O) profits(O) in(O) the(O) 1996/97(O) year(O) .(O) ""(O)"
8718,['AMSTERDAM' '1996-08-27'],"['B-Location', 'O']",AMSTERDAM 1996-08-27,"['AMSTERDAM(B-Location)', '1996-08-27(O)']",AMSTERDAM(B-Location) 1996-08-27(O),"Input: AMSTERDAM 1996-08-27
Output: AMSTERDAM(B-Location) 1996-08-27(O)"
12113,['CINCO' 'DIAS'],"['B-Organization', 'I-Organization']",CINCO DIAS,"['CINCO(B-Organization)', 'DIAS(I-Organization)']",CINCO(B-Organization) DIAS(I-Organization),"Input: CINCO DIAS
Output: CINCO(B-Organization) DIAS(I-Organization)"
12228,"['147' 'Antoine' 'Lebouc' '(' 'France' ')' '74' '73' ',' 'Paul' 'Curry'
 '76' '71' ',' 'Andrew']","['O', 'B-Person', 'I-Person', 'O', 'B-Location', 'O', 'O', 'O', 'O', 'B-Person', 'I-Person', 'O', 'O', 'O', 'B-Person']","147 Antoine Lebouc ( France ) 74 73 , Paul Curry 76 71 , Andrew","['147(O)', 'Antoine(B-Person)', 'Lebouc(I-Person)', '((O)', 'France(B-Location)', ')(O)', '74(O)', '73(O)', ',(O)', 'Paul(B-Person)', 'Curry(I-Person)', '76(O)', '71(O)', ',(O)', 'Andrew(B-Person)']","147(O) Antoine(B-Person) Lebouc(I-Person) ((O) France(B-Location) )(O) 74(O) 73(O) ,(O) Paul(B-Person) Curry(I-Person) 76(O) 71(O) ,(O) Andrew(B-Person)","Input: 147 Antoine Lebouc ( France ) 74 73 , Paul Curry 76 71 , Andrew
Output: 147(O) Antoine(B-Person) Lebouc(I-Person) ((O) France(B-Location) )(O) 74(O) 73(O) ,(O) Paul(B-Person) Curry(I-Person) 76(O) 71(O) ,(O) Andrew(B-Person)"
7922,['BUSINESS' 'PAGES'],"['O', 'O']",BUSINESS PAGES,"['BUSINESS(O)', 'PAGES(O)']",BUSINESS(O) PAGES(O),"Input: BUSINESS PAGES
Output: BUSINESS(O) PAGES(O)"
13203,['BUSINESS' 'RECORDER'],"['B-Organization', 'I-Organization']",BUSINESS RECORDER,"['BUSINESS(B-Organization)', 'RECORDER(I-Organization)']",BUSINESS(B-Organization) RECORDER(I-Organization),"Input: BUSINESS RECORDER
Output: BUSINESS(B-Organization) RECORDER(I-Organization)"
7733,"['Police' ',' 'who' 'at' 'first' 'thought' 'her' 'son' 'had' 'been'
 'kidnapped' ',' 'found' 'him' 'on' 'Sunday' 'with' 'a' 'friend' 'in'
 'his' 'mother' ""'s"" 'car' 'in' 'Oklahoma' 'and' 'arrested' 'him' '.']","['O', 'O', 'O', 'O', 'O', 'O', 'O', 'O', 'O', 'O', 'O', 'O', 'O', 'O', 'O', 'O', 'O', 'O', 'O', 'O', 'O', 'O', 'O', 'O', 'O', 'B-Location', 'O', 'O', 'O', 'O']","Police , who at first thought her son had been kidnapped , found him on Sunday with a friend in his mother 's car in Oklahoma and arrested him .","['Police(O)', ',(O)', 'who(O)', 'at(O)', 'first(O)', 'thought(O)', 'her(O)', 'son(O)', 'had(O)', 'been(O)', 'kidnapped(O)', ',(O)', 'found(O)', 'him(O)', 'on(O)', 'Sunday(O)', 'with(O)', 'a(O)', 'friend(O)', 'in(O)', 'his(O)', 'mother(O)', ""'s(O)"", 'car(O)', 'in(O)', 'Oklahoma(B-Location)', 'and(O)', 'arrested(O)', 'him(O)', '.(O)']","Police(O) ,(O) who(O) at(O) first(O) thought(O) her(O) son(O) had(O) been(O) kidnapped(O) ,(O) found(O) him(O) on(O) Sunday(O) with(O) a(O) friend(O) in(O) his(O) mother(O) 's(O) car(O) in(O) Oklahoma(B-Location) and(O) arrested(O) him(O) .(O)","Input: Police , who at first thought her son had been kidnapped , found him on Sunday with a friend in his mother 's car in Oklahoma and arrested him .
Output: Police(O) ,(O) who(O) at(O) first(O) thought(O) her(O) son(O) had(O) been(O) kidnapped(O) ,(O) found(O) him(O) on(O) Sunday(O) with(O) a(O) friend(O) in(O) his(O) mother(O) 's(O) car(O) in(O) Oklahoma(B-Location) and(O) arrested(O) him(O) .(O)"
11648,"['On' 'the' 'foreign' 'exchange' 'markets' ',' 'a' 'survey' 'indicating'
 'weaker' 'than' 'expected' 'Japanese' 'business' 'sentiment' 'boosted'
 'the' 'dollar' 'in' 'early' 'trading' 'but' 'it' 'failed' 'to' 'build'
 'on' 'its' 'gains' 'against' 'the' 'yen' 'and' 'slipped' 'lower'
 'against' 'the' 'mark' 'in' 'quiet' 'afternoon' 'trade' '.']","['O', 'O', 'O', 'O', 'O', 'O', 'O', 'O', 'O', 'O', 'O', 'O', 'B-Miscellaneous', 'O', 'O', 'O', 'O', 'O', 'O', 'O', 'O', 'O', 'O', 'O', 'O', 'O', 'O', 'O', 'O', 'O', 'O', 'O', 'O', 'O', 'O', 'O', 'O', 'O', 'O', 'O', 'O', 'O', 'O']","On the foreign exchange markets , a survey indicating weaker than expected Japanese business sentiment boosted the dollar in early trading but it failed to build on its gains against the yen and slipped lower against the mark in quiet afternoon trade .","['On(O)', 'the(O)', 'foreign(O)', 'exchange(O)', 'markets(O)', ',(O)', 'a(O)', 'survey(O)', 'indicating(O)', 'weaker(O)', 'than(O)', 'expected(O)', 'Japanese(B-Miscellaneous)', 'business(O)', 'sentiment(O)', 'boosted(O)', 'the(O)', 'dollar(O)', 'in(O)', 'early(O)', 'trading(O)', 'but(O)', 'it(O)', 'failed(O)', 'to(O)', 'build(O)', 'on(O)', 'its(O)', 'gains(O)', 'against(O)', 'the(O)', 'yen(O)', 'and(O)', 'slipped(O)', 'lower(O)', 'against(O)', 'the(O)', 'mark(O)', 'in(O)', 'quiet(O)', 'afternoon(O)', 'trade(O)', '.(O)']","On(O) the(O) foreign(O) exchange(O) markets(O) ,(O) a(O) survey(O) indicating(O) weaker(O) than(O) expected(O) Japanese(B-Miscellaneous) business(O) sentiment(O) boosted(O) the(O) dollar(O) in(O) early(O) trading(O) but(O) it(O) failed(O) to(O) build(O) on(O) its(O) gains(O) against(O) the(O) yen(O) and(O) slipped(O) lower(O) against(O) the(O) mark(O) in(O) quiet(O) afternoon(O) trade(O) .(O)","Input: On the foreign exchange markets , a survey indicating weaker than expected Japanese business sentiment boosted the dollar in early trading but it failed to build on its gains against the yen and slipped lower against the mark in quiet afternoon trade .
Output: On(O) the(O) foreign(O) exchange(O) markets(O) ,(O) a(O) survey(O) indicating(O) weaker(O) than(O) expected(O) Japanese(B-Miscellaneous) business(O) sentiment(O) boosted(O) the(O) dollar(O) in(O) early(O) trading(O) but(O) it(O) failed(O) to(O) build(O) on(O) its(O) gains(O) against(O) the(O) yen(O) and(O) slipped(O) lower(O) against(O) the(O) mark(O) in(O) quiet(O) afternoon(O) trade(O) .(O)"
2588,['WED' 'Imphold' 'YR' 'EPS' '172.7' '170.4-175.0' '115.1'],"['O', 'B-Organization', 'O', 'O', 'O', 'O', 'O']",WED Imphold YR EPS 172.7 170.4-175.0 115.1,"['WED(O)', 'Imphold(B-Organization)', 'YR(O)', 'EPS(O)', '172.7(O)', '170.4-175.0(O)', '115.1(O)']",WED(O) Imphold(B-Organization) YR(O) EPS(O) 172.7(O) 170.4-175.0(O) 115.1(O),"Input: WED Imphold YR EPS 172.7 170.4-175.0 115.1
Output: WED(O) Imphold(B-Organization) YR(O) EPS(O) 172.7(O) 170.4-175.0(O) 115.1(O)"
11136,['LAGOS' '1996-08-28'],"['B-Location', 'O']",LAGOS 1996-08-28,"['LAGOS(B-Location)', '1996-08-28(O)']",LAGOS(B-Location) 1996-08-28(O),"Input: LAGOS 1996-08-28
Output: LAGOS(B-Location) 1996-08-28(O)"
3201,"['NOTE' '-' 'Sales' ',' 'profit' 'compare' 'with' 'first' 'half' 'of'
 '1995' ',' 'workforce' 'compares' 'with' 'Dec' '31' '.']","['O', 'O', 'O', 'O', 'O', 'O', 'O', 'O', 'O', 'O', 'O', 'O', 'O', 'O', 'O', 'O', 'O', 'O']","NOTE - Sales , profit compare with first half of 1995 , workforce compares with Dec 31 .","['NOTE(O)', '-(O)', 'Sales(O)', ',(O)', 'profit(O)', 'compare(O)', 'with(O)', 'first(O)', 'half(O)', 'of(O)', '1995(O)', ',(O)', 'workforce(O)', 'compares(O)', 'with(O)', 'Dec(O)', '31(O)', '.(O)']","NOTE(O) -(O) Sales(O) ,(O) profit(O) compare(O) with(O) first(O) half(O) of(O) 1995(O) ,(O) workforce(O) compares(O) with(O) Dec(O) 31(O) .(O)","Input: NOTE - Sales , profit compare with first half of 1995 , workforce compares with Dec 31 .
Output: NOTE(O) -(O) Sales(O) ,(O) profit(O) compare(O) with(O) first(O) half(O) of(O) 1995(O) ,(O) workforce(O) compares(O) with(O) Dec(O) 31(O) .(O)"
12371,"['Pakistan' ':' 'Aamir' 'Sohail' ',' 'Saeed' 'Anwar' ',' 'Ijaz' 'Ahmed'
 ',' 'Inzamam-ul-Haq' ',' 'Salim' 'Malik' ',' 'Wasim' 'Akram' '('
 'captain' ')' ',' 'Moin' 'Khan' ',' 'Mushtaq' 'Ahmed' ',' 'Waqar'
 'Younis' ',' 'Ata-ur-Rehman' ',' 'Saqlain' 'Mushtaq' '.']","['B-Location', 'O', 'B-Person', 'I-Person', 'O', 'B-Person', 'I-Person', 'O', 'B-Person', 'I-Person', 'O', 'B-Person', 'O', 'B-Person', 'I-Person', 'O', 'B-Person', 'I-Person', 'O', 'O', 'O', 'O', 'B-Person', 'I-Person', 'O', 'B-Person', 'I-Person', 'O', 'B-Person', 'I-Person', 'O', 'B-Person', 'O', 'B-Person', 'I-Person', 'O']","Pakistan : Aamir Sohail , Saeed Anwar , Ijaz Ahmed , Inzamam-ul-Haq , Salim Malik , Wasim Akram ( captain ) , Moin Khan , Mushtaq Ahmed , Waqar Younis , Ata-ur-Rehman , Saqlain Mushtaq .","['Pakistan(B-Location)', ':(O)', 'Aamir(B-Person)', 'Sohail(I-Person)', ',(O)', 'Saeed(B-Person)', 'Anwar(I-Person)', ',(O)', 'Ijaz(B-Person)', 'Ahmed(I-Person)', ',(O)', 'Inzamam-ul-Haq(B-Person)', ',(O)', 'Salim(B-Person)', 'Malik(I-Person)', ',(O)', 'Wasim(B-Person)', 'Akram(I-Person)', '((O)', 'captain(O)', ')(O)', ',(O)', 'Moin(B-Person)', 'Khan(I-Person)', ',(O)', 'Mushtaq(B-Person)', 'Ahmed(I-Person)', ',(O)', 'Waqar(B-Person)', 'Younis(I-Person)', ',(O)', 'Ata-ur-Rehman(B-Person)', ',(O)', 'Saqlain(B-Person)', 'Mushtaq(I-Person)', '.(O)']","Pakistan(B-Location) :(O) Aamir(B-Person) Sohail(I-Person) ,(O) Saeed(B-Person) Anwar(I-Person) ,(O) Ijaz(B-Person) Ahmed(I-Person) ,(O) Inzamam-ul-Haq(B-Person) ,(O) Salim(B-Person) Malik(I-Person) ,(O) Wasim(B-Person) Akram(I-Person) ((O) captain(O) )(O) ,(O) Moin(B-Person) Khan(I-Person) ,(O) Mushtaq(B-Person) Ahmed(I-Person) ,(O) Waqar(B-Person) Younis(I-Person) ,(O) Ata-ur-Rehman(B-Person) ,(O) Saqlain(B-Person) Mushtaq(I-Person) .(O)","Input: Pakistan : Aamir Sohail , Saeed Anwar , Ijaz Ahmed , Inzamam-ul-Haq , Salim Malik , Wasim Akram ( captain ) , Moin Khan , Mushtaq Ahmed , Waqar Younis , Ata-ur-Rehman , Saqlain Mushtaq .
Output: Pakistan(B-Location) :(O) Aamir(B-Person) Sohail(I-Person) ,(O) Saeed(B-Person) Anwar(I-Person) ,(O) Ijaz(B-Person) Ahmed(I-Person) ,(O) Inzamam-ul-Haq(B-Person) ,(O) Salim(B-Person) Malik(I-Person) ,(O) Wasim(B-Person) Akram(I-Person) ((O) captain(O) )(O) ,(O) Moin(B-Person) Khan(I-Person) ,(O) Mushtaq(B-Person) Ahmed(I-Person) ,(O) Waqar(B-Person) Younis(I-Person) ,(O) Ata-ur-Rehman(B-Person) ,(O) Saqlain(B-Person) Mushtaq(I-Person) .(O)"
761,"['standings' 'after' 'games' 'played' 'on' 'Wednesday' '(' 'tabulate'
 'under' 'won' ',']","['O', 'O', 'O', 'O', 'O', 'O', 'O', 'O', 'O', 'O', 'O']","standings after games played on Wednesday ( tabulate under won ,","['standings(O)', 'after(O)', 'games(O)', 'played(O)', 'on(O)', 'Wednesday(O)', '((O)', 'tabulate(O)', 'under(O)', 'won(O)', ',(O)']","standings(O) after(O) games(O) played(O) on(O) Wednesday(O) ((O) tabulate(O) under(O) won(O) ,(O)","Input: standings after games played on Wednesday ( tabulate under won ,
Output: standings(O) after(O) games(O) played(O) on(O) Wednesday(O) ((O) tabulate(O) under(O) won(O) ,(O)"
5372,['W' 'L' 'PCT' 'GB'],"['O', 'O', 'O', 'O']",W L PCT GB,"['W(O)', 'L(O)', 'PCT(O)', 'GB(O)']",W(O) L(O) PCT(O) GB(O),"Input: W L PCT GB
Output: W(O) L(O) PCT(O) GB(O)"
2469,['2.' 'Yoelvis' 'Quesada' '(' 'Cuba' ')' '17.29'],"['O', 'B-Person', 'I-Person', 'O', 'B-Location', 'O', 'O']",2. Yoelvis Quesada ( Cuba ) 17.29,"['2.(O)', 'Yoelvis(B-Person)', 'Quesada(I-Person)', '((O)', 'Cuba(B-Location)', ')(O)', '17.29(O)']",2.(O) Yoelvis(B-Person) Quesada(I-Person) ((O) Cuba(B-Location) )(O) 17.29(O),"Input: 2. Yoelvis Quesada ( Cuba ) 17.29
Output: 2.(O) Yoelvis(B-Person) Quesada(I-Person) ((O) Cuba(B-Location) )(O) 17.29(O)"
255,['Net' 'Income' '821' '512' '565' '301'],"['O', 'O', 'O', 'O', 'O', 'O']",Net Income 821 512 565 301,"['Net(O)', 'Income(O)', '821(O)', '512(O)', '565(O)', '301(O)']",Net(O) Income(O) 821(O) 512(O) 565(O) 301(O),"Input: Net Income 821 512 565 301
Output: Net(O) Income(O) 821(O) 512(O) 565(O) 301(O)"
4167,"['The' 'Eco-Challenge' 'has' 'been' 'staged' 'twice' 'before' '--' 'in'
 'Utah' 'and' 'Maine' 'last' 'year' '--' 'and' 'is' 'modelled' 'on'
 'similar' 'races' 'overseas' '.']","['O', 'B-Miscellaneous', 'O', 'O', 'O', 'O', 'O', 'O', 'O', 'B-Location', 'O', 'B-Location', 'O', 'O', 'O', 'O', 'O', 'O', 'O', 'O', 'O', 'O', 'O']",The Eco-Challenge has been staged twice before -- in Utah and Maine last year -- and is modelled on similar races overseas .,"['The(O)', 'Eco-Challenge(B-Miscellaneous)', 'has(O)', 'been(O)', 'staged(O)', 'twice(O)', 'before(O)', '--(O)', 'in(O)', 'Utah(B-Location)', 'and(O)', 'Maine(B-Location)', 'last(O)', 'year(O)', '--(O)', 'and(O)', 'is(O)', 'modelled(O)', 'on(O)', 'similar(O)', 'races(O)', 'overseas(O)', '.(O)']",The(O) Eco-Challenge(B-Miscellaneous) has(O) been(O) staged(O) twice(O) before(O) --(O) in(O) Utah(B-Location) and(O) Maine(B-Location) last(O) year(O) --(O) and(O) is(O) modelled(O) on(O) similar(O) races(O) overseas(O) .(O),"Input: The Eco-Challenge has been staged twice before -- in Utah and Maine last year -- and is modelled on similar races overseas .
Output: The(O) Eco-Challenge(B-Miscellaneous) has(O) been(O) staged(O) twice(O) before(O) --(O) in(O) Utah(B-Location) and(O) Maine(B-Location) last(O) year(O) --(O) and(O) is(O) modelled(O) on(O) similar(O) races(O) overseas(O) .(O)"
11225,"['""' 'Probably' '100' 'refugees' 'were' 'shown' 'where' 'to' 'put' 'their'
 'cross' ',' '""' 'he' 'said' '.']","['O', 'O', 'O', 'O', 'O', 'O', 'O', 'O', 'O', 'O', 'O', 'O', 'O', 'O', 'O', 'O']",""" Probably 100 refugees were shown where to put their cross , "" he said .","['""(O)', 'Probably(O)', '100(O)', 'refugees(O)', 'were(O)', 'shown(O)', 'where(O)', 'to(O)', 'put(O)', 'their(O)', 'cross(O)', ',(O)', '""(O)', 'he(O)', 'said(O)', '.(O)']","""(O) Probably(O) 100(O) refugees(O) were(O) shown(O) where(O) to(O) put(O) their(O) cross(O) ,(O) ""(O) he(O) said(O) .(O)","Input: "" Probably 100 refugees were shown where to put their cross , "" he said .
Output: ""(O) Probably(O) 100(O) refugees(O) were(O) shown(O) where(O) to(O) put(O) their(O) cross(O) ,(O) ""(O) he(O) said(O) .(O)"
6820,['RIO' 'DE' 'JANEIRO' '1996-08-26'],"['B-Location', 'I-Location', 'I-Location', 'O']",RIO DE JANEIRO 1996-08-26,"['RIO(B-Location)', 'DE(I-Location)', 'JANEIRO(I-Location)', '1996-08-26(O)']",RIO(B-Location) DE(I-Location) JANEIRO(I-Location) 1996-08-26(O),"Input: RIO DE JANEIRO 1996-08-26
Output: RIO(B-Location) DE(I-Location) JANEIRO(I-Location) 1996-08-26(O)"
4983,['LONDON' '1996-08-25'],"['B-Location', 'O']",LONDON 1996-08-25,"['LONDON(B-Location)', '1996-08-25(O)']",LONDON(B-Location) 1996-08-25(O),"Input: LONDON 1996-08-25
Output: LONDON(B-Location) 1996-08-25(O)"
9557,"['The' 'callers' 'said' 'his' 'life' 'could' 'be' 'cut' 'short' ',' 'the'
 'newspaper' 'said' '.']","['O', 'O', 'O', 'O', 'O', 'O', 'O', 'O', 'O', 'O', 'O', 'O', 'O', 'O']","The callers said his life could be cut short , the newspaper said .","['The(O)', 'callers(O)', 'said(O)', 'his(O)', 'life(O)', 'could(O)', 'be(O)', 'cut(O)', 'short(O)', ',(O)', 'the(O)', 'newspaper(O)', 'said(O)', '.(O)']","The(O) callers(O) said(O) his(O) life(O) could(O) be(O) cut(O) short(O) ,(O) the(O) newspaper(O) said(O) .(O)","Input: The callers said his life could be cut short , the newspaper said .
Output: The(O) callers(O) said(O) his(O) life(O) could(O) be(O) cut(O) short(O) ,(O) the(O) newspaper(O) said(O) .(O)"
1961,['I.' 'Salisbury' 'c' 'Inzamam-ul-Haq' 'b' 'Wasim' 'Akram' '5'],"['B-Person', 'I-Person', 'O', 'B-Person', 'O', 'B-Person', 'I-Person', 'O']",I. Salisbury c Inzamam-ul-Haq b Wasim Akram 5,"['I.(B-Person)', 'Salisbury(I-Person)', 'c(O)', 'Inzamam-ul-Haq(B-Person)', 'b(O)', 'Wasim(B-Person)', 'Akram(I-Person)', '5(O)']",I.(B-Person) Salisbury(I-Person) c(O) Inzamam-ul-Haq(B-Person) b(O) Wasim(B-Person) Akram(I-Person) 5(O),"Input: I. Salisbury c Inzamam-ul-Haq b Wasim Akram 5
Output: I.(B-Person) Salisbury(I-Person) c(O) Inzamam-ul-Haq(B-Person) b(O) Wasim(B-Person) Akram(I-Person) 5(O)"
8577,"['The' 'Cardinals' 'moved' 'within' 'one-half' 'game' 'of' 'first-place'
 'Houston' 'in' 'the' 'National' 'League' 'Central' 'Division' '.']","['O', 'B-Organization', 'O', 'O', 'O', 'O', 'O', 'O', 'B-Organization', 'O', 'O', 'B-Miscellaneous', 'I-Miscellaneous', 'I-Miscellaneous', 'I-Miscellaneous', 'O']",The Cardinals moved within one-half game of first-place Houston in the National League Central Division .,"['The(O)', 'Cardinals(B-Organization)', 'moved(O)', 'within(O)', 'one-half(O)', 'game(O)', 'of(O)', 'first-place(O)', 'Houston(B-Organization)', 'in(O)', 'the(O)', 'National(B-Miscellaneous)', 'League(I-Miscellaneous)', 'Central(I-Miscellaneous)', 'Division(I-Miscellaneous)', '.(O)']",The(O) Cardinals(B-Organization) moved(O) within(O) one-half(O) game(O) of(O) first-place(O) Houston(B-Organization) in(O) the(O) National(B-Miscellaneous) League(I-Miscellaneous) Central(I-Miscellaneous) Division(I-Miscellaneous) .(O),"Input: The Cardinals moved within one-half game of first-place Houston in the National League Central Division .
Output: The(O) Cardinals(B-Organization) moved(O) within(O) one-half(O) game(O) of(O) first-place(O) Houston(B-Organization) in(O) the(O) National(B-Miscellaneous) League(I-Miscellaneous) Central(I-Miscellaneous) Division(I-Miscellaneous) .(O)"
6910,['Raja' 'Casablanca' '4' 'Tetouan' '0'],"['B-Organization', 'I-Organization', 'O', 'B-Organization', 'O']",Raja Casablanca 4 Tetouan 0,"['Raja(B-Organization)', 'Casablanca(I-Organization)', '4(O)', 'Tetouan(B-Organization)', '0(O)']",Raja(B-Organization) Casablanca(I-Organization) 4(O) Tetouan(B-Organization) 0(O),"Input: Raja Casablanca 4 Tetouan 0
Output: Raja(B-Organization) Casablanca(I-Organization) 4(O) Tetouan(B-Organization) 0(O)"
7252,['Lamonts' 'Apparel' 'files' 'reorganization' 'plan' '.'],"['B-Organization', 'I-Organization', 'O', 'O', 'O', 'O']",Lamonts Apparel files reorganization plan .,"['Lamonts(B-Organization)', 'Apparel(I-Organization)', 'files(O)', 'reorganization(O)', 'plan(O)', '.(O)']",Lamonts(B-Organization) Apparel(I-Organization) files(O) reorganization(O) plan(O) .(O),"Input: Lamonts Apparel files reorganization plan .
Output: Lamonts(B-Organization) Apparel(I-Organization) files(O) reorganization(O) plan(O) .(O)"
950,['4.' 'Faroe' 'Islands' '8.56'],"['O', 'B-Location', 'I-Location', 'O']",4. Faroe Islands 8.56,"['4.(O)', 'Faroe(B-Location)', 'Islands(I-Location)', '8.56(O)']",4.(O) Faroe(B-Location) Islands(I-Location) 8.56(O),"Input: 4. Faroe Islands 8.56
Output: 4.(O) Faroe(B-Location) Islands(I-Location) 8.56(O)"
12971,"['Nearly' 'half' 'the' '1,617' 'military' 'personnel' 'surveyed' 'in'
 'the' 'Rajapat' 'Institute' 'poll' 'suggested' 'that' 'Banharn' 'resign'
 ',' 'while' 'about' '28' 'percent' 'thought' 'he' 'should' 'dissolve'
 'parliament' 'and' '24' 'percent' 'thought' 'a' 'cabinet' 'reshuffle'
 'could' 'resolve' 'the' 'government' ""'s"" 'problems' '.']","['O', 'O', 'O', 'O', 'O', 'O', 'O', 'O', 'O', 'B-Organization', 'I-Organization', 'O', 'O', 'O', 'B-Person', 'O', 'O', 'O', 'O', 'O', 'O', 'O', 'O', 'O', 'O', 'O', 'O', 'O', 'O', 'O', 'O', 'O', 'O', 'O', 'O', 'O', 'O', 'O', 'O', 'O']","Nearly half the 1,617 military personnel surveyed in the Rajapat Institute poll suggested that Banharn resign , while about 28 percent thought he should dissolve parliament and 24 percent thought a cabinet reshuffle could resolve the government 's problems .","['Nearly(O)', 'half(O)', 'the(O)', '1,617(O)', 'military(O)', 'personnel(O)', 'surveyed(O)', 'in(O)', 'the(O)', 'Rajapat(B-Organization)', 'Institute(I-Organization)', 'poll(O)', 'suggested(O)', 'that(O)', 'Banharn(B-Person)', 'resign(O)', ',(O)', 'while(O)', 'about(O)', '28(O)', 'percent(O)', 'thought(O)', 'he(O)', 'should(O)', 'dissolve(O)', 'parliament(O)', 'and(O)', '24(O)', 'percent(O)', 'thought(O)', 'a(O)', 'cabinet(O)', 'reshuffle(O)', 'could(O)', 'resolve(O)', 'the(O)', 'government(O)', ""'s(O)"", 'problems(O)', '.(O)']","Nearly(O) half(O) the(O) 1,617(O) military(O) personnel(O) surveyed(O) in(O) the(O) Rajapat(B-Organization) Institute(I-Organization) poll(O) suggested(O) that(O) Banharn(B-Person) resign(O) ,(O) while(O) about(O) 28(O) percent(O) thought(O) he(O) should(O) dissolve(O) parliament(O) and(O) 24(O) percent(O) thought(O) a(O) cabinet(O) reshuffle(O) could(O) resolve(O) the(O) government(O) 's(O) problems(O) .(O)","Input: Nearly half the 1,617 military personnel surveyed in the Rajapat Institute poll suggested that Banharn resign , while about 28 percent thought he should dissolve parliament and 24 percent thought a cabinet reshuffle could resolve the government 's problems .
Output: Nearly(O) half(O) the(O) 1,617(O) military(O) personnel(O) surveyed(O) in(O) the(O) Rajapat(B-Organization) Institute(I-Organization) poll(O) suggested(O) that(O) Banharn(B-Person) resign(O) ,(O) while(O) about(O) 28(O) percent(O) thought(O) he(O) should(O) dissolve(O) parliament(O) and(O) 24(O) percent(O) thought(O) a(O) cabinet(O) reshuffle(O) could(O) resolve(O) the(O) government(O) 's(O) problems(O) .(O)"
13323,['shares' 'outstanding'],"['O', 'O']",shares outstanding,"['shares(O)', 'outstanding(O)']",shares(O) outstanding(O),"Input: shares outstanding
Output: shares(O) outstanding(O)"
10712,['Bayern' 'Munich' '4' '3' '1' '0' '11' '4' '10'],"['B-Organization', 'I-Organization', 'O', 'O', 'O', 'O', 'O', 'O', 'O']",Bayern Munich 4 3 1 0 11 4 10,"['Bayern(B-Organization)', 'Munich(I-Organization)', '4(O)', '3(O)', '1(O)', '0(O)', '11(O)', '4(O)', '10(O)']",Bayern(B-Organization) Munich(I-Organization) 4(O) 3(O) 1(O) 0(O) 11(O) 4(O) 10(O),"Input: Bayern Munich 4 3 1 0 11 4 10
Output: Bayern(B-Organization) Munich(I-Organization) 4(O) 3(O) 1(O) 0(O) 11(O) 4(O) 10(O)"
6854,['Corinthians' '4' '1' '1' '2' '1' '3' '4'],"['B-Organization', 'O', 'O', 'O', 'O', 'O', 'O', 'O']",Corinthians 4 1 1 2 1 3 4,"['Corinthians(B-Organization)', '4(O)', '1(O)', '1(O)', '2(O)', '1(O)', '3(O)', '4(O)']",Corinthians(B-Organization) 4(O) 1(O) 1(O) 2(O) 1(O) 3(O) 4(O),"Input: Corinthians 4 1 1 2 1 3 4
Output: Corinthians(B-Organization) 4(O) 1(O) 1(O) 2(O) 1(O) 3(O) 4(O)"
3157,"['""' 'They' 'were' 'pretty' 'much' 'in' 'line' 'with' 'our' 'estimate'
 'of' '1.210' 'billion' ',' '""' 'said' 'Peter' 'Roe' ',' 'at' 'Paribas'
 'in' 'London' '.' '""']","['O', 'O', 'O', 'O', 'O', 'O', 'O', 'O', 'O', 'O', 'O', 'O', 'O', 'O', 'O', 'O', 'B-Person', 'I-Person', 'O', 'O', 'B-Organization', 'O', 'B-Location', 'O', 'O']",""" They were pretty much in line with our estimate of 1.210 billion , "" said Peter Roe , at Paribas in London . ""","['""(O)', 'They(O)', 'were(O)', 'pretty(O)', 'much(O)', 'in(O)', 'line(O)', 'with(O)', 'our(O)', 'estimate(O)', 'of(O)', '1.210(O)', 'billion(O)', ',(O)', '""(O)', 'said(O)', 'Peter(B-Person)', 'Roe(I-Person)', ',(O)', 'at(O)', 'Paribas(B-Organization)', 'in(O)', 'London(B-Location)', '.(O)', '""(O)']","""(O) They(O) were(O) pretty(O) much(O) in(O) line(O) with(O) our(O) estimate(O) of(O) 1.210(O) billion(O) ,(O) ""(O) said(O) Peter(B-Person) Roe(I-Person) ,(O) at(O) Paribas(B-Organization) in(O) London(B-Location) .(O) ""(O)","Input: "" They were pretty much in line with our estimate of 1.210 billion , "" said Peter Roe , at Paribas in London . ""
Output: ""(O) They(O) were(O) pretty(O) much(O) in(O) line(O) with(O) our(O) estimate(O) of(O) 1.210(O) billion(O) ,(O) ""(O) said(O) Peter(B-Person) Roe(I-Person) ,(O) at(O) Paribas(B-Organization) in(O) London(B-Location) .(O) ""(O)"
3923,['Ghent' '3' 'Aalst' '2'],"['B-Organization', 'O', 'B-Organization', 'O']",Ghent 3 Aalst 2,"['Ghent(B-Organization)', '3(O)', 'Aalst(B-Organization)', '2(O)']",Ghent(B-Organization) 3(O) Aalst(B-Organization) 2(O),"Input: Ghent 3 Aalst 2
Output: Ghent(B-Organization) 3(O) Aalst(B-Organization) 2(O)"
2470,['3.' 'Brian' 'Wellman' '(' 'Bermuda' ')' '17.05'],"['O', 'B-Person', 'I-Person', 'O', 'B-Location', 'O', 'O']",3. Brian Wellman ( Bermuda ) 17.05,"['3.(O)', 'Brian(B-Person)', 'Wellman(I-Person)', '((O)', 'Bermuda(B-Location)', ')(O)', '17.05(O)']",3.(O) Brian(B-Person) Wellman(I-Person) ((O) Bermuda(B-Location) )(O) 17.05(O),"Input: 3. Brian Wellman ( Bermuda ) 17.05
Output: 3.(O) Brian(B-Person) Wellman(I-Person) ((O) Bermuda(B-Location) )(O) 17.05(O)"
3393,['said' 'the' '37-year-old' 'veteran' '.'],"['O', 'O', 'O', 'O', 'O']",said the 37-year-old veteran .,"['said(O)', 'the(O)', '37-year-old(O)', 'veteran(O)', '.(O)']",said(O) the(O) 37-year-old(O) veteran(O) .(O),"Input: said the 37-year-old veteran .
Output: said(O) the(O) 37-year-old(O) veteran(O) .(O)"
2195,['LISBON' '1996-08-23'],"['B-Location', 'O']",LISBON 1996-08-23,"['LISBON(B-Location)', '1996-08-23(O)']",LISBON(B-Location) 1996-08-23(O),"Input: LISBON 1996-08-23
Output: LISBON(B-Location) 1996-08-23(O)"
11900,"['--' 'Inflows' 'of' 'more' 'than' '$' '500' 'million' 'are' 'seen' 'in'
 'the' 'interbank' 'market' 'and' 'the' 'bourse' 'in' 'the' 'last' 'three'
 'days' 'reflecting' 'confidence' 'in' 'the' 'post-election' 'economic'
 'policy']","['O', 'O', 'O', 'O', 'O', 'O', 'O', 'O', 'O', 'O', 'O', 'O', 'O', 'O', 'O', 'O', 'O', 'O', 'O', 'O', 'O', 'O', 'O', 'O', 'O', 'O', 'O', 'O', 'O']",-- Inflows of more than $ 500 million are seen in the interbank market and the bourse in the last three days reflecting confidence in the post-election economic policy,"['--(O)', 'Inflows(O)', 'of(O)', 'more(O)', 'than(O)', '$(O)', '500(O)', 'million(O)', 'are(O)', 'seen(O)', 'in(O)', 'the(O)', 'interbank(O)', 'market(O)', 'and(O)', 'the(O)', 'bourse(O)', 'in(O)', 'the(O)', 'last(O)', 'three(O)', 'days(O)', 'reflecting(O)', 'confidence(O)', 'in(O)', 'the(O)', 'post-election(O)', 'economic(O)', 'policy(O)']",--(O) Inflows(O) of(O) more(O) than(O) $(O) 500(O) million(O) are(O) seen(O) in(O) the(O) interbank(O) market(O) and(O) the(O) bourse(O) in(O) the(O) last(O) three(O) days(O) reflecting(O) confidence(O) in(O) the(O) post-election(O) economic(O) policy(O),"Input: -- Inflows of more than $ 500 million are seen in the interbank market and the bourse in the last three days reflecting confidence in the post-election economic policy
Output: --(O) Inflows(O) of(O) more(O) than(O) $(O) 500(O) million(O) are(O) seen(O) in(O) the(O) interbank(O) market(O) and(O) the(O) bourse(O) in(O) the(O) last(O) three(O) days(O) reflecting(O) confidence(O) in(O) the(O) post-election(O) economic(O) policy(O)"
13766,['Ord' 'div' '10.00' 'yen' '8.00' 'yen'],"['O', 'O', 'O', 'O', 'O', 'O']",Ord div 10.00 yen 8.00 yen,"['Ord(O)', 'div(O)', '10.00(O)', 'yen(O)', '8.00(O)', 'yen(O)']",Ord(O) div(O) 10.00(O) yen(O) 8.00(O) yen(O),"Input: Ord div 10.00 yen 8.00 yen
Output: Ord(O) div(O) 10.00(O) yen(O) 8.00(O) yen(O)"
10479,['SAN' 'DIEGO' 'AT' 'NEW' 'YORK'],"['B-Organization', 'I-Organization', 'O', 'B-Location', 'I-Location']",SAN DIEGO AT NEW YORK,"['SAN(B-Organization)', 'DIEGO(I-Organization)', 'AT(O)', 'NEW(B-Location)', 'YORK(I-Location)']",SAN(B-Organization) DIEGO(I-Organization) AT(O) NEW(B-Location) YORK(I-Location),"Input: SAN DIEGO AT NEW YORK
Output: SAN(B-Organization) DIEGO(I-Organization) AT(O) NEW(B-Location) YORK(I-Location)"
13159,['WASHINGTON' '1996-08-29'],"['B-Location', 'O']",WASHINGTON 1996-08-29,"['WASHINGTON(B-Location)', '1996-08-29(O)']",WASHINGTON(B-Location) 1996-08-29(O),"Input: WASHINGTON 1996-08-29
Output: WASHINGTON(B-Location) 1996-08-29(O)"
5817,"['PRETORIA' ',' 'Aug' '25' '-' 'Captain' 'Sean' 'Fitzpatrick' 'and' 'his'
 'All' 'Blacks' 'revisited' 'the' 'test' 'venue' 'today' 'to' 'relive'
 'some' 'of' 'the' 'magic' 'moments' 'of' 'yesterday' ""'s"" 'momentous'
 'rugby' 'victory' 'over' 'South' 'Africa' ',' 'NZPA' 'reported' '.']","['B-Location', 'O', 'O', 'O', 'O', 'O', 'B-Person', 'I-Person', 'O', 'O', 'B-Organization', 'I-Organization', 'O', 'O', 'O', 'O', 'O', 'O', 'O', 'O', 'O', 'O', 'O', 'O', 'O', 'O', 'O', 'O', 'O', 'O', 'O', 'B-Location', 'I-Location', 'O', 'B-Organization', 'O', 'O']","PRETORIA , Aug 25 - Captain Sean Fitzpatrick and his All Blacks revisited the test venue today to relive some of the magic moments of yesterday 's momentous rugby victory over South Africa , NZPA reported .","['PRETORIA(B-Location)', ',(O)', 'Aug(O)', '25(O)', '-(O)', 'Captain(O)', 'Sean(B-Person)', 'Fitzpatrick(I-Person)', 'and(O)', 'his(O)', 'All(B-Organization)', 'Blacks(I-Organization)', 'revisited(O)', 'the(O)', 'test(O)', 'venue(O)', 'today(O)', 'to(O)', 'relive(O)', 'some(O)', 'of(O)', 'the(O)', 'magic(O)', 'moments(O)', 'of(O)', 'yesterday(O)', ""'s(O)"", 'momentous(O)', 'rugby(O)', 'victory(O)', 'over(O)', 'South(B-Location)', 'Africa(I-Location)', ',(O)', 'NZPA(B-Organization)', 'reported(O)', '.(O)']","PRETORIA(B-Location) ,(O) Aug(O) 25(O) -(O) Captain(O) Sean(B-Person) Fitzpatrick(I-Person) and(O) his(O) All(B-Organization) Blacks(I-Organization) revisited(O) the(O) test(O) venue(O) today(O) to(O) relive(O) some(O) of(O) the(O) magic(O) moments(O) of(O) yesterday(O) 's(O) momentous(O) rugby(O) victory(O) over(O) South(B-Location) Africa(I-Location) ,(O) NZPA(B-Organization) reported(O) .(O)","Input: PRETORIA , Aug 25 - Captain Sean Fitzpatrick and his All Blacks revisited the test venue today to relive some of the magic moments of yesterday 's momentous rugby victory over South Africa , NZPA reported .
Output: PRETORIA(B-Location) ,(O) Aug(O) 25(O) -(O) Captain(O) Sean(B-Person) Fitzpatrick(I-Person) and(O) his(O) All(B-Organization) Blacks(I-Organization) revisited(O) the(O) test(O) venue(O) today(O) to(O) relive(O) some(O) of(O) the(O) magic(O) moments(O) of(O) yesterday(O) 's(O) momentous(O) rugby(O) victory(O) over(O) South(B-Location) Africa(I-Location) ,(O) NZPA(B-Organization) reported(O) .(O)"
6383,"['Bob' 'Willis' '(' 'England' ')' '325' ',' '90']","['B-Person', 'I-Person', 'O', 'B-Location', 'O', 'O', 'O', 'O']","Bob Willis ( England ) 325 , 90","['Bob(B-Person)', 'Willis(I-Person)', '((O)', 'England(B-Location)', ')(O)', '325(O)', ',(O)', '90(O)']","Bob(B-Person) Willis(I-Person) ((O) England(B-Location) )(O) 325(O) ,(O) 90(O)","Input: Bob Willis ( England ) 325 , 90
Output: Bob(B-Person) Willis(I-Person) ((O) England(B-Location) )(O) 325(O) ,(O) 90(O)"
1759,"['**' 'On' 'Thursday' ',' 'the' 'Indonesian' 'rupiah' 'was' 'at'
 '2,343.00' '/' '43.50' 'in' 'early' 'trading' 'against' 'an' 'opening'
 'of' '2,342.75' '/' '43.50' '.']","['O', 'O', 'O', 'O', 'O', 'B-Miscellaneous', 'O', 'O', 'O', 'O', 'O', 'O', 'O', 'O', 'O', 'O', 'O', 'O', 'O', 'O', 'O', 'O', 'O']","** On Thursday , the Indonesian rupiah was at 2,343.00 / 43.50 in early trading against an opening of 2,342.75 / 43.50 .","['**(O)', 'On(O)', 'Thursday(O)', ',(O)', 'the(O)', 'Indonesian(B-Miscellaneous)', 'rupiah(O)', 'was(O)', 'at(O)', '2,343.00(O)', '/(O)', '43.50(O)', 'in(O)', 'early(O)', 'trading(O)', 'against(O)', 'an(O)', 'opening(O)', 'of(O)', '2,342.75(O)', '/(O)', '43.50(O)', '.(O)']","**(O) On(O) Thursday(O) ,(O) the(O) Indonesian(B-Miscellaneous) rupiah(O) was(O) at(O) 2,343.00(O) /(O) 43.50(O) in(O) early(O) trading(O) against(O) an(O) opening(O) of(O) 2,342.75(O) /(O) 43.50(O) .(O)","Input: ** On Thursday , the Indonesian rupiah was at 2,343.00 / 43.50 in early trading against an opening of 2,342.75 / 43.50 .
Output: **(O) On(O) Thursday(O) ,(O) the(O) Indonesian(B-Miscellaneous) rupiah(O) was(O) at(O) 2,343.00(O) /(O) 43.50(O) in(O) early(O) trading(O) against(O) an(O) opening(O) of(O) 2,342.75(O) /(O) 43.50(O) .(O)"
11832,"['Their' 'videos' 'included' 'pictures' 'of' 'one' 'of' 'the' 'accused'
 'tying' 'up' 'a' 'Thai' 'boy' 'and' 'performing' 'acts' 'of' 'sadistic'
 'torture' 'on' 'him' ',' 'prosecutors' 'said' 'in' 'a' 'statement' '.']","['O', 'O', 'O', 'O', 'O', 'O', 'O', 'O', 'O', 'O', 'O', 'O', 'B-Miscellaneous', 'O', 'O', 'O', 'O', 'O', 'O', 'O', 'O', 'O', 'O', 'O', 'O', 'O', 'O', 'O', 'O']","Their videos included pictures of one of the accused tying up a Thai boy and performing acts of sadistic torture on him , prosecutors said in a statement .","['Their(O)', 'videos(O)', 'included(O)', 'pictures(O)', 'of(O)', 'one(O)', 'of(O)', 'the(O)', 'accused(O)', 'tying(O)', 'up(O)', 'a(O)', 'Thai(B-Miscellaneous)', 'boy(O)', 'and(O)', 'performing(O)', 'acts(O)', 'of(O)', 'sadistic(O)', 'torture(O)', 'on(O)', 'him(O)', ',(O)', 'prosecutors(O)', 'said(O)', 'in(O)', 'a(O)', 'statement(O)', '.(O)']","Their(O) videos(O) included(O) pictures(O) of(O) one(O) of(O) the(O) accused(O) tying(O) up(O) a(O) Thai(B-Miscellaneous) boy(O) and(O) performing(O) acts(O) of(O) sadistic(O) torture(O) on(O) him(O) ,(O) prosecutors(O) said(O) in(O) a(O) statement(O) .(O)","Input: Their videos included pictures of one of the accused tying up a Thai boy and performing acts of sadistic torture on him , prosecutors said in a statement .
Output: Their(O) videos(O) included(O) pictures(O) of(O) one(O) of(O) the(O) accused(O) tying(O) up(O) a(O) Thai(B-Miscellaneous) boy(O) and(O) performing(O) acts(O) of(O) sadistic(O) torture(O) on(O) him(O) ,(O) prosecutors(O) said(O) in(O) a(O) statement(O) .(O)"
2076,"['lost' ',' 'winning' 'percentage' 'and' 'games' 'behind' ')' ':']","['O', 'O', 'O', 'O', 'O', 'O', 'O', 'O', 'O']","lost , winning percentage and games behind ) :","['lost(O)', ',(O)', 'winning(O)', 'percentage(O)', 'and(O)', 'games(O)', 'behind(O)', ')(O)', ':(O)']","lost(O) ,(O) winning(O) percentage(O) and(O) games(O) behind(O) )(O) :(O)","Input: lost , winning percentage and games behind ) :
Output: lost(O) ,(O) winning(O) percentage(O) and(O) games(O) behind(O) )(O) :(O)"
475,"['""' 'Roy' 'agreed' 'a' 'new' 'deal' 'before' 'last' 'night' ""'s"" 'game'
 'against' 'Everton' 'and' 'we' 'are' 'delighted' ',' '""' 'said' 'United'
 'manager' 'Alex' 'Ferguson' 'on' 'Thursday' '.']","['O', 'B-Person', 'O', 'O', 'O', 'O', 'O', 'O', 'O', 'O', 'O', 'O', 'B-Organization', 'O', 'O', 'O', 'O', 'O', 'O', 'O', 'B-Organization', 'O', 'B-Person', 'I-Person', 'O', 'O', 'O']",""" Roy agreed a new deal before last night 's game against Everton and we are delighted , "" said United manager Alex Ferguson on Thursday .","['""(O)', 'Roy(B-Person)', 'agreed(O)', 'a(O)', 'new(O)', 'deal(O)', 'before(O)', 'last(O)', 'night(O)', ""'s(O)"", 'game(O)', 'against(O)', 'Everton(B-Organization)', 'and(O)', 'we(O)', 'are(O)', 'delighted(O)', ',(O)', '""(O)', 'said(O)', 'United(B-Organization)', 'manager(O)', 'Alex(B-Person)', 'Ferguson(I-Person)', 'on(O)', 'Thursday(O)', '.(O)']","""(O) Roy(B-Person) agreed(O) a(O) new(O) deal(O) before(O) last(O) night(O) 's(O) game(O) against(O) Everton(B-Organization) and(O) we(O) are(O) delighted(O) ,(O) ""(O) said(O) United(B-Organization) manager(O) Alex(B-Person) Ferguson(I-Person) on(O) Thursday(O) .(O)","Input: "" Roy agreed a new deal before last night 's game against Everton and we are delighted , "" said United manager Alex Ferguson on Thursday .
Output: ""(O) Roy(B-Person) agreed(O) a(O) new(O) deal(O) before(O) last(O) night(O) 's(O) game(O) against(O) Everton(B-Organization) and(O) we(O) are(O) delighted(O) ,(O) ""(O) said(O) United(B-Organization) manager(O) Alex(B-Person) Ferguson(I-Person) on(O) Thursday(O) .(O)"
13343,"['I' ""'m"" 'not' 'a' 'supermodel' 'you' 'know' ',' '""' 'he' 'said' '.']","['O', 'O', 'O', 'O', 'O', 'O', 'O', 'O', 'O', 'O', 'O', 'O']","I 'm not a supermodel you know , "" he said .","['I(O)', ""'m(O)"", 'not(O)', 'a(O)', 'supermodel(O)', 'you(O)', 'know(O)', ',(O)', '""(O)', 'he(O)', 'said(O)', '.(O)']","I(O) 'm(O) not(O) a(O) supermodel(O) you(O) know(O) ,(O) ""(O) he(O) said(O) .(O)","Input: I 'm not a supermodel you know , "" he said .
Output: I(O) 'm(O) not(O) a(O) supermodel(O) you(O) know(O) ,(O) ""(O) he(O) said(O) .(O)"
1362,"['Twenty' 'people' 'were' 'injured' 'on' 'Wednesday' 'when' 'the'
 'EgyptAir' 'Boeing' '707' 'overshot' 'the' 'runway' ',' 'caught' 'fire'
 ',' 'hit' 'a' 'taxi' 'and' 'skipped' 'across' 'a' 'road' 'onto' 'a'
 'railway' 'line' '.']","['O', 'O', 'O', 'O', 'O', 'O', 'O', 'O', 'B-Organization', 'B-Miscellaneous', 'O', 'O', 'O', 'O', 'O', 'O', 'O', 'O', 'O', 'O', 'O', 'O', 'O', 'O', 'O', 'O', 'O', 'O', 'O', 'O', 'O']","Twenty people were injured on Wednesday when the EgyptAir Boeing 707 overshot the runway , caught fire , hit a taxi and skipped across a road onto a railway line .","['Twenty(O)', 'people(O)', 'were(O)', 'injured(O)', 'on(O)', 'Wednesday(O)', 'when(O)', 'the(O)', 'EgyptAir(B-Organization)', 'Boeing(B-Miscellaneous)', '707(O)', 'overshot(O)', 'the(O)', 'runway(O)', ',(O)', 'caught(O)', 'fire(O)', ',(O)', 'hit(O)', 'a(O)', 'taxi(O)', 'and(O)', 'skipped(O)', 'across(O)', 'a(O)', 'road(O)', 'onto(O)', 'a(O)', 'railway(O)', 'line(O)', '.(O)']","Twenty(O) people(O) were(O) injured(O) on(O) Wednesday(O) when(O) the(O) EgyptAir(B-Organization) Boeing(B-Miscellaneous) 707(O) overshot(O) the(O) runway(O) ,(O) caught(O) fire(O) ,(O) hit(O) a(O) taxi(O) and(O) skipped(O) across(O) a(O) road(O) onto(O) a(O) railway(O) line(O) .(O)","Input: Twenty people were injured on Wednesday when the EgyptAir Boeing 707 overshot the runway , caught fire , hit a taxi and skipped across a road onto a railway line .
Output: Twenty(O) people(O) were(O) injured(O) on(O) Wednesday(O) when(O) the(O) EgyptAir(B-Organization) Boeing(B-Miscellaneous) 707(O) overshot(O) the(O) runway(O) ,(O) caught(O) fire(O) ,(O) hit(O) a(O) taxi(O) and(O) skipped(O) across(O) a(O) road(O) onto(O) a(O) railway(O) line(O) .(O)"
11110,"['Zambian' 'President' 'Frederick' 'Chiluba' 'shuffled' 'his' 'cabinet'
 'on' 'Wednesday' 'to' 'fill' 'a' 'vacancy' 'left' 'after' 'the' 'sacking'
 'of' 'Legal' 'Affairs' 'Minister' 'Remmy' 'Mushota' '.']","['O', 'O', 'B-Person', 'I-Person', 'O', 'O', 'O', 'O', 'O', 'O', 'O', 'O', 'O', 'O', 'O', 'O', 'O', 'O', 'O', 'O', 'O', 'B-Person', 'I-Person', 'O']",Zambian President Frederick Chiluba shuffled his cabinet on Wednesday to fill a vacancy left after the sacking of Legal Affairs Minister Remmy Mushota .,"['Zambian(O)', 'President(O)', 'Frederick(B-Person)', 'Chiluba(I-Person)', 'shuffled(O)', 'his(O)', 'cabinet(O)', 'on(O)', 'Wednesday(O)', 'to(O)', 'fill(O)', 'a(O)', 'vacancy(O)', 'left(O)', 'after(O)', 'the(O)', 'sacking(O)', 'of(O)', 'Legal(O)', 'Affairs(O)', 'Minister(O)', 'Remmy(B-Person)', 'Mushota(I-Person)', '.(O)']",Zambian(O) President(O) Frederick(B-Person) Chiluba(I-Person) shuffled(O) his(O) cabinet(O) on(O) Wednesday(O) to(O) fill(O) a(O) vacancy(O) left(O) after(O) the(O) sacking(O) of(O) Legal(O) Affairs(O) Minister(O) Remmy(B-Person) Mushota(I-Person) .(O),"Input: Zambian President Frederick Chiluba shuffled his cabinet on Wednesday to fill a vacancy left after the sacking of Legal Affairs Minister Remmy Mushota .
Output: Zambian(O) President(O) Frederick(B-Person) Chiluba(I-Person) shuffled(O) his(O) cabinet(O) on(O) Wednesday(O) to(O) fill(O) a(O) vacancy(O) left(O) after(O) the(O) sacking(O) of(O) Legal(O) Affairs(O) Minister(O) Remmy(B-Person) Mushota(I-Person) .(O)"
2111,['PHILADELPHIA' '52' '76' '.406' '28'],"['B-Organization', 'O', 'O', 'O', 'O']",PHILADELPHIA 52 76 .406 28,"['PHILADELPHIA(B-Organization)', '52(O)', '76(O)', '.406(O)', '28(O)']",PHILADELPHIA(B-Organization) 52(O) 76(O) .406(O) 28(O),"Input: PHILADELPHIA 52 76 .406 28
Output: PHILADELPHIA(B-Organization) 52(O) 76(O) .406(O) 28(O)"
2925,"['Nepal' ""'s"" 'king' 'leaves' 'on' 'week-long' 'visit' 'to' 'China' '.']","['B-Location', 'O', 'O', 'O', 'O', 'O', 'O', 'O', 'B-Location', 'O']",Nepal 's king leaves on week-long visit to China .,"['Nepal(B-Location)', ""'s(O)"", 'king(O)', 'leaves(O)', 'on(O)', 'week-long(O)', 'visit(O)', 'to(O)', 'China(B-Location)', '.(O)']",Nepal(B-Location) 's(O) king(O) leaves(O) on(O) week-long(O) visit(O) to(O) China(B-Location) .(O),"Input: Nepal 's king leaves on week-long visit to China .
Output: Nepal(B-Location) 's(O) king(O) leaves(O) on(O) week-long(O) visit(O) to(O) China(B-Location) .(O)"
4866,['10.' 'Neil' 'Hodgson' '(' 'Britain' ')' 'Ducati' '82'],"['O', 'B-Person', 'I-Person', 'O', 'B-Location', 'O', 'B-Organization', 'O']",10. Neil Hodgson ( Britain ) Ducati 82,"['10.(O)', 'Neil(B-Person)', 'Hodgson(I-Person)', '((O)', 'Britain(B-Location)', ')(O)', 'Ducati(B-Organization)', '82(O)']",10.(O) Neil(B-Person) Hodgson(I-Person) ((O) Britain(B-Location) )(O) Ducati(B-Organization) 82(O),"Input: 10. Neil Hodgson ( Britain ) Ducati 82
Output: 10.(O) Neil(B-Person) Hodgson(I-Person) ((O) Britain(B-Location) )(O) Ducati(B-Organization) 82(O)"
13825,['INDICATORS' '-' 'monthly' 'MTH' '/' 'MTH' 'PVS' 'YR-AGO' 'INDEX' 'TOTAL'],"['O', 'O', 'O', 'O', 'O', 'O', 'O', 'O', 'O', 'O']",INDICATORS - monthly MTH / MTH PVS YR-AGO INDEX TOTAL,"['INDICATORS(O)', '-(O)', 'monthly(O)', 'MTH(O)', '/(O)', 'MTH(O)', 'PVS(O)', 'YR-AGO(O)', 'INDEX(O)', 'TOTAL(O)']",INDICATORS(O) -(O) monthly(O) MTH(O) /(O) MTH(O) PVS(O) YR-AGO(O) INDEX(O) TOTAL(O),"Input: INDICATORS - monthly MTH / MTH PVS YR-AGO INDEX TOTAL
Output: INDICATORS(O) -(O) monthly(O) MTH(O) /(O) MTH(O) PVS(O) YR-AGO(O) INDEX(O) TOTAL(O)"
82,['LAST' 'S&P' 'AA+' 'REOFFER' '='],"['O', 'B-Organization', 'O', 'O', 'O']",LAST S&P AA+ REOFFER =,"['LAST(O)', 'S&P(B-Organization)', 'AA+(O)', 'REOFFER(O)', '=(O)']",LAST(O) S&P(B-Organization) AA+(O) REOFFER(O) =(O),"Input: LAST S&P AA+ REOFFER =
Output: LAST(O) S&P(B-Organization) AA+(O) REOFFER(O) =(O)"
11825,"['But' 'the' 'driver' ""'s"" 'wife' 'kept' 'her' 'nerve' ',' 'got' 'out'
 'her' 'camera' 'and' 'photographed' 'him' '.']","['O', 'O', 'O', 'O', 'O', 'O', 'O', 'O', 'O', 'O', 'O', 'O', 'O', 'O', 'O', 'O', 'O']","But the driver 's wife kept her nerve , got out her camera and photographed him .","['But(O)', 'the(O)', 'driver(O)', ""'s(O)"", 'wife(O)', 'kept(O)', 'her(O)', 'nerve(O)', ',(O)', 'got(O)', 'out(O)', 'her(O)', 'camera(O)', 'and(O)', 'photographed(O)', 'him(O)', '.(O)']","But(O) the(O) driver(O) 's(O) wife(O) kept(O) her(O) nerve(O) ,(O) got(O) out(O) her(O) camera(O) and(O) photographed(O) him(O) .(O)","Input: But the driver 's wife kept her nerve , got out her camera and photographed him .
Output: But(O) the(O) driver(O) 's(O) wife(O) kept(O) her(O) nerve(O) ,(O) got(O) out(O) her(O) camera(O) and(O) photographed(O) him(O) .(O)"
11517,['BERNE' '1996-08-28'],"['B-Location', 'O']",BERNE 1996-08-28,"['BERNE(B-Location)', '1996-08-28(O)']",BERNE(B-Location) 1996-08-28(O),"Input: BERNE 1996-08-28
Output: BERNE(B-Location) 1996-08-28(O)"
7011,"['Sergi' 'Bruguera' '(' 'Spain' ')' 'beat' 'Kris' 'Goossens' '(' 'Belgium'
 ')' '6-2' '6-0' '7-6' '(' '7-1' ')']","['B-Person', 'I-Person', 'O', 'B-Location', 'O', 'O', 'B-Person', 'I-Person', 'O', 'B-Location', 'O', 'O', 'O', 'O', 'O', 'O', 'O']",Sergi Bruguera ( Spain ) beat Kris Goossens ( Belgium ) 6-2 6-0 7-6 ( 7-1 ),"['Sergi(B-Person)', 'Bruguera(I-Person)', '((O)', 'Spain(B-Location)', ')(O)', 'beat(O)', 'Kris(B-Person)', 'Goossens(I-Person)', '((O)', 'Belgium(B-Location)', ')(O)', '6-2(O)', '6-0(O)', '7-6(O)', '((O)', '7-1(O)', ')(O)']",Sergi(B-Person) Bruguera(I-Person) ((O) Spain(B-Location) )(O) beat(O) Kris(B-Person) Goossens(I-Person) ((O) Belgium(B-Location) )(O) 6-2(O) 6-0(O) 7-6(O) ((O) 7-1(O) )(O),"Input: Sergi Bruguera ( Spain ) beat Kris Goossens ( Belgium ) 6-2 6-0 7-6 ( 7-1 )
Output: Sergi(B-Person) Bruguera(I-Person) ((O) Spain(B-Location) )(O) beat(O) Kris(B-Person) Goossens(I-Person) ((O) Belgium(B-Location) )(O) 6-2(O) 6-0(O) 7-6(O) ((O) 7-1(O) )(O)"
12924,"['Bank' 'notes' 'and' 'acceptances' ',' 'including' 'pagares' ',' 'rose'
 '46' 'basis' 'points' 'to' '25.10' 'percent' '.']","['O', 'O', 'O', 'O', 'O', 'O', 'O', 'O', 'O', 'O', 'O', 'O', 'O', 'O', 'O', 'O']","Bank notes and acceptances , including pagares , rose 46 basis points to 25.10 percent .","['Bank(O)', 'notes(O)', 'and(O)', 'acceptances(O)', ',(O)', 'including(O)', 'pagares(O)', ',(O)', 'rose(O)', '46(O)', 'basis(O)', 'points(O)', 'to(O)', '25.10(O)', 'percent(O)', '.(O)']","Bank(O) notes(O) and(O) acceptances(O) ,(O) including(O) pagares(O) ,(O) rose(O) 46(O) basis(O) points(O) to(O) 25.10(O) percent(O) .(O)","Input: Bank notes and acceptances , including pagares , rose 46 basis points to 25.10 percent .
Output: Bank(O) notes(O) and(O) acceptances(O) ,(O) including(O) pagares(O) ,(O) rose(O) 46(O) basis(O) points(O) to(O) 25.10(O) percent(O) .(O)"
4647,"['9.' 'Stephane' 'Ortelli' '(' 'France' ')' '/' 'Bob' 'Wollek' '('
 'France' ')' '/' 'Franz' 'Konrad']","['O', 'B-Person', 'I-Person', 'O', 'B-Location', 'O', 'O', 'B-Person', 'I-Person', 'O', 'B-Location', 'O', 'O', 'B-Person', 'I-Person']",9. Stephane Ortelli ( France ) / Bob Wollek ( France ) / Franz Konrad,"['9.(O)', 'Stephane(B-Person)', 'Ortelli(I-Person)', '((O)', 'France(B-Location)', ')(O)', '/(O)', 'Bob(B-Person)', 'Wollek(I-Person)', '((O)', 'France(B-Location)', ')(O)', '/(O)', 'Franz(B-Person)', 'Konrad(I-Person)']",9.(O) Stephane(B-Person) Ortelli(I-Person) ((O) France(B-Location) )(O) /(O) Bob(B-Person) Wollek(I-Person) ((O) France(B-Location) )(O) /(O) Franz(B-Person) Konrad(I-Person),"Input: 9. Stephane Ortelli ( France ) / Bob Wollek ( France ) / Franz Konrad
Output: 9.(O) Stephane(B-Person) Ortelli(I-Person) ((O) France(B-Location) )(O) /(O) Bob(B-Person) Wollek(I-Person) ((O) France(B-Location) )(O) /(O) Franz(B-Person) Konrad(I-Person)"
13894,['Algeria' 'faults' 'Britain' 'over' 'Islamists' 'gathering' '.'],"['B-Location', 'O', 'B-Location', 'O', 'B-Miscellaneous', 'O', 'O']",Algeria faults Britain over Islamists gathering .,"['Algeria(B-Location)', 'faults(O)', 'Britain(B-Location)', 'over(O)', 'Islamists(B-Miscellaneous)', 'gathering(O)', '.(O)']",Algeria(B-Location) faults(O) Britain(B-Location) over(O) Islamists(B-Miscellaneous) gathering(O) .(O),"Input: Algeria faults Britain over Islamists gathering .
Output: Algeria(B-Location) faults(O) Britain(B-Location) over(O) Islamists(B-Miscellaneous) gathering(O) .(O)"
810,['CINCINNATI' 'AT' 'ATLANTA'],"['B-Organization', 'O', 'B-Location']",CINCINNATI AT ATLANTA,"['CINCINNATI(B-Organization)', 'AT(O)', 'ATLANTA(B-Location)']",CINCINNATI(B-Organization) AT(O) ATLANTA(B-Location),"Input: CINCINNATI AT ATLANTA
Output: CINCINNATI(B-Organization) AT(O) ATLANTA(B-Location)"
4104,"['for' ',' 'against' ',' 'points' ')' ':']","['O', 'O', 'O', 'O', 'O', 'O', 'O']","for , against , points ) :","['for(O)', ',(O)', 'against(O)', ',(O)', 'points(O)', ')(O)', ':(O)']","for(O) ,(O) against(O) ,(O) points(O) )(O) :(O)","Input: for , against , points ) :
Output: for(O) ,(O) against(O) ,(O) points(O) )(O) :(O)"
3422,['20.' 'Giovanni' 'Lavaggi' '(' 'Italy' ')' 'Minardi' '1:58.579'],"['O', 'B-Person', 'I-Person', 'O', 'B-Location', 'O', 'B-Organization', 'O']",20. Giovanni Lavaggi ( Italy ) Minardi 1:58.579,"['20.(O)', 'Giovanni(B-Person)', 'Lavaggi(I-Person)', '((O)', 'Italy(B-Location)', ')(O)', 'Minardi(B-Organization)', '1:58.579(O)']",20.(O) Giovanni(B-Person) Lavaggi(I-Person) ((O) Italy(B-Location) )(O) Minardi(B-Organization) 1:58.579(O),"Input: 20. Giovanni Lavaggi ( Italy ) Minardi 1:58.579
Output: 20.(O) Giovanni(B-Person) Lavaggi(I-Person) ((O) Italy(B-Location) )(O) Minardi(B-Organization) 1:58.579(O)"
24,"['At' 'the' 'end' 'of' 'a' 'January' '1967' 'concert' 'in' 'the' 'English'
 'city' 'of' 'Nottingham' 'he' 'threw' 'the' 'sheet' 'of' 'paper' 'into'
 'the' 'audience' ',' 'where' 'it' 'was' 'retrieved' 'by' 'a' 'fan' '.']","['O', 'O', 'O', 'O', 'O', 'O', 'O', 'O', 'O', 'O', 'B-Miscellaneous', 'O', 'O', 'B-Location', 'O', 'O', 'O', 'O', 'O', 'O', 'O', 'O', 'O', 'O', 'O', 'O', 'O', 'O', 'O', 'O', 'O', 'O']","At the end of a January 1967 concert in the English city of Nottingham he threw the sheet of paper into the audience , where it was retrieved by a fan .","['At(O)', 'the(O)', 'end(O)', 'of(O)', 'a(O)', 'January(O)', '1967(O)', 'concert(O)', 'in(O)', 'the(O)', 'English(B-Miscellaneous)', 'city(O)', 'of(O)', 'Nottingham(B-Location)', 'he(O)', 'threw(O)', 'the(O)', 'sheet(O)', 'of(O)', 'paper(O)', 'into(O)', 'the(O)', 'audience(O)', ',(O)', 'where(O)', 'it(O)', 'was(O)', 'retrieved(O)', 'by(O)', 'a(O)', 'fan(O)', '.(O)']","At(O) the(O) end(O) of(O) a(O) January(O) 1967(O) concert(O) in(O) the(O) English(B-Miscellaneous) city(O) of(O) Nottingham(B-Location) he(O) threw(O) the(O) sheet(O) of(O) paper(O) into(O) the(O) audience(O) ,(O) where(O) it(O) was(O) retrieved(O) by(O) a(O) fan(O) .(O)","Input: At the end of a January 1967 concert in the English city of Nottingham he threw the sheet of paper into the audience , where it was retrieved by a fan .
Output: At(O) the(O) end(O) of(O) a(O) January(O) 1967(O) concert(O) in(O) the(O) English(B-Miscellaneous) city(O) of(O) Nottingham(B-Location) he(O) threw(O) the(O) sheet(O) of(O) paper(O) into(O) the(O) audience(O) ,(O) where(O) it(O) was(O) retrieved(O) by(O) a(O) fan(O) .(O)"
8388,"['Mark' 'Cairns' '(' 'England' ')' 'beat' '6' '-' 'Del' 'Harris' '('
 'England' ')' '15-12' '7-15']","['B-Person', 'I-Person', 'O', 'B-Location', 'O', 'O', 'O', 'O', 'B-Person', 'I-Person', 'O', 'B-Location', 'O', 'O', 'O']",Mark Cairns ( England ) beat 6 - Del Harris ( England ) 15-12 7-15,"['Mark(B-Person)', 'Cairns(I-Person)', '((O)', 'England(B-Location)', ')(O)', 'beat(O)', '6(O)', '-(O)', 'Del(B-Person)', 'Harris(I-Person)', '((O)', 'England(B-Location)', ')(O)', '15-12(O)', '7-15(O)']",Mark(B-Person) Cairns(I-Person) ((O) England(B-Location) )(O) beat(O) 6(O) -(O) Del(B-Person) Harris(I-Person) ((O) England(B-Location) )(O) 15-12(O) 7-15(O),"Input: Mark Cairns ( England ) beat 6 - Del Harris ( England ) 15-12 7-15
Output: Mark(B-Person) Cairns(I-Person) ((O) England(B-Location) )(O) beat(O) 6(O) -(O) Del(B-Person) Harris(I-Person) ((O) England(B-Location) )(O) 15-12(O) 7-15(O)"
