id,tokens,ner_tags,text,tokens_tags,ner_text,prompts
13125,"['The' 'crowd' 'in' 'the' 'church' 'was' 'wildly' 'supportive' ','
 'showering' 'Simpson' 'with' 'gifts' 'and' 'praise' '.']","['O', 'O', 'O', 'O', 'O', 'O', 'O', 'O', 'O', 'O', 'B-Person', 'O', 'O', 'O', 'O', 'O']","The crowd in the church was wildly supportive , showering Simpson with gifts and praise .","['The(O)', 'crowd(O)', 'in(O)', 'the(O)', 'church(O)', 'was(O)', 'wildly(O)', 'supportive(O)', ',(O)', 'showering(O)', 'Simpson(B-Person)', 'with(O)', 'gifts(O)', 'and(O)', 'praise(O)', '.(O)']","The(O) crowd(O) in(O) the(O) church(O) was(O) wildly(O) supportive(O) ,(O) showering(O) Simpson(B-Person) with(O) gifts(O) and(O) praise(O) .(O)","Input: The crowd in the church was wildly supportive , showering Simpson with gifts and praise .
Output: The(O) crowd(O) in(O) the(O) church(O) was(O) wildly(O) supportive(O) ,(O) showering(O) Simpson(B-Person) with(O) gifts(O) and(O) praise(O) .(O)"
10158,['7.' 'Michael' 'Sandstod' '(' 'Denmark' ')' '4:24.427'],"['O', 'B-Person', 'I-Person', 'O', 'B-Location', 'O', 'O']",7. Michael Sandstod ( Denmark ) 4:24.427,"['7.(O)', 'Michael(B-Person)', 'Sandstod(I-Person)', '((O)', 'Denmark(B-Location)', ')(O)', '4:24.427(O)']",7.(O) Michael(B-Person) Sandstod(I-Person) ((O) Denmark(B-Location) )(O) 4:24.427(O),"Input: 7. Michael Sandstod ( Denmark ) 4:24.427
Output: 7.(O) Michael(B-Person) Sandstod(I-Person) ((O) Denmark(B-Location) )(O) 4:24.427(O)"
2465,['7.' 'Vaclavas' 'Kidikas' '(' 'Lithuania' ')' '60.92'],"['O', 'B-Person', 'I-Person', 'O', 'B-Location', 'O', 'O']",7. Vaclavas Kidikas ( Lithuania ) 60.92,"['7.(O)', 'Vaclavas(B-Person)', 'Kidikas(I-Person)', '((O)', 'Lithuania(B-Location)', ')(O)', '60.92(O)']",7.(O) Vaclavas(B-Person) Kidikas(I-Person) ((O) Lithuania(B-Location) )(O) 60.92(O),"Input: 7. Vaclavas Kidikas ( Lithuania ) 60.92
Output: 7.(O) Vaclavas(B-Person) Kidikas(I-Person) ((O) Lithuania(B-Location) )(O) 60.92(O)"
1775,['(' 'Jun' '26' ')' '(' 'Mar' '13' ')'],"['O', 'O', 'O', 'O', 'O', 'O', 'O', 'O']",( Jun 26 ) ( Mar 13 ),"['((O)', 'Jun(O)', '26(O)', ')(O)', '((O)', 'Mar(O)', '13(O)', ')(O)']",((O) Jun(O) 26(O) )(O) ((O) Mar(O) 13(O) )(O),"Input: ( Jun 26 ) ( Mar 13 )
Output: ((O) Jun(O) 26(O) )(O) ((O) Mar(O) 13(O) )(O)"
10344,['Maccabi' 'Petah' 'Tikva' '0' 'Betar' 'Jerusalem' '3'],"['B-Organization', 'I-Organization', 'I-Organization', 'O', 'B-Organization', 'I-Organization', 'O']",Maccabi Petah Tikva 0 Betar Jerusalem 3,"['Maccabi(B-Organization)', 'Petah(I-Organization)', 'Tikva(I-Organization)', '0(O)', 'Betar(B-Organization)', 'Jerusalem(I-Organization)', '3(O)']",Maccabi(B-Organization) Petah(I-Organization) Tikva(I-Organization) 0(O) Betar(B-Organization) Jerusalem(I-Organization) 3(O),"Input: Maccabi Petah Tikva 0 Betar Jerusalem 3
Output: Maccabi(B-Organization) Petah(I-Organization) Tikva(I-Organization) 0(O) Betar(B-Organization) Jerusalem(I-Organization) 3(O)"
8392,"['Simon' 'Frenz' '(' 'Germany' ')' 'beat' 'Martin' 'Heath' '(' 'Scotland'
 ')' '12-15' '15-6']","['B-Person', 'I-Person', 'O', 'B-Location', 'O', 'O', 'B-Person', 'I-Person', 'O', 'B-Location', 'O', 'O', 'O']",Simon Frenz ( Germany ) beat Martin Heath ( Scotland ) 12-15 15-6,"['Simon(B-Person)', 'Frenz(I-Person)', '((O)', 'Germany(B-Location)', ')(O)', 'beat(O)', 'Martin(B-Person)', 'Heath(I-Person)', '((O)', 'Scotland(B-Location)', ')(O)', '12-15(O)', '15-6(O)']",Simon(B-Person) Frenz(I-Person) ((O) Germany(B-Location) )(O) beat(O) Martin(B-Person) Heath(I-Person) ((O) Scotland(B-Location) )(O) 12-15(O) 15-6(O),"Input: Simon Frenz ( Germany ) beat Martin Heath ( Scotland ) 12-15 15-6
Output: Simon(B-Person) Frenz(I-Person) ((O) Germany(B-Location) )(O) beat(O) Martin(B-Person) Heath(I-Person) ((O) Scotland(B-Location) )(O) 12-15(O) 15-6(O)"
6591,['Ethiopia' '1' 'Uganda' '1'],"['B-Location', 'O', 'B-Location', 'O']",Ethiopia 1 Uganda 1,"['Ethiopia(B-Location)', '1(O)', 'Uganda(B-Location)', '1(O)']",Ethiopia(B-Location) 1(O) Uganda(B-Location) 1(O),"Input: Ethiopia 1 Uganda 1
Output: Ethiopia(B-Location) 1(O) Uganda(B-Location) 1(O)"
9600,"['Arequipa' 'shareholders' 'had' 'the' 'option' 'to' 'choose' 'C$' '30'
 'cash' 'or' '0.79' 'Barrick' 'shares' 'plus' '50' 'cents' 'for' 'each'
 'Arequipa' 'share' '.']","['B-Organization', 'O', 'O', 'O', 'O', 'O', 'O', 'B-Miscellaneous', 'O', 'O', 'O', 'O', 'B-Organization', 'O', 'O', 'O', 'O', 'O', 'O', 'B-Organization', 'O', 'O']",Arequipa shareholders had the option to choose C$ 30 cash or 0.79 Barrick shares plus 50 cents for each Arequipa share .,"['Arequipa(B-Organization)', 'shareholders(O)', 'had(O)', 'the(O)', 'option(O)', 'to(O)', 'choose(O)', 'C$(B-Miscellaneous)', '30(O)', 'cash(O)', 'or(O)', '0.79(O)', 'Barrick(B-Organization)', 'shares(O)', 'plus(O)', '50(O)', 'cents(O)', 'for(O)', 'each(O)', 'Arequipa(B-Organization)', 'share(O)', '.(O)']",Arequipa(B-Organization) shareholders(O) had(O) the(O) option(O) to(O) choose(O) C$(B-Miscellaneous) 30(O) cash(O) or(O) 0.79(O) Barrick(B-Organization) shares(O) plus(O) 50(O) cents(O) for(O) each(O) Arequipa(B-Organization) share(O) .(O),"Input: Arequipa shareholders had the option to choose C$ 30 cash or 0.79 Barrick shares plus 50 cents for each Arequipa share .
Output: Arequipa(B-Organization) shareholders(O) had(O) the(O) option(O) to(O) choose(O) C$(B-Miscellaneous) 30(O) cash(O) or(O) 0.79(O) Barrick(B-Organization) shares(O) plus(O) 50(O) cents(O) for(O) each(O) Arequipa(B-Organization) share(O) .(O)"
1823,"['""' 'The' 'strategic' 'aim' 'of' 'European' 'integration' 'should' 'not'
 'in' 'any' 'way' 'damage' 'Ukraine' ""'s"" 'interests' 'in' 'post-Soviet'
 'areas' '.']","['O', 'O', 'O', 'O', 'O', 'B-Miscellaneous', 'O', 'O', 'O', 'O', 'O', 'O', 'O', 'B-Location', 'O', 'O', 'O', 'B-Miscellaneous', 'O', 'O']",""" The strategic aim of European integration should not in any way damage Ukraine 's interests in post-Soviet areas .","['""(O)', 'The(O)', 'strategic(O)', 'aim(O)', 'of(O)', 'European(B-Miscellaneous)', 'integration(O)', 'should(O)', 'not(O)', 'in(O)', 'any(O)', 'way(O)', 'damage(O)', 'Ukraine(B-Location)', ""'s(O)"", 'interests(O)', 'in(O)', 'post-Soviet(B-Miscellaneous)', 'areas(O)', '.(O)']","""(O) The(O) strategic(O) aim(O) of(O) European(B-Miscellaneous) integration(O) should(O) not(O) in(O) any(O) way(O) damage(O) Ukraine(B-Location) 's(O) interests(O) in(O) post-Soviet(B-Miscellaneous) areas(O) .(O)","Input: "" The strategic aim of European integration should not in any way damage Ukraine 's interests in post-Soviet areas .
Output: ""(O) The(O) strategic(O) aim(O) of(O) European(B-Miscellaneous) integration(O) should(O) not(O) in(O) any(O) way(O) damage(O) Ukraine(B-Location) 's(O) interests(O) in(O) post-Soviet(B-Miscellaneous) areas(O) .(O)"
11310,['Net' 'profit' '6.08' 'vs' '3.98'],"['O', 'O', 'O', 'O', 'O']",Net profit 6.08 vs 3.98,"['Net(O)', 'profit(O)', '6.08(O)', 'vs(O)', '3.98(O)']",Net(O) profit(O) 6.08(O) vs(O) 3.98(O),"Input: Net profit 6.08 vs 3.98
Output: Net(O) profit(O) 6.08(O) vs(O) 3.98(O)"
8463,"['17-' 'Karina' 'Habsudova' '(' 'Slovakia' ')' 'beat' 'Radka' 'Bobkova'
 '(' 'Czech']","['O', 'B-Person', 'I-Person', 'O', 'B-Location', 'O', 'O', 'B-Person', 'I-Person', 'O', 'B-Location']",17- Karina Habsudova ( Slovakia ) beat Radka Bobkova ( Czech,"['17-(O)', 'Karina(B-Person)', 'Habsudova(I-Person)', '((O)', 'Slovakia(B-Location)', ')(O)', 'beat(O)', 'Radka(B-Person)', 'Bobkova(I-Person)', '((O)', 'Czech(B-Location)']",17-(O) Karina(B-Person) Habsudova(I-Person) ((O) Slovakia(B-Location) )(O) beat(O) Radka(B-Person) Bobkova(I-Person) ((O) Czech(B-Location),"Input: 17- Karina Habsudova ( Slovakia ) beat Radka Bobkova ( Czech
Output: 17-(O) Karina(B-Person) Habsudova(I-Person) ((O) Slovakia(B-Location) )(O) beat(O) Radka(B-Person) Bobkova(I-Person) ((O) Czech(B-Location)"
2502,['4.' 'William' 'Kiptum' '(' 'Kenya' ')' '27:18.84'],"['O', 'B-Person', 'I-Person', 'O', 'B-Location', 'O', 'O']",4. William Kiptum ( Kenya ) 27:18.84,"['4.(O)', 'William(B-Person)', 'Kiptum(I-Person)', '((O)', 'Kenya(B-Location)', ')(O)', '27:18.84(O)']",4.(O) William(B-Person) Kiptum(I-Person) ((O) Kenya(B-Location) )(O) 27:18.84(O),"Input: 4. William Kiptum ( Kenya ) 27:18.84
Output: 4.(O) William(B-Person) Kiptum(I-Person) ((O) Kenya(B-Location) )(O) 27:18.84(O)"
14005,['6.' 'Scott' 'Russell' '(' 'United' 'States' ')' 'Suzuki' '1:51.287'],"['O', 'B-Person', 'I-Person', 'O', 'B-Location', 'I-Location', 'O', 'B-Organization', 'O']",6. Scott Russell ( United States ) Suzuki 1:51.287,"['6.(O)', 'Scott(B-Person)', 'Russell(I-Person)', '((O)', 'United(B-Location)', 'States(I-Location)', ')(O)', 'Suzuki(B-Organization)', '1:51.287(O)']",6.(O) Scott(B-Person) Russell(I-Person) ((O) United(B-Location) States(I-Location) )(O) Suzuki(B-Organization) 1:51.287(O),"Input: 6. Scott Russell ( United States ) Suzuki 1:51.287
Output: 6.(O) Scott(B-Person) Russell(I-Person) ((O) United(B-Location) States(I-Location) )(O) Suzuki(B-Organization) 1:51.287(O)"
12685,"['Christie' 'is' 'due' 'to' 'retire' 'from' 'international' 'competition'
 'at' 'the' 'end' 'of' 'the' 'season' 'although' 'he' 'may' 'compete'
 'for' 'Britain' 'in' 'next' 'season' ""'s"" 'European' 'Cup' '.']","['B-Person', 'O', 'O', 'O', 'O', 'O', 'O', 'O', 'O', 'O', 'O', 'O', 'O', 'O', 'O', 'O', 'O', 'O', 'O', 'B-Location', 'O', 'O', 'O', 'O', 'B-Miscellaneous', 'I-Miscellaneous', 'O']",Christie is due to retire from international competition at the end of the season although he may compete for Britain in next season 's European Cup .,"['Christie(B-Person)', 'is(O)', 'due(O)', 'to(O)', 'retire(O)', 'from(O)', 'international(O)', 'competition(O)', 'at(O)', 'the(O)', 'end(O)', 'of(O)', 'the(O)', 'season(O)', 'although(O)', 'he(O)', 'may(O)', 'compete(O)', 'for(O)', 'Britain(B-Location)', 'in(O)', 'next(O)', 'season(O)', ""'s(O)"", 'European(B-Miscellaneous)', 'Cup(I-Miscellaneous)', '.(O)']",Christie(B-Person) is(O) due(O) to(O) retire(O) from(O) international(O) competition(O) at(O) the(O) end(O) of(O) the(O) season(O) although(O) he(O) may(O) compete(O) for(O) Britain(B-Location) in(O) next(O) season(O) 's(O) European(B-Miscellaneous) Cup(I-Miscellaneous) .(O),"Input: Christie is due to retire from international competition at the end of the season although he may compete for Britain in next season 's European Cup .
Output: Christie(B-Person) is(O) due(O) to(O) retire(O) from(O) international(O) competition(O) at(O) the(O) end(O) of(O) the(O) season(O) although(O) he(O) may(O) compete(O) for(O) Britain(B-Location) in(O) next(O) season(O) 's(O) European(B-Miscellaneous) Cup(I-Miscellaneous) .(O)"
13484,['Beachcomber' 'finds' 'piece' 'that' 'could' 'be' 'TWA' 'part' '.'],"['O', 'O', 'O', 'O', 'O', 'O', 'B-Organization', 'O', 'O']",Beachcomber finds piece that could be TWA part .,"['Beachcomber(O)', 'finds(O)', 'piece(O)', 'that(O)', 'could(O)', 'be(O)', 'TWA(B-Organization)', 'part(O)', '.(O)']",Beachcomber(O) finds(O) piece(O) that(O) could(O) be(O) TWA(B-Organization) part(O) .(O),"Input: Beachcomber finds piece that could be TWA part .
Output: Beachcomber(O) finds(O) piece(O) that(O) could(O) be(O) TWA(B-Organization) part(O) .(O)"
9236,"['""' 'I' 'believe' 'the' 'Democratic' 'party' 'ought' 'to' 'be'
 'pro-woman' ',' 'pro-child' 'and' 'pro-life' ',' '""' 'Casey' 'said' '.']","['O', 'O', 'O', 'O', 'B-Miscellaneous', 'O', 'O', 'O', 'O', 'O', 'O', 'O', 'O', 'O', 'O', 'O', 'B-Person', 'O', 'O']",""" I believe the Democratic party ought to be pro-woman , pro-child and pro-life , "" Casey said .","['""(O)', 'I(O)', 'believe(O)', 'the(O)', 'Democratic(B-Miscellaneous)', 'party(O)', 'ought(O)', 'to(O)', 'be(O)', 'pro-woman(O)', ',(O)', 'pro-child(O)', 'and(O)', 'pro-life(O)', ',(O)', '""(O)', 'Casey(B-Person)', 'said(O)', '.(O)']","""(O) I(O) believe(O) the(O) Democratic(B-Miscellaneous) party(O) ought(O) to(O) be(O) pro-woman(O) ,(O) pro-child(O) and(O) pro-life(O) ,(O) ""(O) Casey(B-Person) said(O) .(O)","Input: "" I believe the Democratic party ought to be pro-woman , pro-child and pro-life , "" Casey said .
Output: ""(O) I(O) believe(O) the(O) Democratic(B-Miscellaneous) party(O) ought(O) to(O) be(O) pro-woman(O) ,(O) pro-child(O) and(O) pro-life(O) ,(O) ""(O) Casey(B-Person) said(O) .(O)"
3481,['0' 'Steve' 'Jones' 'through' '7'],"['O', 'B-Person', 'I-Person', 'O', 'O']",0 Steve Jones through 7,"['0(O)', 'Steve(B-Person)', 'Jones(I-Person)', 'through(O)', '7(O)']",0(O) Steve(B-Person) Jones(I-Person) through(O) 7(O),"Input: 0 Steve Jones through 7
Output: 0(O) Steve(B-Person) Jones(I-Person) through(O) 7(O)"
2073,['NEW' 'YORK' '1996-08-23'],"['B-Location', 'I-Location', 'O']",NEW YORK 1996-08-23,"['NEW(B-Location)', 'YORK(I-Location)', '1996-08-23(O)']",NEW(B-Location) YORK(I-Location) 1996-08-23(O),"Input: NEW YORK 1996-08-23
Output: NEW(B-Location) YORK(I-Location) 1996-08-23(O)"
13153,"['They' 'were' 'quite' 'surprised' ',' '""' 'he' 'told' 'the' 'Miami'
 'Herald' '.']","['O', 'O', 'O', 'O', 'O', 'O', 'O', 'O', 'O', 'B-Organization', 'I-Organization', 'O']","They were quite surprised , "" he told the Miami Herald .","['They(O)', 'were(O)', 'quite(O)', 'surprised(O)', ',(O)', '""(O)', 'he(O)', 'told(O)', 'the(O)', 'Miami(B-Organization)', 'Herald(I-Organization)', '.(O)']","They(O) were(O) quite(O) surprised(O) ,(O) ""(O) he(O) told(O) the(O) Miami(B-Organization) Herald(I-Organization) .(O)","Input: They were quite surprised , "" he told the Miami Herald .
Output: They(O) were(O) quite(O) surprised(O) ,(O) ""(O) he(O) told(O) the(O) Miami(B-Organization) Herald(I-Organization) .(O)"
9723,['AUGUST' '1996' 'CDU' '/' 'CSU' 'SPD' 'FDP' 'Greens' 'PDS'],"['O', 'O', 'B-Organization', 'I-Organization', 'I-Organization', 'B-Organization', 'B-Organization', 'B-Organization', 'B-Organization']",AUGUST 1996 CDU / CSU SPD FDP Greens PDS,"['AUGUST(O)', '1996(O)', 'CDU(B-Organization)', '/(I-Organization)', 'CSU(I-Organization)', 'SPD(B-Organization)', 'FDP(B-Organization)', 'Greens(B-Organization)', 'PDS(B-Organization)']",AUGUST(O) 1996(O) CDU(B-Organization) /(I-Organization) CSU(I-Organization) SPD(B-Organization) FDP(B-Organization) Greens(B-Organization) PDS(B-Organization),"Input: AUGUST 1996 CDU / CSU SPD FDP Greens PDS
Output: AUGUST(O) 1996(O) CDU(B-Organization) /(I-Organization) CSU(I-Organization) SPD(B-Organization) FDP(B-Organization) Greens(B-Organization) PDS(B-Organization)"
8425,"['Men' ""'s"" 'singles']","['O', 'O', 'O']",Men 's singles,"['Men(O)', ""'s(O)"", 'singles(O)']",Men(O) 's(O) singles(O),"Input: Men 's singles
Output: Men(O) 's(O) singles(O)"
3544,"['Fourth-placed' 'Leicestershire' 'had' 'Hampshire' 'on' 'the' 'ropes'
 'at' 'Leicester' 'before' 'rain' 'intervened' '.']","['O', 'B-Organization', 'O', 'B-Organization', 'O', 'O', 'O', 'O', 'B-Location', 'O', 'O', 'O', 'O']",Fourth-placed Leicestershire had Hampshire on the ropes at Leicester before rain intervened .,"['Fourth-placed(O)', 'Leicestershire(B-Organization)', 'had(O)', 'Hampshire(B-Organization)', 'on(O)', 'the(O)', 'ropes(O)', 'at(O)', 'Leicester(B-Location)', 'before(O)', 'rain(O)', 'intervened(O)', '.(O)']",Fourth-placed(O) Leicestershire(B-Organization) had(O) Hampshire(B-Organization) on(O) the(O) ropes(O) at(O) Leicester(B-Location) before(O) rain(O) intervened(O) .(O),"Input: Fourth-placed Leicestershire had Hampshire on the ropes at Leicester before rain intervened .
Output: Fourth-placed(O) Leicestershire(B-Organization) had(O) Hampshire(B-Organization) on(O) the(O) ropes(O) at(O) Leicester(B-Location) before(O) rain(O) intervened(O) .(O)"
3077,"['The' 'mistake' 'people' 'made' 'was' 'in' 'thinking' 'it' 'was' 'going'
 'to' 'be' 'a' 'fast' ',' 'sweeping' 'change' 'rather' 'than' 'a' 'slow'
 ',' 'building' 'change' '.' '""']","['O', 'O', 'O', 'O', 'O', 'O', 'O', 'O', 'O', 'O', 'O', 'O', 'O', 'O', 'O', 'O', 'O', 'O', 'O', 'O', 'O', 'O', 'O', 'O', 'O', 'O']","The mistake people made was in thinking it was going to be a fast , sweeping change rather than a slow , building change . ""","['The(O)', 'mistake(O)', 'people(O)', 'made(O)', 'was(O)', 'in(O)', 'thinking(O)', 'it(O)', 'was(O)', 'going(O)', 'to(O)', 'be(O)', 'a(O)', 'fast(O)', ',(O)', 'sweeping(O)', 'change(O)', 'rather(O)', 'than(O)', 'a(O)', 'slow(O)', ',(O)', 'building(O)', 'change(O)', '.(O)', '""(O)']","The(O) mistake(O) people(O) made(O) was(O) in(O) thinking(O) it(O) was(O) going(O) to(O) be(O) a(O) fast(O) ,(O) sweeping(O) change(O) rather(O) than(O) a(O) slow(O) ,(O) building(O) change(O) .(O) ""(O)","Input: The mistake people made was in thinking it was going to be a fast , sweeping change rather than a slow , building change . ""
Output: The(O) mistake(O) people(O) made(O) was(O) in(O) thinking(O) it(O) was(O) going(O) to(O) be(O) a(O) fast(O) ,(O) sweeping(O) change(O) rather(O) than(O) a(O) slow(O) ,(O) building(O) change(O) .(O) ""(O)"
5660,"['(' 'Spain' ')' '67' '67' '69' ',' 'Jonathan' 'Lomas' '67' '67' '69' ','
 'Paul' 'Eales']","['O', 'B-Location', 'O', 'O', 'O', 'O', 'O', 'B-Person', 'I-Person', 'O', 'O', 'O', 'O', 'B-Person', 'I-Person']","( Spain ) 67 67 69 , Jonathan Lomas 67 67 69 , Paul Eales","['((O)', 'Spain(B-Location)', ')(O)', '67(O)', '67(O)', '69(O)', ',(O)', 'Jonathan(B-Person)', 'Lomas(I-Person)', '67(O)', '67(O)', '69(O)', ',(O)', 'Paul(B-Person)', 'Eales(I-Person)']","((O) Spain(B-Location) )(O) 67(O) 67(O) 69(O) ,(O) Jonathan(B-Person) Lomas(I-Person) 67(O) 67(O) 69(O) ,(O) Paul(B-Person) Eales(I-Person)","Input: ( Spain ) 67 67 69 , Jonathan Lomas 67 67 69 , Paul Eales
Output: ((O) Spain(B-Location) )(O) 67(O) 67(O) 69(O) ,(O) Jonathan(B-Person) Lomas(I-Person) 67(O) 67(O) 69(O) ,(O) Paul(B-Person) Eales(I-Person)"
908,['BRUSSELS' '1996-08-22'],"['B-Location', 'O']",BRUSSELS 1996-08-22,"['BRUSSELS(B-Location)', '1996-08-22(O)']",BRUSSELS(B-Location) 1996-08-22(O),"Input: BRUSSELS 1996-08-22
Output: BRUSSELS(B-Location) 1996-08-22(O)"
4167,"['The' 'Eco-Challenge' 'has' 'been' 'staged' 'twice' 'before' '--' 'in'
 'Utah' 'and' 'Maine' 'last' 'year' '--' 'and' 'is' 'modelled' 'on'
 'similar' 'races' 'overseas' '.']","['O', 'B-Miscellaneous', 'O', 'O', 'O', 'O', 'O', 'O', 'O', 'B-Location', 'O', 'B-Location', 'O', 'O', 'O', 'O', 'O', 'O', 'O', 'O', 'O', 'O', 'O']",The Eco-Challenge has been staged twice before -- in Utah and Maine last year -- and is modelled on similar races overseas .,"['The(O)', 'Eco-Challenge(B-Miscellaneous)', 'has(O)', 'been(O)', 'staged(O)', 'twice(O)', 'before(O)', '--(O)', 'in(O)', 'Utah(B-Location)', 'and(O)', 'Maine(B-Location)', 'last(O)', 'year(O)', '--(O)', 'and(O)', 'is(O)', 'modelled(O)', 'on(O)', 'similar(O)', 'races(O)', 'overseas(O)', '.(O)']",The(O) Eco-Challenge(B-Miscellaneous) has(O) been(O) staged(O) twice(O) before(O) --(O) in(O) Utah(B-Location) and(O) Maine(B-Location) last(O) year(O) --(O) and(O) is(O) modelled(O) on(O) similar(O) races(O) overseas(O) .(O),"Input: The Eco-Challenge has been staged twice before -- in Utah and Maine last year -- and is modelled on similar races overseas .
Output: The(O) Eco-Challenge(B-Miscellaneous) has(O) been(O) staged(O) twice(O) before(O) --(O) in(O) Utah(B-Location) and(O) Maine(B-Location) last(O) year(O) --(O) and(O) is(O) modelled(O) on(O) similar(O) races(O) overseas(O) .(O)"
1352,"['""' 'This' 'may' 'explain' 'some' 'mistakes' 'against' 'some'
 'journalists' 'and' 'writers' ',' '""' 'he' 'said' '.']","['O', 'O', 'O', 'O', 'O', 'O', 'O', 'O', 'O', 'O', 'O', 'O', 'O', 'O', 'O', 'O']",""" This may explain some mistakes against some journalists and writers , "" he said .","['""(O)', 'This(O)', 'may(O)', 'explain(O)', 'some(O)', 'mistakes(O)', 'against(O)', 'some(O)', 'journalists(O)', 'and(O)', 'writers(O)', ',(O)', '""(O)', 'he(O)', 'said(O)', '.(O)']","""(O) This(O) may(O) explain(O) some(O) mistakes(O) against(O) some(O) journalists(O) and(O) writers(O) ,(O) ""(O) he(O) said(O) .(O)","Input: "" This may explain some mistakes against some journalists and writers , "" he said .
Output: ""(O) This(O) may(O) explain(O) some(O) mistakes(O) against(O) some(O) journalists(O) and(O) writers(O) ,(O) ""(O) he(O) said(O) .(O)"
9076,['Argentine' 'bishop' 'reminds' 'cabinet' 'of' 'Commandments' '.'],"['B-Miscellaneous', 'O', 'O', 'O', 'O', 'O', 'O']",Argentine bishop reminds cabinet of Commandments .,"['Argentine(B-Miscellaneous)', 'bishop(O)', 'reminds(O)', 'cabinet(O)', 'of(O)', 'Commandments(O)', '.(O)']",Argentine(B-Miscellaneous) bishop(O) reminds(O) cabinet(O) of(O) Commandments(O) .(O),"Input: Argentine bishop reminds cabinet of Commandments .
Output: Argentine(B-Miscellaneous) bishop(O) reminds(O) cabinet(O) of(O) Commandments(O) .(O)"
8266,['Crystal' 'Palace' '0' 'West' 'Bromwich' '0'],"['B-Organization', 'I-Organization', 'O', 'B-Organization', 'I-Organization', 'O']",Crystal Palace 0 West Bromwich 0,"['Crystal(B-Organization)', 'Palace(I-Organization)', '0(O)', 'West(B-Organization)', 'Bromwich(I-Organization)', '0(O)']",Crystal(B-Organization) Palace(I-Organization) 0(O) West(B-Organization) Bromwich(I-Organization) 0(O),"Input: Crystal Palace 0 West Bromwich 0
Output: Crystal(B-Organization) Palace(I-Organization) 0(O) West(B-Organization) Bromwich(I-Organization) 0(O)"
9326,"['The' 'poll' 'of' 'registered' 'voters' 'showed' 'a' 'shift' 'in' 'favor'
 'of' 'the' 'Democrats' 'in' 'the' 'elections' 'for' 'House' 'of'
 'Representatives' ',' 'with' '51' 'percent' 'saying' 'that' 'if' 'the'
 'vote' 'were' 'today' 'they' 'would' 'go' 'for' 'a' 'Democrat' 'and' '41'
 'percent' 'opting' 'for' 'a' 'Republican' '.']","['O', 'O', 'O', 'O', 'O', 'O', 'O', 'O', 'O', 'O', 'O', 'O', 'B-Miscellaneous', 'O', 'O', 'O', 'O', 'B-Organization', 'I-Organization', 'I-Organization', 'O', 'O', 'O', 'O', 'O', 'O', 'O', 'O', 'O', 'O', 'O', 'O', 'O', 'O', 'O', 'O', 'B-Miscellaneous', 'O', 'O', 'O', 'O', 'O', 'O', 'B-Miscellaneous', 'O']","The poll of registered voters showed a shift in favor of the Democrats in the elections for House of Representatives , with 51 percent saying that if the vote were today they would go for a Democrat and 41 percent opting for a Republican .","['The(O)', 'poll(O)', 'of(O)', 'registered(O)', 'voters(O)', 'showed(O)', 'a(O)', 'shift(O)', 'in(O)', 'favor(O)', 'of(O)', 'the(O)', 'Democrats(B-Miscellaneous)', 'in(O)', 'the(O)', 'elections(O)', 'for(O)', 'House(B-Organization)', 'of(I-Organization)', 'Representatives(I-Organization)', ',(O)', 'with(O)', '51(O)', 'percent(O)', 'saying(O)', 'that(O)', 'if(O)', 'the(O)', 'vote(O)', 'were(O)', 'today(O)', 'they(O)', 'would(O)', 'go(O)', 'for(O)', 'a(O)', 'Democrat(B-Miscellaneous)', 'and(O)', '41(O)', 'percent(O)', 'opting(O)', 'for(O)', 'a(O)', 'Republican(B-Miscellaneous)', '.(O)']","The(O) poll(O) of(O) registered(O) voters(O) showed(O) a(O) shift(O) in(O) favor(O) of(O) the(O) Democrats(B-Miscellaneous) in(O) the(O) elections(O) for(O) House(B-Organization) of(I-Organization) Representatives(I-Organization) ,(O) with(O) 51(O) percent(O) saying(O) that(O) if(O) the(O) vote(O) were(O) today(O) they(O) would(O) go(O) for(O) a(O) Democrat(B-Miscellaneous) and(O) 41(O) percent(O) opting(O) for(O) a(O) Republican(B-Miscellaneous) .(O)","Input: The poll of registered voters showed a shift in favor of the Democrats in the elections for House of Representatives , with 51 percent saying that if the vote were today they would go for a Democrat and 41 percent opting for a Republican .
Output: The(O) poll(O) of(O) registered(O) voters(O) showed(O) a(O) shift(O) in(O) favor(O) of(O) the(O) Democrats(B-Miscellaneous) in(O) the(O) elections(O) for(O) House(B-Organization) of(I-Organization) Representatives(I-Organization) ,(O) with(O) 51(O) percent(O) saying(O) that(O) if(O) the(O) vote(O) were(O) today(O) they(O) would(O) go(O) for(O) a(O) Democrat(B-Miscellaneous) and(O) 41(O) percent(O) opting(O) for(O) a(O) Republican(B-Miscellaneous) .(O)"
10093,['Jens' 'Lehman' '(' 'Germany' ')'],"['B-Person', 'I-Person', 'O', 'B-Location', 'O']",Jens Lehman ( Germany ),"['Jens(B-Person)', 'Lehman(I-Person)', '((O)', 'Germany(B-Location)', ')(O)']",Jens(B-Person) Lehman(I-Person) ((O) Germany(B-Location) )(O),"Input: Jens Lehman ( Germany )
Output: Jens(B-Person) Lehman(I-Person) ((O) Germany(B-Location) )(O)"
8660,"['Lens' ',' 'who' 'have' 'won' 'all' 'their' 'three' 'league' 'matches'
 'so' 'far' ',' 'host' 'Montpellier' 'on' 'Wednesday' 'night' '.']","['B-Organization', 'O', 'O', 'O', 'O', 'O', 'O', 'O', 'O', 'O', 'O', 'O', 'O', 'O', 'B-Organization', 'O', 'O', 'O', 'O']","Lens , who have won all their three league matches so far , host Montpellier on Wednesday night .","['Lens(B-Organization)', ',(O)', 'who(O)', 'have(O)', 'won(O)', 'all(O)', 'their(O)', 'three(O)', 'league(O)', 'matches(O)', 'so(O)', 'far(O)', ',(O)', 'host(O)', 'Montpellier(B-Organization)', 'on(O)', 'Wednesday(O)', 'night(O)', '.(O)']","Lens(B-Organization) ,(O) who(O) have(O) won(O) all(O) their(O) three(O) league(O) matches(O) so(O) far(O) ,(O) host(O) Montpellier(B-Organization) on(O) Wednesday(O) night(O) .(O)","Input: Lens , who have won all their three league matches so far , host Montpellier on Wednesday night .
Output: Lens(B-Organization) ,(O) who(O) have(O) won(O) all(O) their(O) three(O) league(O) matches(O) so(O) far(O) ,(O) host(O) Montpellier(B-Organization) on(O) Wednesday(O) night(O) .(O)"
8835,['SELIKO' '4000.00' '20000.00' '3565' '32607.500'],"['B-Organization', 'O', 'O', 'O', 'O']",SELIKO 4000.00 20000.00 3565 32607.500,"['SELIKO(B-Organization)', '4000.00(O)', '20000.00(O)', '3565(O)', '32607.500(O)']",SELIKO(B-Organization) 4000.00(O) 20000.00(O) 3565(O) 32607.500(O),"Input: SELIKO 4000.00 20000.00 3565 32607.500
Output: SELIKO(B-Organization) 4000.00(O) 20000.00(O) 3565(O) 32607.500(O)"
9987,"['Women' ""'s"" 'javelin' ':']","['O', 'O', 'O', 'O']",Women 's javelin :,"['Women(O)', ""'s(O)"", 'javelin(O)', ':(O)']",Women(O) 's(O) javelin(O) :(O),"Input: Women 's javelin :
Output: Women(O) 's(O) javelin(O) :(O)"
3240,"['The' 'students' 'staged' 'a' 'violent' 'nine-day' 'demonstration' 'at'
 'the' 'university' 'to' 'demand' 'unification' 'with' 'North' 'Korea' '.']","['O', 'O', 'O', 'O', 'O', 'O', 'O', 'O', 'O', 'O', 'O', 'O', 'O', 'O', 'B-Location', 'I-Location', 'O']",The students staged a violent nine-day demonstration at the university to demand unification with North Korea .,"['The(O)', 'students(O)', 'staged(O)', 'a(O)', 'violent(O)', 'nine-day(O)', 'demonstration(O)', 'at(O)', 'the(O)', 'university(O)', 'to(O)', 'demand(O)', 'unification(O)', 'with(O)', 'North(B-Location)', 'Korea(I-Location)', '.(O)']",The(O) students(O) staged(O) a(O) violent(O) nine-day(O) demonstration(O) at(O) the(O) university(O) to(O) demand(O) unification(O) with(O) North(B-Location) Korea(I-Location) .(O),"Input: The students staged a violent nine-day demonstration at the university to demand unification with North Korea .
Output: The(O) students(O) staged(O) a(O) violent(O) nine-day(O) demonstration(O) at(O) the(O) university(O) to(O) demand(O) unification(O) with(O) North(B-Location) Korea(I-Location) .(O)"
2269,['129' 'Robert' 'Karlsson' '(' 'Sweden' ')' '67' '62'],"['O', 'B-Person', 'I-Person', 'O', 'B-Location', 'O', 'O', 'O']",129 Robert Karlsson ( Sweden ) 67 62,"['129(O)', 'Robert(B-Person)', 'Karlsson(I-Person)', '((O)', 'Sweden(B-Location)', ')(O)', '67(O)', '62(O)']",129(O) Robert(B-Person) Karlsson(I-Person) ((O) Sweden(B-Location) )(O) 67(O) 62(O),"Input: 129 Robert Karlsson ( Sweden ) 67 62
Output: 129(O) Robert(B-Person) Karlsson(I-Person) ((O) Sweden(B-Location) )(O) 67(O) 62(O)"
785,['CALIFORNIA' 'AT' 'NEW' 'YORK'],"['B-Organization', 'O', 'B-Location', 'I-Location']",CALIFORNIA AT NEW YORK,"['CALIFORNIA(B-Organization)', 'AT(O)', 'NEW(B-Location)', 'YORK(I-Location)']",CALIFORNIA(B-Organization) AT(O) NEW(B-Location) YORK(I-Location),"Input: CALIFORNIA AT NEW YORK
Output: CALIFORNIA(B-Organization) AT(O) NEW(B-Location) YORK(I-Location)"
4014,['NAC' 'Breda' '1' 'Sparta' 'Rotterdam' '0'],"['B-Organization', 'I-Organization', 'O', 'B-Organization', 'I-Organization', 'O']",NAC Breda 1 Sparta Rotterdam 0,"['NAC(B-Organization)', 'Breda(I-Organization)', '1(O)', 'Sparta(B-Organization)', 'Rotterdam(I-Organization)', '0(O)']",NAC(B-Organization) Breda(I-Organization) 1(O) Sparta(B-Organization) Rotterdam(I-Organization) 0(O),"Input: NAC Breda 1 Sparta Rotterdam 0
Output: NAC(B-Organization) Breda(I-Organization) 1(O) Sparta(B-Organization) Rotterdam(I-Organization) 0(O)"
13371,"['Kabariti' 'flew' 'by' 'helicopter' 'to' 'Palestinian-ruled' 'Ramallah'
 'and' 'after' 'a' 'brief' 'arrival' 'ceremony' 'went' 'into' 'talks'
 'with' 'Arafat' '.']","['B-Person', 'O', 'O', 'O', 'O', 'B-Miscellaneous', 'B-Location', 'O', 'O', 'O', 'O', 'O', 'O', 'O', 'O', 'O', 'O', 'B-Person', 'O']",Kabariti flew by helicopter to Palestinian-ruled Ramallah and after a brief arrival ceremony went into talks with Arafat .,"['Kabariti(B-Person)', 'flew(O)', 'by(O)', 'helicopter(O)', 'to(O)', 'Palestinian-ruled(B-Miscellaneous)', 'Ramallah(B-Location)', 'and(O)', 'after(O)', 'a(O)', 'brief(O)', 'arrival(O)', 'ceremony(O)', 'went(O)', 'into(O)', 'talks(O)', 'with(O)', 'Arafat(B-Person)', '.(O)']",Kabariti(B-Person) flew(O) by(O) helicopter(O) to(O) Palestinian-ruled(B-Miscellaneous) Ramallah(B-Location) and(O) after(O) a(O) brief(O) arrival(O) ceremony(O) went(O) into(O) talks(O) with(O) Arafat(B-Person) .(O),"Input: Kabariti flew by helicopter to Palestinian-ruled Ramallah and after a brief arrival ceremony went into talks with Arafat .
Output: Kabariti(B-Person) flew(O) by(O) helicopter(O) to(O) Palestinian-ruled(B-Miscellaneous) Ramallah(B-Location) and(O) after(O) a(O) brief(O) arrival(O) ceremony(O) went(O) into(O) talks(O) with(O) Arafat(B-Person) .(O)"
6352,['Manchester' 'United' '3' '1' '2' '0' '7' '4' '5'],"['B-Organization', 'I-Organization', 'O', 'O', 'O', 'O', 'O', 'O', 'O']",Manchester United 3 1 2 0 7 4 5,"['Manchester(B-Organization)', 'United(I-Organization)', '3(O)', '1(O)', '2(O)', '0(O)', '7(O)', '4(O)', '5(O)']",Manchester(B-Organization) United(I-Organization) 3(O) 1(O) 2(O) 0(O) 7(O) 4(O) 5(O),"Input: Manchester United 3 1 2 0 7 4 5
Output: Manchester(B-Organization) United(I-Organization) 3(O) 1(O) 2(O) 0(O) 7(O) 4(O) 5(O)"
11867,"['Stephanie' 'had' 'two' 'children' 'with' 'Ducruet' 'before' 'their'
 'marriage' 'in' 'July' 'last' 'year' '.']","['B-Person', 'O', 'O', 'O', 'O', 'B-Person', 'O', 'O', 'O', 'O', 'O', 'O', 'O', 'O']",Stephanie had two children with Ducruet before their marriage in July last year .,"['Stephanie(B-Person)', 'had(O)', 'two(O)', 'children(O)', 'with(O)', 'Ducruet(B-Person)', 'before(O)', 'their(O)', 'marriage(O)', 'in(O)', 'July(O)', 'last(O)', 'year(O)', '.(O)']",Stephanie(B-Person) had(O) two(O) children(O) with(O) Ducruet(B-Person) before(O) their(O) marriage(O) in(O) July(O) last(O) year(O) .(O),"Input: Stephanie had two children with Ducruet before their marriage in July last year .
Output: Stephanie(B-Person) had(O) two(O) children(O) with(O) Ducruet(B-Person) before(O) their(O) marriage(O) in(O) July(O) last(O) year(O) .(O)"
3994,['PARIS' '1996-08-24'],"['B-Location', 'O']",PARIS 1996-08-24,"['PARIS(B-Location)', '1996-08-24(O)']",PARIS(B-Location) 1996-08-24(O),"Input: PARIS 1996-08-24
Output: PARIS(B-Location) 1996-08-24(O)"
7661,['Gore' 'presents' 'new' 'image' 'of' 'lead' 'attack' 'dog' '.'],"['B-Person', 'O', 'O', 'O', 'O', 'O', 'O', 'O', 'O']",Gore presents new image of lead attack dog .,"['Gore(B-Person)', 'presents(O)', 'new(O)', 'image(O)', 'of(O)', 'lead(O)', 'attack(O)', 'dog(O)', '.(O)']",Gore(B-Person) presents(O) new(O) image(O) of(O) lead(O) attack(O) dog(O) .(O),"Input: Gore presents new image of lead attack dog .
Output: Gore(B-Person) presents(O) new(O) image(O) of(O) lead(O) attack(O) dog(O) .(O)"
387,['6-4'],['O'],6-4,['6-4(O)'],6-4(O),"Input: 6-4
Output: 6-4(O)"
11856,['-' 'New' 'orders' 'received' '(' 'billions' ')' '1.00' 'vs' '1.09'],"['O', 'O', 'O', 'O', 'O', 'O', 'O', 'O', 'O', 'O']",- New orders received ( billions ) 1.00 vs 1.09,"['-(O)', 'New(O)', 'orders(O)', 'received(O)', '((O)', 'billions(O)', ')(O)', '1.00(O)', 'vs(O)', '1.09(O)']",-(O) New(O) orders(O) received(O) ((O) billions(O) )(O) 1.00(O) vs(O) 1.09(O),"Input: - New orders received ( billions ) 1.00 vs 1.09
Output: -(O) New(O) orders(O) received(O) ((O) billions(O) )(O) 1.00(O) vs(O) 1.09(O)"
12922,"['""' 'There' 'are' 'people' 'who' 'are' 'taking' 'advantage' 'of' 'the'
 'news' 'to' 'put' 'pressure' 'on' 'rates' ',' 'however' ',' 'there' 'are'
 'enough' 'players' 'who' 'will' 'buy' 'and' 'that' 'will' 'keep' 'rates'
 'from' 'rising' 'too' 'much' ',' '""' 'said' 'one' 'dealer' '.']","['O', 'O', 'O', 'O', 'O', 'O', 'O', 'O', 'O', 'O', 'O', 'O', 'O', 'O', 'O', 'O', 'O', 'O', 'O', 'O', 'O', 'O', 'O', 'O', 'O', 'O', 'O', 'O', 'O', 'O', 'O', 'O', 'O', 'O', 'O', 'O', 'O', 'O', 'O', 'O', 'O']",""" There are people who are taking advantage of the news to put pressure on rates , however , there are enough players who will buy and that will keep rates from rising too much , "" said one dealer .","['""(O)', 'There(O)', 'are(O)', 'people(O)', 'who(O)', 'are(O)', 'taking(O)', 'advantage(O)', 'of(O)', 'the(O)', 'news(O)', 'to(O)', 'put(O)', 'pressure(O)', 'on(O)', 'rates(O)', ',(O)', 'however(O)', ',(O)', 'there(O)', 'are(O)', 'enough(O)', 'players(O)', 'who(O)', 'will(O)', 'buy(O)', 'and(O)', 'that(O)', 'will(O)', 'keep(O)', 'rates(O)', 'from(O)', 'rising(O)', 'too(O)', 'much(O)', ',(O)', '""(O)', 'said(O)', 'one(O)', 'dealer(O)', '.(O)']","""(O) There(O) are(O) people(O) who(O) are(O) taking(O) advantage(O) of(O) the(O) news(O) to(O) put(O) pressure(O) on(O) rates(O) ,(O) however(O) ,(O) there(O) are(O) enough(O) players(O) who(O) will(O) buy(O) and(O) that(O) will(O) keep(O) rates(O) from(O) rising(O) too(O) much(O) ,(O) ""(O) said(O) one(O) dealer(O) .(O)","Input: "" There are people who are taking advantage of the news to put pressure on rates , however , there are enough players who will buy and that will keep rates from rising too much , "" said one dealer .
Output: ""(O) There(O) are(O) people(O) who(O) are(O) taking(O) advantage(O) of(O) the(O) news(O) to(O) put(O) pressure(O) on(O) rates(O) ,(O) however(O) ,(O) there(O) are(O) enough(O) players(O) who(O) will(O) buy(O) and(O) that(O) will(O) keep(O) rates(O) from(O) rising(O) too(O) much(O) ,(O) ""(O) said(O) one(O) dealer(O) .(O)"
12050,['Fire' 'bomb' 'hurled' 'at' 'U.S.' 'consulate' 'in' 'Indonesia' '.'],"['O', 'O', 'O', 'O', 'B-Location', 'O', 'O', 'B-Location', 'O']",Fire bomb hurled at U.S. consulate in Indonesia .,"['Fire(O)', 'bomb(O)', 'hurled(O)', 'at(O)', 'U.S.(B-Location)', 'consulate(O)', 'in(O)', 'Indonesia(B-Location)', '.(O)']",Fire(O) bomb(O) hurled(O) at(O) U.S.(B-Location) consulate(O) in(O) Indonesia(B-Location) .(O),"Input: Fire bomb hurled at U.S. consulate in Indonesia .
Output: Fire(O) bomb(O) hurled(O) at(O) U.S.(B-Location) consulate(O) in(O) Indonesia(B-Location) .(O)"
11155,"['""' 'The' 'Belgian' 'police' 'also' 'informed' 'us' 'that' 'Dutroux' ','
 'together' 'with' 'one' 'other' 'man' ',' 'had' '(' 'also' ')' 'planned'
 'the' 'kidnapping' 'of' 'at' 'least' 'one' 'Slovak' 'woman' ',' '""'
 'Gajdos' 'said' '.']","['O', 'O', 'B-Miscellaneous', 'O', 'O', 'O', 'O', 'O', 'B-Person', 'O', 'O', 'O', 'O', 'O', 'O', 'O', 'O', 'O', 'O', 'O', 'O', 'O', 'O', 'O', 'O', 'O', 'O', 'B-Miscellaneous', 'O', 'O', 'O', 'B-Person', 'O', 'O']",""" The Belgian police also informed us that Dutroux , together with one other man , had ( also ) planned the kidnapping of at least one Slovak woman , "" Gajdos said .","['""(O)', 'The(O)', 'Belgian(B-Miscellaneous)', 'police(O)', 'also(O)', 'informed(O)', 'us(O)', 'that(O)', 'Dutroux(B-Person)', ',(O)', 'together(O)', 'with(O)', 'one(O)', 'other(O)', 'man(O)', ',(O)', 'had(O)', '((O)', 'also(O)', ')(O)', 'planned(O)', 'the(O)', 'kidnapping(O)', 'of(O)', 'at(O)', 'least(O)', 'one(O)', 'Slovak(B-Miscellaneous)', 'woman(O)', ',(O)', '""(O)', 'Gajdos(B-Person)', 'said(O)', '.(O)']","""(O) The(O) Belgian(B-Miscellaneous) police(O) also(O) informed(O) us(O) that(O) Dutroux(B-Person) ,(O) together(O) with(O) one(O) other(O) man(O) ,(O) had(O) ((O) also(O) )(O) planned(O) the(O) kidnapping(O) of(O) at(O) least(O) one(O) Slovak(B-Miscellaneous) woman(O) ,(O) ""(O) Gajdos(B-Person) said(O) .(O)","Input: "" The Belgian police also informed us that Dutroux , together with one other man , had ( also ) planned the kidnapping of at least one Slovak woman , "" Gajdos said .
Output: ""(O) The(O) Belgian(B-Miscellaneous) police(O) also(O) informed(O) us(O) that(O) Dutroux(B-Person) ,(O) together(O) with(O) one(O) other(O) man(O) ,(O) had(O) ((O) also(O) )(O) planned(O) the(O) kidnapping(O) of(O) at(O) least(O) one(O) Slovak(B-Miscellaneous) woman(O) ,(O) ""(O) Gajdos(B-Person) said(O) .(O)"
4216,"['Gatera' 'said' 'the' 'refugees' 'were' 'handed' 'over' 'following' 'a'
 'deal' 'made' 'at' 'a' 'meeting' 'between' 'the' 'governor' 'of' 'Zaire'
 ""'s"" 'north' 'Kivu' 'region' 'and' 'his' 'counterpart' 'in' 'the'
 'Rwandan' 'border' 'town' 'of' 'Gisenyi' '.']","['B-Person', 'O', 'O', 'O', 'O', 'O', 'O', 'O', 'O', 'O', 'O', 'O', 'O', 'O', 'O', 'O', 'O', 'O', 'B-Location', 'O', 'O', 'B-Location', 'O', 'O', 'O', 'O', 'O', 'O', 'B-Miscellaneous', 'O', 'O', 'O', 'B-Location', 'O']",Gatera said the refugees were handed over following a deal made at a meeting between the governor of Zaire 's north Kivu region and his counterpart in the Rwandan border town of Gisenyi .,"['Gatera(B-Person)', 'said(O)', 'the(O)', 'refugees(O)', 'were(O)', 'handed(O)', 'over(O)', 'following(O)', 'a(O)', 'deal(O)', 'made(O)', 'at(O)', 'a(O)', 'meeting(O)', 'between(O)', 'the(O)', 'governor(O)', 'of(O)', 'Zaire(B-Location)', ""'s(O)"", 'north(O)', 'Kivu(B-Location)', 'region(O)', 'and(O)', 'his(O)', 'counterpart(O)', 'in(O)', 'the(O)', 'Rwandan(B-Miscellaneous)', 'border(O)', 'town(O)', 'of(O)', 'Gisenyi(B-Location)', '.(O)']",Gatera(B-Person) said(O) the(O) refugees(O) were(O) handed(O) over(O) following(O) a(O) deal(O) made(O) at(O) a(O) meeting(O) between(O) the(O) governor(O) of(O) Zaire(B-Location) 's(O) north(O) Kivu(B-Location) region(O) and(O) his(O) counterpart(O) in(O) the(O) Rwandan(B-Miscellaneous) border(O) town(O) of(O) Gisenyi(B-Location) .(O),"Input: Gatera said the refugees were handed over following a deal made at a meeting between the governor of Zaire 's north Kivu region and his counterpart in the Rwandan border town of Gisenyi .
Output: Gatera(B-Person) said(O) the(O) refugees(O) were(O) handed(O) over(O) following(O) a(O) deal(O) made(O) at(O) a(O) meeting(O) between(O) the(O) governor(O) of(O) Zaire(B-Location) 's(O) north(O) Kivu(B-Location) region(O) and(O) his(O) counterpart(O) in(O) the(O) Rwandan(B-Miscellaneous) border(O) town(O) of(O) Gisenyi(B-Location) .(O)"
9650,['SPOT' 'REFERENCE' '95.35' 'PCT'],"['O', 'O', 'O', 'O']",SPOT REFERENCE 95.35 PCT,"['SPOT(O)', 'REFERENCE(O)', '95.35(O)', 'PCT(O)']",SPOT(O) REFERENCE(O) 95.35(O) PCT(O),"Input: SPOT REFERENCE 95.35 PCT
Output: SPOT(O) REFERENCE(O) 95.35(O) PCT(O)"
7790,['He' 'cut' 'his' 'third-quarter' 'share' 'earnings' 'estimate' 'on' ':'],"['O', 'O', 'O', 'O', 'O', 'O', 'O', 'O', 'O']",He cut his third-quarter share earnings estimate on :,"['He(O)', 'cut(O)', 'his(O)', 'third-quarter(O)', 'share(O)', 'earnings(O)', 'estimate(O)', 'on(O)', ':(O)']",He(O) cut(O) his(O) third-quarter(O) share(O) earnings(O) estimate(O) on(O) :(O),"Input: He cut his third-quarter share earnings estimate on :
Output: He(O) cut(O) his(O) third-quarter(O) share(O) earnings(O) estimate(O) on(O) :(O)"
5790,"['Sidhu' ',' 'whose' 'ban' 'ends' 'on' 'October' '14' ',' 'will' 'be'
 'free' 'to' 'play' 'domestic' 'cricket' '.']","['B-Person', 'O', 'O', 'O', 'O', 'O', 'O', 'O', 'O', 'O', 'O', 'O', 'O', 'O', 'O', 'O', 'O']","Sidhu , whose ban ends on October 14 , will be free to play domestic cricket .","['Sidhu(B-Person)', ',(O)', 'whose(O)', 'ban(O)', 'ends(O)', 'on(O)', 'October(O)', '14(O)', ',(O)', 'will(O)', 'be(O)', 'free(O)', 'to(O)', 'play(O)', 'domestic(O)', 'cricket(O)', '.(O)']","Sidhu(B-Person) ,(O) whose(O) ban(O) ends(O) on(O) October(O) 14(O) ,(O) will(O) be(O) free(O) to(O) play(O) domestic(O) cricket(O) .(O)","Input: Sidhu , whose ban ends on October 14 , will be free to play domestic cricket .
Output: Sidhu(B-Person) ,(O) whose(O) ban(O) ends(O) on(O) October(O) 14(O) ,(O) will(O) be(O) free(O) to(O) play(O) domestic(O) cricket(O) .(O)"
8312,['Jack' 'Russell' '2' '3' '1' '51' '41no' '25.50'],"['B-Person', 'I-Person', 'O', 'O', 'O', 'O', 'O', 'O']",Jack Russell 2 3 1 51 41no 25.50,"['Jack(B-Person)', 'Russell(I-Person)', '2(O)', '3(O)', '1(O)', '51(O)', '41no(O)', '25.50(O)']",Jack(B-Person) Russell(I-Person) 2(O) 3(O) 1(O) 51(O) 41no(O) 25.50(O),"Input: Jack Russell 2 3 1 51 41no 25.50
Output: Jack(B-Person) Russell(I-Person) 2(O) 3(O) 1(O) 51(O) 41no(O) 25.50(O)"
13205,"['-' 'Japan' 'is' 'importing' '80' 'percent' 'of' 'cotton' 'yarn' 'from'
 'Pakistan' 'every' 'year' '.']","['O', 'B-Location', 'O', 'O', 'O', 'O', 'O', 'O', 'O', 'O', 'B-Location', 'O', 'O', 'O']",- Japan is importing 80 percent of cotton yarn from Pakistan every year .,"['-(O)', 'Japan(B-Location)', 'is(O)', 'importing(O)', '80(O)', 'percent(O)', 'of(O)', 'cotton(O)', 'yarn(O)', 'from(O)', 'Pakistan(B-Location)', 'every(O)', 'year(O)', '.(O)']",-(O) Japan(B-Location) is(O) importing(O) 80(O) percent(O) of(O) cotton(O) yarn(O) from(O) Pakistan(B-Location) every(O) year(O) .(O),"Input: - Japan is importing 80 percent of cotton yarn from Pakistan every year .
Output: -(O) Japan(B-Location) is(O) importing(O) 80(O) percent(O) of(O) cotton(O) yarn(O) from(O) Pakistan(B-Location) every(O) year(O) .(O)"
10842,['M.' 'Azharuddin' 'st' 'Kaluwitharana' 'b' 'Jayasuriya' '58'],"['B-Person', 'I-Person', 'O', 'B-Person', 'O', 'B-Person', 'O']",M. Azharuddin st Kaluwitharana b Jayasuriya 58,"['M.(B-Person)', 'Azharuddin(I-Person)', 'st(O)', 'Kaluwitharana(B-Person)', 'b(O)', 'Jayasuriya(B-Person)', '58(O)']",M.(B-Person) Azharuddin(I-Person) st(O) Kaluwitharana(B-Person) b(O) Jayasuriya(B-Person) 58(O),"Input: M. Azharuddin st Kaluwitharana b Jayasuriya 58
Output: M.(B-Person) Azharuddin(I-Person) st(O) Kaluwitharana(B-Person) b(O) Jayasuriya(B-Person) 58(O)"
8197,['Oxford' '3' '1' '0' '2' '6' '3' '3'],"['B-Organization', 'O', 'O', 'O', 'O', 'O', 'O', 'O']",Oxford 3 1 0 2 6 3 3,"['Oxford(B-Organization)', '3(O)', '1(O)', '0(O)', '2(O)', '6(O)', '3(O)', '3(O)']",Oxford(B-Organization) 3(O) 1(O) 0(O) 2(O) 6(O) 3(O) 3(O),"Input: Oxford 3 1 0 2 6 3 3
Output: Oxford(B-Organization) 3(O) 1(O) 0(O) 2(O) 6(O) 3(O) 3(O)"
4138,"['Diana' ""'s"" 'office' 'said' 'on' 'Saturday' 'the' 'princess' 'had'
 'sent' 'a' 'message' 'to' 'the' 'Nobel' 'Peace' 'Prize-winning'
 'missionary' 'as' 'news' 'broke' 'this' 'week' 'of' 'her' 'battle'
 'against' 'heart' 'problems' 'and' 'malaria' '.']","['B-Person', 'O', 'O', 'O', 'O', 'O', 'O', 'O', 'O', 'O', 'O', 'O', 'O', 'O', 'B-Miscellaneous', 'I-Miscellaneous', 'I-Miscellaneous', 'O', 'O', 'O', 'O', 'O', 'O', 'O', 'O', 'O', 'O', 'O', 'O', 'O', 'O', 'O']",Diana 's office said on Saturday the princess had sent a message to the Nobel Peace Prize-winning missionary as news broke this week of her battle against heart problems and malaria .,"['Diana(B-Person)', ""'s(O)"", 'office(O)', 'said(O)', 'on(O)', 'Saturday(O)', 'the(O)', 'princess(O)', 'had(O)', 'sent(O)', 'a(O)', 'message(O)', 'to(O)', 'the(O)', 'Nobel(B-Miscellaneous)', 'Peace(I-Miscellaneous)', 'Prize-winning(I-Miscellaneous)', 'missionary(O)', 'as(O)', 'news(O)', 'broke(O)', 'this(O)', 'week(O)', 'of(O)', 'her(O)', 'battle(O)', 'against(O)', 'heart(O)', 'problems(O)', 'and(O)', 'malaria(O)', '.(O)']",Diana(B-Person) 's(O) office(O) said(O) on(O) Saturday(O) the(O) princess(O) had(O) sent(O) a(O) message(O) to(O) the(O) Nobel(B-Miscellaneous) Peace(I-Miscellaneous) Prize-winning(I-Miscellaneous) missionary(O) as(O) news(O) broke(O) this(O) week(O) of(O) her(O) battle(O) against(O) heart(O) problems(O) and(O) malaria(O) .(O),"Input: Diana 's office said on Saturday the princess had sent a message to the Nobel Peace Prize-winning missionary as news broke this week of her battle against heart problems and malaria .
Output: Diana(B-Person) 's(O) office(O) said(O) on(O) Saturday(O) the(O) princess(O) had(O) sent(O) a(O) message(O) to(O) the(O) Nobel(B-Miscellaneous) Peace(I-Miscellaneous) Prize-winning(I-Miscellaneous) missionary(O) as(O) news(O) broke(O) this(O) week(O) of(O) her(O) battle(O) against(O) heart(O) problems(O) and(O) malaria(O) .(O)"
8263,['Results' 'of' 'English' 'league' 'soccer'],"['O', 'O', 'B-Miscellaneous', 'O', 'O']",Results of English league soccer,"['Results(O)', 'of(O)', 'English(B-Miscellaneous)', 'league(O)', 'soccer(O)']",Results(O) of(O) English(B-Miscellaneous) league(O) soccer(O),"Input: Results of English league soccer
Output: Results(O) of(O) English(B-Miscellaneous) league(O) soccer(O)"
11055,"['New' 'Zealand' 'Cricket' 'said' 'the' 'Sri' 'Lankans' 'would' 'play'
 'tests' 'in' 'Hamilton' 'and' 'Wellington' 'and' 'one-dayers' 'in'
 'Auckland' ',' 'Christchurch' 'and' 'Dunedin' ',' 'following' 'hard' 'on'
 'the' 'heels' 'of' 'a' 'tour' 'by' 'England' '.']","['B-Location', 'I-Location', 'O', 'O', 'O', 'B-Miscellaneous', 'I-Miscellaneous', 'O', 'O', 'O', 'O', 'B-Location', 'O', 'B-Location', 'O', 'O', 'O', 'B-Location', 'O', 'B-Location', 'O', 'B-Location', 'O', 'O', 'O', 'O', 'O', 'O', 'O', 'O', 'O', 'O', 'B-Location', 'O']","New Zealand Cricket said the Sri Lankans would play tests in Hamilton and Wellington and one-dayers in Auckland , Christchurch and Dunedin , following hard on the heels of a tour by England .","['New(B-Location)', 'Zealand(I-Location)', 'Cricket(O)', 'said(O)', 'the(O)', 'Sri(B-Miscellaneous)', 'Lankans(I-Miscellaneous)', 'would(O)', 'play(O)', 'tests(O)', 'in(O)', 'Hamilton(B-Location)', 'and(O)', 'Wellington(B-Location)', 'and(O)', 'one-dayers(O)', 'in(O)', 'Auckland(B-Location)', ',(O)', 'Christchurch(B-Location)', 'and(O)', 'Dunedin(B-Location)', ',(O)', 'following(O)', 'hard(O)', 'on(O)', 'the(O)', 'heels(O)', 'of(O)', 'a(O)', 'tour(O)', 'by(O)', 'England(B-Location)', '.(O)']","New(B-Location) Zealand(I-Location) Cricket(O) said(O) the(O) Sri(B-Miscellaneous) Lankans(I-Miscellaneous) would(O) play(O) tests(O) in(O) Hamilton(B-Location) and(O) Wellington(B-Location) and(O) one-dayers(O) in(O) Auckland(B-Location) ,(O) Christchurch(B-Location) and(O) Dunedin(B-Location) ,(O) following(O) hard(O) on(O) the(O) heels(O) of(O) a(O) tour(O) by(O) England(B-Location) .(O)","Input: New Zealand Cricket said the Sri Lankans would play tests in Hamilton and Wellington and one-dayers in Auckland , Christchurch and Dunedin , following hard on the heels of a tour by England .
Output: New(B-Location) Zealand(I-Location) Cricket(O) said(O) the(O) Sri(B-Miscellaneous) Lankans(I-Miscellaneous) would(O) play(O) tests(O) in(O) Hamilton(B-Location) and(O) Wellington(B-Location) and(O) one-dayers(O) in(O) Auckland(B-Location) ,(O) Christchurch(B-Location) and(O) Dunedin(B-Location) ,(O) following(O) hard(O) on(O) the(O) heels(O) of(O) a(O) tour(O) by(O) England(B-Location) .(O)"
1661,"['Media' 'baron' 'Rupert' 'Murdoch' ""'s"" 'News' 'Corp' 'Ltd' 'reported'
 'lower' 'than' 'expected' '1995/96' 'profits' 'on' 'Thursday' ',' 'but'
 'forecast' 'that' 'the' 'hit' 'film' '""' 'Independence' 'Day' '""' 'would'
 'help' 'increase' 'profits' 'by' 'at' 'least' '20' 'percent' 'in'
 '1996/97' '.']","['O', 'O', 'B-Person', 'I-Person', 'O', 'B-Organization', 'I-Organization', 'I-Organization', 'O', 'O', 'O', 'O', 'O', 'O', 'O', 'O', 'O', 'O', 'O', 'O', 'O', 'O', 'O', 'O', 'B-Miscellaneous', 'I-Miscellaneous', 'O', 'O', 'O', 'O', 'O', 'O', 'O', 'O', 'O', 'O', 'O', 'O', 'O']","Media baron Rupert Murdoch 's News Corp Ltd reported lower than expected 1995/96 profits on Thursday , but forecast that the hit film "" Independence Day "" would help increase profits by at least 20 percent in 1996/97 .","['Media(O)', 'baron(O)', 'Rupert(B-Person)', 'Murdoch(I-Person)', ""'s(O)"", 'News(B-Organization)', 'Corp(I-Organization)', 'Ltd(I-Organization)', 'reported(O)', 'lower(O)', 'than(O)', 'expected(O)', '1995/96(O)', 'profits(O)', 'on(O)', 'Thursday(O)', ',(O)', 'but(O)', 'forecast(O)', 'that(O)', 'the(O)', 'hit(O)', 'film(O)', '""(O)', 'Independence(B-Miscellaneous)', 'Day(I-Miscellaneous)', '""(O)', 'would(O)', 'help(O)', 'increase(O)', 'profits(O)', 'by(O)', 'at(O)', 'least(O)', '20(O)', 'percent(O)', 'in(O)', '1996/97(O)', '.(O)']","Media(O) baron(O) Rupert(B-Person) Murdoch(I-Person) 's(O) News(B-Organization) Corp(I-Organization) Ltd(I-Organization) reported(O) lower(O) than(O) expected(O) 1995/96(O) profits(O) on(O) Thursday(O) ,(O) but(O) forecast(O) that(O) the(O) hit(O) film(O) ""(O) Independence(B-Miscellaneous) Day(I-Miscellaneous) ""(O) would(O) help(O) increase(O) profits(O) by(O) at(O) least(O) 20(O) percent(O) in(O) 1996/97(O) .(O)","Input: Media baron Rupert Murdoch 's News Corp Ltd reported lower than expected 1995/96 profits on Thursday , but forecast that the hit film "" Independence Day "" would help increase profits by at least 20 percent in 1996/97 .
Output: Media(O) baron(O) Rupert(B-Person) Murdoch(I-Person) 's(O) News(B-Organization) Corp(I-Organization) Ltd(I-Organization) reported(O) lower(O) than(O) expected(O) 1995/96(O) profits(O) on(O) Thursday(O) ,(O) but(O) forecast(O) that(O) the(O) hit(O) film(O) ""(O) Independence(B-Miscellaneous) Day(I-Miscellaneous) ""(O) would(O) help(O) increase(O) profits(O) by(O) at(O) least(O) 20(O) percent(O) in(O) 1996/97(O) .(O)"
9473,['Afghan' 'leader' 'tells' 'U.S.' 'Congressman' 'of' 'peace' 'plan' '.'],"['B-Miscellaneous', 'O', 'O', 'B-Location', 'O', 'O', 'O', 'O', 'O']",Afghan leader tells U.S. Congressman of peace plan .,"['Afghan(B-Miscellaneous)', 'leader(O)', 'tells(O)', 'U.S.(B-Location)', 'Congressman(O)', 'of(O)', 'peace(O)', 'plan(O)', '.(O)']",Afghan(B-Miscellaneous) leader(O) tells(O) U.S.(B-Location) Congressman(O) of(O) peace(O) plan(O) .(O),"Input: Afghan leader tells U.S. Congressman of peace plan .
Output: Afghan(B-Miscellaneous) leader(O) tells(O) U.S.(B-Location) Congressman(O) of(O) peace(O) plan(O) .(O)"
4676,['1.' 'Cathy' 'Freeman' '(' 'Australia' ')' '22.53'],"['O', 'B-Person', 'I-Person', 'O', 'B-Location', 'O', 'O']",1. Cathy Freeman ( Australia ) 22.53,"['1.(O)', 'Cathy(B-Person)', 'Freeman(I-Person)', '((O)', 'Australia(B-Location)', ')(O)', '22.53(O)']",1.(O) Cathy(B-Person) Freeman(I-Person) ((O) Australia(B-Location) )(O) 22.53(O),"Input: 1. Cathy Freeman ( Australia ) 22.53
Output: 1.(O) Cathy(B-Person) Freeman(I-Person) ((O) Australia(B-Location) )(O) 22.53(O)"
5152,['Slask' 'Wroclaw' '3' 'Odra' 'Wodzislaw' '1'],"['B-Organization', 'I-Organization', 'O', 'B-Organization', 'I-Organization', 'O']",Slask Wroclaw 3 Odra Wodzislaw 1,"['Slask(B-Organization)', 'Wroclaw(I-Organization)', '3(O)', 'Odra(B-Organization)', 'Wodzislaw(I-Organization)', '1(O)']",Slask(B-Organization) Wroclaw(I-Organization) 3(O) Odra(B-Organization) Wodzislaw(I-Organization) 1(O),"Input: Slask Wroclaw 3 Odra Wodzislaw 1
Output: Slask(B-Organization) Wroclaw(I-Organization) 3(O) Odra(B-Organization) Wodzislaw(I-Organization) 1(O)"
8134,"['NORTHAMPTON' ',' 'England' '1996-08-27']","['B-Location', 'O', 'B-Location', 'O']","NORTHAMPTON , England 1996-08-27","['NORTHAMPTON(B-Location)', ',(O)', 'England(B-Location)', '1996-08-27(O)']","NORTHAMPTON(B-Location) ,(O) England(B-Location) 1996-08-27(O)","Input: NORTHAMPTON , England 1996-08-27
Output: NORTHAMPTON(B-Location) ,(O) England(B-Location) 1996-08-27(O)"
12017,"['China' 'raised' 'indignant' 'protests' 'after' 'several' 'Japanese'
 'cabinet' 'ministers' 'visited' 'a' 'shrine' 'dedicated' 'to' 'their'
 'country' ""'s"" 'war' 'dead' 'on' 'August' '15' ',' 'the' '51st'
 'anniversary' 'of' 'Japan' ""'s"" 'World' 'War' 'Two' 'surrender' '.']","['B-Location', 'O', 'O', 'O', 'O', 'O', 'B-Miscellaneous', 'O', 'O', 'O', 'O', 'O', 'O', 'O', 'O', 'O', 'O', 'O', 'O', 'O', 'O', 'O', 'O', 'O', 'O', 'O', 'O', 'B-Location', 'O', 'B-Miscellaneous', 'I-Miscellaneous', 'I-Miscellaneous', 'O', 'O']","China raised indignant protests after several Japanese cabinet ministers visited a shrine dedicated to their country 's war dead on August 15 , the 51st anniversary of Japan 's World War Two surrender .","['China(B-Location)', 'raised(O)', 'indignant(O)', 'protests(O)', 'after(O)', 'several(O)', 'Japanese(B-Miscellaneous)', 'cabinet(O)', 'ministers(O)', 'visited(O)', 'a(O)', 'shrine(O)', 'dedicated(O)', 'to(O)', 'their(O)', 'country(O)', ""'s(O)"", 'war(O)', 'dead(O)', 'on(O)', 'August(O)', '15(O)', ',(O)', 'the(O)', '51st(O)', 'anniversary(O)', 'of(O)', 'Japan(B-Location)', ""'s(O)"", 'World(B-Miscellaneous)', 'War(I-Miscellaneous)', 'Two(I-Miscellaneous)', 'surrender(O)', '.(O)']","China(B-Location) raised(O) indignant(O) protests(O) after(O) several(O) Japanese(B-Miscellaneous) cabinet(O) ministers(O) visited(O) a(O) shrine(O) dedicated(O) to(O) their(O) country(O) 's(O) war(O) dead(O) on(O) August(O) 15(O) ,(O) the(O) 51st(O) anniversary(O) of(O) Japan(B-Location) 's(O) World(B-Miscellaneous) War(I-Miscellaneous) Two(I-Miscellaneous) surrender(O) .(O)","Input: China raised indignant protests after several Japanese cabinet ministers visited a shrine dedicated to their country 's war dead on August 15 , the 51st anniversary of Japan 's World War Two surrender .
Output: China(B-Location) raised(O) indignant(O) protests(O) after(O) several(O) Japanese(B-Miscellaneous) cabinet(O) ministers(O) visited(O) a(O) shrine(O) dedicated(O) to(O) their(O) country(O) 's(O) war(O) dead(O) on(O) August(O) 15(O) ,(O) the(O) 51st(O) anniversary(O) of(O) Japan(B-Location) 's(O) World(B-Miscellaneous) War(I-Miscellaneous) Two(I-Miscellaneous) surrender(O) .(O)"
13504,"['James' 'is' 'a' 'prisoner' 'for' 'a' 'thoughtless' 'act' 'of' 'folly'
 ',' 'while' 'those' 'who' 'have' 'done' 'nothing' 'for' 'the' 'cause'
 'are' 'free' ',' '""' 'she' 'wrote' '.']","['B-Person', 'O', 'O', 'O', 'O', 'O', 'O', 'O', 'O', 'O', 'O', 'O', 'O', 'O', 'O', 'O', 'O', 'O', 'O', 'O', 'O', 'O', 'O', 'O', 'O', 'O', 'O']","James is a prisoner for a thoughtless act of folly , while those who have done nothing for the cause are free , "" she wrote .","['James(B-Person)', 'is(O)', 'a(O)', 'prisoner(O)', 'for(O)', 'a(O)', 'thoughtless(O)', 'act(O)', 'of(O)', 'folly(O)', ',(O)', 'while(O)', 'those(O)', 'who(O)', 'have(O)', 'done(O)', 'nothing(O)', 'for(O)', 'the(O)', 'cause(O)', 'are(O)', 'free(O)', ',(O)', '""(O)', 'she(O)', 'wrote(O)', '.(O)']","James(B-Person) is(O) a(O) prisoner(O) for(O) a(O) thoughtless(O) act(O) of(O) folly(O) ,(O) while(O) those(O) who(O) have(O) done(O) nothing(O) for(O) the(O) cause(O) are(O) free(O) ,(O) ""(O) she(O) wrote(O) .(O)","Input: James is a prisoner for a thoughtless act of folly , while those who have done nothing for the cause are free , "" she wrote .
Output: James(B-Person) is(O) a(O) prisoner(O) for(O) a(O) thoughtless(O) act(O) of(O) folly(O) ,(O) while(O) those(O) who(O) have(O) done(O) nothing(O) for(O) the(O) cause(O) are(O) free(O) ,(O) ""(O) she(O) wrote(O) .(O)"
13519,"['Director' 'Budge' 'Weidman' ',' 'who' 'has' 'shepherded' 'the' 'project'
 'from' 'the' 'beginning' ',' 'predicts' 'it' 'will' 'take' 'up' 'to' 'a'
 'decade' 'to' 'complete' '.']","['O', 'B-Person', 'I-Person', 'O', 'O', 'O', 'O', 'O', 'O', 'O', 'O', 'O', 'O', 'O', 'O', 'O', 'O', 'O', 'O', 'O', 'O', 'O', 'O', 'O']","Director Budge Weidman , who has shepherded the project from the beginning , predicts it will take up to a decade to complete .","['Director(O)', 'Budge(B-Person)', 'Weidman(I-Person)', ',(O)', 'who(O)', 'has(O)', 'shepherded(O)', 'the(O)', 'project(O)', 'from(O)', 'the(O)', 'beginning(O)', ',(O)', 'predicts(O)', 'it(O)', 'will(O)', 'take(O)', 'up(O)', 'to(O)', 'a(O)', 'decade(O)', 'to(O)', 'complete(O)', '.(O)']","Director(O) Budge(B-Person) Weidman(I-Person) ,(O) who(O) has(O) shepherded(O) the(O) project(O) from(O) the(O) beginning(O) ,(O) predicts(O) it(O) will(O) take(O) up(O) to(O) a(O) decade(O) to(O) complete(O) .(O)","Input: Director Budge Weidman , who has shepherded the project from the beginning , predicts it will take up to a decade to complete .
Output: Director(O) Budge(B-Person) Weidman(I-Person) ,(O) who(O) has(O) shepherded(O) the(O) project(O) from(O) the(O) beginning(O) ,(O) predicts(O) it(O) will(O) take(O) up(O) to(O) a(O) decade(O) to(O) complete(O) .(O)"
541,['(' 'Switzerland' ')' '0'],"['O', 'B-Location', 'O', 'O']",( Switzerland ) 0,"['((O)', 'Switzerland(B-Location)', ')(O)', '0(O)']",((O) Switzerland(B-Location) )(O) 0(O),"Input: ( Switzerland ) 0
Output: ((O) Switzerland(B-Location) )(O) 0(O)"
12565,['SEATTLE' '1996-08-29'],"['B-Location', 'O']",SEATTLE 1996-08-29,"['SEATTLE(B-Location)', '1996-08-29(O)']",SEATTLE(B-Location) 1996-08-29(O),"Input: SEATTLE 1996-08-29
Output: SEATTLE(B-Location) 1996-08-29(O)"
12283,['seconds' 'and' '12.033' 'seconds' ')'],"['O', 'O', 'O', 'O', 'O']",seconds and 12.033 seconds ),"['seconds(O)', 'and(O)', '12.033(O)', 'seconds(O)', ')(O)']",seconds(O) and(O) 12.033(O) seconds(O) )(O),"Input: seconds and 12.033 seconds )
Output: seconds(O) and(O) 12.033(O) seconds(O) )(O)"
4186,"['Banda' ',' 'a' 'vegetarian' 'teetotaller' 'believed' 'to' 'be' '97' ','
 'walked' 'unaided' 'but' 'supporting' 'himself' 'on' 'a' 'walking'
 'stick' '.']","['B-Person', 'O', 'O', 'O', 'O', 'O', 'O', 'O', 'O', 'O', 'O', 'O', 'O', 'O', 'O', 'O', 'O', 'O', 'O', 'O']","Banda , a vegetarian teetotaller believed to be 97 , walked unaided but supporting himself on a walking stick .","['Banda(B-Person)', ',(O)', 'a(O)', 'vegetarian(O)', 'teetotaller(O)', 'believed(O)', 'to(O)', 'be(O)', '97(O)', ',(O)', 'walked(O)', 'unaided(O)', 'but(O)', 'supporting(O)', 'himself(O)', 'on(O)', 'a(O)', 'walking(O)', 'stick(O)', '.(O)']","Banda(B-Person) ,(O) a(O) vegetarian(O) teetotaller(O) believed(O) to(O) be(O) 97(O) ,(O) walked(O) unaided(O) but(O) supporting(O) himself(O) on(O) a(O) walking(O) stick(O) .(O)","Input: Banda , a vegetarian teetotaller believed to be 97 , walked unaided but supporting himself on a walking stick .
Output: Banda(B-Person) ,(O) a(O) vegetarian(O) teetotaller(O) believed(O) to(O) be(O) 97(O) ,(O) walked(O) unaided(O) but(O) supporting(O) himself(O) on(O) a(O) walking(O) stick(O) .(O)"
9011,"['Neither' 'Meri' 'nor' 'his' 'rival' 'Arnold' 'Ruutel' 'could' 'garner'
 'the' '68' 'votes' 'needed' 'from' 'the' '101' 'members' 'of'
 'parliament' 'to' 'become' 'president' '.']","['O', 'B-Person', 'O', 'O', 'O', 'B-Person', 'I-Person', 'O', 'O', 'O', 'O', 'O', 'O', 'O', 'O', 'O', 'O', 'O', 'O', 'O', 'O', 'O', 'O']",Neither Meri nor his rival Arnold Ruutel could garner the 68 votes needed from the 101 members of parliament to become president .,"['Neither(O)', 'Meri(B-Person)', 'nor(O)', 'his(O)', 'rival(O)', 'Arnold(B-Person)', 'Ruutel(I-Person)', 'could(O)', 'garner(O)', 'the(O)', '68(O)', 'votes(O)', 'needed(O)', 'from(O)', 'the(O)', '101(O)', 'members(O)', 'of(O)', 'parliament(O)', 'to(O)', 'become(O)', 'president(O)', '.(O)']",Neither(O) Meri(B-Person) nor(O) his(O) rival(O) Arnold(B-Person) Ruutel(I-Person) could(O) garner(O) the(O) 68(O) votes(O) needed(O) from(O) the(O) 101(O) members(O) of(O) parliament(O) to(O) become(O) president(O) .(O),"Input: Neither Meri nor his rival Arnold Ruutel could garner the 68 votes needed from the 101 members of parliament to become president .
Output: Neither(O) Meri(B-Person) nor(O) his(O) rival(O) Arnold(B-Person) Ruutel(I-Person) could(O) garner(O) the(O) 68(O) votes(O) needed(O) from(O) the(O) 101(O) members(O) of(O) parliament(O) to(O) become(O) president(O) .(O)"
6054,"['-' 'Seven' 'ministers' 'and' 'governor' 'of' 'Bank' 'of' 'Israel' 'will'
 'visit' 'the' 'United' 'States' 'at' 'the' 'end' 'of' 'September' 'and'
 'in' 'October' '.']","['O', 'O', 'O', 'O', 'O', 'O', 'B-Organization', 'I-Organization', 'I-Organization', 'O', 'O', 'O', 'B-Location', 'I-Location', 'O', 'O', 'O', 'O', 'O', 'O', 'O', 'O', 'O']",- Seven ministers and governor of Bank of Israel will visit the United States at the end of September and in October .,"['-(O)', 'Seven(O)', 'ministers(O)', 'and(O)', 'governor(O)', 'of(O)', 'Bank(B-Organization)', 'of(I-Organization)', 'Israel(I-Organization)', 'will(O)', 'visit(O)', 'the(O)', 'United(B-Location)', 'States(I-Location)', 'at(O)', 'the(O)', 'end(O)', 'of(O)', 'September(O)', 'and(O)', 'in(O)', 'October(O)', '.(O)']",-(O) Seven(O) ministers(O) and(O) governor(O) of(O) Bank(B-Organization) of(I-Organization) Israel(I-Organization) will(O) visit(O) the(O) United(B-Location) States(I-Location) at(O) the(O) end(O) of(O) September(O) and(O) in(O) October(O) .(O),"Input: - Seven ministers and governor of Bank of Israel will visit the United States at the end of September and in October .
Output: -(O) Seven(O) ministers(O) and(O) governor(O) of(O) Bank(B-Organization) of(I-Organization) Israel(I-Organization) will(O) visit(O) the(O) United(B-Location) States(I-Location) at(O) the(O) end(O) of(O) September(O) and(O) in(O) October(O) .(O)"
11699,"['The' 'strike' 'will' 'have' 'little' 'effect' 'on' 'the' 'Israeli'
 'economy' 'while' 'hurting' 'Palestinian' 'merchants' 'in' 'East'
 'Jerusalem' 'and' 'Bethlehem' 'who' 'cater' 'to' 'the' 'tourist' 'trade'
 '.']","['O', 'O', 'O', 'O', 'O', 'O', 'O', 'O', 'B-Miscellaneous', 'O', 'O', 'O', 'B-Miscellaneous', 'O', 'O', 'B-Location', 'I-Location', 'O', 'B-Location', 'O', 'O', 'O', 'O', 'O', 'O', 'O']",The strike will have little effect on the Israeli economy while hurting Palestinian merchants in East Jerusalem and Bethlehem who cater to the tourist trade .,"['The(O)', 'strike(O)', 'will(O)', 'have(O)', 'little(O)', 'effect(O)', 'on(O)', 'the(O)', 'Israeli(B-Miscellaneous)', 'economy(O)', 'while(O)', 'hurting(O)', 'Palestinian(B-Miscellaneous)', 'merchants(O)', 'in(O)', 'East(B-Location)', 'Jerusalem(I-Location)', 'and(O)', 'Bethlehem(B-Location)', 'who(O)', 'cater(O)', 'to(O)', 'the(O)', 'tourist(O)', 'trade(O)', '.(O)']",The(O) strike(O) will(O) have(O) little(O) effect(O) on(O) the(O) Israeli(B-Miscellaneous) economy(O) while(O) hurting(O) Palestinian(B-Miscellaneous) merchants(O) in(O) East(B-Location) Jerusalem(I-Location) and(O) Bethlehem(B-Location) who(O) cater(O) to(O) the(O) tourist(O) trade(O) .(O),"Input: The strike will have little effect on the Israeli economy while hurting Palestinian merchants in East Jerusalem and Bethlehem who cater to the tourist trade .
Output: The(O) strike(O) will(O) have(O) little(O) effect(O) on(O) the(O) Israeli(B-Miscellaneous) economy(O) while(O) hurting(O) Palestinian(B-Miscellaneous) merchants(O) in(O) East(B-Location) Jerusalem(I-Location) and(O) Bethlehem(B-Location) who(O) cater(O) to(O) the(O) tourist(O) trade(O) .(O)"
13087,"['""' 'With' 'the' 'unemployment' 'rate' 'staying' 'close' 'to' 'about'
 '5.5' 'percent' 'over' 'the' 'last' 'two' 'years' ',' 'there' 'is' 'a'
 'good' 'chance' 'the' 'rate' 'will' 'slowly' 'drop' 'to' 'about' '5.0'
 'percent' 'by' 'the' 'end' 'of' 'the' 'year' ',' '""' 'Goldstein' 'said'
 '.']","['O', 'O', 'O', 'O', 'O', 'O', 'O', 'O', 'O', 'O', 'O', 'O', 'O', 'O', 'O', 'O', 'O', 'O', 'O', 'O', 'O', 'O', 'O', 'O', 'O', 'O', 'O', 'O', 'O', 'O', 'O', 'O', 'O', 'O', 'O', 'O', 'O', 'O', 'O', 'B-Person', 'O', 'O']",""" With the unemployment rate staying close to about 5.5 percent over the last two years , there is a good chance the rate will slowly drop to about 5.0 percent by the end of the year , "" Goldstein said .","['""(O)', 'With(O)', 'the(O)', 'unemployment(O)', 'rate(O)', 'staying(O)', 'close(O)', 'to(O)', 'about(O)', '5.5(O)', 'percent(O)', 'over(O)', 'the(O)', 'last(O)', 'two(O)', 'years(O)', ',(O)', 'there(O)', 'is(O)', 'a(O)', 'good(O)', 'chance(O)', 'the(O)', 'rate(O)', 'will(O)', 'slowly(O)', 'drop(O)', 'to(O)', 'about(O)', '5.0(O)', 'percent(O)', 'by(O)', 'the(O)', 'end(O)', 'of(O)', 'the(O)', 'year(O)', ',(O)', '""(O)', 'Goldstein(B-Person)', 'said(O)', '.(O)']","""(O) With(O) the(O) unemployment(O) rate(O) staying(O) close(O) to(O) about(O) 5.5(O) percent(O) over(O) the(O) last(O) two(O) years(O) ,(O) there(O) is(O) a(O) good(O) chance(O) the(O) rate(O) will(O) slowly(O) drop(O) to(O) about(O) 5.0(O) percent(O) by(O) the(O) end(O) of(O) the(O) year(O) ,(O) ""(O) Goldstein(B-Person) said(O) .(O)","Input: "" With the unemployment rate staying close to about 5.5 percent over the last two years , there is a good chance the rate will slowly drop to about 5.0 percent by the end of the year , "" Goldstein said .
Output: ""(O) With(O) the(O) unemployment(O) rate(O) staying(O) close(O) to(O) about(O) 5.5(O) percent(O) over(O) the(O) last(O) two(O) years(O) ,(O) there(O) is(O) a(O) good(O) chance(O) the(O) rate(O) will(O) slowly(O) drop(O) to(O) about(O) 5.0(O) percent(O) by(O) the(O) end(O) of(O) the(O) year(O) ,(O) ""(O) Goldstein(B-Person) said(O) .(O)"
3337,['--' 'Paris' 'newsroom' '+33' '1' '4221' '5452'],"['O', 'B-Location', 'O', 'O', 'O', 'O', 'O']",-- Paris newsroom +33 1 4221 5452,"['--(O)', 'Paris(B-Location)', 'newsroom(O)', '+33(O)', '1(O)', '4221(O)', '5452(O)']",--(O) Paris(B-Location) newsroom(O) +33(O) 1(O) 4221(O) 5452(O),"Input: -- Paris newsroom +33 1 4221 5452
Output: --(O) Paris(B-Location) newsroom(O) +33(O) 1(O) 4221(O) 5452(O)"
614,['IFK' 'Gothenburg' ':'],"['B-Organization', 'I-Organization', 'O']",IFK Gothenburg :,"['IFK(B-Organization)', 'Gothenburg(I-Organization)', ':(O)']",IFK(B-Organization) Gothenburg(I-Organization) :(O),"Input: IFK Gothenburg :
Output: IFK(B-Organization) Gothenburg(I-Organization) :(O)"
619,['Results' 'of' 'midweek'],"['O', 'O', 'O']",Results of midweek,"['Results(O)', 'of(O)', 'midweek(O)']",Results(O) of(O) midweek(O),"Input: Results of midweek
Output: Results(O) of(O) midweek(O)"
13433,"['U.S.' 'wheat' 'major' 'net' 'sales' 'activity' 'in' 'the' 'week' 'ended'
 'Aug' '22' 'reported' 'by' 'exporters' 'for' 'the' 'following'
 'purchasing' 'countries' ',' 'in' 'tonnes' ':']","['B-Location', 'O', 'O', 'O', 'O', 'O', 'O', 'O', 'O', 'O', 'O', 'O', 'O', 'O', 'O', 'O', 'O', 'O', 'O', 'O', 'O', 'O', 'O', 'O']","U.S. wheat major net sales activity in the week ended Aug 22 reported by exporters for the following purchasing countries , in tonnes :","['U.S.(B-Location)', 'wheat(O)', 'major(O)', 'net(O)', 'sales(O)', 'activity(O)', 'in(O)', 'the(O)', 'week(O)', 'ended(O)', 'Aug(O)', '22(O)', 'reported(O)', 'by(O)', 'exporters(O)', 'for(O)', 'the(O)', 'following(O)', 'purchasing(O)', 'countries(O)', ',(O)', 'in(O)', 'tonnes(O)', ':(O)']","U.S.(B-Location) wheat(O) major(O) net(O) sales(O) activity(O) in(O) the(O) week(O) ended(O) Aug(O) 22(O) reported(O) by(O) exporters(O) for(O) the(O) following(O) purchasing(O) countries(O) ,(O) in(O) tonnes(O) :(O)","Input: U.S. wheat major net sales activity in the week ended Aug 22 reported by exporters for the following purchasing countries , in tonnes :
Output: U.S.(B-Location) wheat(O) major(O) net(O) sales(O) activity(O) in(O) the(O) week(O) ended(O) Aug(O) 22(O) reported(O) by(O) exporters(O) for(O) the(O) following(O) purchasing(O) countries(O) ,(O) in(O) tonnes(O) :(O)"
6766,['Necaxa' '3' '1' '1' '1' '6' '4' '4'],"['B-Organization', 'O', 'O', 'O', 'O', 'O', 'O', 'O']",Necaxa 3 1 1 1 6 4 4,"['Necaxa(B-Organization)', '3(O)', '1(O)', '1(O)', '1(O)', '6(O)', '4(O)', '4(O)']",Necaxa(B-Organization) 3(O) 1(O) 1(O) 1(O) 6(O) 4(O) 4(O),"Input: Necaxa 3 1 1 1 6 4 4
Output: Necaxa(B-Organization) 3(O) 1(O) 1(O) 1(O) 6(O) 4(O) 4(O)"
12090,"['The' 'Chinese' 'language' 'daily' 'HONG' 'KONG' 'ECONOMIC' 'TIMES'
 'said' 'the' 'Legal' 'Department' 'had' 'been' 'indecisive' 'in' 'its'
 'handling' 'of' 'the' 'judge' ""'s"" 'case' '.']","['O', 'B-Miscellaneous', 'O', 'O', 'B-Organization', 'I-Organization', 'I-Organization', 'I-Organization', 'O', 'O', 'B-Organization', 'I-Organization', 'O', 'O', 'O', 'O', 'O', 'O', 'O', 'O', 'O', 'O', 'O', 'O']",The Chinese language daily HONG KONG ECONOMIC TIMES said the Legal Department had been indecisive in its handling of the judge 's case .,"['The(O)', 'Chinese(B-Miscellaneous)', 'language(O)', 'daily(O)', 'HONG(B-Organization)', 'KONG(I-Organization)', 'ECONOMIC(I-Organization)', 'TIMES(I-Organization)', 'said(O)', 'the(O)', 'Legal(B-Organization)', 'Department(I-Organization)', 'had(O)', 'been(O)', 'indecisive(O)', 'in(O)', 'its(O)', 'handling(O)', 'of(O)', 'the(O)', 'judge(O)', ""'s(O)"", 'case(O)', '.(O)']",The(O) Chinese(B-Miscellaneous) language(O) daily(O) HONG(B-Organization) KONG(I-Organization) ECONOMIC(I-Organization) TIMES(I-Organization) said(O) the(O) Legal(B-Organization) Department(I-Organization) had(O) been(O) indecisive(O) in(O) its(O) handling(O) of(O) the(O) judge(O) 's(O) case(O) .(O),"Input: The Chinese language daily HONG KONG ECONOMIC TIMES said the Legal Department had been indecisive in its handling of the judge 's case .
Output: The(O) Chinese(B-Miscellaneous) language(O) daily(O) HONG(B-Organization) KONG(I-Organization) ECONOMIC(I-Organization) TIMES(I-Organization) said(O) the(O) Legal(B-Organization) Department(I-Organization) had(O) been(O) indecisive(O) in(O) its(O) handling(O) of(O) the(O) judge(O) 's(O) case(O) .(O)"
1407,"['""' 'Everybody' 'has' 'their' 'own' 'addiction' 'to' 'something' 'or'
 'other' 'but' 'it' ""'s"" 'not' 'as' 'if' 'she' 'eats' 'cakes' 'like'
 'crazy' ',' '""' 'she' 'said' '.']","['O', 'O', 'O', 'O', 'O', 'O', 'O', 'O', 'O', 'O', 'O', 'O', 'O', 'O', 'O', 'O', 'O', 'O', 'O', 'O', 'O', 'O', 'O', 'O', 'O', 'O']",""" Everybody has their own addiction to something or other but it 's not as if she eats cakes like crazy , "" she said .","['""(O)', 'Everybody(O)', 'has(O)', 'their(O)', 'own(O)', 'addiction(O)', 'to(O)', 'something(O)', 'or(O)', 'other(O)', 'but(O)', 'it(O)', ""'s(O)"", 'not(O)', 'as(O)', 'if(O)', 'she(O)', 'eats(O)', 'cakes(O)', 'like(O)', 'crazy(O)', ',(O)', '""(O)', 'she(O)', 'said(O)', '.(O)']","""(O) Everybody(O) has(O) their(O) own(O) addiction(O) to(O) something(O) or(O) other(O) but(O) it(O) 's(O) not(O) as(O) if(O) she(O) eats(O) cakes(O) like(O) crazy(O) ,(O) ""(O) she(O) said(O) .(O)","Input: "" Everybody has their own addiction to something or other but it 's not as if she eats cakes like crazy , "" she said .
Output: ""(O) Everybody(O) has(O) their(O) own(O) addiction(O) to(O) something(O) or(O) other(O) but(O) it(O) 's(O) not(O) as(O) if(O) she(O) eats(O) cakes(O) like(O) crazy(O) ,(O) ""(O) she(O) said(O) .(O)"
4576,['6.' 'Claus' 'Manne' 'Nielsen' '(' 'Denmark' ')' 'KTM'],"['O', 'B-Person', 'I-Person', 'I-Person', 'O', 'B-Location', 'O', 'B-Organization']",6. Claus Manne Nielsen ( Denmark ) KTM,"['6.(O)', 'Claus(B-Person)', 'Manne(I-Person)', 'Nielsen(I-Person)', '((O)', 'Denmark(B-Location)', ')(O)', 'KTM(B-Organization)']",6.(O) Claus(B-Person) Manne(I-Person) Nielsen(I-Person) ((O) Denmark(B-Location) )(O) KTM(B-Organization),"Input: 6. Claus Manne Nielsen ( Denmark ) KTM
Output: 6.(O) Claus(B-Person) Manne(I-Person) Nielsen(I-Person) ((O) Denmark(B-Location) )(O) KTM(B-Organization)"
4267,['It' 'did' 'not' 'say' 'when' 'they' 'took' 'place' '.'],"['O', 'O', 'O', 'O', 'O', 'O', 'O', 'O', 'O']",It did not say when they took place .,"['It(O)', 'did(O)', 'not(O)', 'say(O)', 'when(O)', 'they(O)', 'took(O)', 'place(O)', '.(O)']",It(O) did(O) not(O) say(O) when(O) they(O) took(O) place(O) .(O),"Input: It did not say when they took place .
Output: It(O) did(O) not(O) say(O) when(O) they(O) took(O) place(O) .(O)"
13501,"['""' 'I' 'would' 'like' 'to' 'no' '(' 'sic' ')' 'if' 'you' 'are' 'still'
 'in' 'slavery' 'if' 'you' 'are' ',' 'it' 'will' 'not' 'be' 'long'
 'before' 'we' 'shall' 'have' 'crushed' 'the' 'system' 'that' 'now'
 'oppreses' 'you' 'for' 'in' 'the' 'course' 'of' 'three' 'months' 'you'
 'shall' 'have' 'your' 'liberty' '.']","['O', 'O', 'O', 'O', 'O', 'O', 'O', 'O', 'O', 'O', 'O', 'O', 'O', 'O', 'O', 'O', 'O', 'O', 'O', 'O', 'O', 'O', 'O', 'O', 'O', 'O', 'O', 'O', 'O', 'O', 'O', 'O', 'O', 'O', 'O', 'O', 'O', 'O', 'O', 'O', 'O', 'O', 'O', 'O', 'O', 'O', 'O', 'O']",""" I would like to no ( sic ) if you are still in slavery if you are , it will not be long before we shall have crushed the system that now oppreses you for in the course of three months you shall have your liberty .","['""(O)', 'I(O)', 'would(O)', 'like(O)', 'to(O)', 'no(O)', '((O)', 'sic(O)', ')(O)', 'if(O)', 'you(O)', 'are(O)', 'still(O)', 'in(O)', 'slavery(O)', 'if(O)', 'you(O)', 'are(O)', ',(O)', 'it(O)', 'will(O)', 'not(O)', 'be(O)', 'long(O)', 'before(O)', 'we(O)', 'shall(O)', 'have(O)', 'crushed(O)', 'the(O)', 'system(O)', 'that(O)', 'now(O)', 'oppreses(O)', 'you(O)', 'for(O)', 'in(O)', 'the(O)', 'course(O)', 'of(O)', 'three(O)', 'months(O)', 'you(O)', 'shall(O)', 'have(O)', 'your(O)', 'liberty(O)', '.(O)']","""(O) I(O) would(O) like(O) to(O) no(O) ((O) sic(O) )(O) if(O) you(O) are(O) still(O) in(O) slavery(O) if(O) you(O) are(O) ,(O) it(O) will(O) not(O) be(O) long(O) before(O) we(O) shall(O) have(O) crushed(O) the(O) system(O) that(O) now(O) oppreses(O) you(O) for(O) in(O) the(O) course(O) of(O) three(O) months(O) you(O) shall(O) have(O) your(O) liberty(O) .(O)","Input: "" I would like to no ( sic ) if you are still in slavery if you are , it will not be long before we shall have crushed the system that now oppreses you for in the course of three months you shall have your liberty .
Output: ""(O) I(O) would(O) like(O) to(O) no(O) ((O) sic(O) )(O) if(O) you(O) are(O) still(O) in(O) slavery(O) if(O) you(O) are(O) ,(O) it(O) will(O) not(O) be(O) long(O) before(O) we(O) shall(O) have(O) crushed(O) the(O) system(O) that(O) now(O) oppreses(O) you(O) for(O) in(O) the(O) course(O) of(O) three(O) months(O) you(O) shall(O) have(O) your(O) liberty(O) .(O)"
8339,['Salim' 'Malik' '3' '5' '2' '195' '100no' '65.00'],"['B-Person', 'I-Person', 'O', 'O', 'O', 'O', 'O', 'O']",Salim Malik 3 5 2 195 100no 65.00,"['Salim(B-Person)', 'Malik(I-Person)', '3(O)', '5(O)', '2(O)', '195(O)', '100no(O)', '65.00(O)']",Salim(B-Person) Malik(I-Person) 3(O) 5(O) 2(O) 195(O) 100no(O) 65.00(O),"Input: Salim Malik 3 5 2 195 100no 65.00
Output: Salim(B-Person) Malik(I-Person) 3(O) 5(O) 2(O) 195(O) 100no(O) 65.00(O)"
9772,"['Security' 'was' 'tight' 'at' 'Stansted' 'airport' ',' 'which' 'is'
 'about' '30' 'miles' '(' '50' 'km' ')' 'northeast' 'of' 'the' 'capital'
 '.']","['O', 'O', 'O', 'O', 'B-Location', 'O', 'O', 'O', 'O', 'O', 'O', 'O', 'O', 'O', 'O', 'O', 'O', 'O', 'O', 'O', 'O']","Security was tight at Stansted airport , which is about 30 miles ( 50 km ) northeast of the capital .","['Security(O)', 'was(O)', 'tight(O)', 'at(O)', 'Stansted(B-Location)', 'airport(O)', ',(O)', 'which(O)', 'is(O)', 'about(O)', '30(O)', 'miles(O)', '((O)', '50(O)', 'km(O)', ')(O)', 'northeast(O)', 'of(O)', 'the(O)', 'capital(O)', '.(O)']","Security(O) was(O) tight(O) at(O) Stansted(B-Location) airport(O) ,(O) which(O) is(O) about(O) 30(O) miles(O) ((O) 50(O) km(O) )(O) northeast(O) of(O) the(O) capital(O) .(O)","Input: Security was tight at Stansted airport , which is about 30 miles ( 50 km ) northeast of the capital .
Output: Security(O) was(O) tight(O) at(O) Stansted(B-Location) airport(O) ,(O) which(O) is(O) about(O) 30(O) miles(O) ((O) 50(O) km(O) )(O) northeast(O) of(O) the(O) capital(O) .(O)"
5120,['F.C.' 'Brasov' '1' 'F.C.' 'National' 'Bucharest' '1'],"['B-Organization', 'I-Organization', 'O', 'B-Organization', 'I-Organization', 'I-Organization', 'O']",F.C. Brasov 1 F.C. National Bucharest 1,"['F.C.(B-Organization)', 'Brasov(I-Organization)', '1(O)', 'F.C.(B-Organization)', 'National(I-Organization)', 'Bucharest(I-Organization)', '1(O)']",F.C.(B-Organization) Brasov(I-Organization) 1(O) F.C.(B-Organization) National(I-Organization) Bucharest(I-Organization) 1(O),"Input: F.C. Brasov 1 F.C. National Bucharest 1
Output: F.C.(B-Organization) Brasov(I-Organization) 1(O) F.C.(B-Organization) National(I-Organization) Bucharest(I-Organization) 1(O)"
13190,['RENNES' '1996-08-29'],"['B-Organization', 'O']",RENNES 1996-08-29,"['RENNES(B-Organization)', '1996-08-29(O)']",RENNES(B-Organization) 1996-08-29(O),"Input: RENNES 1996-08-29
Output: RENNES(B-Organization) 1996-08-29(O)"
2173,"['The' 'Angels' 'battered' 'Kenny' 'Rogers' '(' '10-7' ')' 'for' 'five'
 'runs' 'in' 'the' 'first' '.']","['O', 'B-Organization', 'O', 'B-Person', 'I-Person', 'O', 'O', 'O', 'O', 'O', 'O', 'O', 'O', 'O', 'O']",The Angels battered Kenny Rogers ( 10-7 ) for five runs in the first .,"['The(O)', 'Angels(B-Organization)', 'battered(O)', 'Kenny(B-Person)', 'Rogers(I-Person)', '((O)', '10-7(O)', ')(O)', 'for(O)', 'five(O)', 'runs(O)', 'in(O)', 'the(O)', 'first(O)', '.(O)']",The(O) Angels(B-Organization) battered(O) Kenny(B-Person) Rogers(I-Person) ((O) 10-7(O) )(O) for(O) five(O) runs(O) in(O) the(O) first(O) .(O),"Input: The Angels battered Kenny Rogers ( 10-7 ) for five runs in the first .
Output: The(O) Angels(B-Organization) battered(O) Kenny(B-Person) Rogers(I-Person) ((O) 10-7(O) )(O) for(O) five(O) runs(O) in(O) the(O) first(O) .(O)"
13618,"['Some' 'trains' 'were' 'delayed' 'as' 'fallen' 'trees' 'blocked' 'lines'
 '.']","['O', 'O', 'O', 'O', 'O', 'O', 'O', 'O', 'O', 'O']",Some trains were delayed as fallen trees blocked lines .,"['Some(O)', 'trains(O)', 'were(O)', 'delayed(O)', 'as(O)', 'fallen(O)', 'trees(O)', 'blocked(O)', 'lines(O)', '.(O)']",Some(O) trains(O) were(O) delayed(O) as(O) fallen(O) trees(O) blocked(O) lines(O) .(O),"Input: Some trains were delayed as fallen trees blocked lines .
Output: Some(O) trains(O) were(O) delayed(O) as(O) fallen(O) trees(O) blocked(O) lines(O) .(O)"
10975,['Quarterly'],['O'],Quarterly,['Quarterly(O)'],Quarterly(O),"Input: Quarterly
Output: Quarterly(O)"
10808,"['Canada' ""'s"" 'Donovan' 'Bailey' ',' 'the' 'Olympic' '100' 'metres'
 'champion' 'and' 'world' 'record' 'holder' ',' 'and' 'Namibian' 'Frankie'
 'Fredericks' ',' 'the' 'silver' 'medallist' 'at' 'the' 'recent' 'Atlanta'
 'Games' ',' 'have' 'already' 'agreed' 'to' 'run' 'in' 'the' '4X100'
 'metres' 'team' '.']","['B-Location', 'O', 'B-Person', 'I-Person', 'O', 'O', 'B-Miscellaneous', 'O', 'O', 'O', 'O', 'O', 'O', 'O', 'O', 'O', 'O', 'B-Person', 'I-Person', 'O', 'O', 'O', 'O', 'O', 'O', 'O', 'B-Location', 'B-Miscellaneous', 'O', 'O', 'O', 'O', 'O', 'O', 'O', 'O', 'O', 'O', 'O', 'O']","Canada 's Donovan Bailey , the Olympic 100 metres champion and world record holder , and Namibian Frankie Fredericks , the silver medallist at the recent Atlanta Games , have already agreed to run in the 4X100 metres team .","['Canada(B-Location)', ""'s(O)"", 'Donovan(B-Person)', 'Bailey(I-Person)', ',(O)', 'the(O)', 'Olympic(B-Miscellaneous)', '100(O)', 'metres(O)', 'champion(O)', 'and(O)', 'world(O)', 'record(O)', 'holder(O)', ',(O)', 'and(O)', 'Namibian(O)', 'Frankie(B-Person)', 'Fredericks(I-Person)', ',(O)', 'the(O)', 'silver(O)', 'medallist(O)', 'at(O)', 'the(O)', 'recent(O)', 'Atlanta(B-Location)', 'Games(B-Miscellaneous)', ',(O)', 'have(O)', 'already(O)', 'agreed(O)', 'to(O)', 'run(O)', 'in(O)', 'the(O)', '4X100(O)', 'metres(O)', 'team(O)', '.(O)']","Canada(B-Location) 's(O) Donovan(B-Person) Bailey(I-Person) ,(O) the(O) Olympic(B-Miscellaneous) 100(O) metres(O) champion(O) and(O) world(O) record(O) holder(O) ,(O) and(O) Namibian(O) Frankie(B-Person) Fredericks(I-Person) ,(O) the(O) silver(O) medallist(O) at(O) the(O) recent(O) Atlanta(B-Location) Games(B-Miscellaneous) ,(O) have(O) already(O) agreed(O) to(O) run(O) in(O) the(O) 4X100(O) metres(O) team(O) .(O)","Input: Canada 's Donovan Bailey , the Olympic 100 metres champion and world record holder , and Namibian Frankie Fredericks , the silver medallist at the recent Atlanta Games , have already agreed to run in the 4X100 metres team .
Output: Canada(B-Location) 's(O) Donovan(B-Person) Bailey(I-Person) ,(O) the(O) Olympic(B-Miscellaneous) 100(O) metres(O) champion(O) and(O) world(O) record(O) holder(O) ,(O) and(O) Namibian(O) Frankie(B-Person) Fredericks(I-Person) ,(O) the(O) silver(O) medallist(O) at(O) the(O) recent(O) Atlanta(B-Location) Games(B-Miscellaneous) ,(O) have(O) already(O) agreed(O) to(O) run(O) in(O) the(O) 4X100(O) metres(O) team(O) .(O)"
11344,"['The' 'PUK' 'said' 'the' 'ceasefire' 'was' 'agreed' 'after' 'talks'
 'between' 'U.S.' 'Assistant' 'Secretary' 'for' 'Near' 'East' 'Affairs'
 'Robert' 'Pelletreau' 'and' 'PUK' 'leader' 'Jalal' 'Talabani' '.']","['O', 'B-Organization', 'O', 'O', 'O', 'O', 'O', 'O', 'O', 'O', 'B-Location', 'O', 'O', 'O', 'B-Location', 'I-Location', 'O', 'B-Person', 'I-Person', 'O', 'B-Organization', 'O', 'B-Person', 'I-Person', 'O']",The PUK said the ceasefire was agreed after talks between U.S. Assistant Secretary for Near East Affairs Robert Pelletreau and PUK leader Jalal Talabani .,"['The(O)', 'PUK(B-Organization)', 'said(O)', 'the(O)', 'ceasefire(O)', 'was(O)', 'agreed(O)', 'after(O)', 'talks(O)', 'between(O)', 'U.S.(B-Location)', 'Assistant(O)', 'Secretary(O)', 'for(O)', 'Near(B-Location)', 'East(I-Location)', 'Affairs(O)', 'Robert(B-Person)', 'Pelletreau(I-Person)', 'and(O)', 'PUK(B-Organization)', 'leader(O)', 'Jalal(B-Person)', 'Talabani(I-Person)', '.(O)']",The(O) PUK(B-Organization) said(O) the(O) ceasefire(O) was(O) agreed(O) after(O) talks(O) between(O) U.S.(B-Location) Assistant(O) Secretary(O) for(O) Near(B-Location) East(I-Location) Affairs(O) Robert(B-Person) Pelletreau(I-Person) and(O) PUK(B-Organization) leader(O) Jalal(B-Person) Talabani(I-Person) .(O),"Input: The PUK said the ceasefire was agreed after talks between U.S. Assistant Secretary for Near East Affairs Robert Pelletreau and PUK leader Jalal Talabani .
Output: The(O) PUK(B-Organization) said(O) the(O) ceasefire(O) was(O) agreed(O) after(O) talks(O) between(O) U.S.(B-Location) Assistant(O) Secretary(O) for(O) Near(B-Location) East(I-Location) Affairs(O) Robert(B-Person) Pelletreau(I-Person) and(O) PUK(B-Organization) leader(O) Jalal(B-Person) Talabani(I-Person) .(O)"
11077,"['Their' 'fate' 'after' 'the' 'territory' 'reverts' 'to' 'Chinese' 'rule'
 'is' 'unclear' '.']","['O', 'O', 'O', 'O', 'O', 'O', 'O', 'B-Miscellaneous', 'O', 'O', 'O', 'O']",Their fate after the territory reverts to Chinese rule is unclear .,"['Their(O)', 'fate(O)', 'after(O)', 'the(O)', 'territory(O)', 'reverts(O)', 'to(O)', 'Chinese(B-Miscellaneous)', 'rule(O)', 'is(O)', 'unclear(O)', '.(O)']",Their(O) fate(O) after(O) the(O) territory(O) reverts(O) to(O) Chinese(B-Miscellaneous) rule(O) is(O) unclear(O) .(O),"Input: Their fate after the territory reverts to Chinese rule is unclear .
Output: Their(O) fate(O) after(O) the(O) territory(O) reverts(O) to(O) Chinese(B-Miscellaneous) rule(O) is(O) unclear(O) .(O)"
9284,['Rating' 'Announcement' 'As' 'of' '08/23/96' '.'],"['O', 'O', 'O', 'O', 'O', 'O']",Rating Announcement As of 08/23/96 .,"['Rating(O)', 'Announcement(O)', 'As(O)', 'of(O)', '08/23/96(O)', '.(O)']",Rating(O) Announcement(O) As(O) of(O) 08/23/96(O) .(O),"Input: Rating Announcement As of 08/23/96 .
Output: Rating(O) Announcement(O) As(O) of(O) 08/23/96(O) .(O)"
10562,['Atletico' 'Madrid' '3' 'Barcelona' '1'],"['B-Organization', 'I-Organization', 'O', 'B-Organization', 'O']",Atletico Madrid 3 Barcelona 1,"['Atletico(B-Organization)', 'Madrid(I-Organization)', '3(O)', 'Barcelona(B-Organization)', '1(O)']",Atletico(B-Organization) Madrid(I-Organization) 3(O) Barcelona(B-Organization) 1(O),"Input: Atletico Madrid 3 Barcelona 1
Output: Atletico(B-Organization) Madrid(I-Organization) 3(O) Barcelona(B-Organization) 1(O)"
12490,"['Jason' 'Stoltenberg' '(' 'Australia' ')' 'beat' 'Kenneth' 'Carlsen' '('
 'Denmark' ')' '6-' '3' '7-6' '(' '7-1' ')' '6-3']","['B-Person', 'I-Person', 'O', 'B-Location', 'O', 'O', 'B-Person', 'I-Person', 'O', 'B-Location', 'O', 'O', 'O', 'O', 'O', 'O', 'O', 'O']",Jason Stoltenberg ( Australia ) beat Kenneth Carlsen ( Denmark ) 6- 3 7-6 ( 7-1 ) 6-3,"['Jason(B-Person)', 'Stoltenberg(I-Person)', '((O)', 'Australia(B-Location)', ')(O)', 'beat(O)', 'Kenneth(B-Person)', 'Carlsen(I-Person)', '((O)', 'Denmark(B-Location)', ')(O)', '6-(O)', '3(O)', '7-6(O)', '((O)', '7-1(O)', ')(O)', '6-3(O)']",Jason(B-Person) Stoltenberg(I-Person) ((O) Australia(B-Location) )(O) beat(O) Kenneth(B-Person) Carlsen(I-Person) ((O) Denmark(B-Location) )(O) 6-(O) 3(O) 7-6(O) ((O) 7-1(O) )(O) 6-3(O),"Input: Jason Stoltenberg ( Australia ) beat Kenneth Carlsen ( Denmark ) 6- 3 7-6 ( 7-1 ) 6-3
Output: Jason(B-Person) Stoltenberg(I-Person) ((O) Australia(B-Location) )(O) beat(O) Kenneth(B-Person) Carlsen(I-Person) ((O) Denmark(B-Location) )(O) 6-(O) 3(O) 7-6(O) ((O) 7-1(O) )(O) 6-3(O)"
9375,"['The' 'train' ""'s"" 'engine' 'and' 'its' 'six' 'cars' 'derailed' 'but'
 'were' 'still' 'standing' ',' 'state' 'police' 'said' '.']","['O', 'O', 'O', 'O', 'O', 'O', 'O', 'O', 'O', 'O', 'O', 'O', 'O', 'O', 'O', 'O', 'O', 'O']","The train 's engine and its six cars derailed but were still standing , state police said .","['The(O)', 'train(O)', ""'s(O)"", 'engine(O)', 'and(O)', 'its(O)', 'six(O)', 'cars(O)', 'derailed(O)', 'but(O)', 'were(O)', 'still(O)', 'standing(O)', ',(O)', 'state(O)', 'police(O)', 'said(O)', '.(O)']","The(O) train(O) 's(O) engine(O) and(O) its(O) six(O) cars(O) derailed(O) but(O) were(O) still(O) standing(O) ,(O) state(O) police(O) said(O) .(O)","Input: The train 's engine and its six cars derailed but were still standing , state police said .
Output: The(O) train(O) 's(O) engine(O) and(O) its(O) six(O) cars(O) derailed(O) but(O) were(O) still(O) standing(O) ,(O) state(O) police(O) said(O) .(O)"
9120,"['The' 'first' 'of' 'the' 'victims' 'were' 'two' 'vagrants' 'who' 'slept'
 'in' 'an' 'abandoned' 'car' 'in' 'front' 'of' 'a' 'local' 'bank' ','
 'the' 'newspaper' 'said' '.']","['O', 'O', 'O', 'O', 'O', 'O', 'O', 'O', 'O', 'O', 'O', 'O', 'O', 'O', 'O', 'O', 'O', 'O', 'O', 'O', 'O', 'O', 'O', 'O', 'O']","The first of the victims were two vagrants who slept in an abandoned car in front of a local bank , the newspaper said .","['The(O)', 'first(O)', 'of(O)', 'the(O)', 'victims(O)', 'were(O)', 'two(O)', 'vagrants(O)', 'who(O)', 'slept(O)', 'in(O)', 'an(O)', 'abandoned(O)', 'car(O)', 'in(O)', 'front(O)', 'of(O)', 'a(O)', 'local(O)', 'bank(O)', ',(O)', 'the(O)', 'newspaper(O)', 'said(O)', '.(O)']","The(O) first(O) of(O) the(O) victims(O) were(O) two(O) vagrants(O) who(O) slept(O) in(O) an(O) abandoned(O) car(O) in(O) front(O) of(O) a(O) local(O) bank(O) ,(O) the(O) newspaper(O) said(O) .(O)","Input: The first of the victims were two vagrants who slept in an abandoned car in front of a local bank , the newspaper said .
Output: The(O) first(O) of(O) the(O) victims(O) were(O) two(O) vagrants(O) who(O) slept(O) in(O) an(O) abandoned(O) car(O) in(O) front(O) of(O) a(O) local(O) bank(O) ,(O) the(O) newspaper(O) said(O) .(O)"
10410,"['Men' ""'s"" 'singles' ',' 'first' 'round']","['O', 'O', 'O', 'O', 'O', 'O']","Men 's singles , first round","['Men(O)', ""'s(O)"", 'singles(O)', ',(O)', 'first(O)', 'round(O)']","Men(O) 's(O) singles(O) ,(O) first(O) round(O)","Input: Men 's singles , first round
Output: Men(O) 's(O) singles(O) ,(O) first(O) round(O)"
4534,['Republic' ')' '7-5' '6-3'],"['B-Location', 'O', 'O', 'O']",Republic ) 7-5 6-3,"['Republic(B-Location)', ')(O)', '7-5(O)', '6-3(O)']",Republic(B-Location) )(O) 7-5(O) 6-3(O),"Input: Republic ) 7-5 6-3
Output: Republic(B-Location) )(O) 7-5(O) 6-3(O)"
13679,"['--' 'Andrew' 'Huddart' ',' 'London' 'Newsroom' ',' '+44' '171' '542'
 '8716']","['O', 'B-Person', 'I-Person', 'O', 'B-Organization', 'I-Organization', 'O', 'O', 'O', 'O', 'O']","-- Andrew Huddart , London Newsroom , +44 171 542 8716","['--(O)', 'Andrew(B-Person)', 'Huddart(I-Person)', ',(O)', 'London(B-Organization)', 'Newsroom(I-Organization)', ',(O)', '+44(O)', '171(O)', '542(O)', '8716(O)']","--(O) Andrew(B-Person) Huddart(I-Person) ,(O) London(B-Organization) Newsroom(I-Organization) ,(O) +44(O) 171(O) 542(O) 8716(O)","Input: -- Andrew Huddart , London Newsroom , +44 171 542 8716
Output: --(O) Andrew(B-Person) Huddart(I-Person) ,(O) London(B-Organization) Newsroom(I-Organization) ,(O) +44(O) 171(O) 542(O) 8716(O)"
10903,"['In' 'March' 'a' 'Turkish' 'Cypriot' 'airliner' 'hijacked' 'while' 'on'
 'a' 'flight' 'from' 'northern' 'Cyprus' 'to' 'Istanbul' 'landed' 'in'
 'Sofia' 'airport' 'to' 'refuel' 'before' 'landing' 'in' 'Munich' ','
 'where' 'the' 'hijacker' 'was' 'arrested' '.']","['O', 'O', 'O', 'B-Miscellaneous', 'I-Miscellaneous', 'O', 'O', 'O', 'O', 'O', 'O', 'O', 'O', 'B-Location', 'O', 'B-Location', 'O', 'O', 'B-Location', 'O', 'O', 'O', 'O', 'O', 'O', 'B-Location', 'O', 'O', 'O', 'O', 'O', 'O', 'O']","In March a Turkish Cypriot airliner hijacked while on a flight from northern Cyprus to Istanbul landed in Sofia airport to refuel before landing in Munich , where the hijacker was arrested .","['In(O)', 'March(O)', 'a(O)', 'Turkish(B-Miscellaneous)', 'Cypriot(I-Miscellaneous)', 'airliner(O)', 'hijacked(O)', 'while(O)', 'on(O)', 'a(O)', 'flight(O)', 'from(O)', 'northern(O)', 'Cyprus(B-Location)', 'to(O)', 'Istanbul(B-Location)', 'landed(O)', 'in(O)', 'Sofia(B-Location)', 'airport(O)', 'to(O)', 'refuel(O)', 'before(O)', 'landing(O)', 'in(O)', 'Munich(B-Location)', ',(O)', 'where(O)', 'the(O)', 'hijacker(O)', 'was(O)', 'arrested(O)', '.(O)']","In(O) March(O) a(O) Turkish(B-Miscellaneous) Cypriot(I-Miscellaneous) airliner(O) hijacked(O) while(O) on(O) a(O) flight(O) from(O) northern(O) Cyprus(B-Location) to(O) Istanbul(B-Location) landed(O) in(O) Sofia(B-Location) airport(O) to(O) refuel(O) before(O) landing(O) in(O) Munich(B-Location) ,(O) where(O) the(O) hijacker(O) was(O) arrested(O) .(O)","Input: In March a Turkish Cypriot airliner hijacked while on a flight from northern Cyprus to Istanbul landed in Sofia airport to refuel before landing in Munich , where the hijacker was arrested .
Output: In(O) March(O) a(O) Turkish(B-Miscellaneous) Cypriot(I-Miscellaneous) airliner(O) hijacked(O) while(O) on(O) a(O) flight(O) from(O) northern(O) Cyprus(B-Location) to(O) Istanbul(B-Location) landed(O) in(O) Sofia(B-Location) airport(O) to(O) refuel(O) before(O) landing(O) in(O) Munich(B-Location) ,(O) where(O) the(O) hijacker(O) was(O) arrested(O) .(O)"
3732,['RUGBY' 'UNION' '-' 'NEW' 'ZEALAND' 'DEFEAT' 'SOUTH' 'AFRICA' '33-26' '.'],"['B-Organization', 'I-Organization', 'O', 'B-Location', 'I-Location', 'O', 'B-Location', 'I-Location', 'O', 'O']",RUGBY UNION - NEW ZEALAND DEFEAT SOUTH AFRICA 33-26 .,"['RUGBY(B-Organization)', 'UNION(I-Organization)', '-(O)', 'NEW(B-Location)', 'ZEALAND(I-Location)', 'DEFEAT(O)', 'SOUTH(B-Location)', 'AFRICA(I-Location)', '33-26(O)', '.(O)']",RUGBY(B-Organization) UNION(I-Organization) -(O) NEW(B-Location) ZEALAND(I-Location) DEFEAT(O) SOUTH(B-Location) AFRICA(I-Location) 33-26(O) .(O),"Input: RUGBY UNION - NEW ZEALAND DEFEAT SOUTH AFRICA 33-26 .
Output: RUGBY(B-Organization) UNION(I-Organization) -(O) NEW(B-Location) ZEALAND(I-Location) DEFEAT(O) SOUTH(B-Location) AFRICA(I-Location) 33-26(O) .(O)"
1446,['Rating' ':' 'Baa1'],"['O', 'O', 'O']",Rating : Baa1,"['Rating(O)', ':(O)', 'Baa1(O)']",Rating(O) :(O) Baa1(O),"Input: Rating : Baa1
Output: Rating(O) :(O) Baa1(O)"
13330,"['provision' '3,820,000' '4,658,000' '7,047,000' '4,534,000']","['O', 'O', 'O', 'O', 'O']","provision 3,820,000 4,658,000 7,047,000 4,534,000","['provision(O)', '3,820,000(O)', '4,658,000(O)', '7,047,000(O)', '4,534,000(O)']","provision(O) 3,820,000(O) 4,658,000(O) 7,047,000(O) 4,534,000(O)","Input: provision 3,820,000 4,658,000 7,047,000 4,534,000
Output: provision(O) 3,820,000(O) 4,658,000(O) 7,047,000(O) 4,534,000(O)"
9156,"['He' 'was' 'imprisoned' 'for' 'four' 'years' 'in' '1951' 'for' 'taking'
 'part' 'in' 'a' 'coup' 'attempt' 'to' 'overthrow' 'Peron' 'led' 'by'
 'General' 'Benjamin' 'Menendez' '.']","['O', 'O', 'O', 'O', 'O', 'O', 'O', 'O', 'O', 'O', 'O', 'O', 'O', 'O', 'O', 'O', 'O', 'B-Person', 'O', 'O', 'O', 'B-Person', 'I-Person', 'O']",He was imprisoned for four years in 1951 for taking part in a coup attempt to overthrow Peron led by General Benjamin Menendez .,"['He(O)', 'was(O)', 'imprisoned(O)', 'for(O)', 'four(O)', 'years(O)', 'in(O)', '1951(O)', 'for(O)', 'taking(O)', 'part(O)', 'in(O)', 'a(O)', 'coup(O)', 'attempt(O)', 'to(O)', 'overthrow(O)', 'Peron(B-Person)', 'led(O)', 'by(O)', 'General(O)', 'Benjamin(B-Person)', 'Menendez(I-Person)', '.(O)']",He(O) was(O) imprisoned(O) for(O) four(O) years(O) in(O) 1951(O) for(O) taking(O) part(O) in(O) a(O) coup(O) attempt(O) to(O) overthrow(O) Peron(B-Person) led(O) by(O) General(O) Benjamin(B-Person) Menendez(I-Person) .(O),"Input: He was imprisoned for four years in 1951 for taking part in a coup attempt to overthrow Peron led by General Benjamin Menendez .
Output: He(O) was(O) imprisoned(O) for(O) four(O) years(O) in(O) 1951(O) for(O) taking(O) part(O) in(O) a(O) coup(O) attempt(O) to(O) overthrow(O) Peron(B-Person) led(O) by(O) General(O) Benjamin(B-Person) Menendez(I-Person) .(O)"
13784,['Sales' '11.38' '11.38' '11.45'],"['O', 'O', 'O', 'O']",Sales 11.38 11.38 11.45,"['Sales(O)', '11.38(O)', '11.38(O)', '11.45(O)']",Sales(O) 11.38(O) 11.38(O) 11.45(O),"Input: Sales 11.38 11.38 11.45
Output: Sales(O) 11.38(O) 11.38(O) 11.45(O)"
5473,['Benfica' '1' 'Braga' '1'],"['B-Organization', 'O', 'B-Organization', 'O']",Benfica 1 Braga 1,"['Benfica(B-Organization)', '1(O)', 'Braga(B-Organization)', '1(O)']",Benfica(B-Organization) 1(O) Braga(B-Organization) 1(O),"Input: Benfica 1 Braga 1
Output: Benfica(B-Organization) 1(O) Braga(B-Organization) 1(O)"
6092,"['In' 'the' 'future' ',' 'the' 'accountant' 'will' 'be' 'evaluated'
 'solely' 'on' '""' 'knowledge' ',' 'skill' 'and' 'abilities' ',' '""' 'she'
 'said' '.']","['O', 'O', 'O', 'O', 'O', 'O', 'O', 'O', 'O', 'O', 'O', 'O', 'O', 'O', 'O', 'O', 'O', 'O', 'O', 'O', 'O', 'O']","In the future , the accountant will be evaluated solely on "" knowledge , skill and abilities , "" she said .","['In(O)', 'the(O)', 'future(O)', ',(O)', 'the(O)', 'accountant(O)', 'will(O)', 'be(O)', 'evaluated(O)', 'solely(O)', 'on(O)', '""(O)', 'knowledge(O)', ',(O)', 'skill(O)', 'and(O)', 'abilities(O)', ',(O)', '""(O)', 'she(O)', 'said(O)', '.(O)']","In(O) the(O) future(O) ,(O) the(O) accountant(O) will(O) be(O) evaluated(O) solely(O) on(O) ""(O) knowledge(O) ,(O) skill(O) and(O) abilities(O) ,(O) ""(O) she(O) said(O) .(O)","Input: In the future , the accountant will be evaluated solely on "" knowledge , skill and abilities , "" she said .
Output: In(O) the(O) future(O) ,(O) the(O) accountant(O) will(O) be(O) evaluated(O) solely(O) on(O) ""(O) knowledge(O) ,(O) skill(O) and(O) abilities(O) ,(O) ""(O) she(O) said(O) .(O)"
8253,['Brighton' '3' '1' '0' '2' '2' '5' '3'],"['B-Organization', 'O', 'O', 'O', 'O', 'O', 'O', 'O']",Brighton 3 1 0 2 2 5 3,"['Brighton(B-Organization)', '3(O)', '1(O)', '0(O)', '2(O)', '2(O)', '5(O)', '3(O)']",Brighton(B-Organization) 3(O) 1(O) 0(O) 2(O) 2(O) 5(O) 3(O),"Input: Brighton 3 1 0 2 2 5 3
Output: Brighton(B-Organization) 3(O) 1(O) 0(O) 2(O) 2(O) 5(O) 3(O)"
4393,['Jeremy' 'Lovell'],"['B-Person', 'I-Person']",Jeremy Lovell,"['Jeremy(B-Person)', 'Lovell(I-Person)']",Jeremy(B-Person) Lovell(I-Person),"Input: Jeremy Lovell
Output: Jeremy(B-Person) Lovell(I-Person)"
2634,"['The' 'purchases' 'increased' 'his' 'holding' 'in' 'the' 'company' 'to'
 '725,900' 'shares' ',' 'which' 'was' 'purchased' 'for' 'a' 'total' 'of'
 '$' '6.2' 'million' ',' 'he' 'said' '.']","['O', 'O', 'O', 'O', 'O', 'O', 'O', 'O', 'O', 'O', 'O', 'O', 'O', 'O', 'O', 'O', 'O', 'O', 'O', 'O', 'O', 'O', 'O', 'O', 'O', 'O']","The purchases increased his holding in the company to 725,900 shares , which was purchased for a total of $ 6.2 million , he said .","['The(O)', 'purchases(O)', 'increased(O)', 'his(O)', 'holding(O)', 'in(O)', 'the(O)', 'company(O)', 'to(O)', '725,900(O)', 'shares(O)', ',(O)', 'which(O)', 'was(O)', 'purchased(O)', 'for(O)', 'a(O)', 'total(O)', 'of(O)', '$(O)', '6.2(O)', 'million(O)', ',(O)', 'he(O)', 'said(O)', '.(O)']","The(O) purchases(O) increased(O) his(O) holding(O) in(O) the(O) company(O) to(O) 725,900(O) shares(O) ,(O) which(O) was(O) purchased(O) for(O) a(O) total(O) of(O) $(O) 6.2(O) million(O) ,(O) he(O) said(O) .(O)","Input: The purchases increased his holding in the company to 725,900 shares , which was purchased for a total of $ 6.2 million , he said .
Output: The(O) purchases(O) increased(O) his(O) holding(O) in(O) the(O) company(O) to(O) 725,900(O) shares(O) ,(O) which(O) was(O) purchased(O) for(O) a(O) total(O) of(O) $(O) 6.2(O) million(O) ,(O) he(O) said(O) .(O)"
6703,['9.' 'Vasas' '3' '1' '1' '1' '3' '3' '4'],"['O', 'B-Organization', 'O', 'O', 'O', 'O', 'O', 'O', 'O']",9. Vasas 3 1 1 1 3 3 4,"['9.(O)', 'Vasas(B-Organization)', '3(O)', '1(O)', '1(O)', '1(O)', '3(O)', '3(O)', '4(O)']",9.(O) Vasas(B-Organization) 3(O) 1(O) 1(O) 1(O) 3(O) 3(O) 4(O),"Input: 9. Vasas 3 1 1 1 3 3 4
Output: 9.(O) Vasas(B-Organization) 3(O) 1(O) 1(O) 1(O) 3(O) 3(O) 4(O)"
7766,['Freezing' 'occurs' 'at' '0' 'Celsius' '(' '32.0' 'F' ')' '.'],"['O', 'O', 'O', 'O', 'B-Miscellaneous', 'O', 'O', 'B-Miscellaneous', 'O', 'O']",Freezing occurs at 0 Celsius ( 32.0 F ) .,"['Freezing(O)', 'occurs(O)', 'at(O)', '0(O)', 'Celsius(B-Miscellaneous)', '((O)', '32.0(O)', 'F(B-Miscellaneous)', ')(O)', '.(O)']",Freezing(O) occurs(O) at(O) 0(O) Celsius(B-Miscellaneous) ((O) 32.0(O) F(B-Miscellaneous) )(O) .(O),"Input: Freezing occurs at 0 Celsius ( 32.0 F ) .
Output: Freezing(O) occurs(O) at(O) 0(O) Celsius(B-Miscellaneous) ((O) 32.0(O) F(B-Miscellaneous) )(O) .(O)"
10714,['Borussia' 'Dortmund' '4' '3' '0' '1' '12' '6' '9'],"['B-Organization', 'I-Organization', 'O', 'O', 'O', 'O', 'O', 'O', 'O']",Borussia Dortmund 4 3 0 1 12 6 9,"['Borussia(B-Organization)', 'Dortmund(I-Organization)', '4(O)', '3(O)', '0(O)', '1(O)', '12(O)', '6(O)', '9(O)']",Borussia(B-Organization) Dortmund(I-Organization) 4(O) 3(O) 0(O) 1(O) 12(O) 6(O) 9(O),"Input: Borussia Dortmund 4 3 0 1 12 6 9
Output: Borussia(B-Organization) Dortmund(I-Organization) 4(O) 3(O) 0(O) 1(O) 12(O) 6(O) 9(O)"
2827,"['He' 'had' 'earlier' 'mounted' 'the' 'mosque' ""'s"" 'pulpit' 'to' 'demand'
 'release' 'of' 'detainees' ',' 'an' 'end' 'to' 'raids' 'on' 'houses'
 'and' 'the' 'cancelling' 'of' 'the' 'bread' 'price' 'rises' '.']","['O', 'O', 'O', 'O', 'O', 'O', 'O', 'O', 'O', 'O', 'O', 'O', 'O', 'O', 'O', 'O', 'O', 'O', 'O', 'O', 'O', 'O', 'O', 'O', 'O', 'O', 'O', 'O', 'O']","He had earlier mounted the mosque 's pulpit to demand release of detainees , an end to raids on houses and the cancelling of the bread price rises .","['He(O)', 'had(O)', 'earlier(O)', 'mounted(O)', 'the(O)', 'mosque(O)', ""'s(O)"", 'pulpit(O)', 'to(O)', 'demand(O)', 'release(O)', 'of(O)', 'detainees(O)', ',(O)', 'an(O)', 'end(O)', 'to(O)', 'raids(O)', 'on(O)', 'houses(O)', 'and(O)', 'the(O)', 'cancelling(O)', 'of(O)', 'the(O)', 'bread(O)', 'price(O)', 'rises(O)', '.(O)']","He(O) had(O) earlier(O) mounted(O) the(O) mosque(O) 's(O) pulpit(O) to(O) demand(O) release(O) of(O) detainees(O) ,(O) an(O) end(O) to(O) raids(O) on(O) houses(O) and(O) the(O) cancelling(O) of(O) the(O) bread(O) price(O) rises(O) .(O)","Input: He had earlier mounted the mosque 's pulpit to demand release of detainees , an end to raids on houses and the cancelling of the bread price rises .
Output: He(O) had(O) earlier(O) mounted(O) the(O) mosque(O) 's(O) pulpit(O) to(O) demand(O) release(O) of(O) detainees(O) ,(O) an(O) end(O) to(O) raids(O) on(O) houses(O) and(O) the(O) cancelling(O) of(O) the(O) bread(O) price(O) rises(O) .(O)"
4884,['rugby' 'league' 'matches' 'on' 'Sunday' ':'],"['O', 'O', 'O', 'O', 'O', 'O']",rugby league matches on Sunday :,"['rugby(O)', 'league(O)', 'matches(O)', 'on(O)', 'Sunday(O)', ':(O)']",rugby(O) league(O) matches(O) on(O) Sunday(O) :(O),"Input: rugby league matches on Sunday :
Output: rugby(O) league(O) matches(O) on(O) Sunday(O) :(O)"
3200,"['Group' 'workforce' 'on' 'June' '30' '300,962' 'down' '3.7' 'oct']","['O', 'O', 'O', 'O', 'O', 'O', 'O', 'O', 'O']","Group workforce on June 30 300,962 down 3.7 oct","['Group(O)', 'workforce(O)', 'on(O)', 'June(O)', '30(O)', '300,962(O)', 'down(O)', '3.7(O)', 'oct(O)']","Group(O) workforce(O) on(O) June(O) 30(O) 300,962(O) down(O) 3.7(O) oct(O)","Input: Group workforce on June 30 300,962 down 3.7 oct
Output: Group(O) workforce(O) on(O) June(O) 30(O) 300,962(O) down(O) 3.7(O) oct(O)"
6911,['Jeunesse' 'Massira' '0' 'Widad' 'Casablanca' '2'],"['B-Organization', 'I-Organization', 'O', 'B-Organization', 'I-Organization', 'O']",Jeunesse Massira 0 Widad Casablanca 2,"['Jeunesse(B-Organization)', 'Massira(I-Organization)', '0(O)', 'Widad(B-Organization)', 'Casablanca(I-Organization)', '2(O)']",Jeunesse(B-Organization) Massira(I-Organization) 0(O) Widad(B-Organization) Casablanca(I-Organization) 2(O),"Input: Jeunesse Massira 0 Widad Casablanca 2
Output: Jeunesse(B-Organization) Massira(I-Organization) 0(O) Widad(B-Organization) Casablanca(I-Organization) 2(O)"
5673,['SOCCER' '-' 'BELGIAN' 'FIRST' 'DIVISION' 'RESULTS' '/' 'STANDINGS' '.'],"['O', 'O', 'B-Miscellaneous', 'O', 'O', 'O', 'O', 'O', 'O']",SOCCER - BELGIAN FIRST DIVISION RESULTS / STANDINGS .,"['SOCCER(O)', '-(O)', 'BELGIAN(B-Miscellaneous)', 'FIRST(O)', 'DIVISION(O)', 'RESULTS(O)', '/(O)', 'STANDINGS(O)', '.(O)']",SOCCER(O) -(O) BELGIAN(B-Miscellaneous) FIRST(O) DIVISION(O) RESULTS(O) /(O) STANDINGS(O) .(O),"Input: SOCCER - BELGIAN FIRST DIVISION RESULTS / STANDINGS .
Output: SOCCER(O) -(O) BELGIAN(B-Miscellaneous) FIRST(O) DIVISION(O) RESULTS(O) /(O) STANDINGS(O) .(O)"
12966,"['At' 'the' 'time' 'of' 'his' 'arrest' ',' 'ICAC' 'officers' 'seized'
 'HK$' '100,000' ',' 'it' 'added' '.']","['O', 'O', 'O', 'O', 'O', 'O', 'O', 'B-Organization', 'O', 'O', 'B-Miscellaneous', 'O', 'O', 'O', 'O', 'O']","At the time of his arrest , ICAC officers seized HK$ 100,000 , it added .","['At(O)', 'the(O)', 'time(O)', 'of(O)', 'his(O)', 'arrest(O)', ',(O)', 'ICAC(B-Organization)', 'officers(O)', 'seized(O)', 'HK$(B-Miscellaneous)', '100,000(O)', ',(O)', 'it(O)', 'added(O)', '.(O)']","At(O) the(O) time(O) of(O) his(O) arrest(O) ,(O) ICAC(B-Organization) officers(O) seized(O) HK$(B-Miscellaneous) 100,000(O) ,(O) it(O) added(O) .(O)","Input: At the time of his arrest , ICAC officers seized HK$ 100,000 , it added .
Output: At(O) the(O) time(O) of(O) his(O) arrest(O) ,(O) ICAC(B-Organization) officers(O) seized(O) HK$(B-Miscellaneous) 100,000(O) ,(O) it(O) added(O) .(O)"
13216,"['-' 'The' 'prime' 'minister' ""'s"" 'special' 'economic' 'assistant'
 'Shahid' 'Hasan' 'Khan' 'said' 'privatisation' 'of' 'thermal' 'power'
 'plants' ',' 'power' 'generation' 'from' 'private' 'plants' 'and'
 'management' 'contracts' 'of' 'Area' 'Electricity' 'Boards' 'would'
 'help' 'achieve' '6.5' 'percent' 'GDP' 'growth' '.']","['O', 'O', 'O', 'O', 'O', 'O', 'O', 'O', 'B-Person', 'I-Person', 'I-Person', 'O', 'O', 'O', 'O', 'O', 'O', 'O', 'O', 'O', 'O', 'O', 'O', 'O', 'O', 'O', 'O', 'B-Miscellaneous', 'I-Miscellaneous', 'I-Miscellaneous', 'O', 'O', 'O', 'O', 'O', 'O', 'O', 'O']","- The prime minister 's special economic assistant Shahid Hasan Khan said privatisation of thermal power plants , power generation from private plants and management contracts of Area Electricity Boards would help achieve 6.5 percent GDP growth .","['-(O)', 'The(O)', 'prime(O)', 'minister(O)', ""'s(O)"", 'special(O)', 'economic(O)', 'assistant(O)', 'Shahid(B-Person)', 'Hasan(I-Person)', 'Khan(I-Person)', 'said(O)', 'privatisation(O)', 'of(O)', 'thermal(O)', 'power(O)', 'plants(O)', ',(O)', 'power(O)', 'generation(O)', 'from(O)', 'private(O)', 'plants(O)', 'and(O)', 'management(O)', 'contracts(O)', 'of(O)', 'Area(B-Miscellaneous)', 'Electricity(I-Miscellaneous)', 'Boards(I-Miscellaneous)', 'would(O)', 'help(O)', 'achieve(O)', '6.5(O)', 'percent(O)', 'GDP(O)', 'growth(O)', '.(O)']","-(O) The(O) prime(O) minister(O) 's(O) special(O) economic(O) assistant(O) Shahid(B-Person) Hasan(I-Person) Khan(I-Person) said(O) privatisation(O) of(O) thermal(O) power(O) plants(O) ,(O) power(O) generation(O) from(O) private(O) plants(O) and(O) management(O) contracts(O) of(O) Area(B-Miscellaneous) Electricity(I-Miscellaneous) Boards(I-Miscellaneous) would(O) help(O) achieve(O) 6.5(O) percent(O) GDP(O) growth(O) .(O)","Input: - The prime minister 's special economic assistant Shahid Hasan Khan said privatisation of thermal power plants , power generation from private plants and management contracts of Area Electricity Boards would help achieve 6.5 percent GDP growth .
Output: -(O) The(O) prime(O) minister(O) 's(O) special(O) economic(O) assistant(O) Shahid(B-Person) Hasan(I-Person) Khan(I-Person) said(O) privatisation(O) of(O) thermal(O) power(O) plants(O) ,(O) power(O) generation(O) from(O) private(O) plants(O) and(O) management(O) contracts(O) of(O) Area(B-Miscellaneous) Electricity(I-Miscellaneous) Boards(I-Miscellaneous) would(O) help(O) achieve(O) 6.5(O) percent(O) GDP(O) growth(O) .(O)"
552,['Shelbourne' '-' 'Mark' 'Rutherford' '(' '5th' ')'],"['B-Organization', 'O', 'B-Person', 'I-Person', 'O', 'O', 'O']",Shelbourne - Mark Rutherford ( 5th ),"['Shelbourne(B-Organization)', '-(O)', 'Mark(B-Person)', 'Rutherford(I-Person)', '((O)', '5th(O)', ')(O)']",Shelbourne(B-Organization) -(O) Mark(B-Person) Rutherford(I-Person) ((O) 5th(O) )(O),"Input: Shelbourne - Mark Rutherford ( 5th )
Output: Shelbourne(B-Organization) -(O) Mark(B-Person) Rutherford(I-Person) ((O) 5th(O) )(O)"
242,"['--' 'E.' 'Auchard' ',' 'Wall' 'Street' 'bureau' ',' '212-859-1736']","['O', 'B-Person', 'I-Person', 'O', 'B-Organization', 'I-Organization', 'I-Organization', 'O', 'O']","-- E. Auchard , Wall Street bureau , 212-859-1736","['--(O)', 'E.(B-Person)', 'Auchard(I-Person)', ',(O)', 'Wall(B-Organization)', 'Street(I-Organization)', 'bureau(I-Organization)', ',(O)', '212-859-1736(O)']","--(O) E.(B-Person) Auchard(I-Person) ,(O) Wall(B-Organization) Street(I-Organization) bureau(I-Organization) ,(O) 212-859-1736(O)","Input: -- E. Auchard , Wall Street bureau , 212-859-1736
Output: --(O) E.(B-Person) Auchard(I-Person) ,(O) Wall(B-Organization) Street(I-Organization) bureau(I-Organization) ,(O) 212-859-1736(O)"
2016,['He' 'ranks' '76th' 'after' 'being' '285th' 'four' 'weeks' 'ago' '.'],"['O', 'O', 'O', 'O', 'O', 'O', 'O', 'O', 'O', 'O']",He ranks 76th after being 285th four weeks ago .,"['He(O)', 'ranks(O)', '76th(O)', 'after(O)', 'being(O)', '285th(O)', 'four(O)', 'weeks(O)', 'ago(O)', '.(O)']",He(O) ranks(O) 76th(O) after(O) being(O) 285th(O) four(O) weeks(O) ago(O) .(O),"Input: He ranks 76th after being 285th four weeks ago .
Output: He(O) ranks(O) 76th(O) after(O) being(O) 285th(O) four(O) weeks(O) ago(O) .(O)"
13230,['Two' 'Indians' 'to' 'die' 'for' 'killing' '23' 'bus' 'passengers' '.'],"['O', 'B-Miscellaneous', 'O', 'O', 'O', 'O', 'O', 'O', 'O', 'O']",Two Indians to die for killing 23 bus passengers .,"['Two(O)', 'Indians(B-Miscellaneous)', 'to(O)', 'die(O)', 'for(O)', 'killing(O)', '23(O)', 'bus(O)', 'passengers(O)', '.(O)']",Two(O) Indians(B-Miscellaneous) to(O) die(O) for(O) killing(O) 23(O) bus(O) passengers(O) .(O),"Input: Two Indians to die for killing 23 bus passengers .
Output: Two(O) Indians(B-Miscellaneous) to(O) die(O) for(O) killing(O) 23(O) bus(O) passengers(O) .(O)"
7990,['PRESS' 'DIGEST' '-' 'Lebanon' '-' 'Aug' '26' '.'],"['O', 'O', 'O', 'B-Location', 'O', 'O', 'O', 'O']",PRESS DIGEST - Lebanon - Aug 26 .,"['PRESS(O)', 'DIGEST(O)', '-(O)', 'Lebanon(B-Location)', '-(O)', 'Aug(O)', '26(O)', '.(O)']",PRESS(O) DIGEST(O) -(O) Lebanon(B-Location) -(O) Aug(O) 26(O) .(O),"Input: PRESS DIGEST - Lebanon - Aug 26 .
Output: PRESS(O) DIGEST(O) -(O) Lebanon(B-Location) -(O) Aug(O) 26(O) .(O)"
12945,"['SAO' 'PAULO' ',' 'Brazil' '1996-08-28']","['B-Person', 'I-Person', 'O', 'B-Location', 'O']","SAO PAULO , Brazil 1996-08-28","['SAO(B-Person)', 'PAULO(I-Person)', ',(O)', 'Brazil(B-Location)', '1996-08-28(O)']","SAO(B-Person) PAULO(I-Person) ,(O) Brazil(B-Location) 1996-08-28(O)","Input: SAO PAULO , Brazil 1996-08-28
Output: SAO(B-Person) PAULO(I-Person) ,(O) Brazil(B-Location) 1996-08-28(O)"
9553,['Bangladesh' 'Speaker' 'says' 'he' 'received' 'death' 'threats' '.'],"['B-Location', 'O', 'O', 'O', 'O', 'O', 'O', 'O']",Bangladesh Speaker says he received death threats .,"['Bangladesh(B-Location)', 'Speaker(O)', 'says(O)', 'he(O)', 'received(O)', 'death(O)', 'threats(O)', '.(O)']",Bangladesh(B-Location) Speaker(O) says(O) he(O) received(O) death(O) threats(O) .(O),"Input: Bangladesh Speaker says he received death threats .
Output: Bangladesh(B-Location) Speaker(O) says(O) he(O) received(O) death(O) threats(O) .(O)"
1450,['Defiant' 'U.S.' 'neo-Nazi' 'jailed' 'by' 'German' 'court' '.'],"['O', 'B-Location', 'B-Miscellaneous', 'O', 'O', 'B-Miscellaneous', 'O', 'O']",Defiant U.S. neo-Nazi jailed by German court .,"['Defiant(O)', 'U.S.(B-Location)', 'neo-Nazi(B-Miscellaneous)', 'jailed(O)', 'by(O)', 'German(B-Miscellaneous)', 'court(O)', '.(O)']",Defiant(O) U.S.(B-Location) neo-Nazi(B-Miscellaneous) jailed(O) by(O) German(B-Miscellaneous) court(O) .(O),"Input: Defiant U.S. neo-Nazi jailed by German court .
Output: Defiant(O) U.S.(B-Location) neo-Nazi(B-Miscellaneous) jailed(O) by(O) German(B-Miscellaneous) court(O) .(O)"
1140,"['""' 'I' 'knew' 'I' 'had' 'to' 'serve' 'well' 'and' 'keep' 'the' 'points'
 'short' 'and' 'that' ""'s"" 'what' 'I' 'was' 'able' 'to' 'do' ',' '""'
 'said' 'Nestor' ',' 'who' 'ranks' '10th' 'in' 'doubles' '.']","['O', 'O', 'O', 'O', 'O', 'O', 'O', 'O', 'O', 'O', 'O', 'O', 'O', 'O', 'O', 'O', 'O', 'O', 'O', 'O', 'O', 'O', 'O', 'O', 'O', 'B-Person', 'O', 'O', 'O', 'O', 'O', 'O', 'O']",""" I knew I had to serve well and keep the points short and that 's what I was able to do , "" said Nestor , who ranks 10th in doubles .","['""(O)', 'I(O)', 'knew(O)', 'I(O)', 'had(O)', 'to(O)', 'serve(O)', 'well(O)', 'and(O)', 'keep(O)', 'the(O)', 'points(O)', 'short(O)', 'and(O)', 'that(O)', ""'s(O)"", 'what(O)', 'I(O)', 'was(O)', 'able(O)', 'to(O)', 'do(O)', ',(O)', '""(O)', 'said(O)', 'Nestor(B-Person)', ',(O)', 'who(O)', 'ranks(O)', '10th(O)', 'in(O)', 'doubles(O)', '.(O)']","""(O) I(O) knew(O) I(O) had(O) to(O) serve(O) well(O) and(O) keep(O) the(O) points(O) short(O) and(O) that(O) 's(O) what(O) I(O) was(O) able(O) to(O) do(O) ,(O) ""(O) said(O) Nestor(B-Person) ,(O) who(O) ranks(O) 10th(O) in(O) doubles(O) .(O)","Input: "" I knew I had to serve well and keep the points short and that 's what I was able to do , "" said Nestor , who ranks 10th in doubles .
Output: ""(O) I(O) knew(O) I(O) had(O) to(O) serve(O) well(O) and(O) keep(O) the(O) points(O) short(O) and(O) that(O) 's(O) what(O) I(O) was(O) able(O) to(O) do(O) ,(O) ""(O) said(O) Nestor(B-Person) ,(O) who(O) ranks(O) 10th(O) in(O) doubles(O) .(O)"
2745,['ZAGREB' '1996-08-23'],"['B-Location', 'O']",ZAGREB 1996-08-23,"['ZAGREB(B-Location)', '1996-08-23(O)']",ZAGREB(B-Location) 1996-08-23(O),"Input: ZAGREB 1996-08-23
Output: ZAGREB(B-Location) 1996-08-23(O)"
4318,"['-' 'Editorial' 'lambasts' 'Jalal' 'Talabani' ',' 'leader' 'of' 'a'
 'Kurdish' 'rebel' 'faction' 'in' 'the' 'north' ',' 'for' 'liaising'
 'with' 'Iran' 'in' 'its' 'fight' 'against' 'rivals' '.']","['O', 'O', 'O', 'B-Person', 'I-Person', 'O', 'O', 'O', 'O', 'B-Miscellaneous', 'O', 'O', 'O', 'O', 'O', 'O', 'O', 'O', 'O', 'B-Location', 'O', 'O', 'O', 'O', 'O', 'O']","- Editorial lambasts Jalal Talabani , leader of a Kurdish rebel faction in the north , for liaising with Iran in its fight against rivals .","['-(O)', 'Editorial(O)', 'lambasts(O)', 'Jalal(B-Person)', 'Talabani(I-Person)', ',(O)', 'leader(O)', 'of(O)', 'a(O)', 'Kurdish(B-Miscellaneous)', 'rebel(O)', 'faction(O)', 'in(O)', 'the(O)', 'north(O)', ',(O)', 'for(O)', 'liaising(O)', 'with(O)', 'Iran(B-Location)', 'in(O)', 'its(O)', 'fight(O)', 'against(O)', 'rivals(O)', '.(O)']","-(O) Editorial(O) lambasts(O) Jalal(B-Person) Talabani(I-Person) ,(O) leader(O) of(O) a(O) Kurdish(B-Miscellaneous) rebel(O) faction(O) in(O) the(O) north(O) ,(O) for(O) liaising(O) with(O) Iran(B-Location) in(O) its(O) fight(O) against(O) rivals(O) .(O)","Input: - Editorial lambasts Jalal Talabani , leader of a Kurdish rebel faction in the north , for liaising with Iran in its fight against rivals .
Output: -(O) Editorial(O) lambasts(O) Jalal(B-Person) Talabani(I-Person) ,(O) leader(O) of(O) a(O) Kurdish(B-Miscellaneous) rebel(O) faction(O) in(O) the(O) north(O) ,(O) for(O) liaising(O) with(O) Iran(B-Location) in(O) its(O) fight(O) against(O) rivals(O) .(O)"
11246,['Yeltsin' 'sent' 'him' 'there' 'to' 'compromise' 'him' '.'],"['B-Person', 'O', 'O', 'O', 'O', 'O', 'O', 'O']",Yeltsin sent him there to compromise him .,"['Yeltsin(B-Person)', 'sent(O)', 'him(O)', 'there(O)', 'to(O)', 'compromise(O)', 'him(O)', '.(O)']",Yeltsin(B-Person) sent(O) him(O) there(O) to(O) compromise(O) him(O) .(O),"Input: Yeltsin sent him there to compromise him .
Output: Yeltsin(B-Person) sent(O) him(O) there(O) to(O) compromise(O) him(O) .(O)"
1780,"['SYDNEY' '2,292.9' '+18.3' '2,326.00' '2,096.10']","['B-Location', 'O', 'O', 'O', 'O']","SYDNEY 2,292.9 +18.3 2,326.00 2,096.10","['SYDNEY(B-Location)', '2,292.9(O)', '+18.3(O)', '2,326.00(O)', '2,096.10(O)']","SYDNEY(B-Location) 2,292.9(O) +18.3(O) 2,326.00(O) 2,096.10(O)","Input: SYDNEY 2,292.9 +18.3 2,326.00 2,096.10
Output: SYDNEY(B-Location) 2,292.9(O) +18.3(O) 2,326.00(O) 2,096.10(O)"
7078,"['""' 'Edgar' 'is' 'a' 'tremendous' 'player' 'right' 'now' ',' '""' 'said'
 'Florida' 'manager' 'John' 'Boles' '.' '""']","['O', 'B-Person', 'O', 'O', 'O', 'O', 'O', 'O', 'O', 'O', 'O', 'B-Organization', 'O', 'B-Person', 'I-Person', 'O', 'O']",""" Edgar is a tremendous player right now , "" said Florida manager John Boles . ""","['""(O)', 'Edgar(B-Person)', 'is(O)', 'a(O)', 'tremendous(O)', 'player(O)', 'right(O)', 'now(O)', ',(O)', '""(O)', 'said(O)', 'Florida(B-Organization)', 'manager(O)', 'John(B-Person)', 'Boles(I-Person)', '.(O)', '""(O)']","""(O) Edgar(B-Person) is(O) a(O) tremendous(O) player(O) right(O) now(O) ,(O) ""(O) said(O) Florida(B-Organization) manager(O) John(B-Person) Boles(I-Person) .(O) ""(O)","Input: "" Edgar is a tremendous player right now , "" said Florida manager John Boles . ""
Output: ""(O) Edgar(B-Person) is(O) a(O) tremendous(O) player(O) right(O) now(O) ,(O) ""(O) said(O) Florida(B-Organization) manager(O) John(B-Person) Boles(I-Person) .(O) ""(O)"
12702,"['The' 'announcement' 'came' '24' 'hours' 'after' 'the' 'team' 'from'
 'the' 'French' 'Riviera' 'lost' 'at' 'home' 'to' 'Guingamp' '2-1' 'in'
 'a' 'league' 'match' '.']","['O', 'O', 'O', 'O', 'O', 'O', 'O', 'O', 'O', 'O', 'B-Location', 'I-Location', 'O', 'O', 'O', 'O', 'B-Organization', 'O', 'O', 'O', 'O', 'O', 'O']",The announcement came 24 hours after the team from the French Riviera lost at home to Guingamp 2-1 in a league match .,"['The(O)', 'announcement(O)', 'came(O)', '24(O)', 'hours(O)', 'after(O)', 'the(O)', 'team(O)', 'from(O)', 'the(O)', 'French(B-Location)', 'Riviera(I-Location)', 'lost(O)', 'at(O)', 'home(O)', 'to(O)', 'Guingamp(B-Organization)', '2-1(O)', 'in(O)', 'a(O)', 'league(O)', 'match(O)', '.(O)']",The(O) announcement(O) came(O) 24(O) hours(O) after(O) the(O) team(O) from(O) the(O) French(B-Location) Riviera(I-Location) lost(O) at(O) home(O) to(O) Guingamp(B-Organization) 2-1(O) in(O) a(O) league(O) match(O) .(O),"Input: The announcement came 24 hours after the team from the French Riviera lost at home to Guingamp 2-1 in a league match .
Output: The(O) announcement(O) came(O) 24(O) hours(O) after(O) the(O) team(O) from(O) the(O) French(B-Location) Riviera(I-Location) lost(O) at(O) home(O) to(O) Guingamp(B-Organization) 2-1(O) in(O) a(O) league(O) match(O) .(O)"
6112,"['To' 'get' 'those' 'results' ',' '27' 'percent' 'of' 'the' 'companies'
 'surveyed' 'plan' 'to' 'eliminate' 'base' 'pay' 'increases' 'in' 'favour'
 'of' 'cash' 'bonuses' 'and' 'incentives' ',' 'such' 'as' 'employee' 'and'
 'team' 'award' 'programmes' 'and' 'education' '.']","['O', 'O', 'O', 'O', 'O', 'O', 'O', 'O', 'O', 'O', 'O', 'O', 'O', 'O', 'O', 'O', 'O', 'O', 'O', 'O', 'O', 'O', 'O', 'O', 'O', 'O', 'O', 'O', 'O', 'O', 'O', 'O', 'O', 'O', 'O']","To get those results , 27 percent of the companies surveyed plan to eliminate base pay increases in favour of cash bonuses and incentives , such as employee and team award programmes and education .","['To(O)', 'get(O)', 'those(O)', 'results(O)', ',(O)', '27(O)', 'percent(O)', 'of(O)', 'the(O)', 'companies(O)', 'surveyed(O)', 'plan(O)', 'to(O)', 'eliminate(O)', 'base(O)', 'pay(O)', 'increases(O)', 'in(O)', 'favour(O)', 'of(O)', 'cash(O)', 'bonuses(O)', 'and(O)', 'incentives(O)', ',(O)', 'such(O)', 'as(O)', 'employee(O)', 'and(O)', 'team(O)', 'award(O)', 'programmes(O)', 'and(O)', 'education(O)', '.(O)']","To(O) get(O) those(O) results(O) ,(O) 27(O) percent(O) of(O) the(O) companies(O) surveyed(O) plan(O) to(O) eliminate(O) base(O) pay(O) increases(O) in(O) favour(O) of(O) cash(O) bonuses(O) and(O) incentives(O) ,(O) such(O) as(O) employee(O) and(O) team(O) award(O) programmes(O) and(O) education(O) .(O)","Input: To get those results , 27 percent of the companies surveyed plan to eliminate base pay increases in favour of cash bonuses and incentives , such as employee and team award programmes and education .
Output: To(O) get(O) those(O) results(O) ,(O) 27(O) percent(O) of(O) the(O) companies(O) surveyed(O) plan(O) to(O) eliminate(O) base(O) pay(O) increases(O) in(O) favour(O) of(O) cash(O) bonuses(O) and(O) incentives(O) ,(O) such(O) as(O) employee(O) and(O) team(O) award(O) programmes(O) and(O) education(O) .(O)"
12953,"['""' 'In' 'the' 'name' 'of' 'Jesus' ',' 'we' 'want' 'to' 'bring' 'your'
 'attention' 'to' 'what' 'is' 'going' 'on' 'in' 'the' 'Brazilian'
 'countryside' ',' '""' 'two' 'church' 'umbrella' 'groups' 'said' 'in' 'a'
 'Letter' 'to' 'the' 'Brazilian' 'People' '.']","['O', 'O', 'O', 'O', 'O', 'B-Person', 'O', 'O', 'O', 'O', 'O', 'O', 'O', 'O', 'O', 'O', 'O', 'O', 'O', 'O', 'B-Miscellaneous', 'O', 'O', 'O', 'O', 'O', 'O', 'O', 'O', 'O', 'O', 'O', 'O', 'O', 'B-Miscellaneous', 'O', 'O']",""" In the name of Jesus , we want to bring your attention to what is going on in the Brazilian countryside , "" two church umbrella groups said in a Letter to the Brazilian People .","['""(O)', 'In(O)', 'the(O)', 'name(O)', 'of(O)', 'Jesus(B-Person)', ',(O)', 'we(O)', 'want(O)', 'to(O)', 'bring(O)', 'your(O)', 'attention(O)', 'to(O)', 'what(O)', 'is(O)', 'going(O)', 'on(O)', 'in(O)', 'the(O)', 'Brazilian(B-Miscellaneous)', 'countryside(O)', ',(O)', '""(O)', 'two(O)', 'church(O)', 'umbrella(O)', 'groups(O)', 'said(O)', 'in(O)', 'a(O)', 'Letter(O)', 'to(O)', 'the(O)', 'Brazilian(B-Miscellaneous)', 'People(O)', '.(O)']","""(O) In(O) the(O) name(O) of(O) Jesus(B-Person) ,(O) we(O) want(O) to(O) bring(O) your(O) attention(O) to(O) what(O) is(O) going(O) on(O) in(O) the(O) Brazilian(B-Miscellaneous) countryside(O) ,(O) ""(O) two(O) church(O) umbrella(O) groups(O) said(O) in(O) a(O) Letter(O) to(O) the(O) Brazilian(B-Miscellaneous) People(O) .(O)","Input: "" In the name of Jesus , we want to bring your attention to what is going on in the Brazilian countryside , "" two church umbrella groups said in a Letter to the Brazilian People .
Output: ""(O) In(O) the(O) name(O) of(O) Jesus(B-Person) ,(O) we(O) want(O) to(O) bring(O) your(O) attention(O) to(O) what(O) is(O) going(O) on(O) in(O) the(O) Brazilian(B-Miscellaneous) countryside(O) ,(O) ""(O) two(O) church(O) umbrella(O) groups(O) said(O) in(O) a(O) Letter(O) to(O) the(O) Brazilian(B-Miscellaneous) People(O) .(O)"
4996,['Wasim' 'Akram' 'st' 'Stewart' 'b' 'Croft' '40'],"['B-Person', 'I-Person', 'O', 'B-Person', 'O', 'B-Person', 'O']",Wasim Akram st Stewart b Croft 40,"['Wasim(B-Person)', 'Akram(I-Person)', 'st(O)', 'Stewart(B-Person)', 'b(O)', 'Croft(B-Person)', '40(O)']",Wasim(B-Person) Akram(I-Person) st(O) Stewart(B-Person) b(O) Croft(B-Person) 40(O),"Input: Wasim Akram st Stewart b Croft 40
Output: Wasim(B-Person) Akram(I-Person) st(O) Stewart(B-Person) b(O) Croft(B-Person) 40(O)"
9390,['French' 'shares' 'end' 'fractionally' 'weaker' '.'],"['B-Miscellaneous', 'O', 'O', 'O', 'O', 'O']",French shares end fractionally weaker .,"['French(B-Miscellaneous)', 'shares(O)', 'end(O)', 'fractionally(O)', 'weaker(O)', '.(O)']",French(B-Miscellaneous) shares(O) end(O) fractionally(O) weaker(O) .(O),"Input: French shares end fractionally weaker .
Output: French(B-Miscellaneous) shares(O) end(O) fractionally(O) weaker(O) .(O)"
4549,"['Sunday' 'after' '23' 'special' 'stages' 'in' 'the' '1,000' 'Lakes'
 'Rally' ',' 'sixth']","['O', 'O', 'O', 'O', 'O', 'O', 'O', 'B-Miscellaneous', 'I-Miscellaneous', 'I-Miscellaneous', 'O', 'O']","Sunday after 23 special stages in the 1,000 Lakes Rally , sixth","['Sunday(O)', 'after(O)', '23(O)', 'special(O)', 'stages(O)', 'in(O)', 'the(O)', '1,000(B-Miscellaneous)', 'Lakes(I-Miscellaneous)', 'Rally(I-Miscellaneous)', ',(O)', 'sixth(O)']","Sunday(O) after(O) 23(O) special(O) stages(O) in(O) the(O) 1,000(B-Miscellaneous) Lakes(I-Miscellaneous) Rally(I-Miscellaneous) ,(O) sixth(O)","Input: Sunday after 23 special stages in the 1,000 Lakes Rally , sixth
Output: Sunday(O) after(O) 23(O) special(O) stages(O) in(O) the(O) 1,000(B-Miscellaneous) Lakes(I-Miscellaneous) Rally(I-Miscellaneous) ,(O) sixth(O)"
3487,['+1' 'Ernie' 'Els' '(' 'South' 'Africa' ')' 'through' '8'],"['O', 'B-Person', 'I-Person', 'O', 'B-Location', 'I-Location', 'O', 'O', 'O']",+1 Ernie Els ( South Africa ) through 8,"['+1(O)', 'Ernie(B-Person)', 'Els(I-Person)', '((O)', 'South(B-Location)', 'Africa(I-Location)', ')(O)', 'through(O)', '8(O)']",+1(O) Ernie(B-Person) Els(I-Person) ((O) South(B-Location) Africa(I-Location) )(O) through(O) 8(O),"Input: +1 Ernie Els ( South Africa ) through 8
Output: +1(O) Ernie(B-Person) Els(I-Person) ((O) South(B-Location) Africa(I-Location) )(O) through(O) 8(O)"
9592,"['We' 'now' 'have' 'the' 'opportunity' 'to' 'realize' 'the' 'potential'
 'of' 'Arequipa' ""'s"" 'excellent' 'assets' ',' '""' 'Barrick' 'chairman'
 'and' 'chief' 'executive' 'Peter' 'Munk' 'said' 'in' 'a' 'statement' '.']","['O', 'O', 'O', 'O', 'O', 'O', 'O', 'O', 'O', 'O', 'B-Organization', 'O', 'O', 'O', 'O', 'O', 'B-Organization', 'O', 'O', 'O', 'O', 'B-Person', 'I-Person', 'O', 'O', 'O', 'O', 'O']","We now have the opportunity to realize the potential of Arequipa 's excellent assets , "" Barrick chairman and chief executive Peter Munk said in a statement .","['We(O)', 'now(O)', 'have(O)', 'the(O)', 'opportunity(O)', 'to(O)', 'realize(O)', 'the(O)', 'potential(O)', 'of(O)', 'Arequipa(B-Organization)', ""'s(O)"", 'excellent(O)', 'assets(O)', ',(O)', '""(O)', 'Barrick(B-Organization)', 'chairman(O)', 'and(O)', 'chief(O)', 'executive(O)', 'Peter(B-Person)', 'Munk(I-Person)', 'said(O)', 'in(O)', 'a(O)', 'statement(O)', '.(O)']","We(O) now(O) have(O) the(O) opportunity(O) to(O) realize(O) the(O) potential(O) of(O) Arequipa(B-Organization) 's(O) excellent(O) assets(O) ,(O) ""(O) Barrick(B-Organization) chairman(O) and(O) chief(O) executive(O) Peter(B-Person) Munk(I-Person) said(O) in(O) a(O) statement(O) .(O)","Input: We now have the opportunity to realize the potential of Arequipa 's excellent assets , "" Barrick chairman and chief executive Peter Munk said in a statement .
Output: We(O) now(O) have(O) the(O) opportunity(O) to(O) realize(O) the(O) potential(O) of(O) Arequipa(B-Organization) 's(O) excellent(O) assets(O) ,(O) ""(O) Barrick(B-Organization) chairman(O) and(O) chief(O) executive(O) Peter(B-Person) Munk(I-Person) said(O) in(O) a(O) statement(O) .(O)"
2078,['EASTERN' 'DIVISION'],"['B-Miscellaneous', 'I-Miscellaneous']",EASTERN DIVISION,"['EASTERN(B-Miscellaneous)', 'DIVISION(I-Miscellaneous)']",EASTERN(B-Miscellaneous) DIVISION(I-Miscellaneous),"Input: EASTERN DIVISION
Output: EASTERN(B-Miscellaneous) DIVISION(I-Miscellaneous)"
3824,['Major' 'League' 'Baseball'],"['B-Miscellaneous', 'I-Miscellaneous', 'I-Miscellaneous']",Major League Baseball,"['Major(B-Miscellaneous)', 'League(I-Miscellaneous)', 'Baseball(I-Miscellaneous)']",Major(B-Miscellaneous) League(I-Miscellaneous) Baseball(I-Miscellaneous),"Input: Major League Baseball
Output: Major(B-Miscellaneous) League(I-Miscellaneous) Baseball(I-Miscellaneous)"
274,['BUSINESS' 'PAGES'],"['O', 'O']",BUSINESS PAGES,"['BUSINESS(O)', 'PAGES(O)']",BUSINESS(O) PAGES(O),"Input: BUSINESS PAGES
Output: BUSINESS(O) PAGES(O)"
10079,['4.' 'Teutenberg' '4' 'seconds'],"['O', 'B-Person', 'O', 'O']",4. Teutenberg 4 seconds,"['4.(O)', 'Teutenberg(B-Person)', '4(O)', 'seconds(O)']",4.(O) Teutenberg(B-Person) 4(O) seconds(O),"Input: 4. Teutenberg 4 seconds
Output: 4.(O) Teutenberg(B-Person) 4(O) seconds(O)"
3845,['CALIFORNIA' '60' '68' '.469' '13' '1/2'],"['B-Organization', 'O', 'O', 'O', 'O', 'O']",CALIFORNIA 60 68 .469 13 1/2,"['CALIFORNIA(B-Organization)', '60(O)', '68(O)', '.469(O)', '13(O)', '1/2(O)']",CALIFORNIA(B-Organization) 60(O) 68(O) .469(O) 13(O) 1/2(O),"Input: CALIFORNIA 60 68 .469 13 1/2
Output: CALIFORNIA(B-Organization) 60(O) 68(O) .469(O) 13(O) 1/2(O)"
10124,['5.' 'Michael' 'Hubner' '(' 'Germany' ')'],"['O', 'B-Person', 'I-Person', 'O', 'B-Location', 'O']",5. Michael Hubner ( Germany ),"['5.(O)', 'Michael(B-Person)', 'Hubner(I-Person)', '((O)', 'Germany(B-Location)', ')(O)']",5.(O) Michael(B-Person) Hubner(I-Person) ((O) Germany(B-Location) )(O),"Input: 5. Michael Hubner ( Germany )
Output: 5.(O) Michael(B-Person) Hubner(I-Person) ((O) Germany(B-Location) )(O)"
1414,"['Machado' ""'s"" 'publicists' 'said' 'on' 'Thursday' 'she' 'was'
 'scheduled' 'to' 'stay' 'in' 'Los' 'Angeles' 'for' 'promotional' 'work'
 'with' 'sponsors' 'before' 'returning' 'to' 'Venezuela' 'on' 'Sept' '.']","['B-Person', 'O', 'O', 'O', 'O', 'O', 'O', 'O', 'O', 'O', 'O', 'O', 'B-Location', 'I-Location', 'O', 'O', 'O', 'O', 'O', 'O', 'O', 'O', 'B-Location', 'O', 'O', 'O']",Machado 's publicists said on Thursday she was scheduled to stay in Los Angeles for promotional work with sponsors before returning to Venezuela on Sept .,"['Machado(B-Person)', ""'s(O)"", 'publicists(O)', 'said(O)', 'on(O)', 'Thursday(O)', 'she(O)', 'was(O)', 'scheduled(O)', 'to(O)', 'stay(O)', 'in(O)', 'Los(B-Location)', 'Angeles(I-Location)', 'for(O)', 'promotional(O)', 'work(O)', 'with(O)', 'sponsors(O)', 'before(O)', 'returning(O)', 'to(O)', 'Venezuela(B-Location)', 'on(O)', 'Sept(O)', '.(O)']",Machado(B-Person) 's(O) publicists(O) said(O) on(O) Thursday(O) she(O) was(O) scheduled(O) to(O) stay(O) in(O) Los(B-Location) Angeles(I-Location) for(O) promotional(O) work(O) with(O) sponsors(O) before(O) returning(O) to(O) Venezuela(B-Location) on(O) Sept(O) .(O),"Input: Machado 's publicists said on Thursday she was scheduled to stay in Los Angeles for promotional work with sponsors before returning to Venezuela on Sept .
Output: Machado(B-Person) 's(O) publicists(O) said(O) on(O) Thursday(O) she(O) was(O) scheduled(O) to(O) stay(O) in(O) Los(B-Location) Angeles(I-Location) for(O) promotional(O) work(O) with(O) sponsors(O) before(O) returning(O) to(O) Venezuela(B-Location) on(O) Sept(O) .(O)"
11339,"['Council' 'speaker' 'Ahmed' 'Korei' 'said' 'the' 'decision' 'was' 'part'
 'of' 'a' 'comprehensive' 'plan' 'to' 'confront' 'Israeli' 'settlement'
 'policy' ',' 'land' 'confiscation' 'and' 'what' 'he' 'termed' 'other'
 'violations' 'of' 'the' 'Israeli-PLO' 'peace' 'deals' '.']","['O', 'O', 'B-Person', 'I-Person', 'O', 'O', 'O', 'O', 'O', 'O', 'O', 'O', 'O', 'O', 'O', 'B-Miscellaneous', 'O', 'O', 'O', 'O', 'O', 'O', 'O', 'O', 'O', 'O', 'O', 'O', 'O', 'B-Miscellaneous', 'O', 'O', 'O']","Council speaker Ahmed Korei said the decision was part of a comprehensive plan to confront Israeli settlement policy , land confiscation and what he termed other violations of the Israeli-PLO peace deals .","['Council(O)', 'speaker(O)', 'Ahmed(B-Person)', 'Korei(I-Person)', 'said(O)', 'the(O)', 'decision(O)', 'was(O)', 'part(O)', 'of(O)', 'a(O)', 'comprehensive(O)', 'plan(O)', 'to(O)', 'confront(O)', 'Israeli(B-Miscellaneous)', 'settlement(O)', 'policy(O)', ',(O)', 'land(O)', 'confiscation(O)', 'and(O)', 'what(O)', 'he(O)', 'termed(O)', 'other(O)', 'violations(O)', 'of(O)', 'the(O)', 'Israeli-PLO(B-Miscellaneous)', 'peace(O)', 'deals(O)', '.(O)']","Council(O) speaker(O) Ahmed(B-Person) Korei(I-Person) said(O) the(O) decision(O) was(O) part(O) of(O) a(O) comprehensive(O) plan(O) to(O) confront(O) Israeli(B-Miscellaneous) settlement(O) policy(O) ,(O) land(O) confiscation(O) and(O) what(O) he(O) termed(O) other(O) violations(O) of(O) the(O) Israeli-PLO(B-Miscellaneous) peace(O) deals(O) .(O)","Input: Council speaker Ahmed Korei said the decision was part of a comprehensive plan to confront Israeli settlement policy , land confiscation and what he termed other violations of the Israeli-PLO peace deals .
Output: Council(O) speaker(O) Ahmed(B-Person) Korei(I-Person) said(O) the(O) decision(O) was(O) part(O) of(O) a(O) comprehensive(O) plan(O) to(O) confront(O) Israeli(B-Miscellaneous) settlement(O) policy(O) ,(O) land(O) confiscation(O) and(O) what(O) he(O) termed(O) other(O) violations(O) of(O) the(O) Israeli-PLO(B-Miscellaneous) peace(O) deals(O) .(O)"
11763,['Proj' '.'],"['O', 'O']",Proj .,"['Proj(O)', '.(O)']",Proj(O) .(O),"Input: Proj .
Output: Proj(O) .(O)"
2048,"['But' 'new' 'Springbok' 'skipper' 'Gary' 'Teichmann' 'has' 'recovered'
 'from' 'a' 'bruised' 'thigh' 'and' 'is' 'ready' 'to' 'play' ',' 'coach'
 'Andre' 'Markgraaff' 'said' '.']","['O', 'O', 'B-Organization', 'O', 'B-Person', 'I-Person', 'O', 'O', 'O', 'O', 'O', 'O', 'O', 'O', 'O', 'O', 'O', 'O', 'O', 'B-Person', 'I-Person', 'O', 'O']","But new Springbok skipper Gary Teichmann has recovered from a bruised thigh and is ready to play , coach Andre Markgraaff said .","['But(O)', 'new(O)', 'Springbok(B-Organization)', 'skipper(O)', 'Gary(B-Person)', 'Teichmann(I-Person)', 'has(O)', 'recovered(O)', 'from(O)', 'a(O)', 'bruised(O)', 'thigh(O)', 'and(O)', 'is(O)', 'ready(O)', 'to(O)', 'play(O)', ',(O)', 'coach(O)', 'Andre(B-Person)', 'Markgraaff(I-Person)', 'said(O)', '.(O)']","But(O) new(O) Springbok(B-Organization) skipper(O) Gary(B-Person) Teichmann(I-Person) has(O) recovered(O) from(O) a(O) bruised(O) thigh(O) and(O) is(O) ready(O) to(O) play(O) ,(O) coach(O) Andre(B-Person) Markgraaff(I-Person) said(O) .(O)","Input: But new Springbok skipper Gary Teichmann has recovered from a bruised thigh and is ready to play , coach Andre Markgraaff said .
Output: But(O) new(O) Springbok(B-Organization) skipper(O) Gary(B-Person) Teichmann(I-Person) has(O) recovered(O) from(O) a(O) bruised(O) thigh(O) and(O) is(O) ready(O) to(O) play(O) ,(O) coach(O) Andre(B-Person) Markgraaff(I-Person) said(O) .(O)"
2720,['DUBLIN' '1996-08-23'],"['B-Location', 'O']",DUBLIN 1996-08-23,"['DUBLIN(B-Location)', '1996-08-23(O)']",DUBLIN(B-Location) 1996-08-23(O),"Input: DUBLIN 1996-08-23
Output: DUBLIN(B-Location) 1996-08-23(O)"
6798,['Estudiantes' '2' 'Boca' 'Juniors' '3'],"['B-Organization', 'O', 'B-Organization', 'I-Organization', 'O']",Estudiantes 2 Boca Juniors 3,"['Estudiantes(B-Organization)', '2(O)', 'Boca(B-Organization)', 'Juniors(I-Organization)', '3(O)']",Estudiantes(B-Organization) 2(O) Boca(B-Organization) Juniors(I-Organization) 3(O),"Input: Estudiantes 2 Boca Juniors 3
Output: Estudiantes(B-Organization) 2(O) Boca(B-Organization) Juniors(I-Organization) 3(O)"
538,"['Attendance' ':' '5,000']","['O', 'O', 'O']","Attendance : 5,000","['Attendance(O)', ':(O)', '5,000(O)']","Attendance(O) :(O) 5,000(O)","Input: Attendance : 5,000
Output: Attendance(O) :(O) 5,000(O)"
10373,"['""' 'At' 'the' 'beginning' 'of' 'the' 'year' 'we' 'started' 'from' 'zero'
 ',' '""' 'said' 'Medvedev' '.' '""']","['O', 'O', 'O', 'O', 'O', 'O', 'O', 'O', 'O', 'O', 'O', 'O', 'O', 'O', 'B-Person', 'O', 'O']",""" At the beginning of the year we started from zero , "" said Medvedev . ""","['""(O)', 'At(O)', 'the(O)', 'beginning(O)', 'of(O)', 'the(O)', 'year(O)', 'we(O)', 'started(O)', 'from(O)', 'zero(O)', ',(O)', '""(O)', 'said(O)', 'Medvedev(B-Person)', '.(O)', '""(O)']","""(O) At(O) the(O) beginning(O) of(O) the(O) year(O) we(O) started(O) from(O) zero(O) ,(O) ""(O) said(O) Medvedev(B-Person) .(O) ""(O)","Input: "" At the beginning of the year we started from zero , "" said Medvedev . ""
Output: ""(O) At(O) the(O) beginning(O) of(O) the(O) year(O) we(O) started(O) from(O) zero(O) ,(O) ""(O) said(O) Medvedev(B-Person) .(O) ""(O)"
7363,['SOFIA' '1996-08-26'],"['B-Location', 'O']",SOFIA 1996-08-26,"['SOFIA(B-Location)', '1996-08-26(O)']",SOFIA(B-Location) 1996-08-26(O),"Input: SOFIA 1996-08-26
Output: SOFIA(B-Location) 1996-08-26(O)"
51,"['Third' 'was' 'Ford' 'with' '35,563' 'registrations' ',' 'or' '11.7'
 'percent' '.']","['O', 'O', 'B-Organization', 'O', 'O', 'O', 'O', 'O', 'O', 'O', 'O']","Third was Ford with 35,563 registrations , or 11.7 percent .","['Third(O)', 'was(O)', 'Ford(B-Organization)', 'with(O)', '35,563(O)', 'registrations(O)', ',(O)', 'or(O)', '11.7(O)', 'percent(O)', '.(O)']","Third(O) was(O) Ford(B-Organization) with(O) 35,563(O) registrations(O) ,(O) or(O) 11.7(O) percent(O) .(O)","Input: Third was Ford with 35,563 registrations , or 11.7 percent .
Output: Third(O) was(O) Ford(B-Organization) with(O) 35,563(O) registrations(O) ,(O) or(O) 11.7(O) percent(O) .(O)"
13349,['Slough' 'Estates' 'helps' 'lift' 'property' 'sector' '.'],"['B-Organization', 'I-Organization', 'O', 'O', 'O', 'O', 'O']",Slough Estates helps lift property sector .,"['Slough(B-Organization)', 'Estates(I-Organization)', 'helps(O)', 'lift(O)', 'property(O)', 'sector(O)', '.(O)']",Slough(B-Organization) Estates(I-Organization) helps(O) lift(O) property(O) sector(O) .(O),"Input: Slough Estates helps lift property sector .
Output: Slough(B-Organization) Estates(I-Organization) helps(O) lift(O) property(O) sector(O) .(O)"
4725,['Result' 'of'],"['O', 'O']",Result of,"['Result(O)', 'of(O)']",Result(O) of(O),"Input: Result of
Output: Result(O) of(O)"
11831,"['The' 'pair' ',' 'identified' 'only' 'as' '43-year-old' 'clerk' 'Dieter'
 'U' 'and' 'businessman' 'Thomas' 'S' ',' '33' ',' 'are' 'alleged' 'to'
 'have' 'carried' 'out' 'acts' 'of' 'sexual' 'indecency' 'with' 'children'
 'as' 'young' 'as' '10' 'years' 'old' 'between' '1994' 'and' '1995' '.']","['O', 'O', 'O', 'O', 'O', 'O', 'O', 'O', 'B-Person', 'I-Person', 'O', 'O', 'B-Person', 'I-Person', 'O', 'O', 'O', 'O', 'O', 'O', 'O', 'O', 'O', 'O', 'O', 'O', 'O', 'O', 'O', 'O', 'O', 'O', 'O', 'O', 'O', 'O', 'O', 'O', 'O', 'O']","The pair , identified only as 43-year-old clerk Dieter U and businessman Thomas S , 33 , are alleged to have carried out acts of sexual indecency with children as young as 10 years old between 1994 and 1995 .","['The(O)', 'pair(O)', ',(O)', 'identified(O)', 'only(O)', 'as(O)', '43-year-old(O)', 'clerk(O)', 'Dieter(B-Person)', 'U(I-Person)', 'and(O)', 'businessman(O)', 'Thomas(B-Person)', 'S(I-Person)', ',(O)', '33(O)', ',(O)', 'are(O)', 'alleged(O)', 'to(O)', 'have(O)', 'carried(O)', 'out(O)', 'acts(O)', 'of(O)', 'sexual(O)', 'indecency(O)', 'with(O)', 'children(O)', 'as(O)', 'young(O)', 'as(O)', '10(O)', 'years(O)', 'old(O)', 'between(O)', '1994(O)', 'and(O)', '1995(O)', '.(O)']","The(O) pair(O) ,(O) identified(O) only(O) as(O) 43-year-old(O) clerk(O) Dieter(B-Person) U(I-Person) and(O) businessman(O) Thomas(B-Person) S(I-Person) ,(O) 33(O) ,(O) are(O) alleged(O) to(O) have(O) carried(O) out(O) acts(O) of(O) sexual(O) indecency(O) with(O) children(O) as(O) young(O) as(O) 10(O) years(O) old(O) between(O) 1994(O) and(O) 1995(O) .(O)","Input: The pair , identified only as 43-year-old clerk Dieter U and businessman Thomas S , 33 , are alleged to have carried out acts of sexual indecency with children as young as 10 years old between 1994 and 1995 .
Output: The(O) pair(O) ,(O) identified(O) only(O) as(O) 43-year-old(O) clerk(O) Dieter(B-Person) U(I-Person) and(O) businessman(O) Thomas(B-Person) S(I-Person) ,(O) 33(O) ,(O) are(O) alleged(O) to(O) have(O) carried(O) out(O) acts(O) of(O) sexual(O) indecency(O) with(O) children(O) as(O) young(O) as(O) 10(O) years(O) old(O) between(O) 1994(O) and(O) 1995(O) .(O)"
1935,"['out' ',' 'M.' 'Dowman' '107' ')' 'v' 'Surrey' '.']","['O', 'O', 'B-Person', 'I-Person', 'O', 'O', 'O', 'B-Organization', 'O']","out , M. Dowman 107 ) v Surrey .","['out(O)', ',(O)', 'M.(B-Person)', 'Dowman(I-Person)', '107(O)', ')(O)', 'v(O)', 'Surrey(B-Organization)', '.(O)']","out(O) ,(O) M.(B-Person) Dowman(I-Person) 107(O) )(O) v(O) Surrey(B-Organization) .(O)","Input: out , M. Dowman 107 ) v Surrey .
Output: out(O) ,(O) M.(B-Person) Dowman(I-Person) 107(O) )(O) v(O) Surrey(B-Organization) .(O)"
8765,"['But' 'the' 'spokesman' 'said' 'subsequent' 'tests' 'in' 'Cologne'
 'proved' 'his' 'body' 'produced' 'higher-than-average' 'testosterone'
 'levels' 'naturally' '.']","['O', 'O', 'O', 'O', 'O', 'O', 'O', 'B-Location', 'O', 'O', 'O', 'O', 'O', 'O', 'O', 'O', 'O']",But the spokesman said subsequent tests in Cologne proved his body produced higher-than-average testosterone levels naturally .,"['But(O)', 'the(O)', 'spokesman(O)', 'said(O)', 'subsequent(O)', 'tests(O)', 'in(O)', 'Cologne(B-Location)', 'proved(O)', 'his(O)', 'body(O)', 'produced(O)', 'higher-than-average(O)', 'testosterone(O)', 'levels(O)', 'naturally(O)', '.(O)']",But(O) the(O) spokesman(O) said(O) subsequent(O) tests(O) in(O) Cologne(B-Location) proved(O) his(O) body(O) produced(O) higher-than-average(O) testosterone(O) levels(O) naturally(O) .(O),"Input: But the spokesman said subsequent tests in Cologne proved his body produced higher-than-average testosterone levels naturally .
Output: But(O) the(O) spokesman(O) said(O) subsequent(O) tests(O) in(O) Cologne(B-Location) proved(O) his(O) body(O) produced(O) higher-than-average(O) testosterone(O) levels(O) naturally(O) .(O)"
3432,['TENNIS' '-' 'RESULTS' 'AT' 'TOSHIBA' 'CLASSIC' '.'],"['O', 'O', 'O', 'O', 'B-Miscellaneous', 'I-Miscellaneous', 'O']",TENNIS - RESULTS AT TOSHIBA CLASSIC .,"['TENNIS(O)', '-(O)', 'RESULTS(O)', 'AT(O)', 'TOSHIBA(B-Miscellaneous)', 'CLASSIC(I-Miscellaneous)', '.(O)']",TENNIS(O) -(O) RESULTS(O) AT(O) TOSHIBA(B-Miscellaneous) CLASSIC(I-Miscellaneous) .(O),"Input: TENNIS - RESULTS AT TOSHIBA CLASSIC .
Output: TENNIS(O) -(O) RESULTS(O) AT(O) TOSHIBA(B-Miscellaneous) CLASSIC(I-Miscellaneous) .(O)"
9004,"['If' 'the' 'third' 'vote' 'fails' 'to' 'give' 'either' 'Meri' 'or'
 'Ruutel' '68' 'votes' ',' 'the' 'parliamentary' 'speaker' 'will'
 'convene' 'an' 'electoral' 'college' 'of' '101' 'MPs' 'and' '273' 'local'
 'goverment' 'representatives' 'to' 'hold' 'a' 'new' 'poll' 'that' 'could'
 'include' 'new' 'nominations' '.']","['O', 'O', 'O', 'O', 'O', 'O', 'O', 'O', 'B-Person', 'O', 'B-Person', 'O', 'O', 'O', 'O', 'O', 'O', 'O', 'O', 'O', 'O', 'O', 'O', 'O', 'O', 'O', 'O', 'O', 'O', 'O', 'O', 'O', 'O', 'O', 'O', 'O', 'O', 'O', 'O', 'O', 'O']","If the third vote fails to give either Meri or Ruutel 68 votes , the parliamentary speaker will convene an electoral college of 101 MPs and 273 local goverment representatives to hold a new poll that could include new nominations .","['If(O)', 'the(O)', 'third(O)', 'vote(O)', 'fails(O)', 'to(O)', 'give(O)', 'either(O)', 'Meri(B-Person)', 'or(O)', 'Ruutel(B-Person)', '68(O)', 'votes(O)', ',(O)', 'the(O)', 'parliamentary(O)', 'speaker(O)', 'will(O)', 'convene(O)', 'an(O)', 'electoral(O)', 'college(O)', 'of(O)', '101(O)', 'MPs(O)', 'and(O)', '273(O)', 'local(O)', 'goverment(O)', 'representatives(O)', 'to(O)', 'hold(O)', 'a(O)', 'new(O)', 'poll(O)', 'that(O)', 'could(O)', 'include(O)', 'new(O)', 'nominations(O)', '.(O)']","If(O) the(O) third(O) vote(O) fails(O) to(O) give(O) either(O) Meri(B-Person) or(O) Ruutel(B-Person) 68(O) votes(O) ,(O) the(O) parliamentary(O) speaker(O) will(O) convene(O) an(O) electoral(O) college(O) of(O) 101(O) MPs(O) and(O) 273(O) local(O) goverment(O) representatives(O) to(O) hold(O) a(O) new(O) poll(O) that(O) could(O) include(O) new(O) nominations(O) .(O)","Input: If the third vote fails to give either Meri or Ruutel 68 votes , the parliamentary speaker will convene an electoral college of 101 MPs and 273 local goverment representatives to hold a new poll that could include new nominations .
Output: If(O) the(O) third(O) vote(O) fails(O) to(O) give(O) either(O) Meri(B-Person) or(O) Ruutel(B-Person) 68(O) votes(O) ,(O) the(O) parliamentary(O) speaker(O) will(O) convene(O) an(O) electoral(O) college(O) of(O) 101(O) MPs(O) and(O) 273(O) local(O) goverment(O) representatives(O) to(O) hold(O) a(O) new(O) poll(O) that(O) could(O) include(O) new(O) nominations(O) .(O)"
12237,"['3.' 'Vyacheslav' 'Ekimov' '(' 'Russia' ')' 'Rabobank' '29' 'seconds'
 'behind']","['O', 'B-Person', 'I-Person', 'O', 'B-Location', 'O', 'B-Organization', 'O', 'O', 'O']",3. Vyacheslav Ekimov ( Russia ) Rabobank 29 seconds behind,"['3.(O)', 'Vyacheslav(B-Person)', 'Ekimov(I-Person)', '((O)', 'Russia(B-Location)', ')(O)', 'Rabobank(B-Organization)', '29(O)', 'seconds(O)', 'behind(O)']",3.(O) Vyacheslav(B-Person) Ekimov(I-Person) ((O) Russia(B-Location) )(O) Rabobank(B-Organization) 29(O) seconds(O) behind(O),"Input: 3. Vyacheslav Ekimov ( Russia ) Rabobank 29 seconds behind
Output: 3.(O) Vyacheslav(B-Person) Ekimov(I-Person) ((O) Russia(B-Location) )(O) Rabobank(B-Organization) 29(O) seconds(O) behind(O)"
10450,['MILWAUKEE' 'AT' 'CHICAGO'],"['B-Organization', 'O', 'B-Location']",MILWAUKEE AT CHICAGO,"['MILWAUKEE(B-Organization)', 'AT(O)', 'CHICAGO(B-Location)']",MILWAUKEE(B-Organization) AT(O) CHICAGO(B-Location),"Input: MILWAUKEE AT CHICAGO
Output: MILWAUKEE(B-Organization) AT(O) CHICAGO(B-Location)"
2322,['6.' 'Nicoleta' 'Grasu' '(' 'Romania' ')' '61.36'],"['O', 'B-Person', 'I-Person', 'O', 'B-Location', 'O', 'O']",6. Nicoleta Grasu ( Romania ) 61.36,"['6.(O)', 'Nicoleta(B-Person)', 'Grasu(I-Person)', '((O)', 'Romania(B-Location)', ')(O)', '61.36(O)']",6.(O) Nicoleta(B-Person) Grasu(I-Person) ((O) Romania(B-Location) )(O) 61.36(O),"Input: 6. Nicoleta Grasu ( Romania ) 61.36
Output: 6.(O) Nicoleta(B-Person) Grasu(I-Person) ((O) Romania(B-Location) )(O) 61.36(O)"
548,['Nyva' 'qualified' 'on' 'away' 'goals' 'rule' '.'],"['B-Organization', 'O', 'O', 'O', 'O', 'O', 'O']",Nyva qualified on away goals rule .,"['Nyva(B-Organization)', 'qualified(O)', 'on(O)', 'away(O)', 'goals(O)', 'rule(O)', '.(O)']",Nyva(B-Organization) qualified(O) on(O) away(O) goals(O) rule(O) .(O),"Input: Nyva qualified on away goals rule .
Output: Nyva(B-Organization) qualified(O) on(O) away(O) goals(O) rule(O) .(O)"
5054,"['Squad' ':' 'Michael' 'Atherton' '(' 'captain' ')' ',' 'Alec' 'Stewart'
 ',' 'Graham' 'Thorpe' ',' 'Nick' 'Knight' ',' 'Graham' 'Lloyd' ','
 'Matthew' 'Maynard' ',' 'Ronnie' 'Irani' ',' 'Adam' 'Hollioake' ','
 'Robert' 'Croft' ',' 'Darren' 'Gough' ',' 'Peter' 'Martin' ',' 'Dean'
 'Headley' ',' 'Alan' 'Mullally' '.']","['O', 'O', 'B-Person', 'I-Person', 'O', 'O', 'O', 'O', 'B-Person', 'I-Person', 'O', 'B-Person', 'I-Person', 'O', 'B-Person', 'I-Person', 'O', 'B-Person', 'I-Person', 'O', 'B-Person', 'I-Person', 'O', 'B-Person', 'I-Person', 'O', 'B-Person', 'I-Person', 'O', 'B-Person', 'I-Person', 'O', 'B-Person', 'I-Person', 'O', 'B-Person', 'I-Person', 'O', 'B-Person', 'I-Person', 'O', 'B-Person', 'I-Person', 'O']","Squad : Michael Atherton ( captain ) , Alec Stewart , Graham Thorpe , Nick Knight , Graham Lloyd , Matthew Maynard , Ronnie Irani , Adam Hollioake , Robert Croft , Darren Gough , Peter Martin , Dean Headley , Alan Mullally .","['Squad(O)', ':(O)', 'Michael(B-Person)', 'Atherton(I-Person)', '((O)', 'captain(O)', ')(O)', ',(O)', 'Alec(B-Person)', 'Stewart(I-Person)', ',(O)', 'Graham(B-Person)', 'Thorpe(I-Person)', ',(O)', 'Nick(B-Person)', 'Knight(I-Person)', ',(O)', 'Graham(B-Person)', 'Lloyd(I-Person)', ',(O)', 'Matthew(B-Person)', 'Maynard(I-Person)', ',(O)', 'Ronnie(B-Person)', 'Irani(I-Person)', ',(O)', 'Adam(B-Person)', 'Hollioake(I-Person)', ',(O)', 'Robert(B-Person)', 'Croft(I-Person)', ',(O)', 'Darren(B-Person)', 'Gough(I-Person)', ',(O)', 'Peter(B-Person)', 'Martin(I-Person)', ',(O)', 'Dean(B-Person)', 'Headley(I-Person)', ',(O)', 'Alan(B-Person)', 'Mullally(I-Person)', '.(O)']","Squad(O) :(O) Michael(B-Person) Atherton(I-Person) ((O) captain(O) )(O) ,(O) Alec(B-Person) Stewart(I-Person) ,(O) Graham(B-Person) Thorpe(I-Person) ,(O) Nick(B-Person) Knight(I-Person) ,(O) Graham(B-Person) Lloyd(I-Person) ,(O) Matthew(B-Person) Maynard(I-Person) ,(O) Ronnie(B-Person) Irani(I-Person) ,(O) Adam(B-Person) Hollioake(I-Person) ,(O) Robert(B-Person) Croft(I-Person) ,(O) Darren(B-Person) Gough(I-Person) ,(O) Peter(B-Person) Martin(I-Person) ,(O) Dean(B-Person) Headley(I-Person) ,(O) Alan(B-Person) Mullally(I-Person) .(O)","Input: Squad : Michael Atherton ( captain ) , Alec Stewart , Graham Thorpe , Nick Knight , Graham Lloyd , Matthew Maynard , Ronnie Irani , Adam Hollioake , Robert Croft , Darren Gough , Peter Martin , Dean Headley , Alan Mullally .
Output: Squad(O) :(O) Michael(B-Person) Atherton(I-Person) ((O) captain(O) )(O) ,(O) Alec(B-Person) Stewart(I-Person) ,(O) Graham(B-Person) Thorpe(I-Person) ,(O) Nick(B-Person) Knight(I-Person) ,(O) Graham(B-Person) Lloyd(I-Person) ,(O) Matthew(B-Person) Maynard(I-Person) ,(O) Ronnie(B-Person) Irani(I-Person) ,(O) Adam(B-Person) Hollioake(I-Person) ,(O) Robert(B-Person) Croft(I-Person) ,(O) Darren(B-Person) Gough(I-Person) ,(O) Peter(B-Person) Martin(I-Person) ,(O) Dean(B-Person) Headley(I-Person) ,(O) Alan(B-Person) Mullally(I-Person) .(O)"
12033,"['Media' 'reports' 'say' 'that' 'at' 'most' '10' 'of' '23' 'Sakigake'
 'members' ',' 'joined' 'by' 'a' 'handful' 'of' 'Social' 'Democrats' ','
 'will' 'follow' 'Hatoyama' 'when' 'he' 'bolts' '--' 'far' 'short' 'of'
 'the' '50' 'lawmakers' 'needed' 'to' 'topple' 'Hashimoto' ""'s""
 'eight-month-old' 'government' '.']","['O', 'O', 'O', 'O', 'O', 'O', 'O', 'O', 'O', 'B-Organization', 'O', 'O', 'O', 'O', 'O', 'O', 'O', 'B-Miscellaneous', 'I-Miscellaneous', 'O', 'O', 'O', 'B-Person', 'O', 'O', 'O', 'O', 'O', 'O', 'O', 'O', 'O', 'O', 'O', 'O', 'O', 'B-Person', 'O', 'O', 'O', 'O']","Media reports say that at most 10 of 23 Sakigake members , joined by a handful of Social Democrats , will follow Hatoyama when he bolts -- far short of the 50 lawmakers needed to topple Hashimoto 's eight-month-old government .","['Media(O)', 'reports(O)', 'say(O)', 'that(O)', 'at(O)', 'most(O)', '10(O)', 'of(O)', '23(O)', 'Sakigake(B-Organization)', 'members(O)', ',(O)', 'joined(O)', 'by(O)', 'a(O)', 'handful(O)', 'of(O)', 'Social(B-Miscellaneous)', 'Democrats(I-Miscellaneous)', ',(O)', 'will(O)', 'follow(O)', 'Hatoyama(B-Person)', 'when(O)', 'he(O)', 'bolts(O)', '--(O)', 'far(O)', 'short(O)', 'of(O)', 'the(O)', '50(O)', 'lawmakers(O)', 'needed(O)', 'to(O)', 'topple(O)', 'Hashimoto(B-Person)', ""'s(O)"", 'eight-month-old(O)', 'government(O)', '.(O)']","Media(O) reports(O) say(O) that(O) at(O) most(O) 10(O) of(O) 23(O) Sakigake(B-Organization) members(O) ,(O) joined(O) by(O) a(O) handful(O) of(O) Social(B-Miscellaneous) Democrats(I-Miscellaneous) ,(O) will(O) follow(O) Hatoyama(B-Person) when(O) he(O) bolts(O) --(O) far(O) short(O) of(O) the(O) 50(O) lawmakers(O) needed(O) to(O) topple(O) Hashimoto(B-Person) 's(O) eight-month-old(O) government(O) .(O)","Input: Media reports say that at most 10 of 23 Sakigake members , joined by a handful of Social Democrats , will follow Hatoyama when he bolts -- far short of the 50 lawmakers needed to topple Hashimoto 's eight-month-old government .
Output: Media(O) reports(O) say(O) that(O) at(O) most(O) 10(O) of(O) 23(O) Sakigake(B-Organization) members(O) ,(O) joined(O) by(O) a(O) handful(O) of(O) Social(B-Miscellaneous) Democrats(I-Miscellaneous) ,(O) will(O) follow(O) Hatoyama(B-Person) when(O) he(O) bolts(O) --(O) far(O) short(O) of(O) the(O) 50(O) lawmakers(O) needed(O) to(O) topple(O) Hashimoto(B-Person) 's(O) eight-month-old(O) government(O) .(O)"
118,['It' 'gave' 'no' 'source' 'for' 'the' 'report' '.'],"['O', 'O', 'O', 'O', 'O', 'O', 'O', 'O']",It gave no source for the report .,"['It(O)', 'gave(O)', 'no(O)', 'source(O)', 'for(O)', 'the(O)', 'report(O)', '.(O)']",It(O) gave(O) no(O) source(O) for(O) the(O) report(O) .(O),"Input: It gave no source for the report .
Output: It(O) gave(O) no(O) source(O) for(O) the(O) report(O) .(O)"
8290,['Chester' '2' 'Swansea' '0'],"['B-Organization', 'O', 'B-Organization', 'O']",Chester 2 Swansea 0,"['Chester(B-Organization)', '2(O)', 'Swansea(B-Organization)', '0(O)']",Chester(B-Organization) 2(O) Swansea(B-Organization) 0(O),"Input: Chester 2 Swansea 0
Output: Chester(B-Organization) 2(O) Swansea(B-Organization) 0(O)"
1238,"['The' 'Interfax' 'report' 'could' 'not' 'be' 'independently' 'confirmed'
 '.']","['O', 'B-Organization', 'O', 'O', 'O', 'O', 'O', 'O', 'O']",The Interfax report could not be independently confirmed .,"['The(O)', 'Interfax(B-Organization)', 'report(O)', 'could(O)', 'not(O)', 'be(O)', 'independently(O)', 'confirmed(O)', '.(O)']",The(O) Interfax(B-Organization) report(O) could(O) not(O) be(O) independently(O) confirmed(O) .(O),"Input: The Interfax report could not be independently confirmed .
Output: The(O) Interfax(B-Organization) report(O) could(O) not(O) be(O) independently(O) confirmed(O) .(O)"
569,"['Scorers' ':' 'Drazen' 'Beser' '(' '63rd' ')' ',' 'Miljenko' 'Mumler' '('
 'penalty' ',']","['O', 'O', 'B-Person', 'I-Person', 'O', 'O', 'O', 'O', 'B-Person', 'I-Person', 'O', 'O', 'O']","Scorers : Drazen Beser ( 63rd ) , Miljenko Mumler ( penalty ,","['Scorers(O)', ':(O)', 'Drazen(B-Person)', 'Beser(I-Person)', '((O)', '63rd(O)', ')(O)', ',(O)', 'Miljenko(B-Person)', 'Mumler(I-Person)', '((O)', 'penalty(O)', ',(O)']","Scorers(O) :(O) Drazen(B-Person) Beser(I-Person) ((O) 63rd(O) )(O) ,(O) Miljenko(B-Person) Mumler(I-Person) ((O) penalty(O) ,(O)","Input: Scorers : Drazen Beser ( 63rd ) , Miljenko Mumler ( penalty ,
Output: Scorers(O) :(O) Drazen(B-Person) Beser(I-Person) ((O) 63rd(O) )(O) ,(O) Miljenko(B-Person) Mumler(I-Person) ((O) penalty(O) ,(O)"
4067,['Borussia' 'Moenchengladbach' '1' 'Karlsruhe' '3'],"['B-Organization', 'I-Organization', 'O', 'B-Organization', 'O']",Borussia Moenchengladbach 1 Karlsruhe 3,"['Borussia(B-Organization)', 'Moenchengladbach(I-Organization)', '1(O)', 'Karlsruhe(B-Organization)', '3(O)']",Borussia(B-Organization) Moenchengladbach(I-Organization) 1(O) Karlsruhe(B-Organization) 3(O),"Input: Borussia Moenchengladbach 1 Karlsruhe 3
Output: Borussia(B-Organization) Moenchengladbach(I-Organization) 1(O) Karlsruhe(B-Organization) 3(O)"
12135,"['The' 'committee' 'consists' 'of' 'the' 'chiefs' 'of' 'defence' 'staff'
 'of' 'each' 'alliance' 'country' 'except' 'Iceland' ',' 'which' 'has'
 'no' 'armed' 'forces' '.']","['O', 'O', 'O', 'O', 'O', 'O', 'O', 'O', 'O', 'O', 'O', 'O', 'O', 'O', 'B-Location', 'O', 'O', 'O', 'O', 'O', 'O', 'O']","The committee consists of the chiefs of defence staff of each alliance country except Iceland , which has no armed forces .","['The(O)', 'committee(O)', 'consists(O)', 'of(O)', 'the(O)', 'chiefs(O)', 'of(O)', 'defence(O)', 'staff(O)', 'of(O)', 'each(O)', 'alliance(O)', 'country(O)', 'except(O)', 'Iceland(B-Location)', ',(O)', 'which(O)', 'has(O)', 'no(O)', 'armed(O)', 'forces(O)', '.(O)']","The(O) committee(O) consists(O) of(O) the(O) chiefs(O) of(O) defence(O) staff(O) of(O) each(O) alliance(O) country(O) except(O) Iceland(B-Location) ,(O) which(O) has(O) no(O) armed(O) forces(O) .(O)","Input: The committee consists of the chiefs of defence staff of each alliance country except Iceland , which has no armed forces .
Output: The(O) committee(O) consists(O) of(O) the(O) chiefs(O) of(O) defence(O) staff(O) of(O) each(O) alliance(O) country(O) except(O) Iceland(B-Location) ,(O) which(O) has(O) no(O) armed(O) forces(O) .(O)"
12056,"['He' 'said' 'there' 'was' 'no' 'immediate' 'explanation' 'for' 'the'
 'attack' 'or' 'any' 'information' 'on' 'those' 'responsible' '.']","['O', 'O', 'O', 'O', 'O', 'O', 'O', 'O', 'O', 'O', 'O', 'O', 'O', 'O', 'O', 'O', 'O']",He said there was no immediate explanation for the attack or any information on those responsible .,"['He(O)', 'said(O)', 'there(O)', 'was(O)', 'no(O)', 'immediate(O)', 'explanation(O)', 'for(O)', 'the(O)', 'attack(O)', 'or(O)', 'any(O)', 'information(O)', 'on(O)', 'those(O)', 'responsible(O)', '.(O)']",He(O) said(O) there(O) was(O) no(O) immediate(O) explanation(O) for(O) the(O) attack(O) or(O) any(O) information(O) on(O) those(O) responsible(O) .(O),"Input: He said there was no immediate explanation for the attack or any information on those responsible .
Output: He(O) said(O) there(O) was(O) no(O) immediate(O) explanation(O) for(O) the(O) attack(O) or(O) any(O) information(O) on(O) those(O) responsible(O) .(O)"
8754,"['""' 'Moura' 'physically' 'and' 'verbally' 'provoked' 'Cyprien' 'during'
 'the' 'match' '.']","['O', 'B-Person', 'O', 'O', 'O', 'O', 'B-Person', 'O', 'O', 'O', 'O']",""" Moura physically and verbally provoked Cyprien during the match .","['""(O)', 'Moura(B-Person)', 'physically(O)', 'and(O)', 'verbally(O)', 'provoked(O)', 'Cyprien(B-Person)', 'during(O)', 'the(O)', 'match(O)', '.(O)']","""(O) Moura(B-Person) physically(O) and(O) verbally(O) provoked(O) Cyprien(B-Person) during(O) the(O) match(O) .(O)","Input: "" Moura physically and verbally provoked Cyprien during the match .
Output: ""(O) Moura(B-Person) physically(O) and(O) verbally(O) provoked(O) Cyprien(B-Person) during(O) the(O) match(O) .(O)"
2739,"['They' 'had' 'been' 'arrested' 'last' 'week' 'for' 'stealing' '800,000'
 'naira' '(' '$' '10,000' ')' 'from' 'a' 'sheep' 'merchant' '.']","['O', 'O', 'O', 'O', 'O', 'O', 'O', 'O', 'O', 'O', 'O', 'O', 'O', 'O', 'O', 'O', 'O', 'O', 'O']","They had been arrested last week for stealing 800,000 naira ( $ 10,000 ) from a sheep merchant .","['They(O)', 'had(O)', 'been(O)', 'arrested(O)', 'last(O)', 'week(O)', 'for(O)', 'stealing(O)', '800,000(O)', 'naira(O)', '((O)', '$(O)', '10,000(O)', ')(O)', 'from(O)', 'a(O)', 'sheep(O)', 'merchant(O)', '.(O)']","They(O) had(O) been(O) arrested(O) last(O) week(O) for(O) stealing(O) 800,000(O) naira(O) ((O) $(O) 10,000(O) )(O) from(O) a(O) sheep(O) merchant(O) .(O)","Input: They had been arrested last week for stealing 800,000 naira ( $ 10,000 ) from a sheep merchant .
Output: They(O) had(O) been(O) arrested(O) last(O) week(O) for(O) stealing(O) 800,000(O) naira(O) ((O) $(O) 10,000(O) )(O) from(O) a(O) sheep(O) merchant(O) .(O)"
384,['1-6' '6-4' '6-3'],"['O', 'O', 'O']",1-6 6-4 6-3,"['1-6(O)', '6-4(O)', '6-3(O)']",1-6(O) 6-4(O) 6-3(O),"Input: 1-6 6-4 6-3
Output: 1-6(O) 6-4(O) 6-3(O)"
7998,"['Opposition' 'Boutros' 'Harb' 'scoring' 'high' 'in' 'preliminary'
 'results' 'and' 'former' 'prime' 'minister' 'Omar' 'Karame' 'moves'
 'backwards' '.']","['O', 'B-Person', 'I-Person', 'O', 'O', 'O', 'O', 'O', 'O', 'O', 'O', 'O', 'B-Person', 'I-Person', 'O', 'O', 'O']",Opposition Boutros Harb scoring high in preliminary results and former prime minister Omar Karame moves backwards .,"['Opposition(O)', 'Boutros(B-Person)', 'Harb(I-Person)', 'scoring(O)', 'high(O)', 'in(O)', 'preliminary(O)', 'results(O)', 'and(O)', 'former(O)', 'prime(O)', 'minister(O)', 'Omar(B-Person)', 'Karame(I-Person)', 'moves(O)', 'backwards(O)', '.(O)']",Opposition(O) Boutros(B-Person) Harb(I-Person) scoring(O) high(O) in(O) preliminary(O) results(O) and(O) former(O) prime(O) minister(O) Omar(B-Person) Karame(I-Person) moves(O) backwards(O) .(O),"Input: Opposition Boutros Harb scoring high in preliminary results and former prime minister Omar Karame moves backwards .
Output: Opposition(O) Boutros(B-Person) Harb(I-Person) scoring(O) high(O) in(O) preliminary(O) results(O) and(O) former(O) prime(O) minister(O) Omar(B-Person) Karame(I-Person) moves(O) backwards(O) .(O)"
14039,['Division' 'three'],"['O', 'O']",Division three,"['Division(O)', 'three(O)']",Division(O) three(O),"Input: Division three
Output: Division(O) three(O)"
3967,"['15,000' '.']","['O', 'O']","15,000 .","['15,000(O)', '.(O)']","15,000(O) .(O)","Input: 15,000 .
Output: 15,000(O) .(O)"
3073,"['""' 'Microsoft' 'sent' 'a' 'lot' 'of' 'signals' 'that' 'NT' 'was' 'going'
 'to' 'be' 'the' 'answer' ',' '""' 'Winkler' 'said' '.' '""']","['O', 'B-Organization', 'O', 'O', 'O', 'O', 'O', 'O', 'B-Miscellaneous', 'O', 'O', 'O', 'O', 'O', 'O', 'O', 'O', 'B-Person', 'O', 'O', 'O']",""" Microsoft sent a lot of signals that NT was going to be the answer , "" Winkler said . ""","['""(O)', 'Microsoft(B-Organization)', 'sent(O)', 'a(O)', 'lot(O)', 'of(O)', 'signals(O)', 'that(O)', 'NT(B-Miscellaneous)', 'was(O)', 'going(O)', 'to(O)', 'be(O)', 'the(O)', 'answer(O)', ',(O)', '""(O)', 'Winkler(B-Person)', 'said(O)', '.(O)', '""(O)']","""(O) Microsoft(B-Organization) sent(O) a(O) lot(O) of(O) signals(O) that(O) NT(B-Miscellaneous) was(O) going(O) to(O) be(O) the(O) answer(O) ,(O) ""(O) Winkler(B-Person) said(O) .(O) ""(O)","Input: "" Microsoft sent a lot of signals that NT was going to be the answer , "" Winkler said . ""
Output: ""(O) Microsoft(B-Organization) sent(O) a(O) lot(O) of(O) signals(O) that(O) NT(B-Miscellaneous) was(O) going(O) to(O) be(O) the(O) answer(O) ,(O) ""(O) Winkler(B-Person) said(O) .(O) ""(O)"
12524,['CHICAGO' '71' '64' '.526' '10'],"['B-Organization', 'O', 'O', 'O', 'O']",CHICAGO 71 64 .526 10,"['CHICAGO(B-Organization)', '71(O)', '64(O)', '.526(O)', '10(O)']",CHICAGO(B-Organization) 71(O) 64(O) .526(O) 10(O),"Input: CHICAGO 71 64 .526 10
Output: CHICAGO(B-Organization) 71(O) 64(O) .526(O) 10(O)"
4685,['2.' 'Inez' 'Turner' '(' 'Jamaica' ')' '2:01.98'],"['O', 'B-Person', 'I-Person', 'O', 'B-Location', 'O', 'O']",2. Inez Turner ( Jamaica ) 2:01.98,"['2.(O)', 'Inez(B-Person)', 'Turner(I-Person)', '((O)', 'Jamaica(B-Location)', ')(O)', '2:01.98(O)']",2.(O) Inez(B-Person) Turner(I-Person) ((O) Jamaica(B-Location) )(O) 2:01.98(O),"Input: 2. Inez Turner ( Jamaica ) 2:01.98
Output: 2.(O) Inez(B-Person) Turner(I-Person) ((O) Jamaica(B-Location) )(O) 2:01.98(O)"
5912,"['At' 'the' 'moment' 'this' 'is' 'not' 'the' 'case' '.' '""']","['O', 'O', 'O', 'O', 'O', 'O', 'O', 'O', 'O', 'O']","At the moment this is not the case . ""","['At(O)', 'the(O)', 'moment(O)', 'this(O)', 'is(O)', 'not(O)', 'the(O)', 'case(O)', '.(O)', '""(O)']","At(O) the(O) moment(O) this(O) is(O) not(O) the(O) case(O) .(O) ""(O)","Input: At the moment this is not the case . ""
Output: At(O) the(O) moment(O) this(O) is(O) not(O) the(O) case(O) .(O) ""(O)"
11127,"['The' 'formal' 'inauguration' 'had' 'been' 'due' 'to' 'take' 'place'
 'this' 'week' 'but' 'was' 'put' 'back' '.']","['O', 'O', 'O', 'O', 'O', 'O', 'O', 'O', 'O', 'O', 'O', 'O', 'O', 'O', 'O', 'O']",The formal inauguration had been due to take place this week but was put back .,"['The(O)', 'formal(O)', 'inauguration(O)', 'had(O)', 'been(O)', 'due(O)', 'to(O)', 'take(O)', 'place(O)', 'this(O)', 'week(O)', 'but(O)', 'was(O)', 'put(O)', 'back(O)', '.(O)']",The(O) formal(O) inauguration(O) had(O) been(O) due(O) to(O) take(O) place(O) this(O) week(O) but(O) was(O) put(O) back(O) .(O),"Input: The formal inauguration had been due to take place this week but was put back .
Output: The(O) formal(O) inauguration(O) had(O) been(O) due(O) to(O) take(O) place(O) this(O) week(O) but(O) was(O) put(O) back(O) .(O)"
3234,"['South' 'Korean' 'students' 'throw' '""' 'irreplaceable' '""' 'rocks' '.']","['B-Miscellaneous', 'I-Miscellaneous', 'O', 'O', 'O', 'O', 'O', 'O', 'O']","South Korean students throw "" irreplaceable "" rocks .","['South(B-Miscellaneous)', 'Korean(I-Miscellaneous)', 'students(O)', 'throw(O)', '""(O)', 'irreplaceable(O)', '""(O)', 'rocks(O)', '.(O)']","South(B-Miscellaneous) Korean(I-Miscellaneous) students(O) throw(O) ""(O) irreplaceable(O) ""(O) rocks(O) .(O)","Input: South Korean students throw "" irreplaceable "" rocks .
Output: South(B-Miscellaneous) Korean(I-Miscellaneous) students(O) throw(O) ""(O) irreplaceable(O) ""(O) rocks(O) .(O)"
3453,['(' '7-4' ')' '4-6' '6-3'],"['O', 'O', 'O', 'O', 'O']",( 7-4 ) 4-6 6-3,"['((O)', '7-4(O)', ')(O)', '4-6(O)', '6-3(O)']",((O) 7-4(O) )(O) 4-6(O) 6-3(O),"Input: ( 7-4 ) 4-6 6-3
Output: ((O) 7-4(O) )(O) 4-6(O) 6-3(O)"
14025,"['219' 'Eamonn' 'Darcy' '(' 'Ireland' ')' '74' '76' '69' ',' 'Bob' 'May'
 '(' 'U.S.' ')' '74' '75' '70' ',']","['O', 'B-Person', 'I-Person', 'O', 'B-Location', 'O', 'O', 'O', 'O', 'O', 'B-Person', 'I-Person', 'O', 'B-Location', 'O', 'O', 'O', 'O', 'O']","219 Eamonn Darcy ( Ireland ) 74 76 69 , Bob May ( U.S. ) 74 75 70 ,","['219(O)', 'Eamonn(B-Person)', 'Darcy(I-Person)', '((O)', 'Ireland(B-Location)', ')(O)', '74(O)', '76(O)', '69(O)', ',(O)', 'Bob(B-Person)', 'May(I-Person)', '((O)', 'U.S.(B-Location)', ')(O)', '74(O)', '75(O)', '70(O)', ',(O)']","219(O) Eamonn(B-Person) Darcy(I-Person) ((O) Ireland(B-Location) )(O) 74(O) 76(O) 69(O) ,(O) Bob(B-Person) May(I-Person) ((O) U.S.(B-Location) )(O) 74(O) 75(O) 70(O) ,(O)","Input: 219 Eamonn Darcy ( Ireland ) 74 76 69 , Bob May ( U.S. ) 74 75 70 ,
Output: 219(O) Eamonn(B-Person) Darcy(I-Person) ((O) Ireland(B-Location) )(O) 74(O) 76(O) 69(O) ,(O) Bob(B-Person) May(I-Person) ((O) U.S.(B-Location) )(O) 74(O) 75(O) 70(O) ,(O)"
10899,"['A' 'Turkish' 'airliner' 'on' 'flight' 'from' 'Istanbul' 'to' 'Vienna'
 'on' 'Wednesday' 'landed' 'in' 'emergency' 'at' 'Sofia' 'airport' 'after'
 'receiving' 'a' 'bomb' 'threat' ',' 'said' 'an' 'airport' 'official' '.']","['O', 'B-Miscellaneous', 'O', 'O', 'O', 'O', 'B-Location', 'O', 'B-Location', 'O', 'O', 'O', 'O', 'O', 'O', 'B-Location', 'O', 'O', 'O', 'O', 'O', 'O', 'O', 'O', 'O', 'O', 'O', 'O']","A Turkish airliner on flight from Istanbul to Vienna on Wednesday landed in emergency at Sofia airport after receiving a bomb threat , said an airport official .","['A(O)', 'Turkish(B-Miscellaneous)', 'airliner(O)', 'on(O)', 'flight(O)', 'from(O)', 'Istanbul(B-Location)', 'to(O)', 'Vienna(B-Location)', 'on(O)', 'Wednesday(O)', 'landed(O)', 'in(O)', 'emergency(O)', 'at(O)', 'Sofia(B-Location)', 'airport(O)', 'after(O)', 'receiving(O)', 'a(O)', 'bomb(O)', 'threat(O)', ',(O)', 'said(O)', 'an(O)', 'airport(O)', 'official(O)', '.(O)']","A(O) Turkish(B-Miscellaneous) airliner(O) on(O) flight(O) from(O) Istanbul(B-Location) to(O) Vienna(B-Location) on(O) Wednesday(O) landed(O) in(O) emergency(O) at(O) Sofia(B-Location) airport(O) after(O) receiving(O) a(O) bomb(O) threat(O) ,(O) said(O) an(O) airport(O) official(O) .(O)","Input: A Turkish airliner on flight from Istanbul to Vienna on Wednesday landed in emergency at Sofia airport after receiving a bomb threat , said an airport official .
Output: A(O) Turkish(B-Miscellaneous) airliner(O) on(O) flight(O) from(O) Istanbul(B-Location) to(O) Vienna(B-Location) on(O) Wednesday(O) landed(O) in(O) emergency(O) at(O) Sofia(B-Location) airport(O) after(O) receiving(O) a(O) bomb(O) threat(O) ,(O) said(O) an(O) airport(O) official(O) .(O)"
10674,"['6,150' '.']","['O', 'O']","6,150 .","['6,150(O)', '.(O)']","6,150(O) .(O)","Input: 6,150 .
Output: 6,150(O) .(O)"
14029,"['220' 'Barry' 'Lane' '73' '77' '70' ',' 'Wayne' 'Riley' '(' 'Australia'
 ')' '71' '78' '71' ',']","['O', 'B-Person', 'I-Person', 'O', 'O', 'O', 'O', 'B-Person', 'I-Person', 'O', 'B-Location', 'O', 'O', 'O', 'O', 'O']","220 Barry Lane 73 77 70 , Wayne Riley ( Australia ) 71 78 71 ,","['220(O)', 'Barry(B-Person)', 'Lane(I-Person)', '73(O)', '77(O)', '70(O)', ',(O)', 'Wayne(B-Person)', 'Riley(I-Person)', '((O)', 'Australia(B-Location)', ')(O)', '71(O)', '78(O)', '71(O)', ',(O)']","220(O) Barry(B-Person) Lane(I-Person) 73(O) 77(O) 70(O) ,(O) Wayne(B-Person) Riley(I-Person) ((O) Australia(B-Location) )(O) 71(O) 78(O) 71(O) ,(O)","Input: 220 Barry Lane 73 77 70 , Wayne Riley ( Australia ) 71 78 71 ,
Output: 220(O) Barry(B-Person) Lane(I-Person) 73(O) 77(O) 70(O) ,(O) Wayne(B-Person) Riley(I-Person) ((O) Australia(B-Location) )(O) 71(O) 78(O) 71(O) ,(O)"
10733,['matches' 'on' 'Wednesday' ':'],"['O', 'O', 'O', 'O']",matches on Wednesday :,"['matches(O)', 'on(O)', 'Wednesday(O)', ':(O)']",matches(O) on(O) Wednesday(O) :(O),"Input: matches on Wednesday :
Output: matches(O) on(O) Wednesday(O) :(O)"
747,['Qualifier' 'vs.' '2' '-' 'Michael' 'Chang' '(' 'U.S.' ')'],"['O', 'O', 'O', 'O', 'B-Person', 'I-Person', 'O', 'B-Location', 'O']",Qualifier vs. 2 - Michael Chang ( U.S. ),"['Qualifier(O)', 'vs.(O)', '2(O)', '-(O)', 'Michael(B-Person)', 'Chang(I-Person)', '((O)', 'U.S.(B-Location)', ')(O)']",Qualifier(O) vs.(O) 2(O) -(O) Michael(B-Person) Chang(I-Person) ((O) U.S.(B-Location) )(O),"Input: Qualifier vs. 2 - Michael Chang ( U.S. )
Output: Qualifier(O) vs.(O) 2(O) -(O) Michael(B-Person) Chang(I-Person) ((O) U.S.(B-Location) )(O)"
7718,"['He' 'advocated' 'tough' 'action' 'against' 'foreign' 'countries' 'to'
 'cut' 'U.S.' 'trade' 'deficits' 'but' 'sometimes' 'been' 'out' 'of'
 'step' 'with' 'the' 'party' ""'s"" 'liberal' 'wing' '.']","['O', 'O', 'O', 'O', 'O', 'O', 'O', 'O', 'O', 'B-Location', 'O', 'O', 'O', 'O', 'O', 'O', 'O', 'O', 'O', 'O', 'O', 'O', 'O', 'O', 'O']",He advocated tough action against foreign countries to cut U.S. trade deficits but sometimes been out of step with the party 's liberal wing .,"['He(O)', 'advocated(O)', 'tough(O)', 'action(O)', 'against(O)', 'foreign(O)', 'countries(O)', 'to(O)', 'cut(O)', 'U.S.(B-Location)', 'trade(O)', 'deficits(O)', 'but(O)', 'sometimes(O)', 'been(O)', 'out(O)', 'of(O)', 'step(O)', 'with(O)', 'the(O)', 'party(O)', ""'s(O)"", 'liberal(O)', 'wing(O)', '.(O)']",He(O) advocated(O) tough(O) action(O) against(O) foreign(O) countries(O) to(O) cut(O) U.S.(B-Location) trade(O) deficits(O) but(O) sometimes(O) been(O) out(O) of(O) step(O) with(O) the(O) party(O) 's(O) liberal(O) wing(O) .(O),"Input: He advocated tough action against foreign countries to cut U.S. trade deficits but sometimes been out of step with the party 's liberal wing .
Output: He(O) advocated(O) tough(O) action(O) against(O) foreign(O) countries(O) to(O) cut(O) U.S.(B-Location) trade(O) deficits(O) but(O) sometimes(O) been(O) out(O) of(O) step(O) with(O) the(O) party(O) 's(O) liberal(O) wing(O) .(O)"
7031,"['Arnaud' 'Boetsch' '(' 'France' ')' 'beat' 'Nicolas' 'Pereira' '('
 'Venezuela' ')' '7-6' '(' '7-4' ')' '6-4' '7-5']","['B-Person', 'I-Person', 'O', 'B-Location', 'O', 'O', 'B-Person', 'I-Person', 'O', 'B-Location', 'O', 'O', 'O', 'O', 'O', 'O', 'O']",Arnaud Boetsch ( France ) beat Nicolas Pereira ( Venezuela ) 7-6 ( 7-4 ) 6-4 7-5,"['Arnaud(B-Person)', 'Boetsch(I-Person)', '((O)', 'France(B-Location)', ')(O)', 'beat(O)', 'Nicolas(B-Person)', 'Pereira(I-Person)', '((O)', 'Venezuela(B-Location)', ')(O)', '7-6(O)', '((O)', '7-4(O)', ')(O)', '6-4(O)', '7-5(O)']",Arnaud(B-Person) Boetsch(I-Person) ((O) France(B-Location) )(O) beat(O) Nicolas(B-Person) Pereira(I-Person) ((O) Venezuela(B-Location) )(O) 7-6(O) ((O) 7-4(O) )(O) 6-4(O) 7-5(O),"Input: Arnaud Boetsch ( France ) beat Nicolas Pereira ( Venezuela ) 7-6 ( 7-4 ) 6-4 7-5
Output: Arnaud(B-Person) Boetsch(I-Person) ((O) France(B-Location) )(O) beat(O) Nicolas(B-Person) Pereira(I-Person) ((O) Venezuela(B-Location) )(O) 7-6(O) ((O) 7-4(O) )(O) 6-4(O) 7-5(O)"
2846,"['He' 'did' 'not' 'give' 'a' 'specific' 'time' 'for' 'the' 'ceasefire'
 'but' 'said' 'the' 'United' 'States' 'looked' 'forward' 'to' '""'
 'immediate' 'implementation' '""' '.']","['O', 'O', 'O', 'O', 'O', 'O', 'O', 'O', 'O', 'O', 'O', 'O', 'O', 'B-Location', 'I-Location', 'O', 'O', 'O', 'O', 'O', 'O', 'O', 'O']","He did not give a specific time for the ceasefire but said the United States looked forward to "" immediate implementation "" .","['He(O)', 'did(O)', 'not(O)', 'give(O)', 'a(O)', 'specific(O)', 'time(O)', 'for(O)', 'the(O)', 'ceasefire(O)', 'but(O)', 'said(O)', 'the(O)', 'United(B-Location)', 'States(I-Location)', 'looked(O)', 'forward(O)', 'to(O)', '""(O)', 'immediate(O)', 'implementation(O)', '""(O)', '.(O)']","He(O) did(O) not(O) give(O) a(O) specific(O) time(O) for(O) the(O) ceasefire(O) but(O) said(O) the(O) United(B-Location) States(I-Location) looked(O) forward(O) to(O) ""(O) immediate(O) implementation(O) ""(O) .(O)","Input: He did not give a specific time for the ceasefire but said the United States looked forward to "" immediate implementation "" .
Output: He(O) did(O) not(O) give(O) a(O) specific(O) time(O) for(O) the(O) ceasefire(O) but(O) said(O) the(O) United(B-Location) States(I-Location) looked(O) forward(O) to(O) ""(O) immediate(O) implementation(O) ""(O) .(O)"
4787,['7.' 'Sauber' '10'],"['O', 'B-Organization', 'O']",7. Sauber 10,"['7.(O)', 'Sauber(B-Organization)', '10(O)']",7.(O) Sauber(B-Organization) 10(O),"Input: 7. Sauber 10
Output: 7.(O) Sauber(B-Organization) 10(O)"
10598,['Results' 'of' 'Italian' 'Cup' 'second' 'round'],"['O', 'O', 'B-Miscellaneous', 'I-Miscellaneous', 'O', 'O']",Results of Italian Cup second round,"['Results(O)', 'of(O)', 'Italian(B-Miscellaneous)', 'Cup(I-Miscellaneous)', 'second(O)', 'round(O)']",Results(O) of(O) Italian(B-Miscellaneous) Cup(I-Miscellaneous) second(O) round(O),"Input: Results of Italian Cup second round
Output: Results(O) of(O) Italian(B-Miscellaneous) Cup(I-Miscellaneous) second(O) round(O)"
2913,"['Numerous' 'to' 'scattered' 'showers' 'and' 'thunderstorms' 'in'
 'southern' 'and' 'central' 'India' ',' 'and' 'isolated' 'showers' 'to'
 'the' 'north' 'Sunday' 'through' 'Tuesday' '.']","['O', 'O', 'O', 'O', 'O', 'O', 'O', 'O', 'O', 'O', 'B-Location', 'O', 'O', 'O', 'O', 'O', 'O', 'O', 'O', 'O', 'O', 'O']","Numerous to scattered showers and thunderstorms in southern and central India , and isolated showers to the north Sunday through Tuesday .","['Numerous(O)', 'to(O)', 'scattered(O)', 'showers(O)', 'and(O)', 'thunderstorms(O)', 'in(O)', 'southern(O)', 'and(O)', 'central(O)', 'India(B-Location)', ',(O)', 'and(O)', 'isolated(O)', 'showers(O)', 'to(O)', 'the(O)', 'north(O)', 'Sunday(O)', 'through(O)', 'Tuesday(O)', '.(O)']","Numerous(O) to(O) scattered(O) showers(O) and(O) thunderstorms(O) in(O) southern(O) and(O) central(O) India(B-Location) ,(O) and(O) isolated(O) showers(O) to(O) the(O) north(O) Sunday(O) through(O) Tuesday(O) .(O)","Input: Numerous to scattered showers and thunderstorms in southern and central India , and isolated showers to the north Sunday through Tuesday .
Output: Numerous(O) to(O) scattered(O) showers(O) and(O) thunderstorms(O) in(O) southern(O) and(O) central(O) India(B-Location) ,(O) and(O) isolated(O) showers(O) to(O) the(O) north(O) Sunday(O) through(O) Tuesday(O) .(O)"
13365,"['Higher' 'spending' 'by' 'foreign' 'visitors' 'and' 'less' 'Canadian'
 'tourist' 'spending' 'abroad' 'cut' 'the' 'deficit' 'in' 'Canada' ""'s""
 'international' 'travel' 'account' 'by' '26.5' 'percent' 'in' 'the'
 'second' 'quarter' ',' 'Statistics' 'Canada' 'said' 'on' 'Thursday' '.']","['O', 'O', 'O', 'O', 'O', 'O', 'O', 'B-Miscellaneous', 'O', 'O', 'O', 'O', 'O', 'O', 'O', 'B-Location', 'O', 'O', 'O', 'O', 'O', 'O', 'O', 'O', 'O', 'O', 'O', 'O', 'B-Organization', 'I-Organization', 'O', 'O', 'O', 'O']","Higher spending by foreign visitors and less Canadian tourist spending abroad cut the deficit in Canada 's international travel account by 26.5 percent in the second quarter , Statistics Canada said on Thursday .","['Higher(O)', 'spending(O)', 'by(O)', 'foreign(O)', 'visitors(O)', 'and(O)', 'less(O)', 'Canadian(B-Miscellaneous)', 'tourist(O)', 'spending(O)', 'abroad(O)', 'cut(O)', 'the(O)', 'deficit(O)', 'in(O)', 'Canada(B-Location)', ""'s(O)"", 'international(O)', 'travel(O)', 'account(O)', 'by(O)', '26.5(O)', 'percent(O)', 'in(O)', 'the(O)', 'second(O)', 'quarter(O)', ',(O)', 'Statistics(B-Organization)', 'Canada(I-Organization)', 'said(O)', 'on(O)', 'Thursday(O)', '.(O)']","Higher(O) spending(O) by(O) foreign(O) visitors(O) and(O) less(O) Canadian(B-Miscellaneous) tourist(O) spending(O) abroad(O) cut(O) the(O) deficit(O) in(O) Canada(B-Location) 's(O) international(O) travel(O) account(O) by(O) 26.5(O) percent(O) in(O) the(O) second(O) quarter(O) ,(O) Statistics(B-Organization) Canada(I-Organization) said(O) on(O) Thursday(O) .(O)","Input: Higher spending by foreign visitors and less Canadian tourist spending abroad cut the deficit in Canada 's international travel account by 26.5 percent in the second quarter , Statistics Canada said on Thursday .
Output: Higher(O) spending(O) by(O) foreign(O) visitors(O) and(O) less(O) Canadian(B-Miscellaneous) tourist(O) spending(O) abroad(O) cut(O) the(O) deficit(O) in(O) Canada(B-Location) 's(O) international(O) travel(O) account(O) by(O) 26.5(O) percent(O) in(O) the(O) second(O) quarter(O) ,(O) Statistics(B-Organization) Canada(I-Organization) said(O) on(O) Thursday(O) .(O)"
4581,['4.' 'Theybers' '25'],"['O', 'B-Person', 'O']",4. Theybers 25,"['4.(O)', 'Theybers(B-Person)', '25(O)']",4.(O) Theybers(B-Person) 25(O),"Input: 4. Theybers 25
Output: 4.(O) Theybers(B-Person) 25(O)"
238,"['--' 'Lehman' 'analyst' 'Blake' 'Bath' 'started' 'Southern' 'New'
 'England' 'Telecommunciations' 'Corp' 'with' 'an' 'outperform' 'rating'
 ',' 'his' 'office' 'said' '.']","['O', 'B-Organization', 'O', 'B-Person', 'I-Person', 'O', 'B-Organization', 'I-Organization', 'I-Organization', 'I-Organization', 'I-Organization', 'O', 'O', 'O', 'O', 'O', 'O', 'O', 'O', 'O']","-- Lehman analyst Blake Bath started Southern New England Telecommunciations Corp with an outperform rating , his office said .","['--(O)', 'Lehman(B-Organization)', 'analyst(O)', 'Blake(B-Person)', 'Bath(I-Person)', 'started(O)', 'Southern(B-Organization)', 'New(I-Organization)', 'England(I-Organization)', 'Telecommunciations(I-Organization)', 'Corp(I-Organization)', 'with(O)', 'an(O)', 'outperform(O)', 'rating(O)', ',(O)', 'his(O)', 'office(O)', 'said(O)', '.(O)']","--(O) Lehman(B-Organization) analyst(O) Blake(B-Person) Bath(I-Person) started(O) Southern(B-Organization) New(I-Organization) England(I-Organization) Telecommunciations(I-Organization) Corp(I-Organization) with(O) an(O) outperform(O) rating(O) ,(O) his(O) office(O) said(O) .(O)","Input: -- Lehman analyst Blake Bath started Southern New England Telecommunciations Corp with an outperform rating , his office said .
Output: --(O) Lehman(B-Organization) analyst(O) Blake(B-Person) Bath(I-Person) started(O) Southern(B-Organization) New(I-Organization) England(I-Organization) Telecommunciations(I-Organization) Corp(I-Organization) with(O) an(O) outperform(O) rating(O) ,(O) his(O) office(O) said(O) .(O)"
1289,"['BOGOTA' ',' 'Colombia' '1996-08-22']","['B-Location', 'O', 'B-Location', 'O']","BOGOTA , Colombia 1996-08-22","['BOGOTA(B-Location)', ',(O)', 'Colombia(B-Location)', '1996-08-22(O)']","BOGOTA(B-Location) ,(O) Colombia(B-Location) 1996-08-22(O)","Input: BOGOTA , Colombia 1996-08-22
Output: BOGOTA(B-Location) ,(O) Colombia(B-Location) 1996-08-22(O)"
14040,['Swansea' '1' 'Lincoln' '2'],"['B-Organization', 'O', 'B-Organization', 'O']",Swansea 1 Lincoln 2,"['Swansea(B-Organization)', '1(O)', 'Lincoln(B-Organization)', '2(O)']",Swansea(B-Organization) 1(O) Lincoln(B-Organization) 2(O),"Input: Swansea 1 Lincoln 2
Output: Swansea(B-Organization) 1(O) Lincoln(B-Organization) 2(O)"
4666,['3.' 'Rodica' 'Matescu' '(' 'Romania' ')' '14.18'],"['O', 'B-Person', 'I-Person', 'O', 'B-Location', 'O', 'O']",3. Rodica Matescu ( Romania ) 14.18,"['3.(O)', 'Rodica(B-Person)', 'Matescu(I-Person)', '((O)', 'Romania(B-Location)', ')(O)', '14.18(O)']",3.(O) Rodica(B-Person) Matescu(I-Person) ((O) Romania(B-Location) )(O) 14.18(O),"Input: 3. Rodica Matescu ( Romania ) 14.18
Output: 3.(O) Rodica(B-Person) Matescu(I-Person) ((O) Romania(B-Location) )(O) 14.18(O)"
8342,['Rashid' 'Latif' '1' '1' '0' '45' '45' '45.00'],"['B-Person', 'I-Person', 'O', 'O', 'O', 'O', 'O', 'O']",Rashid Latif 1 1 0 45 45 45.00,"['Rashid(B-Person)', 'Latif(I-Person)', '1(O)', '1(O)', '0(O)', '45(O)', '45(O)', '45.00(O)']",Rashid(B-Person) Latif(I-Person) 1(O) 1(O) 0(O) 45(O) 45(O) 45.00(O),"Input: Rashid Latif 1 1 0 45 45 45.00
Output: Rashid(B-Person) Latif(I-Person) 1(O) 1(O) 0(O) 45(O) 45(O) 45.00(O)"
9786,"['The' 'pilot' 'said' 'several' 'hijackers' 'appeared' 'to' 'be' 'placed'
 'around' 'the' 'plane' '.']","['O', 'O', 'O', 'O', 'O', 'O', 'O', 'O', 'O', 'O', 'O', 'O', 'O']",The pilot said several hijackers appeared to be placed around the plane .,"['The(O)', 'pilot(O)', 'said(O)', 'several(O)', 'hijackers(O)', 'appeared(O)', 'to(O)', 'be(O)', 'placed(O)', 'around(O)', 'the(O)', 'plane(O)', '.(O)']",The(O) pilot(O) said(O) several(O) hijackers(O) appeared(O) to(O) be(O) placed(O) around(O) the(O) plane(O) .(O),"Input: The pilot said several hijackers appeared to be placed around the plane .
Output: The(O) pilot(O) said(O) several(O) hijackers(O) appeared(O) to(O) be(O) placed(O) around(O) the(O) plane(O) .(O)"
12957,"['The' 'letter' 'made' 'reference' 'to' 'massacres' 'of' 'landless'
 'peasants' 'in' 'August' '1995' 'and' 'April' '1996' ',' 'which'
 'claimed' 'the' 'lives' 'of' '27' 'landless' 'peasants' '.']","['O', 'O', 'O', 'O', 'O', 'O', 'O', 'O', 'O', 'O', 'O', 'O', 'O', 'O', 'O', 'O', 'O', 'O', 'O', 'O', 'O', 'O', 'O', 'O', 'O']","The letter made reference to massacres of landless peasants in August 1995 and April 1996 , which claimed the lives of 27 landless peasants .","['The(O)', 'letter(O)', 'made(O)', 'reference(O)', 'to(O)', 'massacres(O)', 'of(O)', 'landless(O)', 'peasants(O)', 'in(O)', 'August(O)', '1995(O)', 'and(O)', 'April(O)', '1996(O)', ',(O)', 'which(O)', 'claimed(O)', 'the(O)', 'lives(O)', 'of(O)', '27(O)', 'landless(O)', 'peasants(O)', '.(O)']","The(O) letter(O) made(O) reference(O) to(O) massacres(O) of(O) landless(O) peasants(O) in(O) August(O) 1995(O) and(O) April(O) 1996(O) ,(O) which(O) claimed(O) the(O) lives(O) of(O) 27(O) landless(O) peasants(O) .(O)","Input: The letter made reference to massacres of landless peasants in August 1995 and April 1996 , which claimed the lives of 27 landless peasants .
Output: The(O) letter(O) made(O) reference(O) to(O) massacres(O) of(O) landless(O) peasants(O) in(O) August(O) 1995(O) and(O) April(O) 1996(O) ,(O) which(O) claimed(O) the(O) lives(O) of(O) 27(O) landless(O) peasants(O) .(O)"
10974,['1996-08-28'],['O'],1996-08-28,['1996-08-28(O)'],1996-08-28(O),"Input: 1996-08-28
Output: 1996-08-28(O)"
7679,"['Our' 'personal' 'and' 'religious' 'liberties' 'would' 'be' 'at' 'risk'
 '.']","['O', 'O', 'O', 'O', 'O', 'O', 'O', 'O', 'O', 'O']",Our personal and religious liberties would be at risk .,"['Our(O)', 'personal(O)', 'and(O)', 'religious(O)', 'liberties(O)', 'would(O)', 'be(O)', 'at(O)', 'risk(O)', '.(O)']",Our(O) personal(O) and(O) religious(O) liberties(O) would(O) be(O) at(O) risk(O) .(O),"Input: Our personal and religious liberties would be at risk .
Output: Our(O) personal(O) and(O) religious(O) liberties(O) would(O) be(O) at(O) risk(O) .(O)"
7448,"['She' 'is' 'scheduled' 'to' 'step' 'down' 'in' 'January' 'after' 'a'
 'term' 'of' 'nearly' 'seven' 'years' '.']","['O', 'O', 'O', 'O', 'O', 'O', 'O', 'O', 'O', 'O', 'O', 'O', 'O', 'O', 'O', 'O']",She is scheduled to step down in January after a term of nearly seven years .,"['She(O)', 'is(O)', 'scheduled(O)', 'to(O)', 'step(O)', 'down(O)', 'in(O)', 'January(O)', 'after(O)', 'a(O)', 'term(O)', 'of(O)', 'nearly(O)', 'seven(O)', 'years(O)', '.(O)']",She(O) is(O) scheduled(O) to(O) step(O) down(O) in(O) January(O) after(O) a(O) term(O) of(O) nearly(O) seven(O) years(O) .(O),"Input: She is scheduled to step down in January after a term of nearly seven years .
Output: She(O) is(O) scheduled(O) to(O) step(O) down(O) in(O) January(O) after(O) a(O) term(O) of(O) nearly(O) seven(O) years(O) .(O)"
13903,"['British' 'Foreign' 'Secretary' 'Malcolm' 'Rifkind' 'said' 'on' 'Tuesday'
 'from' 'Pakistan' 'his' 'government' 'would' 'only' 'take' 'action'
 'against' 'the' 'planned' 'Islamists' 'gathering' 'in' 'London' 'if'
 'British' 'law' 'was' 'broken' '.']","['B-Miscellaneous', 'O', 'O', 'B-Person', 'I-Person', 'O', 'O', 'O', 'O', 'B-Location', 'O', 'O', 'O', 'O', 'O', 'O', 'O', 'O', 'O', 'B-Miscellaneous', 'O', 'O', 'B-Location', 'O', 'B-Miscellaneous', 'O', 'O', 'O', 'O']",British Foreign Secretary Malcolm Rifkind said on Tuesday from Pakistan his government would only take action against the planned Islamists gathering in London if British law was broken .,"['British(B-Miscellaneous)', 'Foreign(O)', 'Secretary(O)', 'Malcolm(B-Person)', 'Rifkind(I-Person)', 'said(O)', 'on(O)', 'Tuesday(O)', 'from(O)', 'Pakistan(B-Location)', 'his(O)', 'government(O)', 'would(O)', 'only(O)', 'take(O)', 'action(O)', 'against(O)', 'the(O)', 'planned(O)', 'Islamists(B-Miscellaneous)', 'gathering(O)', 'in(O)', 'London(B-Location)', 'if(O)', 'British(B-Miscellaneous)', 'law(O)', 'was(O)', 'broken(O)', '.(O)']",British(B-Miscellaneous) Foreign(O) Secretary(O) Malcolm(B-Person) Rifkind(I-Person) said(O) on(O) Tuesday(O) from(O) Pakistan(B-Location) his(O) government(O) would(O) only(O) take(O) action(O) against(O) the(O) planned(O) Islamists(B-Miscellaneous) gathering(O) in(O) London(B-Location) if(O) British(B-Miscellaneous) law(O) was(O) broken(O) .(O),"Input: British Foreign Secretary Malcolm Rifkind said on Tuesday from Pakistan his government would only take action against the planned Islamists gathering in London if British law was broken .
Output: British(B-Miscellaneous) Foreign(O) Secretary(O) Malcolm(B-Person) Rifkind(I-Person) said(O) on(O) Tuesday(O) from(O) Pakistan(B-Location) his(O) government(O) would(O) only(O) take(O) action(O) against(O) the(O) planned(O) Islamists(B-Miscellaneous) gathering(O) in(O) London(B-Location) if(O) British(B-Miscellaneous) law(O) was(O) broken(O) .(O)"
13567,['Fuel' 'oil' '325' '325-350' '425'],"['O', 'O', 'O', 'O', 'O']",Fuel oil 325 325-350 425,"['Fuel(O)', 'oil(O)', '325(O)', '325-350(O)', '425(O)']",Fuel(O) oil(O) 325(O) 325-350(O) 425(O),"Input: Fuel oil 325 325-350 425
Output: Fuel(O) oil(O) 325(O) 325-350(O) 425(O)"
4270,"['More' 'than' '1,000' 'people' 'have' 'been' 'executed' 'in'
 'drug-related' 'cases' 'since' 'the' 'law' 'took' 'effect' 'in' '1989'
 '.']","['O', 'O', 'O', 'O', 'O', 'O', 'O', 'O', 'O', 'O', 'O', 'O', 'O', 'O', 'O', 'O', 'O', 'O']","More than 1,000 people have been executed in drug-related cases since the law took effect in 1989 .","['More(O)', 'than(O)', '1,000(O)', 'people(O)', 'have(O)', 'been(O)', 'executed(O)', 'in(O)', 'drug-related(O)', 'cases(O)', 'since(O)', 'the(O)', 'law(O)', 'took(O)', 'effect(O)', 'in(O)', '1989(O)', '.(O)']","More(O) than(O) 1,000(O) people(O) have(O) been(O) executed(O) in(O) drug-related(O) cases(O) since(O) the(O) law(O) took(O) effect(O) in(O) 1989(O) .(O)","Input: More than 1,000 people have been executed in drug-related cases since the law took effect in 1989 .
Output: More(O) than(O) 1,000(O) people(O) have(O) been(O) executed(O) in(O) drug-related(O) cases(O) since(O) the(O) law(O) took(O) effect(O) in(O) 1989(O) .(O)"
5036,['Raith' '3' '0' '0' '3' '1' '8' '0'],"['B-Organization', 'O', 'O', 'O', 'O', 'O', 'O', 'O']",Raith 3 0 0 3 1 8 0,"['Raith(B-Organization)', '3(O)', '0(O)', '0(O)', '3(O)', '1(O)', '8(O)', '0(O)']",Raith(B-Organization) 3(O) 0(O) 0(O) 3(O) 1(O) 8(O) 0(O),"Input: Raith 3 0 0 3 1 8 0
Output: Raith(B-Organization) 3(O) 0(O) 0(O) 3(O) 1(O) 8(O) 0(O)"
9432,['DINAMINA'],['B-Organization'],DINAMINA,['DINAMINA(B-Organization)'],DINAMINA(B-Organization),"Input: DINAMINA
Output: DINAMINA(B-Organization)"
3186,"['""' 'What' 'we' 'know' 'is' 'that' 'he' 'was' 'a' 'fervant' 'religious'
 'man' ',' 'we' 'cannot' 'exclude' 'anything' 'in' 'investigations' '""'
 'he' 'said' '.']","['O', 'O', 'O', 'O', 'O', 'O', 'O', 'O', 'O', 'O', 'O', 'O', 'O', 'O', 'O', 'O', 'O', 'O', 'O', 'O', 'O', 'O', 'O']",""" What we know is that he was a fervant religious man , we cannot exclude anything in investigations "" he said .","['""(O)', 'What(O)', 'we(O)', 'know(O)', 'is(O)', 'that(O)', 'he(O)', 'was(O)', 'a(O)', 'fervant(O)', 'religious(O)', 'man(O)', ',(O)', 'we(O)', 'cannot(O)', 'exclude(O)', 'anything(O)', 'in(O)', 'investigations(O)', '""(O)', 'he(O)', 'said(O)', '.(O)']","""(O) What(O) we(O) know(O) is(O) that(O) he(O) was(O) a(O) fervant(O) religious(O) man(O) ,(O) we(O) cannot(O) exclude(O) anything(O) in(O) investigations(O) ""(O) he(O) said(O) .(O)","Input: "" What we know is that he was a fervant religious man , we cannot exclude anything in investigations "" he said .
Output: ""(O) What(O) we(O) know(O) is(O) that(O) he(O) was(O) a(O) fervant(O) religious(O) man(O) ,(O) we(O) cannot(O) exclude(O) anything(O) in(O) investigations(O) ""(O) he(O) said(O) .(O)"
12002,"['The' 'BOJ' 'released' 'the' 'August' 'tankan' ',' 'its' 'quarterly'
 'short-term' 'corporate' 'survey' ',' 'in' 'the' 'morning' 'and' 'it'
 'showed' 'business' 'outlook' 'had' 'worsened' '.']","['O', 'B-Organization', 'O', 'O', 'O', 'O', 'O', 'O', 'O', 'O', 'O', 'O', 'O', 'O', 'O', 'O', 'O', 'O', 'O', 'O', 'O', 'O', 'O', 'O']","The BOJ released the August tankan , its quarterly short-term corporate survey , in the morning and it showed business outlook had worsened .","['The(O)', 'BOJ(B-Organization)', 'released(O)', 'the(O)', 'August(O)', 'tankan(O)', ',(O)', 'its(O)', 'quarterly(O)', 'short-term(O)', 'corporate(O)', 'survey(O)', ',(O)', 'in(O)', 'the(O)', 'morning(O)', 'and(O)', 'it(O)', 'showed(O)', 'business(O)', 'outlook(O)', 'had(O)', 'worsened(O)', '.(O)']","The(O) BOJ(B-Organization) released(O) the(O) August(O) tankan(O) ,(O) its(O) quarterly(O) short-term(O) corporate(O) survey(O) ,(O) in(O) the(O) morning(O) and(O) it(O) showed(O) business(O) outlook(O) had(O) worsened(O) .(O)","Input: The BOJ released the August tankan , its quarterly short-term corporate survey , in the morning and it showed business outlook had worsened .
Output: The(O) BOJ(B-Organization) released(O) the(O) August(O) tankan(O) ,(O) its(O) quarterly(O) short-term(O) corporate(O) survey(O) ,(O) in(O) the(O) morning(O) and(O) it(O) showed(O) business(O) outlook(O) had(O) worsened(O) .(O)"
13403,"['But' 'traders' 'see' 'the' 'market' 'remaining' 'tight' 'in' 'the'
 'short-term' ',' 'with' 'some' 'surplus' 'arising' 'closer' 'to'
 'October' '.']","['O', 'O', 'O', 'O', 'O', 'O', 'O', 'O', 'O', 'O', 'O', 'O', 'O', 'O', 'O', 'O', 'O', 'O', 'O']","But traders see the market remaining tight in the short-term , with some surplus arising closer to October .","['But(O)', 'traders(O)', 'see(O)', 'the(O)', 'market(O)', 'remaining(O)', 'tight(O)', 'in(O)', 'the(O)', 'short-term(O)', ',(O)', 'with(O)', 'some(O)', 'surplus(O)', 'arising(O)', 'closer(O)', 'to(O)', 'October(O)', '.(O)']","But(O) traders(O) see(O) the(O) market(O) remaining(O) tight(O) in(O) the(O) short-term(O) ,(O) with(O) some(O) surplus(O) arising(O) closer(O) to(O) October(O) .(O)","Input: But traders see the market remaining tight in the short-term , with some surplus arising closer to October .
Output: But(O) traders(O) see(O) the(O) market(O) remaining(O) tight(O) in(O) the(O) short-term(O) ,(O) with(O) some(O) surplus(O) arising(O) closer(O) to(O) October(O) .(O)"
11132,"['The' 'latest' 'sets' 'a' 'timetable' 'for' 'disarmament' 'by' 'the'
 'end' 'of' 'January' 'and' 'elections' 'by' 'May' '30' '.']","['O', 'O', 'O', 'O', 'O', 'O', 'O', 'O', 'O', 'O', 'O', 'O', 'O', 'O', 'O', 'O', 'O', 'O']",The latest sets a timetable for disarmament by the end of January and elections by May 30 .,"['The(O)', 'latest(O)', 'sets(O)', 'a(O)', 'timetable(O)', 'for(O)', 'disarmament(O)', 'by(O)', 'the(O)', 'end(O)', 'of(O)', 'January(O)', 'and(O)', 'elections(O)', 'by(O)', 'May(O)', '30(O)', '.(O)']",The(O) latest(O) sets(O) a(O) timetable(O) for(O) disarmament(O) by(O) the(O) end(O) of(O) January(O) and(O) elections(O) by(O) May(O) 30(O) .(O),"Input: The latest sets a timetable for disarmament by the end of January and elections by May 30 .
Output: The(O) latest(O) sets(O) a(O) timetable(O) for(O) disarmament(O) by(O) the(O) end(O) of(O) January(O) and(O) elections(O) by(O) May(O) 30(O) .(O)"
7174,"['Attendance' '30,000']","['O', 'O']","Attendance 30,000","['Attendance(O)', '30,000(O)']","Attendance(O) 30,000(O)","Input: Attendance 30,000
Output: Attendance(O) 30,000(O)"
13580,"['Last' 'May' 'dozens' 'of' 'demonstrators' 'and' 'police' 'were'
 'injured' 'in' 'violent' 'clashes' 'around' 'the' 'Gorleben' 'nuclear'
 'waste' 'depot' 'as' 'hundreds' 'of' 'protesters' 'tried' 'to' 'block'
 'a' 'delivery' 'of' 'waste' 'by' 'train' 'and' 'truck' '.']","['O', 'O', 'O', 'O', 'O', 'O', 'O', 'O', 'O', 'O', 'O', 'O', 'O', 'O', 'B-Location', 'O', 'O', 'O', 'O', 'O', 'O', 'O', 'O', 'O', 'O', 'O', 'O', 'O', 'O', 'O', 'O', 'O', 'O', 'O']",Last May dozens of demonstrators and police were injured in violent clashes around the Gorleben nuclear waste depot as hundreds of protesters tried to block a delivery of waste by train and truck .,"['Last(O)', 'May(O)', 'dozens(O)', 'of(O)', 'demonstrators(O)', 'and(O)', 'police(O)', 'were(O)', 'injured(O)', 'in(O)', 'violent(O)', 'clashes(O)', 'around(O)', 'the(O)', 'Gorleben(B-Location)', 'nuclear(O)', 'waste(O)', 'depot(O)', 'as(O)', 'hundreds(O)', 'of(O)', 'protesters(O)', 'tried(O)', 'to(O)', 'block(O)', 'a(O)', 'delivery(O)', 'of(O)', 'waste(O)', 'by(O)', 'train(O)', 'and(O)', 'truck(O)', '.(O)']",Last(O) May(O) dozens(O) of(O) demonstrators(O) and(O) police(O) were(O) injured(O) in(O) violent(O) clashes(O) around(O) the(O) Gorleben(B-Location) nuclear(O) waste(O) depot(O) as(O) hundreds(O) of(O) protesters(O) tried(O) to(O) block(O) a(O) delivery(O) of(O) waste(O) by(O) train(O) and(O) truck(O) .(O),"Input: Last May dozens of demonstrators and police were injured in violent clashes around the Gorleben nuclear waste depot as hundreds of protesters tried to block a delivery of waste by train and truck .
Output: Last(O) May(O) dozens(O) of(O) demonstrators(O) and(O) police(O) were(O) injured(O) in(O) violent(O) clashes(O) around(O) the(O) Gorleben(B-Location) nuclear(O) waste(O) depot(O) as(O) hundreds(O) of(O) protesters(O) tried(O) to(O) block(O) a(O) delivery(O) of(O) waste(O) by(O) train(O) and(O) truck(O) .(O)"
8053,"['The' 'dollar' 'was' 'also' 'pressured' 'by' 'the' 'mark' ""'s"" 'strength'
 'against' 'European' 'currencies' 'amid' 'renewed' 'concerns' 'over'
 'Europe' ""'s"" 'economic' 'and' 'monetary' 'union' '(' 'EMU' ')'
 'timetable' '.']","['O', 'O', 'O', 'O', 'O', 'O', 'O', 'O', 'O', 'O', 'O', 'B-Miscellaneous', 'O', 'O', 'O', 'O', 'O', 'B-Location', 'O', 'O', 'O', 'O', 'O', 'O', 'B-Miscellaneous', 'O', 'O', 'O']",The dollar was also pressured by the mark 's strength against European currencies amid renewed concerns over Europe 's economic and monetary union ( EMU ) timetable .,"['The(O)', 'dollar(O)', 'was(O)', 'also(O)', 'pressured(O)', 'by(O)', 'the(O)', 'mark(O)', ""'s(O)"", 'strength(O)', 'against(O)', 'European(B-Miscellaneous)', 'currencies(O)', 'amid(O)', 'renewed(O)', 'concerns(O)', 'over(O)', 'Europe(B-Location)', ""'s(O)"", 'economic(O)', 'and(O)', 'monetary(O)', 'union(O)', '((O)', 'EMU(B-Miscellaneous)', ')(O)', 'timetable(O)', '.(O)']",The(O) dollar(O) was(O) also(O) pressured(O) by(O) the(O) mark(O) 's(O) strength(O) against(O) European(B-Miscellaneous) currencies(O) amid(O) renewed(O) concerns(O) over(O) Europe(B-Location) 's(O) economic(O) and(O) monetary(O) union(O) ((O) EMU(B-Miscellaneous) )(O) timetable(O) .(O),"Input: The dollar was also pressured by the mark 's strength against European currencies amid renewed concerns over Europe 's economic and monetary union ( EMU ) timetable .
Output: The(O) dollar(O) was(O) also(O) pressured(O) by(O) the(O) mark(O) 's(O) strength(O) against(O) European(B-Miscellaneous) currencies(O) amid(O) renewed(O) concerns(O) over(O) Europe(B-Location) 's(O) economic(O) and(O) monetary(O) union(O) ((O) EMU(B-Miscellaneous) )(O) timetable(O) .(O)"
744,"['Vince' 'Spadea' '(' 'U.S.' ')' 'vs.' 'Daniel' 'Vacek' '(' 'Czech'
 'Republic' ')']","['B-Person', 'I-Person', 'O', 'B-Location', 'O', 'O', 'B-Person', 'I-Person', 'O', 'B-Location', 'I-Location', 'O']",Vince Spadea ( U.S. ) vs. Daniel Vacek ( Czech Republic ),"['Vince(B-Person)', 'Spadea(I-Person)', '((O)', 'U.S.(B-Location)', ')(O)', 'vs.(O)', 'Daniel(B-Person)', 'Vacek(I-Person)', '((O)', 'Czech(B-Location)', 'Republic(I-Location)', ')(O)']",Vince(B-Person) Spadea(I-Person) ((O) U.S.(B-Location) )(O) vs.(O) Daniel(B-Person) Vacek(I-Person) ((O) Czech(B-Location) Republic(I-Location) )(O),"Input: Vince Spadea ( U.S. ) vs. Daniel Vacek ( Czech Republic )
Output: Vince(B-Person) Spadea(I-Person) ((O) U.S.(B-Location) )(O) vs.(O) Daniel(B-Person) Vacek(I-Person) ((O) Czech(B-Location) Republic(I-Location) )(O)"
871,"['In' 'Kansas' 'City' ',' 'Juan' 'Guzman' 'tossed' 'a' 'complete-game'
 'six-hitter' 'to' 'win' 'for' 'the' 'first' 'time' 'in' 'over' 'a'
 'month' 'and' 'lower' 'his' 'league-best' 'ERA' 'as' 'the' 'Toronto'
 'Blue' 'Jays' 'won' 'their' 'fourth' 'straight' ',' '6-2' 'over' 'the'
 'Royals' '.']","['O', 'B-Location', 'I-Location', 'O', 'B-Person', 'I-Person', 'O', 'O', 'O', 'O', 'O', 'O', 'O', 'O', 'O', 'O', 'O', 'O', 'O', 'O', 'O', 'O', 'O', 'O', 'B-Miscellaneous', 'O', 'O', 'B-Organization', 'I-Organization', 'I-Organization', 'O', 'O', 'O', 'O', 'O', 'O', 'O', 'O', 'B-Organization', 'O']","In Kansas City , Juan Guzman tossed a complete-game six-hitter to win for the first time in over a month and lower his league-best ERA as the Toronto Blue Jays won their fourth straight , 6-2 over the Royals .","['In(O)', 'Kansas(B-Location)', 'City(I-Location)', ',(O)', 'Juan(B-Person)', 'Guzman(I-Person)', 'tossed(O)', 'a(O)', 'complete-game(O)', 'six-hitter(O)', 'to(O)', 'win(O)', 'for(O)', 'the(O)', 'first(O)', 'time(O)', 'in(O)', 'over(O)', 'a(O)', 'month(O)', 'and(O)', 'lower(O)', 'his(O)', 'league-best(O)', 'ERA(B-Miscellaneous)', 'as(O)', 'the(O)', 'Toronto(B-Organization)', 'Blue(I-Organization)', 'Jays(I-Organization)', 'won(O)', 'their(O)', 'fourth(O)', 'straight(O)', ',(O)', '6-2(O)', 'over(O)', 'the(O)', 'Royals(B-Organization)', '.(O)']","In(O) Kansas(B-Location) City(I-Location) ,(O) Juan(B-Person) Guzman(I-Person) tossed(O) a(O) complete-game(O) six-hitter(O) to(O) win(O) for(O) the(O) first(O) time(O) in(O) over(O) a(O) month(O) and(O) lower(O) his(O) league-best(O) ERA(B-Miscellaneous) as(O) the(O) Toronto(B-Organization) Blue(I-Organization) Jays(I-Organization) won(O) their(O) fourth(O) straight(O) ,(O) 6-2(O) over(O) the(O) Royals(B-Organization) .(O)","Input: In Kansas City , Juan Guzman tossed a complete-game six-hitter to win for the first time in over a month and lower his league-best ERA as the Toronto Blue Jays won their fourth straight , 6-2 over the Royals .
Output: In(O) Kansas(B-Location) City(I-Location) ,(O) Juan(B-Person) Guzman(I-Person) tossed(O) a(O) complete-game(O) six-hitter(O) to(O) win(O) for(O) the(O) first(O) time(O) in(O) over(O) a(O) month(O) and(O) lower(O) his(O) league-best(O) ERA(B-Miscellaneous) as(O) the(O) Toronto(B-Organization) Blue(I-Organization) Jays(I-Organization) won(O) their(O) fourth(O) straight(O) ,(O) 6-2(O) over(O) the(O) Royals(B-Organization) .(O)"
1296,['BUENOS' 'AIRES' '1996-08-22'],"['B-Location', 'I-Location', 'O']",BUENOS AIRES 1996-08-22,"['BUENOS(B-Location)', 'AIRES(I-Location)', '1996-08-22(O)']",BUENOS(B-Location) AIRES(I-Location) 1996-08-22(O),"Input: BUENOS AIRES 1996-08-22
Output: BUENOS(B-Location) AIRES(I-Location) 1996-08-22(O)"
226,"['The' 'continued' 'strong' 'tone' 'to' 'cash' 'cattle' 'and' 'beef'
 'markets' 'should' 'prompt' 'further' 'support' '.']","['O', 'O', 'O', 'O', 'O', 'O', 'O', 'O', 'O', 'O', 'O', 'O', 'O', 'O', 'O']",The continued strong tone to cash cattle and beef markets should prompt further support .,"['The(O)', 'continued(O)', 'strong(O)', 'tone(O)', 'to(O)', 'cash(O)', 'cattle(O)', 'and(O)', 'beef(O)', 'markets(O)', 'should(O)', 'prompt(O)', 'further(O)', 'support(O)', '.(O)']",The(O) continued(O) strong(O) tone(O) to(O) cash(O) cattle(O) and(O) beef(O) markets(O) should(O) prompt(O) further(O) support(O) .(O),"Input: The continued strong tone to cash cattle and beef markets should prompt further support .
Output: The(O) continued(O) strong(O) tone(O) to(O) cash(O) cattle(O) and(O) beef(O) markets(O) should(O) prompt(O) further(O) support(O) .(O)"
2690,"['""' 'My' 'application' 'this' 'year' 'has' 'been' 'strange' ',' '""'
 'Norman' 'said' '.' '""']","['O', 'O', 'O', 'O', 'O', 'O', 'O', 'O', 'O', 'O', 'B-Person', 'O', 'O', 'O']",""" My application this year has been strange , "" Norman said . ""","['""(O)', 'My(O)', 'application(O)', 'this(O)', 'year(O)', 'has(O)', 'been(O)', 'strange(O)', ',(O)', '""(O)', 'Norman(B-Person)', 'said(O)', '.(O)', '""(O)']","""(O) My(O) application(O) this(O) year(O) has(O) been(O) strange(O) ,(O) ""(O) Norman(B-Person) said(O) .(O) ""(O)","Input: "" My application this year has been strange , "" Norman said . ""
Output: ""(O) My(O) application(O) this(O) year(O) has(O) been(O) strange(O) ,(O) ""(O) Norman(B-Person) said(O) .(O) ""(O)"
9161,['Ten' 'missing' 'in' 'north' 'China' 'ship' 'collision' '.'],"['O', 'O', 'O', 'O', 'B-Location', 'O', 'O', 'O']",Ten missing in north China ship collision .,"['Ten(O)', 'missing(O)', 'in(O)', 'north(O)', 'China(B-Location)', 'ship(O)', 'collision(O)', '.(O)']",Ten(O) missing(O) in(O) north(O) China(B-Location) ship(O) collision(O) .(O),"Input: Ten missing in north China ship collision .
Output: Ten(O) missing(O) in(O) north(O) China(B-Location) ship(O) collision(O) .(O)"
9968,['1.' 'Davis' 'Kamoga' '(' 'Uganda' ')' '45.15' 'seconds'],"['O', 'B-Person', 'I-Person', 'O', 'B-Location', 'O', 'O', 'O']",1. Davis Kamoga ( Uganda ) 45.15 seconds,"['1.(O)', 'Davis(B-Person)', 'Kamoga(I-Person)', '((O)', 'Uganda(B-Location)', ')(O)', '45.15(O)', 'seconds(O)']",1.(O) Davis(B-Person) Kamoga(I-Person) ((O) Uganda(B-Location) )(O) 45.15(O) seconds(O),"Input: 1. Davis Kamoga ( Uganda ) 45.15 seconds
Output: 1.(O) Davis(B-Person) Kamoga(I-Person) ((O) Uganda(B-Location) )(O) 45.15(O) seconds(O)"
5537,"['Bundesliga' 'standings' 'after' 'Sunday' ""'s"" 'game' '(' 'tabulate'
 'under']","['B-Miscellaneous', 'O', 'O', 'O', 'O', 'O', 'O', 'O', 'O']",Bundesliga standings after Sunday 's game ( tabulate under,"['Bundesliga(B-Miscellaneous)', 'standings(O)', 'after(O)', 'Sunday(O)', ""'s(O)"", 'game(O)', '((O)', 'tabulate(O)', 'under(O)']",Bundesliga(B-Miscellaneous) standings(O) after(O) Sunday(O) 's(O) game(O) ((O) tabulate(O) under(O),"Input: Bundesliga standings after Sunday 's game ( tabulate under
Output: Bundesliga(B-Miscellaneous) standings(O) after(O) Sunday(O) 's(O) game(O) ((O) tabulate(O) under(O)"
12520,['TORONTO' '63' '71' '.470' '12'],"['B-Organization', 'O', 'O', 'O', 'O']",TORONTO 63 71 .470 12,"['TORONTO(B-Organization)', '63(O)', '71(O)', '.470(O)', '12(O)']",TORONTO(B-Organization) 63(O) 71(O) .470(O) 12(O),"Input: TORONTO 63 71 .470 12
Output: TORONTO(B-Organization) 63(O) 71(O) .470(O) 12(O)"
12862,"['Albanian' 'moderates' 'want' 'autonomy' 'restored' 'but' 'hardliners'
 'want' 'to' 'join' 'up' 'with' 'neighbouring' 'Albania' '.']","['B-Miscellaneous', 'O', 'O', 'O', 'O', 'O', 'O', 'O', 'O', 'O', 'O', 'O', 'O', 'B-Location', 'O']",Albanian moderates want autonomy restored but hardliners want to join up with neighbouring Albania .,"['Albanian(B-Miscellaneous)', 'moderates(O)', 'want(O)', 'autonomy(O)', 'restored(O)', 'but(O)', 'hardliners(O)', 'want(O)', 'to(O)', 'join(O)', 'up(O)', 'with(O)', 'neighbouring(O)', 'Albania(B-Location)', '.(O)']",Albanian(B-Miscellaneous) moderates(O) want(O) autonomy(O) restored(O) but(O) hardliners(O) want(O) to(O) join(O) up(O) with(O) neighbouring(O) Albania(B-Location) .(O),"Input: Albanian moderates want autonomy restored but hardliners want to join up with neighbouring Albania .
Output: Albanian(B-Miscellaneous) moderates(O) want(O) autonomy(O) restored(O) but(O) hardliners(O) want(O) to(O) join(O) up(O) with(O) neighbouring(O) Albania(B-Location) .(O)"
5071,['6-3'],['O'],6-3,['6-3(O)'],6-3(O),"Input: 6-3
Output: 6-3(O)"
7708,"['Christopher' 'Reeve' '--' 'Reeve' 'was' 'best' 'known' 'for' 'playing'
 'the' 'comic' 'book' 'hero' 'Superman' 'in' 'four' 'movies' 'but' 'his'
 'greatest' 'heroics' 'came' 'in' 'real' 'life' '.']","['B-Person', 'I-Person', 'O', 'B-Person', 'O', 'O', 'O', 'O', 'O', 'O', 'O', 'O', 'O', 'B-Person', 'O', 'O', 'O', 'O', 'O', 'O', 'O', 'O', 'O', 'O', 'O', 'O']",Christopher Reeve -- Reeve was best known for playing the comic book hero Superman in four movies but his greatest heroics came in real life .,"['Christopher(B-Person)', 'Reeve(I-Person)', '--(O)', 'Reeve(B-Person)', 'was(O)', 'best(O)', 'known(O)', 'for(O)', 'playing(O)', 'the(O)', 'comic(O)', 'book(O)', 'hero(O)', 'Superman(B-Person)', 'in(O)', 'four(O)', 'movies(O)', 'but(O)', 'his(O)', 'greatest(O)', 'heroics(O)', 'came(O)', 'in(O)', 'real(O)', 'life(O)', '.(O)']",Christopher(B-Person) Reeve(I-Person) --(O) Reeve(B-Person) was(O) best(O) known(O) for(O) playing(O) the(O) comic(O) book(O) hero(O) Superman(B-Person) in(O) four(O) movies(O) but(O) his(O) greatest(O) heroics(O) came(O) in(O) real(O) life(O) .(O),"Input: Christopher Reeve -- Reeve was best known for playing the comic book hero Superman in four movies but his greatest heroics came in real life .
Output: Christopher(B-Person) Reeve(I-Person) --(O) Reeve(B-Person) was(O) best(O) known(O) for(O) playing(O) the(O) comic(O) book(O) hero(O) Superman(B-Person) in(O) four(O) movies(O) but(O) his(O) greatest(O) heroics(O) came(O) in(O) real(O) life(O) .(O)"
6194,"['Ukraine' ""'s"" 'black' 'soil' 'is' 'so' 'fertile' 'that' 'a' 'diplomat'
 'described' 'it' 'as' '""' 'rich' 'enough' 'to' 'grow' 'rubber' 'boots'
 '""' '.']","['B-Location', 'O', 'O', 'O', 'O', 'O', 'O', 'O', 'O', 'O', 'O', 'O', 'O', 'O', 'O', 'O', 'O', 'O', 'O', 'O', 'O', 'O']","Ukraine 's black soil is so fertile that a diplomat described it as "" rich enough to grow rubber boots "" .","['Ukraine(B-Location)', ""'s(O)"", 'black(O)', 'soil(O)', 'is(O)', 'so(O)', 'fertile(O)', 'that(O)', 'a(O)', 'diplomat(O)', 'described(O)', 'it(O)', 'as(O)', '""(O)', 'rich(O)', 'enough(O)', 'to(O)', 'grow(O)', 'rubber(O)', 'boots(O)', '""(O)', '.(O)']","Ukraine(B-Location) 's(O) black(O) soil(O) is(O) so(O) fertile(O) that(O) a(O) diplomat(O) described(O) it(O) as(O) ""(O) rich(O) enough(O) to(O) grow(O) rubber(O) boots(O) ""(O) .(O)","Input: Ukraine 's black soil is so fertile that a diplomat described it as "" rich enough to grow rubber boots "" .
Output: Ukraine(B-Location) 's(O) black(O) soil(O) is(O) so(O) fertile(O) that(O) a(O) diplomat(O) described(O) it(O) as(O) ""(O) rich(O) enough(O) to(O) grow(O) rubber(O) boots(O) ""(O) .(O)"
6028,"['-' 'Government' 'asks' 'senior' 'Iraqi' '""' 'diplomat' '""' 'to' 'leave'
 ',' 'reviews' 'status' 'of' 'others' '.']","['O', 'O', 'O', 'O', 'B-Miscellaneous', 'O', 'O', 'O', 'O', 'O', 'O', 'O', 'O', 'O', 'O', 'O']","- Government asks senior Iraqi "" diplomat "" to leave , reviews status of others .","['-(O)', 'Government(O)', 'asks(O)', 'senior(O)', 'Iraqi(B-Miscellaneous)', '""(O)', 'diplomat(O)', '""(O)', 'to(O)', 'leave(O)', ',(O)', 'reviews(O)', 'status(O)', 'of(O)', 'others(O)', '.(O)']","-(O) Government(O) asks(O) senior(O) Iraqi(B-Miscellaneous) ""(O) diplomat(O) ""(O) to(O) leave(O) ,(O) reviews(O) status(O) of(O) others(O) .(O)","Input: - Government asks senior Iraqi "" diplomat "" to leave , reviews status of others .
Output: -(O) Government(O) asks(O) senior(O) Iraqi(B-Miscellaneous) ""(O) diplomat(O) ""(O) to(O) leave(O) ,(O) reviews(O) status(O) of(O) others(O) .(O)"
5523,['Start' '20' '3' '3' '14' '26' '56' '12'],"['B-Organization', 'O', 'O', 'O', 'O', 'O', 'O', 'O']",Start 20 3 3 14 26 56 12,"['Start(B-Organization)', '20(O)', '3(O)', '3(O)', '14(O)', '26(O)', '56(O)', '12(O)']",Start(B-Organization) 20(O) 3(O) 3(O) 14(O) 26(O) 56(O) 12(O),"Input: Start 20 3 3 14 26 56 12
Output: Start(B-Organization) 20(O) 3(O) 3(O) 14(O) 26(O) 56(O) 12(O)"
1962,['D.' 'Cork' 'c' 'Moin' 'Khan' 'b' 'Waqar' 'Younis' '0'],"['B-Person', 'I-Person', 'O', 'B-Person', 'I-Person', 'O', 'B-Person', 'I-Person', 'O']",D. Cork c Moin Khan b Waqar Younis 0,"['D.(B-Person)', 'Cork(I-Person)', 'c(O)', 'Moin(B-Person)', 'Khan(I-Person)', 'b(O)', 'Waqar(B-Person)', 'Younis(I-Person)', '0(O)']",D.(B-Person) Cork(I-Person) c(O) Moin(B-Person) Khan(I-Person) b(O) Waqar(B-Person) Younis(I-Person) 0(O),"Input: D. Cork c Moin Khan b Waqar Younis 0
Output: D.(B-Person) Cork(I-Person) c(O) Moin(B-Person) Khan(I-Person) b(O) Waqar(B-Person) Younis(I-Person) 0(O)"
1049,['It' 'currently' 'operates' '169' 'stores' 'in' '23' 'states' '.'],"['O', 'O', 'O', 'O', 'O', 'O', 'O', 'O', 'O']",It currently operates 169 stores in 23 states .,"['It(O)', 'currently(O)', 'operates(O)', '169(O)', 'stores(O)', 'in(O)', '23(O)', 'states(O)', '.(O)']",It(O) currently(O) operates(O) 169(O) stores(O) in(O) 23(O) states(O) .(O),"Input: It currently operates 169 stores in 23 states .
Output: It(O) currently(O) operates(O) 169(O) stores(O) in(O) 23(O) states(O) .(O)"
11059,['CAIRO' '1996-08-28'],"['B-Location', 'O']",CAIRO 1996-08-28,"['CAIRO(B-Location)', '1996-08-28(O)']",CAIRO(B-Location) 1996-08-28(O),"Input: CAIRO 1996-08-28
Output: CAIRO(B-Location) 1996-08-28(O)"
11657,"['However' ',' 'French' 'stocks' 'extended' 'opening' 'losses' 'to' 'more'
 'than' 'one' 'percent' 'in' 'morning' 'trading' ',' 'falling' 'through'
 'the' '2000' 'point' 'resistance' 'level' 'on' 'the' 'main' 'CAC-40'
 'index' '.']","['O', 'O', 'B-Miscellaneous', 'O', 'O', 'O', 'O', 'O', 'O', 'O', 'O', 'O', 'O', 'O', 'O', 'O', 'O', 'O', 'O', 'O', 'O', 'O', 'O', 'O', 'O', 'O', 'B-Miscellaneous', 'O', 'O']","However , French stocks extended opening losses to more than one percent in morning trading , falling through the 2000 point resistance level on the main CAC-40 index .","['However(O)', ',(O)', 'French(B-Miscellaneous)', 'stocks(O)', 'extended(O)', 'opening(O)', 'losses(O)', 'to(O)', 'more(O)', 'than(O)', 'one(O)', 'percent(O)', 'in(O)', 'morning(O)', 'trading(O)', ',(O)', 'falling(O)', 'through(O)', 'the(O)', '2000(O)', 'point(O)', 'resistance(O)', 'level(O)', 'on(O)', 'the(O)', 'main(O)', 'CAC-40(B-Miscellaneous)', 'index(O)', '.(O)']","However(O) ,(O) French(B-Miscellaneous) stocks(O) extended(O) opening(O) losses(O) to(O) more(O) than(O) one(O) percent(O) in(O) morning(O) trading(O) ,(O) falling(O) through(O) the(O) 2000(O) point(O) resistance(O) level(O) on(O) the(O) main(O) CAC-40(B-Miscellaneous) index(O) .(O)","Input: However , French stocks extended opening losses to more than one percent in morning trading , falling through the 2000 point resistance level on the main CAC-40 index .
Output: However(O) ,(O) French(B-Miscellaneous) stocks(O) extended(O) opening(O) losses(O) to(O) more(O) than(O) one(O) percent(O) in(O) morning(O) trading(O) ,(O) falling(O) through(O) the(O) 2000(O) point(O) resistance(O) level(O) on(O) the(O) main(O) CAC-40(B-Miscellaneous) index(O) .(O)"
6056,['-' 'Former' 'prime' 'minister' 'Peres' 'to' 'Morocco' 'today' '.'],"['O', 'O', 'O', 'O', 'B-Person', 'O', 'B-Location', 'O', 'O']",- Former prime minister Peres to Morocco today .,"['-(O)', 'Former(O)', 'prime(O)', 'minister(O)', 'Peres(B-Person)', 'to(O)', 'Morocco(B-Location)', 'today(O)', '.(O)']",-(O) Former(O) prime(O) minister(O) Peres(B-Person) to(O) Morocco(B-Location) today(O) .(O),"Input: - Former prime minister Peres to Morocco today .
Output: -(O) Former(O) prime(O) minister(O) Peres(B-Person) to(O) Morocco(B-Location) today(O) .(O)"
8360,['Shadab' 'Kabir' '1' '0' '9' '0' '-'],"['B-Person', 'I-Person', 'O', 'O', 'O', 'O', 'O']",Shadab Kabir 1 0 9 0 -,"['Shadab(B-Person)', 'Kabir(I-Person)', '1(O)', '0(O)', '9(O)', '0(O)', '-(O)']",Shadab(B-Person) Kabir(I-Person) 1(O) 0(O) 9(O) 0(O) -(O),"Input: Shadab Kabir 1 0 9 0 -
Output: Shadab(B-Person) Kabir(I-Person) 1(O) 0(O) 9(O) 0(O) -(O)"
12081,['--' 'Tokyo' 'Commodities' 'Desk' '(' '813' '3432' '6179' ')'],"['O', 'B-Organization', 'I-Organization', 'I-Organization', 'O', 'O', 'O', 'O', 'O']",-- Tokyo Commodities Desk ( 813 3432 6179 ),"['--(O)', 'Tokyo(B-Organization)', 'Commodities(I-Organization)', 'Desk(I-Organization)', '((O)', '813(O)', '3432(O)', '6179(O)', ')(O)']",--(O) Tokyo(B-Organization) Commodities(I-Organization) Desk(I-Organization) ((O) 813(O) 3432(O) 6179(O) )(O),"Input: -- Tokyo Commodities Desk ( 813 3432 6179 )
Output: --(O) Tokyo(B-Organization) Commodities(I-Organization) Desk(I-Organization) ((O) 813(O) 3432(O) 6179(O) )(O)"
10130,['3.' 'Andreas' 'Kappes' '-' 'Carsten' 'Wolf' '(' 'Germany' ')' '23'],"['O', 'B-Person', 'I-Person', 'O', 'B-Person', 'I-Person', 'O', 'B-Location', 'O', 'O']",3. Andreas Kappes - Carsten Wolf ( Germany ) 23,"['3.(O)', 'Andreas(B-Person)', 'Kappes(I-Person)', '-(O)', 'Carsten(B-Person)', 'Wolf(I-Person)', '((O)', 'Germany(B-Location)', ')(O)', '23(O)']",3.(O) Andreas(B-Person) Kappes(I-Person) -(O) Carsten(B-Person) Wolf(I-Person) ((O) Germany(B-Location) )(O) 23(O),"Input: 3. Andreas Kappes - Carsten Wolf ( Germany ) 23
Output: 3.(O) Andreas(B-Person) Kappes(I-Person) -(O) Carsten(B-Person) Wolf(I-Person) ((O) Germany(B-Location) )(O) 23(O)"
7371,"['Raichev' 'said' 'a' 'lock-out' 'with' 'military' 'air' 'controllers'
 'was' 'impossible' 'as' 'they' 'did' 'not' 'speak' 'English' '.']","['B-Person', 'O', 'O', 'O', 'O', 'O', 'O', 'O', 'O', 'O', 'O', 'O', 'O', 'O', 'O', 'B-Miscellaneous', 'O']",Raichev said a lock-out with military air controllers was impossible as they did not speak English .,"['Raichev(B-Person)', 'said(O)', 'a(O)', 'lock-out(O)', 'with(O)', 'military(O)', 'air(O)', 'controllers(O)', 'was(O)', 'impossible(O)', 'as(O)', 'they(O)', 'did(O)', 'not(O)', 'speak(O)', 'English(B-Miscellaneous)', '.(O)']",Raichev(B-Person) said(O) a(O) lock-out(O) with(O) military(O) air(O) controllers(O) was(O) impossible(O) as(O) they(O) did(O) not(O) speak(O) English(B-Miscellaneous) .(O),"Input: Raichev said a lock-out with military air controllers was impossible as they did not speak English .
Output: Raichev(B-Person) said(O) a(O) lock-out(O) with(O) military(O) air(O) controllers(O) was(O) impossible(O) as(O) they(O) did(O) not(O) speak(O) English(B-Miscellaneous) .(O)"
1473,"['During' 'the' 'three-month' 'trial' ',' 'the' 'court' 'dealt' 'mainly'
 'with' 'issues' 'of' 'the' 'NSDAP-AO' ""'s"" '""' 'NS' 'Kampfruf' '""' '('
 '""' 'National' 'Socialist' 'Battle' 'Cry' '""' ')' 'magazine' ',' 'filled'
 'with' 'references' 'to' 'Aryan' 'supremacy' 'and' 'defamatory'
 'statements' 'about' 'Jews' '.']","['O', 'O', 'O', 'O', 'O', 'O', 'O', 'O', 'O', 'O', 'O', 'O', 'O', 'B-Organization', 'O', 'O', 'B-Organization', 'I-Organization', 'O', 'O', 'O', 'B-Organization', 'I-Organization', 'I-Organization', 'I-Organization', 'O', 'O', 'O', 'O', 'O', 'O', 'O', 'O', 'B-Miscellaneous', 'O', 'O', 'O', 'O', 'O', 'B-Miscellaneous', 'O']","During the three-month trial , the court dealt mainly with issues of the NSDAP-AO 's "" NS Kampfruf "" ( "" National Socialist Battle Cry "" ) magazine , filled with references to Aryan supremacy and defamatory statements about Jews .","['During(O)', 'the(O)', 'three-month(O)', 'trial(O)', ',(O)', 'the(O)', 'court(O)', 'dealt(O)', 'mainly(O)', 'with(O)', 'issues(O)', 'of(O)', 'the(O)', 'NSDAP-AO(B-Organization)', ""'s(O)"", '""(O)', 'NS(B-Organization)', 'Kampfruf(I-Organization)', '""(O)', '((O)', '""(O)', 'National(B-Organization)', 'Socialist(I-Organization)', 'Battle(I-Organization)', 'Cry(I-Organization)', '""(O)', ')(O)', 'magazine(O)', ',(O)', 'filled(O)', 'with(O)', 'references(O)', 'to(O)', 'Aryan(B-Miscellaneous)', 'supremacy(O)', 'and(O)', 'defamatory(O)', 'statements(O)', 'about(O)', 'Jews(B-Miscellaneous)', '.(O)']","During(O) the(O) three-month(O) trial(O) ,(O) the(O) court(O) dealt(O) mainly(O) with(O) issues(O) of(O) the(O) NSDAP-AO(B-Organization) 's(O) ""(O) NS(B-Organization) Kampfruf(I-Organization) ""(O) ((O) ""(O) National(B-Organization) Socialist(I-Organization) Battle(I-Organization) Cry(I-Organization) ""(O) )(O) magazine(O) ,(O) filled(O) with(O) references(O) to(O) Aryan(B-Miscellaneous) supremacy(O) and(O) defamatory(O) statements(O) about(O) Jews(B-Miscellaneous) .(O)","Input: During the three-month trial , the court dealt mainly with issues of the NSDAP-AO 's "" NS Kampfruf "" ( "" National Socialist Battle Cry "" ) magazine , filled with references to Aryan supremacy and defamatory statements about Jews .
Output: During(O) the(O) three-month(O) trial(O) ,(O) the(O) court(O) dealt(O) mainly(O) with(O) issues(O) of(O) the(O) NSDAP-AO(B-Organization) 's(O) ""(O) NS(B-Organization) Kampfruf(I-Organization) ""(O) ((O) ""(O) National(B-Organization) Socialist(I-Organization) Battle(I-Organization) Cry(I-Organization) ""(O) )(O) magazine(O) ,(O) filled(O) with(O) references(O) to(O) Aryan(B-Miscellaneous) supremacy(O) and(O) defamatory(O) statements(O) about(O) Jews(B-Miscellaneous) .(O)"
4343,"['Although' 'officials' 'decline' 'to' 'say' 'just' 'what' 'each' 'day'
 ""'s"" '""' 'news' '""' 'will' 'be' ',' 'the' 'intent' 'is' 'to' 'put' 'a'
 'focus' 'on' 'Clinton' 'himself' 'and' 'not' 'just' 'those' 'attending'
 'the' 'party' ""'s"" 'convention' '.']","['O', 'O', 'O', 'O', 'O', 'O', 'O', 'O', 'O', 'O', 'O', 'O', 'O', 'O', 'O', 'O', 'O', 'O', 'O', 'O', 'O', 'O', 'O', 'O', 'B-Person', 'O', 'O', 'O', 'O', 'O', 'O', 'O', 'O', 'O', 'O', 'O']","Although officials decline to say just what each day 's "" news "" will be , the intent is to put a focus on Clinton himself and not just those attending the party 's convention .","['Although(O)', 'officials(O)', 'decline(O)', 'to(O)', 'say(O)', 'just(O)', 'what(O)', 'each(O)', 'day(O)', ""'s(O)"", '""(O)', 'news(O)', '""(O)', 'will(O)', 'be(O)', ',(O)', 'the(O)', 'intent(O)', 'is(O)', 'to(O)', 'put(O)', 'a(O)', 'focus(O)', 'on(O)', 'Clinton(B-Person)', 'himself(O)', 'and(O)', 'not(O)', 'just(O)', 'those(O)', 'attending(O)', 'the(O)', 'party(O)', ""'s(O)"", 'convention(O)', '.(O)']","Although(O) officials(O) decline(O) to(O) say(O) just(O) what(O) each(O) day(O) 's(O) ""(O) news(O) ""(O) will(O) be(O) ,(O) the(O) intent(O) is(O) to(O) put(O) a(O) focus(O) on(O) Clinton(B-Person) himself(O) and(O) not(O) just(O) those(O) attending(O) the(O) party(O) 's(O) convention(O) .(O)","Input: Although officials decline to say just what each day 's "" news "" will be , the intent is to put a focus on Clinton himself and not just those attending the party 's convention .
Output: Although(O) officials(O) decline(O) to(O) say(O) just(O) what(O) each(O) day(O) 's(O) ""(O) news(O) ""(O) will(O) be(O) ,(O) the(O) intent(O) is(O) to(O) put(O) a(O) focus(O) on(O) Clinton(B-Person) himself(O) and(O) not(O) just(O) those(O) attending(O) the(O) party(O) 's(O) convention(O) .(O)"
9665,"['Kurdish' 'guerrillas' 'killed' 'two' 'people' 'and' 'took' 'three'
 'hostage' 'after' 'stopping' 'two' 'intercity' 'buses' 'at' 'a'
 'roadblock' 'in' 'eastern' 'Turkey' ',' 'security' 'officials' 'said'
 'on' 'Tuesday' '.']","['B-Miscellaneous', 'O', 'O', 'O', 'O', 'O', 'O', 'O', 'O', 'O', 'O', 'O', 'O', 'O', 'O', 'O', 'O', 'O', 'O', 'B-Location', 'O', 'O', 'O', 'O', 'O', 'O', 'O']","Kurdish guerrillas killed two people and took three hostage after stopping two intercity buses at a roadblock in eastern Turkey , security officials said on Tuesday .","['Kurdish(B-Miscellaneous)', 'guerrillas(O)', 'killed(O)', 'two(O)', 'people(O)', 'and(O)', 'took(O)', 'three(O)', 'hostage(O)', 'after(O)', 'stopping(O)', 'two(O)', 'intercity(O)', 'buses(O)', 'at(O)', 'a(O)', 'roadblock(O)', 'in(O)', 'eastern(O)', 'Turkey(B-Location)', ',(O)', 'security(O)', 'officials(O)', 'said(O)', 'on(O)', 'Tuesday(O)', '.(O)']","Kurdish(B-Miscellaneous) guerrillas(O) killed(O) two(O) people(O) and(O) took(O) three(O) hostage(O) after(O) stopping(O) two(O) intercity(O) buses(O) at(O) a(O) roadblock(O) in(O) eastern(O) Turkey(B-Location) ,(O) security(O) officials(O) said(O) on(O) Tuesday(O) .(O)","Input: Kurdish guerrillas killed two people and took three hostage after stopping two intercity buses at a roadblock in eastern Turkey , security officials said on Tuesday .
Output: Kurdish(B-Miscellaneous) guerrillas(O) killed(O) two(O) people(O) and(O) took(O) three(O) hostage(O) after(O) stopping(O) two(O) intercity(O) buses(O) at(O) a(O) roadblock(O) in(O) eastern(O) Turkey(B-Location) ,(O) security(O) officials(O) said(O) on(O) Tuesday(O) .(O)"
12407,['Add' 'results'],"['O', 'O']",Add results,"['Add(O)', 'results(O)']",Add(O) results(O),"Input: Add results
Output: Add(O) results(O)"
7393,"['He' 'also' 'said' 'shareholders' 'approved' 'the' 'issue' 'of' '2.6'
 'million' 'new' 'shares' ',' 'two' 'million' 'of' 'which' 'are'
 'earmarked' 'for' 'large' 'investors' 'and' '600,000' 'for' 'retail'
 'domestic' 'investors' '.']","['O', 'O', 'O', 'O', 'O', 'O', 'O', 'O', 'O', 'O', 'O', 'O', 'O', 'O', 'O', 'O', 'O', 'O', 'O', 'O', 'O', 'O', 'O', 'O', 'O', 'O', 'O', 'O', 'O']","He also said shareholders approved the issue of 2.6 million new shares , two million of which are earmarked for large investors and 600,000 for retail domestic investors .","['He(O)', 'also(O)', 'said(O)', 'shareholders(O)', 'approved(O)', 'the(O)', 'issue(O)', 'of(O)', '2.6(O)', 'million(O)', 'new(O)', 'shares(O)', ',(O)', 'two(O)', 'million(O)', 'of(O)', 'which(O)', 'are(O)', 'earmarked(O)', 'for(O)', 'large(O)', 'investors(O)', 'and(O)', '600,000(O)', 'for(O)', 'retail(O)', 'domestic(O)', 'investors(O)', '.(O)']","He(O) also(O) said(O) shareholders(O) approved(O) the(O) issue(O) of(O) 2.6(O) million(O) new(O) shares(O) ,(O) two(O) million(O) of(O) which(O) are(O) earmarked(O) for(O) large(O) investors(O) and(O) 600,000(O) for(O) retail(O) domestic(O) investors(O) .(O)","Input: He also said shareholders approved the issue of 2.6 million new shares , two million of which are earmarked for large investors and 600,000 for retail domestic investors .
Output: He(O) also(O) said(O) shareholders(O) approved(O) the(O) issue(O) of(O) 2.6(O) million(O) new(O) shares(O) ,(O) two(O) million(O) of(O) which(O) are(O) earmarked(O) for(O) large(O) investors(O) and(O) 600,000(O) for(O) retail(O) domestic(O) investors(O) .(O)"
137,"['PUK' 'and' 'Iraq' ""'s"" 'Kurdistan' 'Democratic' 'Party' '(' 'KDP' ')'
 'the' 'two' 'main' 'Iraqi' 'Kurdish' 'factions' ',' 'have' 'had'
 'northern' 'Iraq' 'under' 'their' 'control' 'since' 'Iraqi' 'forces'
 'were' 'ousted' 'from' 'Kuwait' 'in' 'the' '1991' 'Gulf' 'War' '.']","['B-Organization', 'O', 'B-Location', 'O', 'B-Organization', 'I-Organization', 'I-Organization', 'O', 'B-Organization', 'O', 'O', 'O', 'O', 'B-Miscellaneous', 'I-Miscellaneous', 'O', 'O', 'O', 'O', 'O', 'B-Location', 'O', 'O', 'O', 'O', 'B-Miscellaneous', 'O', 'O', 'O', 'O', 'B-Location', 'O', 'O', 'O', 'B-Miscellaneous', 'I-Miscellaneous', 'O']","PUK and Iraq 's Kurdistan Democratic Party ( KDP ) the two main Iraqi Kurdish factions , have had northern Iraq under their control since Iraqi forces were ousted from Kuwait in the 1991 Gulf War .","['PUK(B-Organization)', 'and(O)', 'Iraq(B-Location)', ""'s(O)"", 'Kurdistan(B-Organization)', 'Democratic(I-Organization)', 'Party(I-Organization)', '((O)', 'KDP(B-Organization)', ')(O)', 'the(O)', 'two(O)', 'main(O)', 'Iraqi(B-Miscellaneous)', 'Kurdish(I-Miscellaneous)', 'factions(O)', ',(O)', 'have(O)', 'had(O)', 'northern(O)', 'Iraq(B-Location)', 'under(O)', 'their(O)', 'control(O)', 'since(O)', 'Iraqi(B-Miscellaneous)', 'forces(O)', 'were(O)', 'ousted(O)', 'from(O)', 'Kuwait(B-Location)', 'in(O)', 'the(O)', '1991(O)', 'Gulf(B-Miscellaneous)', 'War(I-Miscellaneous)', '.(O)']","PUK(B-Organization) and(O) Iraq(B-Location) 's(O) Kurdistan(B-Organization) Democratic(I-Organization) Party(I-Organization) ((O) KDP(B-Organization) )(O) the(O) two(O) main(O) Iraqi(B-Miscellaneous) Kurdish(I-Miscellaneous) factions(O) ,(O) have(O) had(O) northern(O) Iraq(B-Location) under(O) their(O) control(O) since(O) Iraqi(B-Miscellaneous) forces(O) were(O) ousted(O) from(O) Kuwait(B-Location) in(O) the(O) 1991(O) Gulf(B-Miscellaneous) War(I-Miscellaneous) .(O)","Input: PUK and Iraq 's Kurdistan Democratic Party ( KDP ) the two main Iraqi Kurdish factions , have had northern Iraq under their control since Iraqi forces were ousted from Kuwait in the 1991 Gulf War .
Output: PUK(B-Organization) and(O) Iraq(B-Location) 's(O) Kurdistan(B-Organization) Democratic(I-Organization) Party(I-Organization) ((O) KDP(B-Organization) )(O) the(O) two(O) main(O) Iraqi(B-Miscellaneous) Kurdish(I-Miscellaneous) factions(O) ,(O) have(O) had(O) northern(O) Iraq(B-Location) under(O) their(O) control(O) since(O) Iraqi(B-Miscellaneous) forces(O) were(O) ousted(O) from(O) Kuwait(B-Location) in(O) the(O) 1991(O) Gulf(B-Miscellaneous) War(I-Miscellaneous) .(O)"
3042,"['Robert' 'Gutenstein' ',' 'an' 'analyst' 'for' 'Kalf' ',' 'Voorhis' '&'
 'Co' '.']","['B-Person', 'I-Person', 'O', 'O', 'O', 'O', 'B-Organization', 'I-Organization', 'I-Organization', 'I-Organization', 'I-Organization', 'O']","Robert Gutenstein , an analyst for Kalf , Voorhis & Co .","['Robert(B-Person)', 'Gutenstein(I-Person)', ',(O)', 'an(O)', 'analyst(O)', 'for(O)', 'Kalf(B-Organization)', ',(I-Organization)', 'Voorhis(I-Organization)', '&(I-Organization)', 'Co(I-Organization)', '.(O)']","Robert(B-Person) Gutenstein(I-Person) ,(O) an(O) analyst(O) for(O) Kalf(B-Organization) ,(I-Organization) Voorhis(I-Organization) &(I-Organization) Co(I-Organization) .(O)","Input: Robert Gutenstein , an analyst for Kalf , Voorhis & Co .
Output: Robert(B-Person) Gutenstein(I-Person) ,(O) an(O) analyst(O) for(O) Kalf(B-Organization) ,(I-Organization) Voorhis(I-Organization) &(I-Organization) Co(I-Organization) .(O)"
1094,"['But' 'the' 'Oxford' 'team' 'disputed' 'these' 'findings' 'and' 'said'
 'either' 'previous' 'trials' 'may' 'have' 'been' 'interpreted'
 'incorrectly' ',' 'those' 'taking' 'part' 'were' 'not' 'given' 'special'
 'diets' 'beforehand' 'or' 'the' 'duration' 'of' 'the' 'studies' 'may'
 'have' 'been' 'too' 'short' '.']","['O', 'O', 'B-Location', 'O', 'O', 'O', 'O', 'O', 'O', 'O', 'O', 'O', 'O', 'O', 'O', 'O', 'O', 'O', 'O', 'O', 'O', 'O', 'O', 'O', 'O', 'O', 'O', 'O', 'O', 'O', 'O', 'O', 'O', 'O', 'O', 'O', 'O', 'O', 'O']","But the Oxford team disputed these findings and said either previous trials may have been interpreted incorrectly , those taking part were not given special diets beforehand or the duration of the studies may have been too short .","['But(O)', 'the(O)', 'Oxford(B-Location)', 'team(O)', 'disputed(O)', 'these(O)', 'findings(O)', 'and(O)', 'said(O)', 'either(O)', 'previous(O)', 'trials(O)', 'may(O)', 'have(O)', 'been(O)', 'interpreted(O)', 'incorrectly(O)', ',(O)', 'those(O)', 'taking(O)', 'part(O)', 'were(O)', 'not(O)', 'given(O)', 'special(O)', 'diets(O)', 'beforehand(O)', 'or(O)', 'the(O)', 'duration(O)', 'of(O)', 'the(O)', 'studies(O)', 'may(O)', 'have(O)', 'been(O)', 'too(O)', 'short(O)', '.(O)']","But(O) the(O) Oxford(B-Location) team(O) disputed(O) these(O) findings(O) and(O) said(O) either(O) previous(O) trials(O) may(O) have(O) been(O) interpreted(O) incorrectly(O) ,(O) those(O) taking(O) part(O) were(O) not(O) given(O) special(O) diets(O) beforehand(O) or(O) the(O) duration(O) of(O) the(O) studies(O) may(O) have(O) been(O) too(O) short(O) .(O)","Input: But the Oxford team disputed these findings and said either previous trials may have been interpreted incorrectly , those taking part were not given special diets beforehand or the duration of the studies may have been too short .
Output: But(O) the(O) Oxford(B-Location) team(O) disputed(O) these(O) findings(O) and(O) said(O) either(O) previous(O) trials(O) may(O) have(O) been(O) interpreted(O) incorrectly(O) ,(O) those(O) taking(O) part(O) were(O) not(O) given(O) special(O) diets(O) beforehand(O) or(O) the(O) duration(O) of(O) the(O) studies(O) may(O) have(O) been(O) too(O) short(O) .(O)"
7660,['--' 'Bob' 'Janis' '312-983-7347--'],"['O', 'B-Person', 'I-Person', 'O']",-- Bob Janis 312-983-7347--,"['--(O)', 'Bob(B-Person)', 'Janis(I-Person)', '312-983-7347--(O)']",--(O) Bob(B-Person) Janis(I-Person) 312-983-7347--(O),"Input: -- Bob Janis 312-983-7347--
Output: --(O) Bob(B-Person) Janis(I-Person) 312-983-7347--(O)"
7239,"['Australia' 'scored' '263-7' 'in' 'their' '50' 'overs' 'against'
 'Zimbabwe' 'in' 'the' 'first' 'day-night' 'limited' 'overs' 'match' 'of'
 'the' 'Singer' 'World' 'Series' 'tournament' 'on' 'Monday' '.']","['B-Location', 'O', 'O', 'O', 'O', 'O', 'O', 'O', 'B-Location', 'O', 'O', 'O', 'O', 'O', 'O', 'O', 'O', 'O', 'B-Miscellaneous', 'I-Miscellaneous', 'I-Miscellaneous', 'O', 'O', 'O', 'O']",Australia scored 263-7 in their 50 overs against Zimbabwe in the first day-night limited overs match of the Singer World Series tournament on Monday .,"['Australia(B-Location)', 'scored(O)', '263-7(O)', 'in(O)', 'their(O)', '50(O)', 'overs(O)', 'against(O)', 'Zimbabwe(B-Location)', 'in(O)', 'the(O)', 'first(O)', 'day-night(O)', 'limited(O)', 'overs(O)', 'match(O)', 'of(O)', 'the(O)', 'Singer(B-Miscellaneous)', 'World(I-Miscellaneous)', 'Series(I-Miscellaneous)', 'tournament(O)', 'on(O)', 'Monday(O)', '.(O)']",Australia(B-Location) scored(O) 263-7(O) in(O) their(O) 50(O) overs(O) against(O) Zimbabwe(B-Location) in(O) the(O) first(O) day-night(O) limited(O) overs(O) match(O) of(O) the(O) Singer(B-Miscellaneous) World(I-Miscellaneous) Series(I-Miscellaneous) tournament(O) on(O) Monday(O) .(O),"Input: Australia scored 263-7 in their 50 overs against Zimbabwe in the first day-night limited overs match of the Singer World Series tournament on Monday .
Output: Australia(B-Location) scored(O) 263-7(O) in(O) their(O) 50(O) overs(O) against(O) Zimbabwe(B-Location) in(O) the(O) first(O) day-night(O) limited(O) overs(O) match(O) of(O) the(O) Singer(B-Miscellaneous) World(I-Miscellaneous) Series(I-Miscellaneous) tournament(O) on(O) Monday(O) .(O)"
12801,"['-' 'Raphael' 'Lakpe' ',' 'publisher' 'of' 'the' 'daily' 'Le' 'Populaire'
 ',' 'was' 'released' 'on' 'Wednesday' 'evening' 'after' 'three' 'days'
 'in' 'custody' 'and' 'will' 'appear' 'in' 'court' 'on' 'Thursday'
 'morning' '.']","['O', 'B-Person', 'I-Person', 'O', 'O', 'O', 'O', 'O', 'B-Organization', 'I-Organization', 'O', 'O', 'O', 'O', 'O', 'O', 'O', 'O', 'O', 'O', 'O', 'O', 'O', 'O', 'O', 'O', 'O', 'O', 'O', 'O']","- Raphael Lakpe , publisher of the daily Le Populaire , was released on Wednesday evening after three days in custody and will appear in court on Thursday morning .","['-(O)', 'Raphael(B-Person)', 'Lakpe(I-Person)', ',(O)', 'publisher(O)', 'of(O)', 'the(O)', 'daily(O)', 'Le(B-Organization)', 'Populaire(I-Organization)', ',(O)', 'was(O)', 'released(O)', 'on(O)', 'Wednesday(O)', 'evening(O)', 'after(O)', 'three(O)', 'days(O)', 'in(O)', 'custody(O)', 'and(O)', 'will(O)', 'appear(O)', 'in(O)', 'court(O)', 'on(O)', 'Thursday(O)', 'morning(O)', '.(O)']","-(O) Raphael(B-Person) Lakpe(I-Person) ,(O) publisher(O) of(O) the(O) daily(O) Le(B-Organization) Populaire(I-Organization) ,(O) was(O) released(O) on(O) Wednesday(O) evening(O) after(O) three(O) days(O) in(O) custody(O) and(O) will(O) appear(O) in(O) court(O) on(O) Thursday(O) morning(O) .(O)","Input: - Raphael Lakpe , publisher of the daily Le Populaire , was released on Wednesday evening after three days in custody and will appear in court on Thursday morning .
Output: -(O) Raphael(B-Person) Lakpe(I-Person) ,(O) publisher(O) of(O) the(O) daily(O) Le(B-Organization) Populaire(I-Organization) ,(O) was(O) released(O) on(O) Wednesday(O) evening(O) after(O) three(O) days(O) in(O) custody(O) and(O) will(O) appear(O) in(O) court(O) on(O) Thursday(O) morning(O) .(O)"
6963,"['""' 'There' 'will' 'be' 'tough' 'matches' 'but' 'I' 'hope' 'I' 'can'
 'get' 'there' ',' '""' 'she' 'said' '.' '""']","['O', 'O', 'O', 'O', 'O', 'O', 'O', 'O', 'O', 'O', 'O', 'O', 'O', 'O', 'O', 'O', 'O', 'O', 'O']",""" There will be tough matches but I hope I can get there , "" she said . ""","['""(O)', 'There(O)', 'will(O)', 'be(O)', 'tough(O)', 'matches(O)', 'but(O)', 'I(O)', 'hope(O)', 'I(O)', 'can(O)', 'get(O)', 'there(O)', ',(O)', '""(O)', 'she(O)', 'said(O)', '.(O)', '""(O)']","""(O) There(O) will(O) be(O) tough(O) matches(O) but(O) I(O) hope(O) I(O) can(O) get(O) there(O) ,(O) ""(O) she(O) said(O) .(O) ""(O)","Input: "" There will be tough matches but I hope I can get there , "" she said . ""
Output: ""(O) There(O) will(O) be(O) tough(O) matches(O) but(O) I(O) hope(O) I(O) can(O) get(O) there(O) ,(O) ""(O) she(O) said(O) .(O) ""(O)"
4128,"['The' 'hostages' 'were' 'held' 'in' 'a' 'house' 'in' 'or' 'near' 'Grozny'
 'which' 'was' 'bombarded' 'regularly' '.']","['O', 'O', 'O', 'O', 'O', 'O', 'O', 'O', 'O', 'O', 'B-Location', 'O', 'O', 'O', 'O', 'O']",The hostages were held in a house in or near Grozny which was bombarded regularly .,"['The(O)', 'hostages(O)', 'were(O)', 'held(O)', 'in(O)', 'a(O)', 'house(O)', 'in(O)', 'or(O)', 'near(O)', 'Grozny(B-Location)', 'which(O)', 'was(O)', 'bombarded(O)', 'regularly(O)', '.(O)']",The(O) hostages(O) were(O) held(O) in(O) a(O) house(O) in(O) or(O) near(O) Grozny(B-Location) which(O) was(O) bombarded(O) regularly(O) .(O),"Input: The hostages were held in a house in or near Grozny which was bombarded regularly .
Output: The(O) hostages(O) were(O) held(O) in(O) a(O) house(O) in(O) or(O) near(O) Grozny(B-Location) which(O) was(O) bombarded(O) regularly(O) .(O)"
177,"['When' 'asked' 'whether' 'the' 'three' 'guards' 'would' 'travel' 'back'
 'to' 'Kandahar' 'or' 'the' 'Afghan' 'capital' 'Kabul' ',' 'the' 'embassy'
 'official' 'said' ':' '""' 'That' 'has' 'not' 'been' 'decided' ',' 'but'
 'possibly' 'Kandahar' '.' '""']","['O', 'O', 'O', 'O', 'O', 'O', 'O', 'O', 'O', 'O', 'B-Location', 'O', 'O', 'B-Miscellaneous', 'O', 'B-Location', 'O', 'O', 'O', 'O', 'O', 'O', 'O', 'O', 'O', 'O', 'O', 'O', 'O', 'O', 'O', 'B-Location', 'O', 'O']","When asked whether the three guards would travel back to Kandahar or the Afghan capital Kabul , the embassy official said : "" That has not been decided , but possibly Kandahar . ""","['When(O)', 'asked(O)', 'whether(O)', 'the(O)', 'three(O)', 'guards(O)', 'would(O)', 'travel(O)', 'back(O)', 'to(O)', 'Kandahar(B-Location)', 'or(O)', 'the(O)', 'Afghan(B-Miscellaneous)', 'capital(O)', 'Kabul(B-Location)', ',(O)', 'the(O)', 'embassy(O)', 'official(O)', 'said(O)', ':(O)', '""(O)', 'That(O)', 'has(O)', 'not(O)', 'been(O)', 'decided(O)', ',(O)', 'but(O)', 'possibly(O)', 'Kandahar(B-Location)', '.(O)', '""(O)']","When(O) asked(O) whether(O) the(O) three(O) guards(O) would(O) travel(O) back(O) to(O) Kandahar(B-Location) or(O) the(O) Afghan(B-Miscellaneous) capital(O) Kabul(B-Location) ,(O) the(O) embassy(O) official(O) said(O) :(O) ""(O) That(O) has(O) not(O) been(O) decided(O) ,(O) but(O) possibly(O) Kandahar(B-Location) .(O) ""(O)","Input: When asked whether the three guards would travel back to Kandahar or the Afghan capital Kabul , the embassy official said : "" That has not been decided , but possibly Kandahar . ""
Output: When(O) asked(O) whether(O) the(O) three(O) guards(O) would(O) travel(O) back(O) to(O) Kandahar(B-Location) or(O) the(O) Afghan(B-Miscellaneous) capital(O) Kabul(B-Location) ,(O) the(O) embassy(O) official(O) said(O) :(O) ""(O) That(O) has(O) not(O) been(O) decided(O) ,(O) but(O) possibly(O) Kandahar(B-Location) .(O) ""(O)"
257,"['Jul' '31' ',' '1996' 'Jan' '31' ',' '1996']","['O', 'O', 'O', 'O', 'O', 'O', 'O', 'O']","Jul 31 , 1996 Jan 31 , 1996","['Jul(O)', '31(O)', ',(O)', '1996(O)', 'Jan(O)', '31(O)', ',(O)', '1996(O)']","Jul(O) 31(O) ,(O) 1996(O) Jan(O) 31(O) ,(O) 1996(O)","Input: Jul 31 , 1996 Jan 31 , 1996
Output: Jul(O) 31(O) ,(O) 1996(O) Jan(O) 31(O) ,(O) 1996(O)"
11454,"['Above-normal' 'summer' 'rainfall' 'in' 'the' 'U.S.' 'High' 'Plains'
 'has' 'produced' 'near-ideal' 'conditions' 'for' 'planting' 'the' '1997'
 'hard' 'red' 'winter' 'wheat' 'crop' ',' 'analysts' 'said' 'Wednesday'
 '.']","['O', 'O', 'O', 'O', 'O', 'B-Location', 'B-Location', 'I-Location', 'O', 'O', 'O', 'O', 'O', 'O', 'O', 'O', 'O', 'O', 'O', 'O', 'O', 'O', 'O', 'O', 'O', 'O']","Above-normal summer rainfall in the U.S. High Plains has produced near-ideal conditions for planting the 1997 hard red winter wheat crop , analysts said Wednesday .","['Above-normal(O)', 'summer(O)', 'rainfall(O)', 'in(O)', 'the(O)', 'U.S.(B-Location)', 'High(B-Location)', 'Plains(I-Location)', 'has(O)', 'produced(O)', 'near-ideal(O)', 'conditions(O)', 'for(O)', 'planting(O)', 'the(O)', '1997(O)', 'hard(O)', 'red(O)', 'winter(O)', 'wheat(O)', 'crop(O)', ',(O)', 'analysts(O)', 'said(O)', 'Wednesday(O)', '.(O)']","Above-normal(O) summer(O) rainfall(O) in(O) the(O) U.S.(B-Location) High(B-Location) Plains(I-Location) has(O) produced(O) near-ideal(O) conditions(O) for(O) planting(O) the(O) 1997(O) hard(O) red(O) winter(O) wheat(O) crop(O) ,(O) analysts(O) said(O) Wednesday(O) .(O)","Input: Above-normal summer rainfall in the U.S. High Plains has produced near-ideal conditions for planting the 1997 hard red winter wheat crop , analysts said Wednesday .
Output: Above-normal(O) summer(O) rainfall(O) in(O) the(O) U.S.(B-Location) High(B-Location) Plains(I-Location) has(O) produced(O) near-ideal(O) conditions(O) for(O) planting(O) the(O) 1997(O) hard(O) red(O) winter(O) wheat(O) crop(O) ,(O) analysts(O) said(O) Wednesday(O) .(O)"
4323,['WASHINGTON' '1996-08-24'],"['B-Location', 'O']",WASHINGTON 1996-08-24,"['WASHINGTON(B-Location)', '1996-08-24(O)']",WASHINGTON(B-Location) 1996-08-24(O),"Input: WASHINGTON 1996-08-24
Output: WASHINGTON(B-Location) 1996-08-24(O)"
14028,"['74' ',' 'Peter' ""O'Malley"" '(' 'Australia' ')' '71' '73' '75']","['O', 'O', 'B-Person', 'I-Person', 'O', 'B-Location', 'O', 'O', 'O', 'O']","74 , Peter O'Malley ( Australia ) 71 73 75","['74(O)', ',(O)', 'Peter(B-Person)', ""O'Malley(I-Person)"", '((O)', 'Australia(B-Location)', ')(O)', '71(O)', '73(O)', '75(O)']","74(O) ,(O) Peter(B-Person) O'Malley(I-Person) ((O) Australia(B-Location) )(O) 71(O) 73(O) 75(O)","Input: 74 , Peter O'Malley ( Australia ) 71 73 75
Output: 74(O) ,(O) Peter(B-Person) O'Malley(I-Person) ((O) Australia(B-Location) )(O) 71(O) 73(O) 75(O)"
7838,['Delivery' 'Date' ':' '08/29/1996'],"['O', 'O', 'O', 'O']",Delivery Date : 08/29/1996,"['Delivery(O)', 'Date(O)', ':(O)', '08/29/1996(O)']",Delivery(O) Date(O) :(O) 08/29/1996(O),"Input: Delivery Date : 08/29/1996
Output: Delivery(O) Date(O) :(O) 08/29/1996(O)"
3236,"['Students' 'at' 'South' 'Korea' ""'s"" 'Yonsei' 'University' 'threw' 'more'
 'than' 'just' 'ordinary' 'rocks' 'at' 'riot' 'police' '--' 'some' 'were'
 'samples' 'that' 'the' 'geology' 'department' 'had' 'taken' '30' 'years'
 'to' 'collect' ',' 'newspapers' 'reported' 'on' 'Friday' '.']","['O', 'O', 'B-Location', 'I-Location', 'O', 'B-Organization', 'I-Organization', 'O', 'O', 'O', 'O', 'O', 'O', 'O', 'O', 'O', 'O', 'O', 'O', 'O', 'O', 'O', 'O', 'O', 'O', 'O', 'O', 'O', 'O', 'O', 'O', 'O', 'O', 'O', 'O', 'O']","Students at South Korea 's Yonsei University threw more than just ordinary rocks at riot police -- some were samples that the geology department had taken 30 years to collect , newspapers reported on Friday .","['Students(O)', 'at(O)', 'South(B-Location)', 'Korea(I-Location)', ""'s(O)"", 'Yonsei(B-Organization)', 'University(I-Organization)', 'threw(O)', 'more(O)', 'than(O)', 'just(O)', 'ordinary(O)', 'rocks(O)', 'at(O)', 'riot(O)', 'police(O)', '--(O)', 'some(O)', 'were(O)', 'samples(O)', 'that(O)', 'the(O)', 'geology(O)', 'department(O)', 'had(O)', 'taken(O)', '30(O)', 'years(O)', 'to(O)', 'collect(O)', ',(O)', 'newspapers(O)', 'reported(O)', 'on(O)', 'Friday(O)', '.(O)']","Students(O) at(O) South(B-Location) Korea(I-Location) 's(O) Yonsei(B-Organization) University(I-Organization) threw(O) more(O) than(O) just(O) ordinary(O) rocks(O) at(O) riot(O) police(O) --(O) some(O) were(O) samples(O) that(O) the(O) geology(O) department(O) had(O) taken(O) 30(O) years(O) to(O) collect(O) ,(O) newspapers(O) reported(O) on(O) Friday(O) .(O)","Input: Students at South Korea 's Yonsei University threw more than just ordinary rocks at riot police -- some were samples that the geology department had taken 30 years to collect , newspapers reported on Friday .
Output: Students(O) at(O) South(B-Location) Korea(I-Location) 's(O) Yonsei(B-Organization) University(I-Organization) threw(O) more(O) than(O) just(O) ordinary(O) rocks(O) at(O) riot(O) police(O) --(O) some(O) were(O) samples(O) that(O) the(O) geology(O) department(O) had(O) taken(O) 30(O) years(O) to(O) collect(O) ,(O) newspapers(O) reported(O) on(O) Friday(O) .(O)"
9745,"['OFFICIAL' 'RESULTS' 'OF' 'THE' 'OCTOBER' '16' ',' '1994' 'GENERAL'
 'ELECTION' ':']","['O', 'O', 'O', 'O', 'O', 'O', 'O', 'O', 'O', 'O', 'O']","OFFICIAL RESULTS OF THE OCTOBER 16 , 1994 GENERAL ELECTION :","['OFFICIAL(O)', 'RESULTS(O)', 'OF(O)', 'THE(O)', 'OCTOBER(O)', '16(O)', ',(O)', '1994(O)', 'GENERAL(O)', 'ELECTION(O)', ':(O)']","OFFICIAL(O) RESULTS(O) OF(O) THE(O) OCTOBER(O) 16(O) ,(O) 1994(O) GENERAL(O) ELECTION(O) :(O)","Input: OFFICIAL RESULTS OF THE OCTOBER 16 , 1994 GENERAL ELECTION :
Output: OFFICIAL(O) RESULTS(O) OF(O) THE(O) OCTOBER(O) 16(O) ,(O) 1994(O) GENERAL(O) ELECTION(O) :(O)"
7183,['SV' 'Salzburg' '6' '4' '2' '0' '8' '1' '14'],"['B-Organization', 'I-Organization', 'O', 'O', 'O', 'O', 'O', 'O', 'O']",SV Salzburg 6 4 2 0 8 1 14,"['SV(B-Organization)', 'Salzburg(I-Organization)', '6(O)', '4(O)', '2(O)', '0(O)', '8(O)', '1(O)', '14(O)']",SV(B-Organization) Salzburg(I-Organization) 6(O) 4(O) 2(O) 0(O) 8(O) 1(O) 14(O),"Input: SV Salzburg 6 4 2 0 8 1 14
Output: SV(B-Organization) Salzburg(I-Organization) 6(O) 4(O) 2(O) 0(O) 8(O) 1(O) 14(O)"
10816,"['Owens' ""'s"" 'widow' 'Ruth' 'is' 'not' 'well' 'enough' 'to' 'attend'
 'but' 'a' 'message' 'from' 'her' 'will' 'be' 'read' 'out' 'during' 'the'
 'meeting' 'and' 'one' 'of' 'the' 'sprinter' ""'s"" 'relatives' 'is'
 'expected' 'to' 'attend' '.']","['B-Person', 'O', 'O', 'B-Person', 'O', 'O', 'O', 'O', 'O', 'O', 'O', 'O', 'O', 'O', 'O', 'O', 'O', 'O', 'O', 'O', 'O', 'O', 'O', 'O', 'O', 'O', 'O', 'O', 'O', 'O', 'O', 'O', 'O', 'O']",Owens 's widow Ruth is not well enough to attend but a message from her will be read out during the meeting and one of the sprinter 's relatives is expected to attend .,"['Owens(B-Person)', ""'s(O)"", 'widow(O)', 'Ruth(B-Person)', 'is(O)', 'not(O)', 'well(O)', 'enough(O)', 'to(O)', 'attend(O)', 'but(O)', 'a(O)', 'message(O)', 'from(O)', 'her(O)', 'will(O)', 'be(O)', 'read(O)', 'out(O)', 'during(O)', 'the(O)', 'meeting(O)', 'and(O)', 'one(O)', 'of(O)', 'the(O)', 'sprinter(O)', ""'s(O)"", 'relatives(O)', 'is(O)', 'expected(O)', 'to(O)', 'attend(O)', '.(O)']",Owens(B-Person) 's(O) widow(O) Ruth(B-Person) is(O) not(O) well(O) enough(O) to(O) attend(O) but(O) a(O) message(O) from(O) her(O) will(O) be(O) read(O) out(O) during(O) the(O) meeting(O) and(O) one(O) of(O) the(O) sprinter(O) 's(O) relatives(O) is(O) expected(O) to(O) attend(O) .(O),"Input: Owens 's widow Ruth is not well enough to attend but a message from her will be read out during the meeting and one of the sprinter 's relatives is expected to attend .
Output: Owens(B-Person) 's(O) widow(O) Ruth(B-Person) is(O) not(O) well(O) enough(O) to(O) attend(O) but(O) a(O) message(O) from(O) her(O) will(O) be(O) read(O) out(O) during(O) the(O) meeting(O) and(O) one(O) of(O) the(O) sprinter(O) 's(O) relatives(O) is(O) expected(O) to(O) attend(O) .(O)"
10302,['Russia' 'and' 'Brazil' 'drew' '2-2'],"['B-Location', 'O', 'B-Location', 'O', 'O']",Russia and Brazil drew 2-2,"['Russia(B-Location)', 'and(O)', 'Brazil(B-Location)', 'drew(O)', '2-2(O)']",Russia(B-Location) and(O) Brazil(B-Location) drew(O) 2-2(O),"Input: Russia and Brazil drew 2-2
Output: Russia(B-Location) and(O) Brazil(B-Location) drew(O) 2-2(O)"
12041,['Dividend' '(' 'H.K.' 'cents' ')' '18.0' 'vs' '18.0'],"['O', 'O', 'B-Location', 'O', 'O', 'O', 'O', 'O']",Dividend ( H.K. cents ) 18.0 vs 18.0,"['Dividend(O)', '((O)', 'H.K.(B-Location)', 'cents(O)', ')(O)', '18.0(O)', 'vs(O)', '18.0(O)']",Dividend(O) ((O) H.K.(B-Location) cents(O) )(O) 18.0(O) vs(O) 18.0(O),"Input: Dividend ( H.K. cents ) 18.0 vs 18.0
Output: Dividend(O) ((O) H.K.(B-Location) cents(O) )(O) 18.0(O) vs(O) 18.0(O)"
4433,"['The' 'container' 'was' 'on' 'its' 'way' 'to' 'Romania' 'via' 'the'
 'former' 'Yugoslavia' 'from' 'Singapore' 'and' 'was' 'the' 'biggest'
 'drugs' 'haul' 'in' 'Malta' ',' 'police' 'said' '.']","['O', 'O', 'O', 'O', 'O', 'O', 'O', 'B-Location', 'O', 'O', 'O', 'B-Location', 'O', 'B-Location', 'O', 'O', 'O', 'O', 'O', 'O', 'O', 'B-Location', 'O', 'O', 'O', 'O']","The container was on its way to Romania via the former Yugoslavia from Singapore and was the biggest drugs haul in Malta , police said .","['The(O)', 'container(O)', 'was(O)', 'on(O)', 'its(O)', 'way(O)', 'to(O)', 'Romania(B-Location)', 'via(O)', 'the(O)', 'former(O)', 'Yugoslavia(B-Location)', 'from(O)', 'Singapore(B-Location)', 'and(O)', 'was(O)', 'the(O)', 'biggest(O)', 'drugs(O)', 'haul(O)', 'in(O)', 'Malta(B-Location)', ',(O)', 'police(O)', 'said(O)', '.(O)']","The(O) container(O) was(O) on(O) its(O) way(O) to(O) Romania(B-Location) via(O) the(O) former(O) Yugoslavia(B-Location) from(O) Singapore(B-Location) and(O) was(O) the(O) biggest(O) drugs(O) haul(O) in(O) Malta(B-Location) ,(O) police(O) said(O) .(O)","Input: The container was on its way to Romania via the former Yugoslavia from Singapore and was the biggest drugs haul in Malta , police said .
Output: The(O) container(O) was(O) on(O) its(O) way(O) to(O) Romania(B-Location) via(O) the(O) former(O) Yugoslavia(B-Location) from(O) Singapore(B-Location) and(O) was(O) the(O) biggest(O) drugs(O) haul(O) in(O) Malta(B-Location) ,(O) police(O) said(O) .(O)"
753,"['Orioles' ""'"" 'bench' 'coach' 'Andy' 'Etchebarren' 'will' 'manage' 'the'
 'club' 'in' 'Johnson' ""'s"" 'absence' '.']","['B-Organization', 'O', 'O', 'O', 'B-Person', 'I-Person', 'O', 'O', 'O', 'O', 'O', 'B-Person', 'O', 'O', 'O']",Orioles ' bench coach Andy Etchebarren will manage the club in Johnson 's absence .,"['Orioles(B-Organization)', ""'(O)"", 'bench(O)', 'coach(O)', 'Andy(B-Person)', 'Etchebarren(I-Person)', 'will(O)', 'manage(O)', 'the(O)', 'club(O)', 'in(O)', 'Johnson(B-Person)', ""'s(O)"", 'absence(O)', '.(O)']",Orioles(B-Organization) '(O) bench(O) coach(O) Andy(B-Person) Etchebarren(I-Person) will(O) manage(O) the(O) club(O) in(O) Johnson(B-Person) 's(O) absence(O) .(O),"Input: Orioles ' bench coach Andy Etchebarren will manage the club in Johnson 's absence .
Output: Orioles(B-Organization) '(O) bench(O) coach(O) Andy(B-Person) Etchebarren(I-Person) will(O) manage(O) the(O) club(O) in(O) Johnson(B-Person) 's(O) absence(O) .(O)"
10889,"['Since' 'it' 'began' 'work' 'in' 'April' 'the' 'commission' 'has' 'been'
 'hearing' 'harrowing' 'tales' 'from' 'the' 'victims' 'of' 'apartheid-era'
 'abuses' ',' 'by' 'both' 'the' 'white' 'minority' 'regime' 'and' 'its'
 'opponents' '.']","['O', 'O', 'O', 'O', 'O', 'O', 'O', 'O', 'O', 'O', 'O', 'O', 'O', 'O', 'O', 'O', 'O', 'O', 'O', 'O', 'O', 'O', 'O', 'O', 'O', 'O', 'O', 'O', 'O', 'O']","Since it began work in April the commission has been hearing harrowing tales from the victims of apartheid-era abuses , by both the white minority regime and its opponents .","['Since(O)', 'it(O)', 'began(O)', 'work(O)', 'in(O)', 'April(O)', 'the(O)', 'commission(O)', 'has(O)', 'been(O)', 'hearing(O)', 'harrowing(O)', 'tales(O)', 'from(O)', 'the(O)', 'victims(O)', 'of(O)', 'apartheid-era(O)', 'abuses(O)', ',(O)', 'by(O)', 'both(O)', 'the(O)', 'white(O)', 'minority(O)', 'regime(O)', 'and(O)', 'its(O)', 'opponents(O)', '.(O)']","Since(O) it(O) began(O) work(O) in(O) April(O) the(O) commission(O) has(O) been(O) hearing(O) harrowing(O) tales(O) from(O) the(O) victims(O) of(O) apartheid-era(O) abuses(O) ,(O) by(O) both(O) the(O) white(O) minority(O) regime(O) and(O) its(O) opponents(O) .(O)","Input: Since it began work in April the commission has been hearing harrowing tales from the victims of apartheid-era abuses , by both the white minority regime and its opponents .
Output: Since(O) it(O) began(O) work(O) in(O) April(O) the(O) commission(O) has(O) been(O) hearing(O) harrowing(O) tales(O) from(O) the(O) victims(O) of(O) apartheid-era(O) abuses(O) ,(O) by(O) both(O) the(O) white(O) minority(O) regime(O) and(O) its(O) opponents(O) .(O)"
6504,['LONDON' '1996-08-26'],"['B-Location', 'O']",LONDON 1996-08-26,"['LONDON(B-Location)', '1996-08-26(O)']",LONDON(B-Location) 1996-08-26(O),"Input: LONDON 1996-08-26
Output: LONDON(B-Location) 1996-08-26(O)"
9752,"['Armed' 'hijackers' 'believed' 'to' 'be' 'Iraqis' 'released' '140'
 'people' 'on' 'Tuesday' 'from' 'a' 'Sudan' 'Airways' 'plane' 'carrying'
 '199' 'passengers' 'and' 'crew' 'that' 'landed' 'in' 'London' 'after'
 'being' 'diverted' 'on' 'a' 'flight' 'from' 'Khartoum' 'to' 'Amman' ','
 'police' 'said' '.']","['O', 'O', 'O', 'O', 'O', 'B-Miscellaneous', 'O', 'O', 'O', 'O', 'O', 'O', 'O', 'B-Organization', 'I-Organization', 'O', 'O', 'O', 'O', 'O', 'O', 'O', 'O', 'O', 'B-Location', 'O', 'O', 'O', 'O', 'O', 'O', 'O', 'B-Location', 'O', 'B-Location', 'O', 'O', 'O', 'O']","Armed hijackers believed to be Iraqis released 140 people on Tuesday from a Sudan Airways plane carrying 199 passengers and crew that landed in London after being diverted on a flight from Khartoum to Amman , police said .","['Armed(O)', 'hijackers(O)', 'believed(O)', 'to(O)', 'be(O)', 'Iraqis(B-Miscellaneous)', 'released(O)', '140(O)', 'people(O)', 'on(O)', 'Tuesday(O)', 'from(O)', 'a(O)', 'Sudan(B-Organization)', 'Airways(I-Organization)', 'plane(O)', 'carrying(O)', '199(O)', 'passengers(O)', 'and(O)', 'crew(O)', 'that(O)', 'landed(O)', 'in(O)', 'London(B-Location)', 'after(O)', 'being(O)', 'diverted(O)', 'on(O)', 'a(O)', 'flight(O)', 'from(O)', 'Khartoum(B-Location)', 'to(O)', 'Amman(B-Location)', ',(O)', 'police(O)', 'said(O)', '.(O)']","Armed(O) hijackers(O) believed(O) to(O) be(O) Iraqis(B-Miscellaneous) released(O) 140(O) people(O) on(O) Tuesday(O) from(O) a(O) Sudan(B-Organization) Airways(I-Organization) plane(O) carrying(O) 199(O) passengers(O) and(O) crew(O) that(O) landed(O) in(O) London(B-Location) after(O) being(O) diverted(O) on(O) a(O) flight(O) from(O) Khartoum(B-Location) to(O) Amman(B-Location) ,(O) police(O) said(O) .(O)","Input: Armed hijackers believed to be Iraqis released 140 people on Tuesday from a Sudan Airways plane carrying 199 passengers and crew that landed in London after being diverted on a flight from Khartoum to Amman , police said .
Output: Armed(O) hijackers(O) believed(O) to(O) be(O) Iraqis(B-Miscellaneous) released(O) 140(O) people(O) on(O) Tuesday(O) from(O) a(O) Sudan(B-Organization) Airways(I-Organization) plane(O) carrying(O) 199(O) passengers(O) and(O) crew(O) that(O) landed(O) in(O) London(B-Location) after(O) being(O) diverted(O) on(O) a(O) flight(O) from(O) Khartoum(B-Location) to(O) Amman(B-Location) ,(O) police(O) said(O) .(O)"
13227,"['Witnesses' 'said' 'wrecked' 'tanks' 'and' 'vehicles' 'littered' 'both'
 'sides' 'of' 'the' 'heavily-mined' 'road' '.']","['O', 'O', 'O', 'O', 'O', 'O', 'O', 'O', 'O', 'O', 'O', 'O', 'O', 'O']",Witnesses said wrecked tanks and vehicles littered both sides of the heavily-mined road .,"['Witnesses(O)', 'said(O)', 'wrecked(O)', 'tanks(O)', 'and(O)', 'vehicles(O)', 'littered(O)', 'both(O)', 'sides(O)', 'of(O)', 'the(O)', 'heavily-mined(O)', 'road(O)', '.(O)']",Witnesses(O) said(O) wrecked(O) tanks(O) and(O) vehicles(O) littered(O) both(O) sides(O) of(O) the(O) heavily-mined(O) road(O) .(O),"Input: Witnesses said wrecked tanks and vehicles littered both sides of the heavily-mined road .
Output: Witnesses(O) said(O) wrecked(O) tanks(O) and(O) vehicles(O) littered(O) both(O) sides(O) of(O) the(O) heavily-mined(O) road(O) .(O)"
7476,"['The' 'train' 'was' 'derailed' 'when' 'a' 'corner' 'of' 'the' 'driver'
 ""'s"" 'compartment' 'caught' 'the' 'rear' 'of' 'the' 'truck' ',' 'the'
 'spokesman' 'said' '.']","['O', 'O', 'O', 'O', 'O', 'O', 'O', 'O', 'O', 'O', 'O', 'O', 'O', 'O', 'O', 'O', 'O', 'O', 'O', 'O', 'O', 'O', 'O']","The train was derailed when a corner of the driver 's compartment caught the rear of the truck , the spokesman said .","['The(O)', 'train(O)', 'was(O)', 'derailed(O)', 'when(O)', 'a(O)', 'corner(O)', 'of(O)', 'the(O)', 'driver(O)', ""'s(O)"", 'compartment(O)', 'caught(O)', 'the(O)', 'rear(O)', 'of(O)', 'the(O)', 'truck(O)', ',(O)', 'the(O)', 'spokesman(O)', 'said(O)', '.(O)']","The(O) train(O) was(O) derailed(O) when(O) a(O) corner(O) of(O) the(O) driver(O) 's(O) compartment(O) caught(O) the(O) rear(O) of(O) the(O) truck(O) ,(O) the(O) spokesman(O) said(O) .(O)","Input: The train was derailed when a corner of the driver 's compartment caught the rear of the truck , the spokesman said .
Output: The(O) train(O) was(O) derailed(O) when(O) a(O) corner(O) of(O) the(O) driver(O) 's(O) compartment(O) caught(O) the(O) rear(O) of(O) the(O) truck(O) ,(O) the(O) spokesman(O) said(O) .(O)"
2484,['8.' 'Christophe' 'Impens' '(' 'Belgium' ')' '3:34.13'],"['O', 'B-Person', 'I-Person', 'O', 'B-Location', 'O', 'O']",8. Christophe Impens ( Belgium ) 3:34.13,"['8.(O)', 'Christophe(B-Person)', 'Impens(I-Person)', '((O)', 'Belgium(B-Location)', ')(O)', '3:34.13(O)']",8.(O) Christophe(B-Person) Impens(I-Person) ((O) Belgium(B-Location) )(O) 3:34.13(O),"Input: 8. Christophe Impens ( Belgium ) 3:34.13
Output: 8.(O) Christophe(B-Person) Impens(I-Person) ((O) Belgium(B-Location) )(O) 3:34.13(O)"
11583,"['He' 'said' 'Indian' 'cement' 'exports' 'dropped' 'about' 'eight'
 'percent' 'from' 'the' 'previous' 'year' 'because' 'of' 'stiff'
 'international' 'competition' 'and' 'inadequate' 'infrastructural'
 'facilities' '.']","['O', 'O', 'B-Miscellaneous', 'O', 'O', 'O', 'O', 'O', 'O', 'O', 'O', 'O', 'O', 'O', 'O', 'O', 'O', 'O', 'O', 'O', 'O', 'O', 'O']",He said Indian cement exports dropped about eight percent from the previous year because of stiff international competition and inadequate infrastructural facilities .,"['He(O)', 'said(O)', 'Indian(B-Miscellaneous)', 'cement(O)', 'exports(O)', 'dropped(O)', 'about(O)', 'eight(O)', 'percent(O)', 'from(O)', 'the(O)', 'previous(O)', 'year(O)', 'because(O)', 'of(O)', 'stiff(O)', 'international(O)', 'competition(O)', 'and(O)', 'inadequate(O)', 'infrastructural(O)', 'facilities(O)', '.(O)']",He(O) said(O) Indian(B-Miscellaneous) cement(O) exports(O) dropped(O) about(O) eight(O) percent(O) from(O) the(O) previous(O) year(O) because(O) of(O) stiff(O) international(O) competition(O) and(O) inadequate(O) infrastructural(O) facilities(O) .(O),"Input: He said Indian cement exports dropped about eight percent from the previous year because of stiff international competition and inadequate infrastructural facilities .
Output: He(O) said(O) Indian(B-Miscellaneous) cement(O) exports(O) dropped(O) about(O) eight(O) percent(O) from(O) the(O) previous(O) year(O) because(O) of(O) stiff(O) international(O) competition(O) and(O) inadequate(O) infrastructural(O) facilities(O) .(O)"
10860,"['Did' 'not' 'bat' ':' 'Arjuna' 'Ranatunga' ',' 'Asanka' 'Gurusinha' ','
 'Hashan']","['O', 'O', 'O', 'O', 'B-Person', 'I-Person', 'O', 'B-Person', 'I-Person', 'O', 'B-Person']","Did not bat : Arjuna Ranatunga , Asanka Gurusinha , Hashan","['Did(O)', 'not(O)', 'bat(O)', ':(O)', 'Arjuna(B-Person)', 'Ranatunga(I-Person)', ',(O)', 'Asanka(B-Person)', 'Gurusinha(I-Person)', ',(O)', 'Hashan(B-Person)']","Did(O) not(O) bat(O) :(O) Arjuna(B-Person) Ranatunga(I-Person) ,(O) Asanka(B-Person) Gurusinha(I-Person) ,(O) Hashan(B-Person)","Input: Did not bat : Arjuna Ranatunga , Asanka Gurusinha , Hashan
Output: Did(O) not(O) bat(O) :(O) Arjuna(B-Person) Ranatunga(I-Person) ,(O) Asanka(B-Person) Gurusinha(I-Person) ,(O) Hashan(B-Person)"
10018,"['(' 'Sweden' ')' ',' 'Roger' 'Chapman' ',' 'Mark' 'Davis' ',' 'Pierre'
 'Fulke' '(' 'Sweden' ')' ',']","['O', 'B-Location', 'O', 'O', 'B-Person', 'I-Person', 'O', 'B-Person', 'I-Person', 'O', 'B-Person', 'I-Person', 'O', 'B-Location', 'O', 'O']","( Sweden ) , Roger Chapman , Mark Davis , Pierre Fulke ( Sweden ) ,","['((O)', 'Sweden(B-Location)', ')(O)', ',(O)', 'Roger(B-Person)', 'Chapman(I-Person)', ',(O)', 'Mark(B-Person)', 'Davis(I-Person)', ',(O)', 'Pierre(B-Person)', 'Fulke(I-Person)', '((O)', 'Sweden(B-Location)', ')(O)', ',(O)']","((O) Sweden(B-Location) )(O) ,(O) Roger(B-Person) Chapman(I-Person) ,(O) Mark(B-Person) Davis(I-Person) ,(O) Pierre(B-Person) Fulke(I-Person) ((O) Sweden(B-Location) )(O) ,(O)","Input: ( Sweden ) , Roger Chapman , Mark Davis , Pierre Fulke ( Sweden ) ,
Output: ((O) Sweden(B-Location) )(O) ,(O) Roger(B-Person) Chapman(I-Person) ,(O) Mark(B-Person) Davis(I-Person) ,(O) Pierre(B-Person) Fulke(I-Person) ((O) Sweden(B-Location) )(O) ,(O)"
8078,"['Activist' 'groups' 'are' 'no' 'longer' 'seen' 'by' 'British' 'firms'
 'as' 'a' 'harmless' ',' 'badly' 'organised' 'ragbag' 'of' 'students'
 'and' 'hippies' '.']","['O', 'O', 'O', 'O', 'O', 'O', 'O', 'B-Miscellaneous', 'O', 'O', 'O', 'O', 'O', 'O', 'O', 'O', 'O', 'O', 'O', 'O', 'O']","Activist groups are no longer seen by British firms as a harmless , badly organised ragbag of students and hippies .","['Activist(O)', 'groups(O)', 'are(O)', 'no(O)', 'longer(O)', 'seen(O)', 'by(O)', 'British(B-Miscellaneous)', 'firms(O)', 'as(O)', 'a(O)', 'harmless(O)', ',(O)', 'badly(O)', 'organised(O)', 'ragbag(O)', 'of(O)', 'students(O)', 'and(O)', 'hippies(O)', '.(O)']","Activist(O) groups(O) are(O) no(O) longer(O) seen(O) by(O) British(B-Miscellaneous) firms(O) as(O) a(O) harmless(O) ,(O) badly(O) organised(O) ragbag(O) of(O) students(O) and(O) hippies(O) .(O)","Input: Activist groups are no longer seen by British firms as a harmless , badly organised ragbag of students and hippies .
Output: Activist(O) groups(O) are(O) no(O) longer(O) seen(O) by(O) British(B-Miscellaneous) firms(O) as(O) a(O) harmless(O) ,(O) badly(O) organised(O) ragbag(O) of(O) students(O) and(O) hippies(O) .(O)"
11421,"['MOODY' ""'S"" ':' 'Aa' 'S&P' ':' 'AA+']","['B-Organization', 'I-Organization', 'O', 'O', 'B-Organization', 'O', 'O']",MOODY 'S : Aa S&P : AA+,"['MOODY(B-Organization)', ""'S(I-Organization)"", ':(O)', 'Aa(O)', 'S&P(B-Organization)', ':(O)', 'AA+(O)']",MOODY(B-Organization) 'S(I-Organization) :(O) Aa(O) S&P(B-Organization) :(O) AA+(O),"Input: MOODY 'S : Aa S&P : AA+
Output: MOODY(B-Organization) 'S(I-Organization) :(O) Aa(O) S&P(B-Organization) :(O) AA+(O)"
9778,"['That' 'is' 'where' 'the' 'plane' 'is' 'being' 'directed' 'to' ',' '""'
 'Ruth' 'Collin' 'of' 'Essex' 'police' ',' 'the' 'force' 'responsible'
 'for' 'Stansted' ',' 'said' '.']","['O', 'O', 'O', 'O', 'O', 'O', 'O', 'O', 'O', 'O', 'O', 'B-Person', 'I-Person', 'O', 'B-Location', 'O', 'O', 'O', 'O', 'O', 'O', 'B-Location', 'O', 'O', 'O']","That is where the plane is being directed to , "" Ruth Collin of Essex police , the force responsible for Stansted , said .","['That(O)', 'is(O)', 'where(O)', 'the(O)', 'plane(O)', 'is(O)', 'being(O)', 'directed(O)', 'to(O)', ',(O)', '""(O)', 'Ruth(B-Person)', 'Collin(I-Person)', 'of(O)', 'Essex(B-Location)', 'police(O)', ',(O)', 'the(O)', 'force(O)', 'responsible(O)', 'for(O)', 'Stansted(B-Location)', ',(O)', 'said(O)', '.(O)']","That(O) is(O) where(O) the(O) plane(O) is(O) being(O) directed(O) to(O) ,(O) ""(O) Ruth(B-Person) Collin(I-Person) of(O) Essex(B-Location) police(O) ,(O) the(O) force(O) responsible(O) for(O) Stansted(B-Location) ,(O) said(O) .(O)","Input: That is where the plane is being directed to , "" Ruth Collin of Essex police , the force responsible for Stansted , said .
Output: That(O) is(O) where(O) the(O) plane(O) is(O) being(O) directed(O) to(O) ,(O) ""(O) Ruth(B-Person) Collin(I-Person) of(O) Essex(B-Location) police(O) ,(O) the(O) force(O) responsible(O) for(O) Stansted(B-Location) ,(O) said(O) .(O)"
2727,"['European' 'champions' 'Juventus' 'will' 'face' 'English' 'league' 'and'
 'cup' 'double' 'winners' 'Manchester' 'United' 'in' 'this' 'season' ""'s""
 'European' 'Champions' ""'"" 'League' '.']","['B-Miscellaneous', 'O', 'B-Organization', 'O', 'O', 'B-Miscellaneous', 'O', 'O', 'O', 'O', 'O', 'B-Organization', 'I-Organization', 'O', 'O', 'O', 'O', 'B-Miscellaneous', 'I-Miscellaneous', 'I-Miscellaneous', 'I-Miscellaneous', 'O']",European champions Juventus will face English league and cup double winners Manchester United in this season 's European Champions ' League .,"['European(B-Miscellaneous)', 'champions(O)', 'Juventus(B-Organization)', 'will(O)', 'face(O)', 'English(B-Miscellaneous)', 'league(O)', 'and(O)', 'cup(O)', 'double(O)', 'winners(O)', 'Manchester(B-Organization)', 'United(I-Organization)', 'in(O)', 'this(O)', 'season(O)', ""'s(O)"", 'European(B-Miscellaneous)', 'Champions(I-Miscellaneous)', ""'(I-Miscellaneous)"", 'League(I-Miscellaneous)', '.(O)']",European(B-Miscellaneous) champions(O) Juventus(B-Organization) will(O) face(O) English(B-Miscellaneous) league(O) and(O) cup(O) double(O) winners(O) Manchester(B-Organization) United(I-Organization) in(O) this(O) season(O) 's(O) European(B-Miscellaneous) Champions(I-Miscellaneous) '(I-Miscellaneous) League(I-Miscellaneous) .(O),"Input: European champions Juventus will face English league and cup double winners Manchester United in this season 's European Champions ' League .
Output: European(B-Miscellaneous) champions(O) Juventus(B-Organization) will(O) face(O) English(B-Miscellaneous) league(O) and(O) cup(O) double(O) winners(O) Manchester(B-Organization) United(I-Organization) in(O) this(O) season(O) 's(O) European(B-Miscellaneous) Champions(I-Miscellaneous) '(I-Miscellaneous) League(I-Miscellaneous) .(O)"
13472,['Baker' 'made' 'secret' 'trip' 'to' 'Syria' 'in' 'March' '1995' '.'],"['B-Person', 'O', 'O', 'O', 'O', 'B-Location', 'O', 'O', 'O', 'O']",Baker made secret trip to Syria in March 1995 .,"['Baker(B-Person)', 'made(O)', 'secret(O)', 'trip(O)', 'to(O)', 'Syria(B-Location)', 'in(O)', 'March(O)', '1995(O)', '.(O)']",Baker(B-Person) made(O) secret(O) trip(O) to(O) Syria(B-Location) in(O) March(O) 1995(O) .(O),"Input: Baker made secret trip to Syria in March 1995 .
Output: Baker(B-Person) made(O) secret(O) trip(O) to(O) Syria(B-Location) in(O) March(O) 1995(O) .(O)"
10119,['Keirin' 'final'],"['B-Location', 'O']",Keirin final,"['Keirin(B-Location)', 'final(O)']",Keirin(B-Location) final(O),"Input: Keirin final
Output: Keirin(B-Location) final(O)"
8686,"['Schalke' '1' '(' 'Thon' '2nd' ')' 'Bochum' '1' '(' 'Donkow' '86th' ')'
 '.']","['B-Organization', 'O', 'O', 'B-Person', 'O', 'O', 'B-Organization', 'O', 'O', 'B-Person', 'O', 'O', 'O']",Schalke 1 ( Thon 2nd ) Bochum 1 ( Donkow 86th ) .,"['Schalke(B-Organization)', '1(O)', '((O)', 'Thon(B-Person)', '2nd(O)', ')(O)', 'Bochum(B-Organization)', '1(O)', '((O)', 'Donkow(B-Person)', '86th(O)', ')(O)', '.(O)']",Schalke(B-Organization) 1(O) ((O) Thon(B-Person) 2nd(O) )(O) Bochum(B-Organization) 1(O) ((O) Donkow(B-Person) 86th(O) )(O) .(O),"Input: Schalke 1 ( Thon 2nd ) Bochum 1 ( Donkow 86th ) .
Output: Schalke(B-Organization) 1(O) ((O) Thon(B-Person) 2nd(O) )(O) Bochum(B-Organization) 1(O) ((O) Donkow(B-Person) 86th(O) )(O) .(O)"
13843,['(' 'trln' 'pts' ')' '-' '-' '-' '-' '75.912'],"['O', 'O', 'O', 'O', 'O', 'O', 'O', 'O', 'O']",( trln pts ) - - - - 75.912,"['((O)', 'trln(O)', 'pts(O)', ')(O)', '-(O)', '-(O)', '-(O)', '-(O)', '75.912(O)']",((O) trln(O) pts(O) )(O) -(O) -(O) -(O) -(O) 75.912(O),"Input: ( trln pts ) - - - - 75.912
Output: ((O) trln(O) pts(O) )(O) -(O) -(O) -(O) -(O) 75.912(O)"
7638,"['Traders' 'said' 'the' 'U.S.' 'cash' 'market' 'remains' 'well' 'above'
 'the' 'benchmark' 'Thai' 'price' 'which' 'limited' 'gains' '.']","['O', 'O', 'O', 'B-Location', 'O', 'O', 'O', 'O', 'O', 'O', 'O', 'B-Miscellaneous', 'O', 'O', 'O', 'O', 'O']",Traders said the U.S. cash market remains well above the benchmark Thai price which limited gains .,"['Traders(O)', 'said(O)', 'the(O)', 'U.S.(B-Location)', 'cash(O)', 'market(O)', 'remains(O)', 'well(O)', 'above(O)', 'the(O)', 'benchmark(O)', 'Thai(B-Miscellaneous)', 'price(O)', 'which(O)', 'limited(O)', 'gains(O)', '.(O)']",Traders(O) said(O) the(O) U.S.(B-Location) cash(O) market(O) remains(O) well(O) above(O) the(O) benchmark(O) Thai(B-Miscellaneous) price(O) which(O) limited(O) gains(O) .(O),"Input: Traders said the U.S. cash market remains well above the benchmark Thai price which limited gains .
Output: Traders(O) said(O) the(O) U.S.(B-Location) cash(O) market(O) remains(O) well(O) above(O) the(O) benchmark(O) Thai(B-Miscellaneous) price(O) which(O) limited(O) gains(O) .(O)"
146,"['""' 'There' 'were' 'no' 'changes' 'in' 'Saudi' 'riyal' 'rates' '.']","['O', 'O', 'O', 'O', 'O', 'O', 'B-Miscellaneous', 'O', 'O', 'O']",""" There were no changes in Saudi riyal rates .","['""(O)', 'There(O)', 'were(O)', 'no(O)', 'changes(O)', 'in(O)', 'Saudi(B-Miscellaneous)', 'riyal(O)', 'rates(O)', '.(O)']","""(O) There(O) were(O) no(O) changes(O) in(O) Saudi(B-Miscellaneous) riyal(O) rates(O) .(O)","Input: "" There were no changes in Saudi riyal rates .
Output: ""(O) There(O) were(O) no(O) changes(O) in(O) Saudi(B-Miscellaneous) riyal(O) rates(O) .(O)"
2055,"['Open' 'badminton' 'tournament' 'on' 'Friday' '(' 'prefix' 'numbers'
 'denote']","['B-Miscellaneous', 'O', 'O', 'O', 'O', 'O', 'O', 'O', 'O']",Open badminton tournament on Friday ( prefix numbers denote,"['Open(B-Miscellaneous)', 'badminton(O)', 'tournament(O)', 'on(O)', 'Friday(O)', '((O)', 'prefix(O)', 'numbers(O)', 'denote(O)']",Open(B-Miscellaneous) badminton(O) tournament(O) on(O) Friday(O) ((O) prefix(O) numbers(O) denote(O),"Input: Open badminton tournament on Friday ( prefix numbers denote
Output: Open(B-Miscellaneous) badminton(O) tournament(O) on(O) Friday(O) ((O) prefix(O) numbers(O) denote(O)"
2503,['5.' 'Aloys' 'Nizigama' '(' 'Burundi' ')' '27:25.13'],"['O', 'B-Person', 'I-Person', 'O', 'B-Location', 'O', 'O']",5. Aloys Nizigama ( Burundi ) 27:25.13,"['5.(O)', 'Aloys(B-Person)', 'Nizigama(I-Person)', '((O)', 'Burundi(B-Location)', ')(O)', '27:25.13(O)']",5.(O) Aloys(B-Person) Nizigama(I-Person) ((O) Burundi(B-Location) )(O) 27:25.13(O),"Input: 5. Aloys Nizigama ( Burundi ) 27:25.13
Output: 5.(O) Aloys(B-Person) Nizigama(I-Person) ((O) Burundi(B-Location) )(O) 27:25.13(O)"
11252,"['But' 'he' 'said' 'a' 'power' 'struggle' 'in' 'Russia' ""'s"" 'ruling'
 'circles' 'could' 'not' 'be' 'ruled' 'out' ',' 'which' 'could' 'harm'
 'further' 'reforms' '.']","['O', 'O', 'O', 'O', 'O', 'O', 'O', 'B-Location', 'O', 'O', 'O', 'O', 'O', 'O', 'O', 'O', 'O', 'O', 'O', 'O', 'O', 'O', 'O']","But he said a power struggle in Russia 's ruling circles could not be ruled out , which could harm further reforms .","['But(O)', 'he(O)', 'said(O)', 'a(O)', 'power(O)', 'struggle(O)', 'in(O)', 'Russia(B-Location)', ""'s(O)"", 'ruling(O)', 'circles(O)', 'could(O)', 'not(O)', 'be(O)', 'ruled(O)', 'out(O)', ',(O)', 'which(O)', 'could(O)', 'harm(O)', 'further(O)', 'reforms(O)', '.(O)']","But(O) he(O) said(O) a(O) power(O) struggle(O) in(O) Russia(B-Location) 's(O) ruling(O) circles(O) could(O) not(O) be(O) ruled(O) out(O) ,(O) which(O) could(O) harm(O) further(O) reforms(O) .(O)","Input: But he said a power struggle in Russia 's ruling circles could not be ruled out , which could harm further reforms .
Output: But(O) he(O) said(O) a(O) power(O) struggle(O) in(O) Russia(B-Location) 's(O) ruling(O) circles(O) could(O) not(O) be(O) ruled(O) out(O) ,(O) which(O) could(O) harm(O) further(O) reforms(O) .(O)"
5452,['Toronto' '9' 'CHICAGO' '2'],"['B-Organization', 'O', 'B-Organization', 'O']",Toronto 9 CHICAGO 2,"['Toronto(B-Organization)', '9(O)', 'CHICAGO(B-Organization)', '2(O)']",Toronto(B-Organization) 9(O) CHICAGO(B-Organization) 2(O),"Input: Toronto 9 CHICAGO 2
Output: Toronto(B-Organization) 9(O) CHICAGO(B-Organization) 2(O)"
5181,['Alaniya' 'Vladikavkaz' '3' 'Zhemchuzhina' 'Sochi' '1'],"['B-Organization', 'I-Organization', 'O', 'B-Organization', 'I-Organization', 'O']",Alaniya Vladikavkaz 3 Zhemchuzhina Sochi 1,"['Alaniya(B-Organization)', 'Vladikavkaz(I-Organization)', '3(O)', 'Zhemchuzhina(B-Organization)', 'Sochi(I-Organization)', '1(O)']",Alaniya(B-Organization) Vladikavkaz(I-Organization) 3(O) Zhemchuzhina(B-Organization) Sochi(I-Organization) 1(O),"Input: Alaniya Vladikavkaz 3 Zhemchuzhina Sochi 1
Output: Alaniya(B-Organization) Vladikavkaz(I-Organization) 3(O) Zhemchuzhina(B-Organization) Sochi(I-Organization) 1(O)"
914,['GOLF' '-' 'GERMAN' 'OPEN' 'FIRST' 'ROUND' 'SCORES' '.'],"['O', 'O', 'B-Miscellaneous', 'I-Miscellaneous', 'O', 'O', 'O', 'O']",GOLF - GERMAN OPEN FIRST ROUND SCORES .,"['GOLF(O)', '-(O)', 'GERMAN(B-Miscellaneous)', 'OPEN(I-Miscellaneous)', 'FIRST(O)', 'ROUND(O)', 'SCORES(O)', '.(O)']",GOLF(O) -(O) GERMAN(B-Miscellaneous) OPEN(I-Miscellaneous) FIRST(O) ROUND(O) SCORES(O) .(O),"Input: GOLF - GERMAN OPEN FIRST ROUND SCORES .
Output: GOLF(O) -(O) GERMAN(B-Miscellaneous) OPEN(I-Miscellaneous) FIRST(O) ROUND(O) SCORES(O) .(O)"
11465,"['""' 'Up' 'here' 'in' 'the' 'Texas' 'Panhandle' ',' 'we' ""'ve"" 'had'
 'some' 'extremely' 'beneficial' 'rains' 'that' 'came' 'through' 'within'
 'the' 'last' 'several' 'days' 'and' 'are' 'really' 'setting' 'us' 'up'
 'for' 'ideal' 'conditions' 'for' 'planting' 'wheat' ',' '""' 'Mosier'
 'said' '.']","['O', 'O', 'O', 'O', 'O', 'B-Location', 'I-Location', 'O', 'O', 'O', 'O', 'O', 'O', 'O', 'O', 'O', 'O', 'O', 'O', 'O', 'O', 'O', 'O', 'O', 'O', 'O', 'O', 'O', 'O', 'O', 'O', 'O', 'O', 'O', 'O', 'O', 'O', 'B-Person', 'O', 'O']",""" Up here in the Texas Panhandle , we 've had some extremely beneficial rains that came through within the last several days and are really setting us up for ideal conditions for planting wheat , "" Mosier said .","['""(O)', 'Up(O)', 'here(O)', 'in(O)', 'the(O)', 'Texas(B-Location)', 'Panhandle(I-Location)', ',(O)', 'we(O)', ""'ve(O)"", 'had(O)', 'some(O)', 'extremely(O)', 'beneficial(O)', 'rains(O)', 'that(O)', 'came(O)', 'through(O)', 'within(O)', 'the(O)', 'last(O)', 'several(O)', 'days(O)', 'and(O)', 'are(O)', 'really(O)', 'setting(O)', 'us(O)', 'up(O)', 'for(O)', 'ideal(O)', 'conditions(O)', 'for(O)', 'planting(O)', 'wheat(O)', ',(O)', '""(O)', 'Mosier(B-Person)', 'said(O)', '.(O)']","""(O) Up(O) here(O) in(O) the(O) Texas(B-Location) Panhandle(I-Location) ,(O) we(O) 've(O) had(O) some(O) extremely(O) beneficial(O) rains(O) that(O) came(O) through(O) within(O) the(O) last(O) several(O) days(O) and(O) are(O) really(O) setting(O) us(O) up(O) for(O) ideal(O) conditions(O) for(O) planting(O) wheat(O) ,(O) ""(O) Mosier(B-Person) said(O) .(O)","Input: "" Up here in the Texas Panhandle , we 've had some extremely beneficial rains that came through within the last several days and are really setting us up for ideal conditions for planting wheat , "" Mosier said .
Output: ""(O) Up(O) here(O) in(O) the(O) Texas(B-Location) Panhandle(I-Location) ,(O) we(O) 've(O) had(O) some(O) extremely(O) beneficial(O) rains(O) that(O) came(O) through(O) within(O) the(O) last(O) several(O) days(O) and(O) are(O) really(O) setting(O) us(O) up(O) for(O) ideal(O) conditions(O) for(O) planting(O) wheat(O) ,(O) ""(O) Mosier(B-Person) said(O) .(O)"
1826,"['Kuchma' 'has' 'said' 'Kiev' 'wants' 'membership' 'of' 'the' 'European'
 'Union' ',' 'associate' 'membership' 'of' 'the' 'Western' 'European'
 'Union' 'defence' 'grouping' 'and' 'to' 'move' 'closer' 'to' 'NATO' '.']","['B-Person', 'O', 'O', 'B-Location', 'O', 'O', 'O', 'O', 'B-Organization', 'I-Organization', 'O', 'O', 'O', 'O', 'O', 'B-Organization', 'I-Organization', 'I-Organization', 'O', 'O', 'O', 'O', 'O', 'O', 'O', 'B-Organization', 'O']","Kuchma has said Kiev wants membership of the European Union , associate membership of the Western European Union defence grouping and to move closer to NATO .","['Kuchma(B-Person)', 'has(O)', 'said(O)', 'Kiev(B-Location)', 'wants(O)', 'membership(O)', 'of(O)', 'the(O)', 'European(B-Organization)', 'Union(I-Organization)', ',(O)', 'associate(O)', 'membership(O)', 'of(O)', 'the(O)', 'Western(B-Organization)', 'European(I-Organization)', 'Union(I-Organization)', 'defence(O)', 'grouping(O)', 'and(O)', 'to(O)', 'move(O)', 'closer(O)', 'to(O)', 'NATO(B-Organization)', '.(O)']","Kuchma(B-Person) has(O) said(O) Kiev(B-Location) wants(O) membership(O) of(O) the(O) European(B-Organization) Union(I-Organization) ,(O) associate(O) membership(O) of(O) the(O) Western(B-Organization) European(I-Organization) Union(I-Organization) defence(O) grouping(O) and(O) to(O) move(O) closer(O) to(O) NATO(B-Organization) .(O)","Input: Kuchma has said Kiev wants membership of the European Union , associate membership of the Western European Union defence grouping and to move closer to NATO .
Output: Kuchma(B-Person) has(O) said(O) Kiev(B-Location) wants(O) membership(O) of(O) the(O) European(B-Organization) Union(I-Organization) ,(O) associate(O) membership(O) of(O) the(O) Western(B-Organization) European(I-Organization) Union(I-Organization) defence(O) grouping(O) and(O) to(O) move(O) closer(O) to(O) NATO(B-Organization) .(O)"
1491,"['An' 'estimated' '50,000' 'Algerians' 'and' 'more' 'than' '110'
 'foreigners' 'have' 'been' 'killed' 'in' 'Algeria' ""'s"" 'violence'
 'pitting' 'Moslem' 'rebels' 'against' 'the' 'Algerian' 'government'
 'forces' 'since' 'early' '1992' ',' 'when' 'the' 'authorities'
 'cancelled' 'a' 'general' 'election' 'in' 'which' 'radical' 'Islamists'
 'took' 'a' 'commanding' 'lead' '.']","['O', 'O', 'O', 'B-Miscellaneous', 'O', 'O', 'O', 'O', 'O', 'O', 'O', 'O', 'O', 'B-Location', 'O', 'O', 'O', 'B-Miscellaneous', 'O', 'O', 'O', 'B-Miscellaneous', 'O', 'O', 'O', 'O', 'O', 'O', 'O', 'O', 'O', 'O', 'O', 'O', 'O', 'O', 'O', 'O', 'B-Miscellaneous', 'O', 'O', 'O', 'O', 'O']","An estimated 50,000 Algerians and more than 110 foreigners have been killed in Algeria 's violence pitting Moslem rebels against the Algerian government forces since early 1992 , when the authorities cancelled a general election in which radical Islamists took a commanding lead .","['An(O)', 'estimated(O)', '50,000(O)', 'Algerians(B-Miscellaneous)', 'and(O)', 'more(O)', 'than(O)', '110(O)', 'foreigners(O)', 'have(O)', 'been(O)', 'killed(O)', 'in(O)', 'Algeria(B-Location)', ""'s(O)"", 'violence(O)', 'pitting(O)', 'Moslem(B-Miscellaneous)', 'rebels(O)', 'against(O)', 'the(O)', 'Algerian(B-Miscellaneous)', 'government(O)', 'forces(O)', 'since(O)', 'early(O)', '1992(O)', ',(O)', 'when(O)', 'the(O)', 'authorities(O)', 'cancelled(O)', 'a(O)', 'general(O)', 'election(O)', 'in(O)', 'which(O)', 'radical(O)', 'Islamists(B-Miscellaneous)', 'took(O)', 'a(O)', 'commanding(O)', 'lead(O)', '.(O)']","An(O) estimated(O) 50,000(O) Algerians(B-Miscellaneous) and(O) more(O) than(O) 110(O) foreigners(O) have(O) been(O) killed(O) in(O) Algeria(B-Location) 's(O) violence(O) pitting(O) Moslem(B-Miscellaneous) rebels(O) against(O) the(O) Algerian(B-Miscellaneous) government(O) forces(O) since(O) early(O) 1992(O) ,(O) when(O) the(O) authorities(O) cancelled(O) a(O) general(O) election(O) in(O) which(O) radical(O) Islamists(B-Miscellaneous) took(O) a(O) commanding(O) lead(O) .(O)","Input: An estimated 50,000 Algerians and more than 110 foreigners have been killed in Algeria 's violence pitting Moslem rebels against the Algerian government forces since early 1992 , when the authorities cancelled a general election in which radical Islamists took a commanding lead .
Output: An(O) estimated(O) 50,000(O) Algerians(B-Miscellaneous) and(O) more(O) than(O) 110(O) foreigners(O) have(O) been(O) killed(O) in(O) Algeria(B-Location) 's(O) violence(O) pitting(O) Moslem(B-Miscellaneous) rebels(O) against(O) the(O) Algerian(B-Miscellaneous) government(O) forces(O) since(O) early(O) 1992(O) ,(O) when(O) the(O) authorities(O) cancelled(O) a(O) general(O) election(O) in(O) which(O) radical(O) Islamists(B-Miscellaneous) took(O) a(O) commanding(O) lead(O) .(O)"
12667,['Fortuna' 'Sittard' '3' '1' '1' '1' '3' '4' '4'],"['B-Organization', 'I-Organization', 'O', 'O', 'O', 'O', 'O', 'O', 'O']",Fortuna Sittard 3 1 1 1 3 4 4,"['Fortuna(B-Organization)', 'Sittard(I-Organization)', '3(O)', '1(O)', '1(O)', '1(O)', '3(O)', '4(O)', '4(O)']",Fortuna(B-Organization) Sittard(I-Organization) 3(O) 1(O) 1(O) 1(O) 3(O) 4(O) 4(O),"Input: Fortuna Sittard 3 1 1 1 3 4 4
Output: Fortuna(B-Organization) Sittard(I-Organization) 3(O) 1(O) 1(O) 1(O) 3(O) 4(O) 4(O)"
12114,['-' 'Banco' 'Santander' 'starts' 'conquest' 'of' 'the' 'east' '.'],"['O', 'B-Organization', 'I-Organization', 'O', 'O', 'O', 'O', 'O', 'O']",- Banco Santander starts conquest of the east .,"['-(O)', 'Banco(B-Organization)', 'Santander(I-Organization)', 'starts(O)', 'conquest(O)', 'of(O)', 'the(O)', 'east(O)', '.(O)']",-(O) Banco(B-Organization) Santander(I-Organization) starts(O) conquest(O) of(O) the(O) east(O) .(O),"Input: - Banco Santander starts conquest of the east .
Output: -(O) Banco(B-Organization) Santander(I-Organization) starts(O) conquest(O) of(O) the(O) east(O) .(O)"
10076,['1.' 'Colonna' '8:22:00'],"['O', 'B-Person', 'O']",1. Colonna 8:22:00,"['1.(O)', 'Colonna(B-Person)', '8:22:00(O)']",1.(O) Colonna(B-Person) 8:22:00(O),"Input: 1. Colonna 8:22:00
Output: 1.(O) Colonna(B-Person) 8:22:00(O)"
12260,"['Scores' ':' 'Pakistan' '225-5' 'innings' 'closed' '(' 'Saeed' 'Anwar'
 '57' ')' ',' 'England' '226-5' 'in' '46.4' 'overs' '(' 'M.' 'Atherton'
 '65' ')' '.']","['O', 'O', 'B-Location', 'O', 'O', 'O', 'O', 'B-Person', 'I-Person', 'O', 'O', 'O', 'B-Location', 'O', 'O', 'O', 'O', 'O', 'B-Person', 'I-Person', 'O', 'O', 'O']","Scores : Pakistan 225-5 innings closed ( Saeed Anwar 57 ) , England 226-5 in 46.4 overs ( M. Atherton 65 ) .","['Scores(O)', ':(O)', 'Pakistan(B-Location)', '225-5(O)', 'innings(O)', 'closed(O)', '((O)', 'Saeed(B-Person)', 'Anwar(I-Person)', '57(O)', ')(O)', ',(O)', 'England(B-Location)', '226-5(O)', 'in(O)', '46.4(O)', 'overs(O)', '((O)', 'M.(B-Person)', 'Atherton(I-Person)', '65(O)', ')(O)', '.(O)']","Scores(O) :(O) Pakistan(B-Location) 225-5(O) innings(O) closed(O) ((O) Saeed(B-Person) Anwar(I-Person) 57(O) )(O) ,(O) England(B-Location) 226-5(O) in(O) 46.4(O) overs(O) ((O) M.(B-Person) Atherton(I-Person) 65(O) )(O) .(O)","Input: Scores : Pakistan 225-5 innings closed ( Saeed Anwar 57 ) , England 226-5 in 46.4 overs ( M. Atherton 65 ) .
Output: Scores(O) :(O) Pakistan(B-Location) 225-5(O) innings(O) closed(O) ((O) Saeed(B-Person) Anwar(I-Person) 57(O) )(O) ,(O) England(B-Location) 226-5(O) in(O) 46.4(O) overs(O) ((O) M.(B-Person) Atherton(I-Person) 65(O) )(O) .(O)"
1891,['number' 'denotes' 'seeding' ')' ':'],"['O', 'O', 'O', 'O', 'O']",number denotes seeding ) :,"['number(O)', 'denotes(O)', 'seeding(O)', ')(O)', ':(O)']",number(O) denotes(O) seeding(O) )(O) :(O),"Input: number denotes seeding ) :
Output: number(O) denotes(O) seeding(O) )(O) :(O)"
13207,['FINANCIAL' 'POST'],"['B-Organization', 'I-Organization']",FINANCIAL POST,"['FINANCIAL(B-Organization)', 'POST(I-Organization)']",FINANCIAL(B-Organization) POST(I-Organization),"Input: FINANCIAL POST
Output: FINANCIAL(B-Organization) POST(I-Organization)"
3223,['RTRS' '-' 'Toyota' 'Australia' 'workers' 'to' 'return' 'to' 'work' '.'],"['B-Organization', 'O', 'B-Organization', 'I-Organization', 'O', 'O', 'O', 'O', 'O', 'O']",RTRS - Toyota Australia workers to return to work .,"['RTRS(B-Organization)', '-(O)', 'Toyota(B-Organization)', 'Australia(I-Organization)', 'workers(O)', 'to(O)', 'return(O)', 'to(O)', 'work(O)', '.(O)']",RTRS(B-Organization) -(O) Toyota(B-Organization) Australia(I-Organization) workers(O) to(O) return(O) to(O) work(O) .(O),"Input: RTRS - Toyota Australia workers to return to work .
Output: RTRS(B-Organization) -(O) Toyota(B-Organization) Australia(I-Organization) workers(O) to(O) return(O) to(O) work(O) .(O)"
10296,['BASKETBALL' '-' 'OLYMPIAKOS' 'BEAT' 'RED' 'STAR' '71-57' '.'],"['O', 'O', 'B-Organization', 'O', 'B-Organization', 'I-Organization', 'O', 'O']",BASKETBALL - OLYMPIAKOS BEAT RED STAR 71-57 .,"['BASKETBALL(O)', '-(O)', 'OLYMPIAKOS(B-Organization)', 'BEAT(O)', 'RED(B-Organization)', 'STAR(I-Organization)', '71-57(O)', '.(O)']",BASKETBALL(O) -(O) OLYMPIAKOS(B-Organization) BEAT(O) RED(B-Organization) STAR(I-Organization) 71-57(O) .(O),"Input: BASKETBALL - OLYMPIAKOS BEAT RED STAR 71-57 .
Output: BASKETBALL(O) -(O) OLYMPIAKOS(B-Organization) BEAT(O) RED(B-Organization) STAR(I-Organization) 71-57(O) .(O)"
4436,['VIENNA' '1996-08-24'],"['B-Location', 'O']",VIENNA 1996-08-24,"['VIENNA(B-Location)', '1996-08-24(O)']",VIENNA(B-Location) 1996-08-24(O),"Input: VIENNA 1996-08-24
Output: VIENNA(B-Location) 1996-08-24(O)"
10613,['Fidelis' 'Andria' '0' 'Juventus' '2'],"['B-Organization', 'I-Organization', 'O', 'B-Organization', 'O']",Fidelis Andria 0 Juventus 2,"['Fidelis(B-Organization)', 'Andria(I-Organization)', '0(O)', 'Juventus(B-Organization)', '2(O)']",Fidelis(B-Organization) Andria(I-Organization) 0(O) Juventus(B-Organization) 2(O),"Input: Fidelis Andria 0 Juventus 2
Output: Fidelis(B-Organization) Andria(I-Organization) 0(O) Juventus(B-Organization) 2(O)"
13935,"['AMSTETTEN' ',' 'Austria' '1996-08-30']","['B-Location', 'O', 'B-Location', 'O']","AMSTETTEN , Austria 1996-08-30","['AMSTETTEN(B-Location)', ',(O)', 'Austria(B-Location)', '1996-08-30(O)']","AMSTETTEN(B-Location) ,(O) Austria(B-Location) 1996-08-30(O)","Input: AMSTETTEN , Austria 1996-08-30
Output: AMSTETTEN(B-Location) ,(O) Austria(B-Location) 1996-08-30(O)"
9931,"['Doctors' 'and' 'medical' 'staff' 'from' 'a' 'hospital' 'across' 'the'
 'road' 'from' 'the' 'station' 'were' 'at' 'the' 'scene' 'of' 'the'
 'accident' 'within' 'minutes' 'and' 'were' 'able' 'to' 'treat' 'the'
 'injured' 'quickly' ',' 'he' 'added' '.']","['O', 'O', 'O', 'O', 'O', 'O', 'O', 'O', 'O', 'O', 'O', 'O', 'O', 'O', 'O', 'O', 'O', 'O', 'O', 'O', 'O', 'O', 'O', 'O', 'O', 'O', 'O', 'O', 'O', 'O', 'O', 'O', 'O', 'O']","Doctors and medical staff from a hospital across the road from the station were at the scene of the accident within minutes and were able to treat the injured quickly , he added .","['Doctors(O)', 'and(O)', 'medical(O)', 'staff(O)', 'from(O)', 'a(O)', 'hospital(O)', 'across(O)', 'the(O)', 'road(O)', 'from(O)', 'the(O)', 'station(O)', 'were(O)', 'at(O)', 'the(O)', 'scene(O)', 'of(O)', 'the(O)', 'accident(O)', 'within(O)', 'minutes(O)', 'and(O)', 'were(O)', 'able(O)', 'to(O)', 'treat(O)', 'the(O)', 'injured(O)', 'quickly(O)', ',(O)', 'he(O)', 'added(O)', '.(O)']","Doctors(O) and(O) medical(O) staff(O) from(O) a(O) hospital(O) across(O) the(O) road(O) from(O) the(O) station(O) were(O) at(O) the(O) scene(O) of(O) the(O) accident(O) within(O) minutes(O) and(O) were(O) able(O) to(O) treat(O) the(O) injured(O) quickly(O) ,(O) he(O) added(O) .(O)","Input: Doctors and medical staff from a hospital across the road from the station were at the scene of the accident within minutes and were able to treat the injured quickly , he added .
Output: Doctors(O) and(O) medical(O) staff(O) from(O) a(O) hospital(O) across(O) the(O) road(O) from(O) the(O) station(O) were(O) at(O) the(O) scene(O) of(O) the(O) accident(O) within(O) minutes(O) and(O) were(O) able(O) to(O) treat(O) the(O) injured(O) quickly(O) ,(O) he(O) added(O) .(O)"
11183,"['""' 'Western' 'investors' '...' 'will' 'be' 'investing' 'in' 'ADRs' 'and'
 'I' 'do' 'not' 'think' 'people' 'in' 'Russia' 'will' 'be' 'able' 'to'
 'come' 'up' 'with' 'the' 'money' 'for' 'the' 'underlying' 'shares' 'to'
 'drive' 'the' 'Russian' 'shares' 'to' 'those' 'levels' ',' '""' 'Mokhoff'
 'said' '.']","['O', 'B-Miscellaneous', 'O', 'O', 'O', 'O', 'O', 'O', 'B-Miscellaneous', 'O', 'O', 'O', 'O', 'O', 'O', 'O', 'B-Location', 'O', 'O', 'O', 'O', 'O', 'O', 'O', 'O', 'O', 'O', 'O', 'O', 'O', 'O', 'O', 'O', 'B-Miscellaneous', 'O', 'O', 'O', 'O', 'O', 'O', 'B-Person', 'O', 'O']",""" Western investors ... will be investing in ADRs and I do not think people in Russia will be able to come up with the money for the underlying shares to drive the Russian shares to those levels , "" Mokhoff said .","['""(O)', 'Western(B-Miscellaneous)', 'investors(O)', '...(O)', 'will(O)', 'be(O)', 'investing(O)', 'in(O)', 'ADRs(B-Miscellaneous)', 'and(O)', 'I(O)', 'do(O)', 'not(O)', 'think(O)', 'people(O)', 'in(O)', 'Russia(B-Location)', 'will(O)', 'be(O)', 'able(O)', 'to(O)', 'come(O)', 'up(O)', 'with(O)', 'the(O)', 'money(O)', 'for(O)', 'the(O)', 'underlying(O)', 'shares(O)', 'to(O)', 'drive(O)', 'the(O)', 'Russian(B-Miscellaneous)', 'shares(O)', 'to(O)', 'those(O)', 'levels(O)', ',(O)', '""(O)', 'Mokhoff(B-Person)', 'said(O)', '.(O)']","""(O) Western(B-Miscellaneous) investors(O) ...(O) will(O) be(O) investing(O) in(O) ADRs(B-Miscellaneous) and(O) I(O) do(O) not(O) think(O) people(O) in(O) Russia(B-Location) will(O) be(O) able(O) to(O) come(O) up(O) with(O) the(O) money(O) for(O) the(O) underlying(O) shares(O) to(O) drive(O) the(O) Russian(B-Miscellaneous) shares(O) to(O) those(O) levels(O) ,(O) ""(O) Mokhoff(B-Person) said(O) .(O)","Input: "" Western investors ... will be investing in ADRs and I do not think people in Russia will be able to come up with the money for the underlying shares to drive the Russian shares to those levels , "" Mokhoff said .
Output: ""(O) Western(B-Miscellaneous) investors(O) ...(O) will(O) be(O) investing(O) in(O) ADRs(B-Miscellaneous) and(O) I(O) do(O) not(O) think(O) people(O) in(O) Russia(B-Location) will(O) be(O) able(O) to(O) come(O) up(O) with(O) the(O) money(O) for(O) the(O) underlying(O) shares(O) to(O) drive(O) the(O) Russian(B-Miscellaneous) shares(O) to(O) those(O) levels(O) ,(O) ""(O) Mokhoff(B-Person) said(O) .(O)"
7272,"['The' 'ferry' ',' 'which' 'was' 'towed' 'into' 'port' ',' 'had' 'been'
 'bound' 'for' 'Jersey' ',' 'another' 'in' 'a' 'cluster' 'of' 'small'
 'British-ruled' 'islands' 'off' 'north-west' 'France' '.']","['O', 'O', 'O', 'O', 'O', 'O', 'O', 'O', 'O', 'O', 'O', 'O', 'O', 'B-Location', 'O', 'O', 'O', 'O', 'O', 'O', 'O', 'B-Miscellaneous', 'O', 'O', 'O', 'B-Location', 'O']","The ferry , which was towed into port , had been bound for Jersey , another in a cluster of small British-ruled islands off north-west France .","['The(O)', 'ferry(O)', ',(O)', 'which(O)', 'was(O)', 'towed(O)', 'into(O)', 'port(O)', ',(O)', 'had(O)', 'been(O)', 'bound(O)', 'for(O)', 'Jersey(B-Location)', ',(O)', 'another(O)', 'in(O)', 'a(O)', 'cluster(O)', 'of(O)', 'small(O)', 'British-ruled(B-Miscellaneous)', 'islands(O)', 'off(O)', 'north-west(O)', 'France(B-Location)', '.(O)']","The(O) ferry(O) ,(O) which(O) was(O) towed(O) into(O) port(O) ,(O) had(O) been(O) bound(O) for(O) Jersey(B-Location) ,(O) another(O) in(O) a(O) cluster(O) of(O) small(O) British-ruled(B-Miscellaneous) islands(O) off(O) north-west(O) France(B-Location) .(O)","Input: The ferry , which was towed into port , had been bound for Jersey , another in a cluster of small British-ruled islands off north-west France .
Output: The(O) ferry(O) ,(O) which(O) was(O) towed(O) into(O) port(O) ,(O) had(O) been(O) bound(O) for(O) Jersey(B-Location) ,(O) another(O) in(O) a(O) cluster(O) of(O) small(O) British-ruled(B-Miscellaneous) islands(O) off(O) north-west(O) France(B-Location) .(O)"
12934,"['The' 'mayor' 'of' 'Acatepec' ',' 'a' 'small' 'town' 'some' '310' 'miles'
 '(' '500' 'km' ')' 'south' 'of' 'Mexico' 'City' ',' 'sent' 'a' 'letter'
 'to' 'Mexico' ""'s"" 'National' 'Human' 'Rights' 'Commission' 'complaining'
 'the' 'army' ""'s"" 'heavy' 'presence' 'in' 'the' 'town' 'would'
 'interfere' 'with' 'the' 'Oct.' '6' 'election' '.']","['O', 'O', 'O', 'B-Location', 'O', 'O', 'O', 'O', 'O', 'O', 'O', 'O', 'O', 'O', 'O', 'O', 'O', 'B-Location', 'I-Location', 'O', 'O', 'O', 'O', 'O', 'B-Location', 'O', 'B-Organization', 'I-Organization', 'I-Organization', 'I-Organization', 'O', 'O', 'O', 'O', 'O', 'O', 'O', 'O', 'O', 'O', 'O', 'O', 'O', 'O', 'O', 'O', 'O']","The mayor of Acatepec , a small town some 310 miles ( 500 km ) south of Mexico City , sent a letter to Mexico 's National Human Rights Commission complaining the army 's heavy presence in the town would interfere with the Oct. 6 election .","['The(O)', 'mayor(O)', 'of(O)', 'Acatepec(B-Location)', ',(O)', 'a(O)', 'small(O)', 'town(O)', 'some(O)', '310(O)', 'miles(O)', '((O)', '500(O)', 'km(O)', ')(O)', 'south(O)', 'of(O)', 'Mexico(B-Location)', 'City(I-Location)', ',(O)', 'sent(O)', 'a(O)', 'letter(O)', 'to(O)', 'Mexico(B-Location)', ""'s(O)"", 'National(B-Organization)', 'Human(I-Organization)', 'Rights(I-Organization)', 'Commission(I-Organization)', 'complaining(O)', 'the(O)', 'army(O)', ""'s(O)"", 'heavy(O)', 'presence(O)', 'in(O)', 'the(O)', 'town(O)', 'would(O)', 'interfere(O)', 'with(O)', 'the(O)', 'Oct.(O)', '6(O)', 'election(O)', '.(O)']","The(O) mayor(O) of(O) Acatepec(B-Location) ,(O) a(O) small(O) town(O) some(O) 310(O) miles(O) ((O) 500(O) km(O) )(O) south(O) of(O) Mexico(B-Location) City(I-Location) ,(O) sent(O) a(O) letter(O) to(O) Mexico(B-Location) 's(O) National(B-Organization) Human(I-Organization) Rights(I-Organization) Commission(I-Organization) complaining(O) the(O) army(O) 's(O) heavy(O) presence(O) in(O) the(O) town(O) would(O) interfere(O) with(O) the(O) Oct.(O) 6(O) election(O) .(O)","Input: The mayor of Acatepec , a small town some 310 miles ( 500 km ) south of Mexico City , sent a letter to Mexico 's National Human Rights Commission complaining the army 's heavy presence in the town would interfere with the Oct. 6 election .
Output: The(O) mayor(O) of(O) Acatepec(B-Location) ,(O) a(O) small(O) town(O) some(O) 310(O) miles(O) ((O) 500(O) km(O) )(O) south(O) of(O) Mexico(B-Location) City(I-Location) ,(O) sent(O) a(O) letter(O) to(O) Mexico(B-Location) 's(O) National(B-Organization) Human(I-Organization) Rights(I-Organization) Commission(I-Organization) complaining(O) the(O) army(O) 's(O) heavy(O) presence(O) in(O) the(O) town(O) would(O) interfere(O) with(O) the(O) Oct.(O) 6(O) election(O) .(O)"
4753,['Michael' 'Schumacher' 'of'],"['B-Person', 'I-Person', 'O']",Michael Schumacher of,"['Michael(B-Person)', 'Schumacher(I-Person)', 'of(O)']",Michael(B-Person) Schumacher(I-Person) of(O),"Input: Michael Schumacher of
Output: Michael(B-Person) Schumacher(I-Person) of(O)"
1057,"['""' 'Three' 'of' 'the' 'four' 'children' 'had' 'Crohn' ""'s"" 'disease' ','
 '""' 'Wakefield' ""'s"" 'group' 'wrote' 'in' 'the' 'Lancet' 'medical'
 'journal' '.']","['O', 'O', 'O', 'O', 'O', 'O', 'O', 'B-Person', 'O', 'O', 'O', 'O', 'B-Person', 'O', 'O', 'O', 'O', 'O', 'B-Organization', 'O', 'O', 'O']",""" Three of the four children had Crohn 's disease , "" Wakefield 's group wrote in the Lancet medical journal .","['""(O)', 'Three(O)', 'of(O)', 'the(O)', 'four(O)', 'children(O)', 'had(O)', 'Crohn(B-Person)', ""'s(O)"", 'disease(O)', ',(O)', '""(O)', 'Wakefield(B-Person)', ""'s(O)"", 'group(O)', 'wrote(O)', 'in(O)', 'the(O)', 'Lancet(B-Organization)', 'medical(O)', 'journal(O)', '.(O)']","""(O) Three(O) of(O) the(O) four(O) children(O) had(O) Crohn(B-Person) 's(O) disease(O) ,(O) ""(O) Wakefield(B-Person) 's(O) group(O) wrote(O) in(O) the(O) Lancet(B-Organization) medical(O) journal(O) .(O)","Input: "" Three of the four children had Crohn 's disease , "" Wakefield 's group wrote in the Lancet medical journal .
Output: ""(O) Three(O) of(O) the(O) four(O) children(O) had(O) Crohn(B-Person) 's(O) disease(O) ,(O) ""(O) Wakefield(B-Person) 's(O) group(O) wrote(O) in(O) the(O) Lancet(B-Organization) medical(O) journal(O) .(O)"
7889,"['In' 'France' ',' 'you' 'cannot' 'be' 'a' 'film' 'artist' 'and' 'a'
 'national' 'politician' 'at' 'the' 'same' 'time' '.']","['O', 'B-Location', 'O', 'O', 'O', 'O', 'O', 'O', 'O', 'O', 'O', 'O', 'O', 'O', 'O', 'O', 'O', 'O']","In France , you cannot be a film artist and a national politician at the same time .","['In(O)', 'France(B-Location)', ',(O)', 'you(O)', 'cannot(O)', 'be(O)', 'a(O)', 'film(O)', 'artist(O)', 'and(O)', 'a(O)', 'national(O)', 'politician(O)', 'at(O)', 'the(O)', 'same(O)', 'time(O)', '.(O)']","In(O) France(B-Location) ,(O) you(O) cannot(O) be(O) a(O) film(O) artist(O) and(O) a(O) national(O) politician(O) at(O) the(O) same(O) time(O) .(O)","Input: In France , you cannot be a film artist and a national politician at the same time .
Output: In(O) France(B-Location) ,(O) you(O) cannot(O) be(O) a(O) film(O) artist(O) and(O) a(O) national(O) politician(O) at(O) the(O) same(O) time(O) .(O)"
9514,"['Markets' 'in' 'central' 'India' 'would' 'be' 'closed' 'for' 'a' 'local'
 'religious' 'holiday' 'on' 'Wednesday' '.']","['O', 'O', 'O', 'B-Location', 'O', 'O', 'O', 'O', 'O', 'O', 'O', 'O', 'O', 'O', 'O']",Markets in central India would be closed for a local religious holiday on Wednesday .,"['Markets(O)', 'in(O)', 'central(O)', 'India(B-Location)', 'would(O)', 'be(O)', 'closed(O)', 'for(O)', 'a(O)', 'local(O)', 'religious(O)', 'holiday(O)', 'on(O)', 'Wednesday(O)', '.(O)']",Markets(O) in(O) central(O) India(B-Location) would(O) be(O) closed(O) for(O) a(O) local(O) religious(O) holiday(O) on(O) Wednesday(O) .(O),"Input: Markets in central India would be closed for a local religious holiday on Wednesday .
Output: Markets(O) in(O) central(O) India(B-Location) would(O) be(O) closed(O) for(O) a(O) local(O) religious(O) holiday(O) on(O) Wednesday(O) .(O)"
7888,"['""' 'I' 'have' 'paid' 'too' 'dearly' 'for' 'mixing' 'two' 'careers' ','
 '""' 'Tapie' 'said' '.' '""']","['O', 'O', 'O', 'O', 'O', 'O', 'O', 'O', 'O', 'O', 'O', 'O', 'B-Person', 'O', 'O', 'O']",""" I have paid too dearly for mixing two careers , "" Tapie said . ""","['""(O)', 'I(O)', 'have(O)', 'paid(O)', 'too(O)', 'dearly(O)', 'for(O)', 'mixing(O)', 'two(O)', 'careers(O)', ',(O)', '""(O)', 'Tapie(B-Person)', 'said(O)', '.(O)', '""(O)']","""(O) I(O) have(O) paid(O) too(O) dearly(O) for(O) mixing(O) two(O) careers(O) ,(O) ""(O) Tapie(B-Person) said(O) .(O) ""(O)","Input: "" I have paid too dearly for mixing two careers , "" Tapie said . ""
Output: ""(O) I(O) have(O) paid(O) too(O) dearly(O) for(O) mixing(O) two(O) careers(O) ,(O) ""(O) Tapie(B-Person) said(O) .(O) ""(O)"
833,['SAN' 'DIEGO' '7' 'Montreal' '2'],"['B-Organization', 'I-Organization', 'O', 'B-Organization', 'O']",SAN DIEGO 7 Montreal 2,"['SAN(B-Organization)', 'DIEGO(I-Organization)', '7(O)', 'Montreal(B-Organization)', '2(O)']",SAN(B-Organization) DIEGO(I-Organization) 7(O) Montreal(B-Organization) 2(O),"Input: SAN DIEGO 7 Montreal 2
Output: SAN(B-Organization) DIEGO(I-Organization) 7(O) Montreal(B-Organization) 2(O)"
10460,['MONTREAL' '70' '60' '.538' '11'],"['B-Organization', 'O', 'O', 'O', 'O']",MONTREAL 70 60 .538 11,"['MONTREAL(B-Organization)', '70(O)', '60(O)', '.538(O)', '11(O)']",MONTREAL(B-Organization) 70(O) 60(O) .538(O) 11(O),"Input: MONTREAL 70 60 .538 11
Output: MONTREAL(B-Organization) 70(O) 60(O) .538(O) 11(O)"
1220,"['PPI' '(' 'pct' ')' 'June' '+0.7' 'm' '/' 'm;+21.5yr' '/' 'yr' '(' 'May'
 '+1.7;+22.0' ')']","['O', 'O', 'O', 'O', 'O', 'O', 'O', 'O', 'O', 'O', 'O', 'O', 'O', 'O', 'O']",PPI ( pct ) June +0.7 m / m;+21.5yr / yr ( May +1.7;+22.0 ),"['PPI(O)', '((O)', 'pct(O)', ')(O)', 'June(O)', '+0.7(O)', 'm(O)', '/(O)', 'm;+21.5yr(O)', '/(O)', 'yr(O)', '((O)', 'May(O)', '+1.7;+22.0(O)', ')(O)']",PPI(O) ((O) pct(O) )(O) June(O) +0.7(O) m(O) /(O) m;+21.5yr(O) /(O) yr(O) ((O) May(O) +1.7;+22.0(O) )(O),"Input: PPI ( pct ) June +0.7 m / m;+21.5yr / yr ( May +1.7;+22.0 )
Output: PPI(O) ((O) pct(O) )(O) June(O) +0.7(O) m(O) /(O) m;+21.5yr(O) /(O) yr(O) ((O) May(O) +1.7;+22.0(O) )(O)"
12409,['Final' 'Partizan' 'v' 'Olympiakos' '.'],"['O', 'B-Organization', 'O', 'B-Organization', 'O']",Final Partizan v Olympiakos .,"['Final(O)', 'Partizan(B-Organization)', 'v(O)', 'Olympiakos(B-Organization)', '.(O)']",Final(O) Partizan(B-Organization) v(O) Olympiakos(B-Organization) .(O),"Input: Final Partizan v Olympiakos .
Output: Final(O) Partizan(B-Organization) v(O) Olympiakos(B-Organization) .(O)"
12210,"['the' 'second' 'round' 'of' 'the' 'British' 'Masters' 'on' 'Thursday' '('
 'British']","['O', 'O', 'O', 'O', 'O', 'B-Miscellaneous', 'I-Miscellaneous', 'O', 'O', 'O', 'B-Miscellaneous']",the second round of the British Masters on Thursday ( British,"['the(O)', 'second(O)', 'round(O)', 'of(O)', 'the(O)', 'British(B-Miscellaneous)', 'Masters(I-Miscellaneous)', 'on(O)', 'Thursday(O)', '((O)', 'British(B-Miscellaneous)']",the(O) second(O) round(O) of(O) the(O) British(B-Miscellaneous) Masters(I-Miscellaneous) on(O) Thursday(O) ((O) British(B-Miscellaneous),"Input: the second round of the British Masters on Thursday ( British
Output: the(O) second(O) round(O) of(O) the(O) British(B-Miscellaneous) Masters(I-Miscellaneous) on(O) Thursday(O) ((O) British(B-Miscellaneous)"
13033,"['15' 'Year' 'A-rated' ""Gen'l"" 'Obligation' '5.40' '%' '5.35' '%' '+0.05']","['O', 'O', 'O', 'O', 'O', 'O', 'O', 'O', 'O', 'O']",15 Year A-rated Gen'l Obligation 5.40 % 5.35 % +0.05,"['15(O)', 'Year(O)', 'A-rated(O)', ""Gen'l(O)"", 'Obligation(O)', '5.40(O)', '%(O)', '5.35(O)', '%(O)', '+0.05(O)']",15(O) Year(O) A-rated(O) Gen'l(O) Obligation(O) 5.40(O) %(O) 5.35(O) %(O) +0.05(O),"Input: 15 Year A-rated Gen'l Obligation 5.40 % 5.35 % +0.05
Output: 15(O) Year(O) A-rated(O) Gen'l(O) Obligation(O) 5.40(O) %(O) 5.35(O) %(O) +0.05(O)"
7984,['MANAMA' '1996-08-26'],"['B-Location', 'O']",MANAMA 1996-08-26,"['MANAMA(B-Location)', '1996-08-26(O)']",MANAMA(B-Location) 1996-08-26(O),"Input: MANAMA 1996-08-26
Output: MANAMA(B-Location) 1996-08-26(O)"
784,['SEATTLE' 'AT' 'BALTIMORE'],"['B-Organization', 'O', 'B-Location']",SEATTLE AT BALTIMORE,"['SEATTLE(B-Organization)', 'AT(O)', 'BALTIMORE(B-Location)']",SEATTLE(B-Organization) AT(O) BALTIMORE(B-Location),"Input: SEATTLE AT BALTIMORE
Output: SEATTLE(B-Organization) AT(O) BALTIMORE(B-Location)"
6068,['-' 'Cabinet' 'puts' 'off' 'decision' 'on' 'foreign' 'workers' '.'],"['O', 'O', 'O', 'O', 'O', 'O', 'O', 'O', 'O']",- Cabinet puts off decision on foreign workers .,"['-(O)', 'Cabinet(O)', 'puts(O)', 'off(O)', 'decision(O)', 'on(O)', 'foreign(O)', 'workers(O)', '.(O)']",-(O) Cabinet(O) puts(O) off(O) decision(O) on(O) foreign(O) workers(O) .(O),"Input: - Cabinet puts off decision on foreign workers .
Output: -(O) Cabinet(O) puts(O) off(O) decision(O) on(O) foreign(O) workers(O) .(O)"
6603,"['Winners' 'progress' 'to' 'qualifying' 'groups' 'to' 'start' 'in'
 'October' '.']","['O', 'O', 'O', 'O', 'O', 'O', 'O', 'O', 'O', 'O']",Winners progress to qualifying groups to start in October .,"['Winners(O)', 'progress(O)', 'to(O)', 'qualifying(O)', 'groups(O)', 'to(O)', 'start(O)', 'in(O)', 'October(O)', '.(O)']",Winners(O) progress(O) to(O) qualifying(O) groups(O) to(O) start(O) in(O) October(O) .(O),"Input: Winners progress to qualifying groups to start in October .
Output: Winners(O) progress(O) to(O) qualifying(O) groups(O) to(O) start(O) in(O) October(O) .(O)"
1106,"['Tennis' '-' 'Philippoussis' 'looms' 'for' 'Sampras' 'in' 'U.S.' 'Open'
 '.']","['O', 'O', 'B-Person', 'O', 'O', 'B-Person', 'O', 'B-Miscellaneous', 'I-Miscellaneous', 'O']",Tennis - Philippoussis looms for Sampras in U.S. Open .,"['Tennis(O)', '-(O)', 'Philippoussis(B-Person)', 'looms(O)', 'for(O)', 'Sampras(B-Person)', 'in(O)', 'U.S.(B-Miscellaneous)', 'Open(I-Miscellaneous)', '.(O)']",Tennis(O) -(O) Philippoussis(B-Person) looms(O) for(O) Sampras(B-Person) in(O) U.S.(B-Miscellaneous) Open(I-Miscellaneous) .(O),"Input: Tennis - Philippoussis looms for Sampras in U.S. Open .
Output: Tennis(O) -(O) Philippoussis(B-Person) looms(O) for(O) Sampras(B-Person) in(O) U.S.(B-Miscellaneous) Open(I-Miscellaneous) .(O)"
473,['LONDON' '1996-08-22'],"['B-Location', 'O']",LONDON 1996-08-22,"['LONDON(B-Location)', '1996-08-22(O)']",LONDON(B-Location) 1996-08-22(O),"Input: LONDON 1996-08-22
Output: LONDON(B-Location) 1996-08-22(O)"
10853,['Sri' 'Lanka'],"['B-Location', 'I-Location']",Sri Lanka,"['Sri(B-Location)', 'Lanka(I-Location)']",Sri(B-Location) Lanka(I-Location),"Input: Sri Lanka
Output: Sri(B-Location) Lanka(I-Location)"
12715,"['Bucharest' 'and' 'Budapest' 'say' 'the' 'treaty' 'should' 'be' 'signed'
 'in' 'the' 'first' 'half' 'of' 'September' '.']","['B-Location', 'O', 'B-Location', 'O', 'O', 'O', 'O', 'O', 'O', 'O', 'O', 'O', 'O', 'O', 'O', 'O']",Bucharest and Budapest say the treaty should be signed in the first half of September .,"['Bucharest(B-Location)', 'and(O)', 'Budapest(B-Location)', 'say(O)', 'the(O)', 'treaty(O)', 'should(O)', 'be(O)', 'signed(O)', 'in(O)', 'the(O)', 'first(O)', 'half(O)', 'of(O)', 'September(O)', '.(O)']",Bucharest(B-Location) and(O) Budapest(B-Location) say(O) the(O) treaty(O) should(O) be(O) signed(O) in(O) the(O) first(O) half(O) of(O) September(O) .(O),"Input: Bucharest and Budapest say the treaty should be signed in the first half of September .
Output: Bucharest(B-Location) and(O) Budapest(B-Location) say(O) the(O) treaty(O) should(O) be(O) signed(O) in(O) the(O) first(O) half(O) of(O) September(O) .(O)"
9503,"['Nepali' 'opposition' 'parties' 'have' 'accused' 'the' 'police' 'of'
 'having' 'killed' 'more' 'people' 'than' 'the' 'insurgents' '.']","['B-Miscellaneous', 'O', 'O', 'O', 'O', 'O', 'O', 'O', 'O', 'O', 'O', 'O', 'O', 'O', 'O', 'O']",Nepali opposition parties have accused the police of having killed more people than the insurgents .,"['Nepali(B-Miscellaneous)', 'opposition(O)', 'parties(O)', 'have(O)', 'accused(O)', 'the(O)', 'police(O)', 'of(O)', 'having(O)', 'killed(O)', 'more(O)', 'people(O)', 'than(O)', 'the(O)', 'insurgents(O)', '.(O)']",Nepali(B-Miscellaneous) opposition(O) parties(O) have(O) accused(O) the(O) police(O) of(O) having(O) killed(O) more(O) people(O) than(O) the(O) insurgents(O) .(O),"Input: Nepali opposition parties have accused the police of having killed more people than the insurgents .
Output: Nepali(B-Miscellaneous) opposition(O) parties(O) have(O) accused(O) the(O) police(O) of(O) having(O) killed(O) more(O) people(O) than(O) the(O) insurgents(O) .(O)"
2352,['7.' 'Annette' 'Peters' '(' 'U.S.' ')' '15:07.85'],"['O', 'B-Person', 'I-Person', 'O', 'B-Location', 'O', 'O']",7. Annette Peters ( U.S. ) 15:07.85,"['7.(O)', 'Annette(B-Person)', 'Peters(I-Person)', '((O)', 'U.S.(B-Location)', ')(O)', '15:07.85(O)']",7.(O) Annette(B-Person) Peters(I-Person) ((O) U.S.(B-Location) )(O) 15:07.85(O),"Input: 7. Annette Peters ( U.S. ) 15:07.85
Output: 7.(O) Annette(B-Person) Peters(I-Person) ((O) U.S.(B-Location) )(O) 15:07.85(O)"
4754,"['Germany' ',' 'driving' 'a' 'Ferrari' ',' 'won' 'the' 'Belgian' 'Grand'
 'Prix' 'motor']","['B-Location', 'O', 'O', 'O', 'B-Organization', 'O', 'O', 'O', 'B-Miscellaneous', 'I-Miscellaneous', 'I-Miscellaneous', 'O']","Germany , driving a Ferrari , won the Belgian Grand Prix motor","['Germany(B-Location)', ',(O)', 'driving(O)', 'a(O)', 'Ferrari(B-Organization)', ',(O)', 'won(O)', 'the(O)', 'Belgian(B-Miscellaneous)', 'Grand(I-Miscellaneous)', 'Prix(I-Miscellaneous)', 'motor(O)']","Germany(B-Location) ,(O) driving(O) a(O) Ferrari(B-Organization) ,(O) won(O) the(O) Belgian(B-Miscellaneous) Grand(I-Miscellaneous) Prix(I-Miscellaneous) motor(O)","Input: Germany , driving a Ferrari , won the Belgian Grand Prix motor
Output: Germany(B-Location) ,(O) driving(O) a(O) Ferrari(B-Organization) ,(O) won(O) the(O) Belgian(B-Miscellaneous) Grand(I-Miscellaneous) Prix(I-Miscellaneous) motor(O)"
10377,"['When' 'controversy' 'forced' 'the' 'draw' 'to' 'be' 'done' 'over' '--'
 'against' 'odds' 'of' '151-to-1' '--' 'Medvedev' 'and' 'Fleurian' 'drew'
 'each' 'other' 'a' 'second' 'time' '.']","['O', 'O', 'O', 'O', 'O', 'O', 'O', 'O', 'O', 'O', 'O', 'O', 'O', 'O', 'O', 'B-Person', 'O', 'B-Person', 'O', 'O', 'O', 'O', 'O', 'O', 'O']",When controversy forced the draw to be done over -- against odds of 151-to-1 -- Medvedev and Fleurian drew each other a second time .,"['When(O)', 'controversy(O)', 'forced(O)', 'the(O)', 'draw(O)', 'to(O)', 'be(O)', 'done(O)', 'over(O)', '--(O)', 'against(O)', 'odds(O)', 'of(O)', '151-to-1(O)', '--(O)', 'Medvedev(B-Person)', 'and(O)', 'Fleurian(B-Person)', 'drew(O)', 'each(O)', 'other(O)', 'a(O)', 'second(O)', 'time(O)', '.(O)']",When(O) controversy(O) forced(O) the(O) draw(O) to(O) be(O) done(O) over(O) --(O) against(O) odds(O) of(O) 151-to-1(O) --(O) Medvedev(B-Person) and(O) Fleurian(B-Person) drew(O) each(O) other(O) a(O) second(O) time(O) .(O),"Input: When controversy forced the draw to be done over -- against odds of 151-to-1 -- Medvedev and Fleurian drew each other a second time .
Output: When(O) controversy(O) forced(O) the(O) draw(O) to(O) be(O) done(O) over(O) --(O) against(O) odds(O) of(O) 151-to-1(O) --(O) Medvedev(B-Person) and(O) Fleurian(B-Person) drew(O) each(O) other(O) a(O) second(O) time(O) .(O)"
12086,"['The' 'paper' 'said' 'that' 'using' 'administrative' 'power' 'to' 'limit'
 'economic' 'activities' 'across' 'the' 'Taiwan' 'strait' 'would' 'not'
 'work' '.']","['O', 'O', 'O', 'O', 'O', 'O', 'O', 'O', 'O', 'O', 'O', 'O', 'O', 'B-Location', 'O', 'O', 'O', 'O', 'O']",The paper said that using administrative power to limit economic activities across the Taiwan strait would not work .,"['The(O)', 'paper(O)', 'said(O)', 'that(O)', 'using(O)', 'administrative(O)', 'power(O)', 'to(O)', 'limit(O)', 'economic(O)', 'activities(O)', 'across(O)', 'the(O)', 'Taiwan(B-Location)', 'strait(O)', 'would(O)', 'not(O)', 'work(O)', '.(O)']",The(O) paper(O) said(O) that(O) using(O) administrative(O) power(O) to(O) limit(O) economic(O) activities(O) across(O) the(O) Taiwan(B-Location) strait(O) would(O) not(O) work(O) .(O),"Input: The paper said that using administrative power to limit economic activities across the Taiwan strait would not work .
Output: The(O) paper(O) said(O) that(O) using(O) administrative(O) power(O) to(O) limit(O) economic(O) activities(O) across(O) the(O) Taiwan(B-Location) strait(O) would(O) not(O) work(O) .(O)"
5391,['PITTSBURGH' 'AT' 'COLORADO'],"['B-Organization', 'O', 'B-Location']",PITTSBURGH AT COLORADO,"['PITTSBURGH(B-Organization)', 'AT(O)', 'COLORADO(B-Location)']",PITTSBURGH(B-Organization) AT(O) COLORADO(B-Location),"Input: PITTSBURGH AT COLORADO
Output: PITTSBURGH(B-Organization) AT(O) COLORADO(B-Location)"
8611,['COLORADO' '9' 'Cincinnati' '5'],"['B-Organization', 'O', 'B-Organization', 'O']",COLORADO 9 Cincinnati 5,"['COLORADO(B-Organization)', '9(O)', 'Cincinnati(B-Organization)', '5(O)']",COLORADO(B-Organization) 9(O) Cincinnati(B-Organization) 5(O),"Input: COLORADO 9 Cincinnati 5
Output: COLORADO(B-Organization) 9(O) Cincinnati(B-Organization) 5(O)"
2889,"['Revenue' 'freight-tonne' 'kilometres' '(' 'million' ')' '1,600' 'up' '7'
 'pct']","['O', 'O', 'O', 'O', 'O', 'O', 'O', 'O', 'O', 'O']","Revenue freight-tonne kilometres ( million ) 1,600 up 7 pct","['Revenue(O)', 'freight-tonne(O)', 'kilometres(O)', '((O)', 'million(O)', ')(O)', '1,600(O)', 'up(O)', '7(O)', 'pct(O)']","Revenue(O) freight-tonne(O) kilometres(O) ((O) million(O) )(O) 1,600(O) up(O) 7(O) pct(O)","Input: Revenue freight-tonne kilometres ( million ) 1,600 up 7 pct
Output: Revenue(O) freight-tonne(O) kilometres(O) ((O) million(O) )(O) 1,600(O) up(O) 7(O) pct(O)"
5067,['Semifinals'],['O'],Semifinals,['Semifinals(O)'],Semifinals(O),"Input: Semifinals
Output: Semifinals(O)"
10037,['Leading' 'placings' 'in'],"['O', 'O', 'O']",Leading placings in,"['Leading(O)', 'placings(O)', 'in(O)']",Leading(O) placings(O) in(O),"Input: Leading placings in
Output: Leading(O) placings(O) in(O)"
959,['13.' 'Scotland' '8.29'],"['O', 'B-Location', 'O']",13. Scotland 8.29,"['13.(O)', 'Scotland(B-Location)', '8.29(O)']",13.(O) Scotland(B-Location) 8.29(O),"Input: 13. Scotland 8.29
Output: 13.(O) Scotland(B-Location) 8.29(O)"
13851,['Def' '.'],"['O', 'O']",Def .,"['Def(O)', '.(O)']",Def(O) .(O),"Input: Def .
Output: Def(O) .(O)"
12726,['Rugby' 'star' 'once' 'linked' 'to' 'Princess' 'Diana' 'divorces' '.'],"['O', 'O', 'O', 'O', 'O', 'O', 'B-Person', 'O', 'O']",Rugby star once linked to Princess Diana divorces .,"['Rugby(O)', 'star(O)', 'once(O)', 'linked(O)', 'to(O)', 'Princess(O)', 'Diana(B-Person)', 'divorces(O)', '.(O)']",Rugby(O) star(O) once(O) linked(O) to(O) Princess(O) Diana(B-Person) divorces(O) .(O),"Input: Rugby star once linked to Princess Diana divorces .
Output: Rugby(O) star(O) once(O) linked(O) to(O) Princess(O) Diana(B-Person) divorces(O) .(O)"
3334,"['The' 'French' 'group' 'entered' 'the' 'German' 'market' 'in' '1990' ','
 'buying']","['O', 'B-Miscellaneous', 'O', 'O', 'O', 'B-Miscellaneous', 'O', 'O', 'O', 'O', 'O']","The French group entered the German market in 1990 , buying","['The(O)', 'French(B-Miscellaneous)', 'group(O)', 'entered(O)', 'the(O)', 'German(B-Miscellaneous)', 'market(O)', 'in(O)', '1990(O)', ',(O)', 'buying(O)']","The(O) French(B-Miscellaneous) group(O) entered(O) the(O) German(B-Miscellaneous) market(O) in(O) 1990(O) ,(O) buying(O)","Input: The French group entered the German market in 1990 , buying
Output: The(O) French(B-Miscellaneous) group(O) entered(O) the(O) German(B-Miscellaneous) market(O) in(O) 1990(O) ,(O) buying(O)"
10385,"['Irina' 'Spirlea' '(' 'Romania' ')' 'beat' 'Maria' 'Jose' 'Gaidano' '('
 'Argentina' ')' '6-1' '6-2']","['B-Person', 'I-Person', 'O', 'B-Location', 'O', 'O', 'B-Person', 'I-Person', 'I-Person', 'O', 'B-Location', 'O', 'O', 'O']",Irina Spirlea ( Romania ) beat Maria Jose Gaidano ( Argentina ) 6-1 6-2,"['Irina(B-Person)', 'Spirlea(I-Person)', '((O)', 'Romania(B-Location)', ')(O)', 'beat(O)', 'Maria(B-Person)', 'Jose(I-Person)', 'Gaidano(I-Person)', '((O)', 'Argentina(B-Location)', ')(O)', '6-1(O)', '6-2(O)']",Irina(B-Person) Spirlea(I-Person) ((O) Romania(B-Location) )(O) beat(O) Maria(B-Person) Jose(I-Person) Gaidano(I-Person) ((O) Argentina(B-Location) )(O) 6-1(O) 6-2(O),"Input: Irina Spirlea ( Romania ) beat Maria Jose Gaidano ( Argentina ) 6-1 6-2
Output: Irina(B-Person) Spirlea(I-Person) ((O) Romania(B-Location) )(O) beat(O) Maria(B-Person) Jose(I-Person) Gaidano(I-Person) ((O) Argentina(B-Location) )(O) 6-1(O) 6-2(O)"
8435,"['Ann' 'Grossman' '(' 'U.S.' ')' 'beat' 'Silvia' 'Farina' '(' 'Italy' ')'
 '6-4' '6-3']","['B-Person', 'I-Person', 'O', 'B-Location', 'O', 'O', 'B-Person', 'I-Person', 'O', 'B-Location', 'O', 'O', 'O']",Ann Grossman ( U.S. ) beat Silvia Farina ( Italy ) 6-4 6-3,"['Ann(B-Person)', 'Grossman(I-Person)', '((O)', 'U.S.(B-Location)', ')(O)', 'beat(O)', 'Silvia(B-Person)', 'Farina(I-Person)', '((O)', 'Italy(B-Location)', ')(O)', '6-4(O)', '6-3(O)']",Ann(B-Person) Grossman(I-Person) ((O) U.S.(B-Location) )(O) beat(O) Silvia(B-Person) Farina(I-Person) ((O) Italy(B-Location) )(O) 6-4(O) 6-3(O),"Input: Ann Grossman ( U.S. ) beat Silvia Farina ( Italy ) 6-4 6-3
Output: Ann(B-Person) Grossman(I-Person) ((O) U.S.(B-Location) )(O) beat(O) Silvia(B-Person) Farina(I-Person) ((O) Italy(B-Location) )(O) 6-4(O) 6-3(O)"
6731,['FK' 'Jablonec' '3' '2' '0' '1' '5' '2' '6'],"['B-Organization', 'I-Organization', 'O', 'O', 'O', 'O', 'O', 'O', 'O']",FK Jablonec 3 2 0 1 5 2 6,"['FK(B-Organization)', 'Jablonec(I-Organization)', '3(O)', '2(O)', '0(O)', '1(O)', '5(O)', '2(O)', '6(O)']",FK(B-Organization) Jablonec(I-Organization) 3(O) 2(O) 0(O) 1(O) 5(O) 2(O) 6(O),"Input: FK Jablonec 3 2 0 1 5 2 6
Output: FK(B-Organization) Jablonec(I-Organization) 3(O) 2(O) 0(O) 1(O) 5(O) 2(O) 6(O)"
5977,"['There' 'have' 'only' 'been' 'a' 'few' 'skirmishes' 'in' 'Guerrero' 'in'
 'which' 'a' 'handful' 'of' 'police' ',' 'soldiers' 'and' 'civilians'
 'have' 'been' 'killed' 'or' 'injured' '.']","['O', 'O', 'O', 'O', 'O', 'O', 'O', 'O', 'B-Location', 'O', 'O', 'O', 'O', 'O', 'O', 'O', 'O', 'O', 'O', 'O', 'O', 'O', 'O', 'O', 'O']","There have only been a few skirmishes in Guerrero in which a handful of police , soldiers and civilians have been killed or injured .","['There(O)', 'have(O)', 'only(O)', 'been(O)', 'a(O)', 'few(O)', 'skirmishes(O)', 'in(O)', 'Guerrero(B-Location)', 'in(O)', 'which(O)', 'a(O)', 'handful(O)', 'of(O)', 'police(O)', ',(O)', 'soldiers(O)', 'and(O)', 'civilians(O)', 'have(O)', 'been(O)', 'killed(O)', 'or(O)', 'injured(O)', '.(O)']","There(O) have(O) only(O) been(O) a(O) few(O) skirmishes(O) in(O) Guerrero(B-Location) in(O) which(O) a(O) handful(O) of(O) police(O) ,(O) soldiers(O) and(O) civilians(O) have(O) been(O) killed(O) or(O) injured(O) .(O)","Input: There have only been a few skirmishes in Guerrero in which a handful of police , soldiers and civilians have been killed or injured .
Output: There(O) have(O) only(O) been(O) a(O) few(O) skirmishes(O) in(O) Guerrero(B-Location) in(O) which(O) a(O) handful(O) of(O) police(O) ,(O) soldiers(O) and(O) civilians(O) have(O) been(O) killed(O) or(O) injured(O) .(O)"
12673,['Willem' 'II' 'Tilburg' '3' '0' '1' '2' '1' '4' '1'],"['B-Organization', 'I-Organization', 'I-Organization', 'O', 'O', 'O', 'O', 'O', 'O', 'O']",Willem II Tilburg 3 0 1 2 1 4 1,"['Willem(B-Organization)', 'II(I-Organization)', 'Tilburg(I-Organization)', '3(O)', '0(O)', '1(O)', '2(O)', '1(O)', '4(O)', '1(O)']",Willem(B-Organization) II(I-Organization) Tilburg(I-Organization) 3(O) 0(O) 1(O) 2(O) 1(O) 4(O) 1(O),"Input: Willem II Tilburg 3 0 1 2 1 4 1
Output: Willem(B-Organization) II(I-Organization) Tilburg(I-Organization) 3(O) 0(O) 1(O) 2(O) 1(O) 4(O) 1(O)"
13128,['CHICAGO' '1996-08-29'],"['B-Location', 'O']",CHICAGO 1996-08-29,"['CHICAGO(B-Location)', '1996-08-29(O)']",CHICAGO(B-Location) 1996-08-29(O),"Input: CHICAGO 1996-08-29
Output: CHICAGO(B-Location) 1996-08-29(O)"
8561,['LOS' 'ANGELES' 'AT' 'MONTREAL'],"['B-Organization', 'I-Organization', 'O', 'B-Location']",LOS ANGELES AT MONTREAL,"['LOS(B-Organization)', 'ANGELES(I-Organization)', 'AT(O)', 'MONTREAL(B-Location)']",LOS(B-Organization) ANGELES(I-Organization) AT(O) MONTREAL(B-Location),"Input: LOS ANGELES AT MONTREAL
Output: LOS(B-Organization) ANGELES(I-Organization) AT(O) MONTREAL(B-Location)"
11864,"['Eva' 'Tremila' 'said' 'other' 'even' 'more' 'explicit' 'photos' 'were'
 'taken' 'but' 'it' 'did' 'not' 'print' 'them' '.']","['B-Organization', 'I-Organization', 'O', 'O', 'O', 'O', 'O', 'O', 'O', 'O', 'O', 'O', 'O', 'O', 'O', 'O', 'O']",Eva Tremila said other even more explicit photos were taken but it did not print them .,"['Eva(B-Organization)', 'Tremila(I-Organization)', 'said(O)', 'other(O)', 'even(O)', 'more(O)', 'explicit(O)', 'photos(O)', 'were(O)', 'taken(O)', 'but(O)', 'it(O)', 'did(O)', 'not(O)', 'print(O)', 'them(O)', '.(O)']",Eva(B-Organization) Tremila(I-Organization) said(O) other(O) even(O) more(O) explicit(O) photos(O) were(O) taken(O) but(O) it(O) did(O) not(O) print(O) them(O) .(O),"Input: Eva Tremila said other even more explicit photos were taken but it did not print them .
Output: Eva(B-Organization) Tremila(I-Organization) said(O) other(O) even(O) more(O) explicit(O) photos(O) were(O) taken(O) but(O) it(O) did(O) not(O) print(O) them(O) .(O)"
12454,['Ssangbangwool' '59' '2' '48' '.500' '5'],"['B-Organization', 'O', 'O', 'O', 'O', 'O']",Ssangbangwool 59 2 48 .500 5,"['Ssangbangwool(B-Organization)', '59(O)', '2(O)', '48(O)', '.500(O)', '5(O)']",Ssangbangwool(B-Organization) 59(O) 2(O) 48(O) .500(O) 5(O),"Input: Ssangbangwool 59 2 48 .500 5
Output: Ssangbangwool(B-Organization) 59(O) 2(O) 48(O) .500(O) 5(O)"
2640,"['The' 'United' 'States' 'also' 'will' 'be' 'able' 'to' 'designate' 'one'
 'new' 'all-cargo' 'carrier' 'for' 'service' 'between' 'the' 'two'
 'nations' 'after' 'two' 'years' '.']","['O', 'B-Location', 'I-Location', 'O', 'O', 'O', 'O', 'O', 'O', 'O', 'O', 'O', 'O', 'O', 'O', 'O', 'O', 'O', 'O', 'O', 'O', 'O', 'O']",The United States also will be able to designate one new all-cargo carrier for service between the two nations after two years .,"['The(O)', 'United(B-Location)', 'States(I-Location)', 'also(O)', 'will(O)', 'be(O)', 'able(O)', 'to(O)', 'designate(O)', 'one(O)', 'new(O)', 'all-cargo(O)', 'carrier(O)', 'for(O)', 'service(O)', 'between(O)', 'the(O)', 'two(O)', 'nations(O)', 'after(O)', 'two(O)', 'years(O)', '.(O)']",The(O) United(B-Location) States(I-Location) also(O) will(O) be(O) able(O) to(O) designate(O) one(O) new(O) all-cargo(O) carrier(O) for(O) service(O) between(O) the(O) two(O) nations(O) after(O) two(O) years(O) .(O),"Input: The United States also will be able to designate one new all-cargo carrier for service between the two nations after two years .
Output: The(O) United(B-Location) States(I-Location) also(O) will(O) be(O) able(O) to(O) designate(O) one(O) new(O) all-cargo(O) carrier(O) for(O) service(O) between(O) the(O) two(O) nations(O) after(O) two(O) years(O) .(O)"
3854,['NATIONAL' 'LEAGUE'],"['B-Miscellaneous', 'I-Miscellaneous']",NATIONAL LEAGUE,"['NATIONAL(B-Miscellaneous)', 'LEAGUE(I-Miscellaneous)']",NATIONAL(B-Miscellaneous) LEAGUE(I-Miscellaneous),"Input: NATIONAL LEAGUE
Output: NATIONAL(B-Miscellaneous) LEAGUE(I-Miscellaneous)"
6807,['Playing' 'Monday' ':' 'Deportivo' 'Espanol' 'v' 'Colon'],"['O', 'O', 'O', 'B-Organization', 'I-Organization', 'O', 'B-Organization']",Playing Monday : Deportivo Espanol v Colon,"['Playing(O)', 'Monday(O)', ':(O)', 'Deportivo(B-Organization)', 'Espanol(I-Organization)', 'v(O)', 'Colon(B-Organization)']",Playing(O) Monday(O) :(O) Deportivo(B-Organization) Espanol(I-Organization) v(O) Colon(B-Organization),"Input: Playing Monday : Deportivo Espanol v Colon
Output: Playing(O) Monday(O) :(O) Deportivo(B-Organization) Espanol(I-Organization) v(O) Colon(B-Organization)"
12452,['W' 'D' 'L' 'PCT' 'GB'],"['O', 'O', 'O', 'O', 'O']",W D L PCT GB,"['W(O)', 'D(O)', 'L(O)', 'PCT(O)', 'GB(O)']",W(O) D(O) L(O) PCT(O) GB(O),"Input: W D L PCT GB
Output: W(O) D(O) L(O) PCT(O) GB(O)"
5436,['BASEBALL' '-' 'MAJOR' 'LEAGUE' 'RESULTS' 'SATURDAY' '.'],"['O', 'O', 'B-Miscellaneous', 'I-Miscellaneous', 'O', 'O', 'O']",BASEBALL - MAJOR LEAGUE RESULTS SATURDAY .,"['BASEBALL(O)', '-(O)', 'MAJOR(B-Miscellaneous)', 'LEAGUE(I-Miscellaneous)', 'RESULTS(O)', 'SATURDAY(O)', '.(O)']",BASEBALL(O) -(O) MAJOR(B-Miscellaneous) LEAGUE(I-Miscellaneous) RESULTS(O) SATURDAY(O) .(O),"Input: BASEBALL - MAJOR LEAGUE RESULTS SATURDAY .
Output: BASEBALL(O) -(O) MAJOR(B-Miscellaneous) LEAGUE(I-Miscellaneous) RESULTS(O) SATURDAY(O) .(O)"
2250,"['ATHLETICS' '-' 'WOMEN' ""'S"" '1,000' 'METRES' 'WORLD' 'RECORD'
 'EVOLUTION' '.']","['O', 'O', 'O', 'O', 'O', 'O', 'O', 'O', 'O', 'O']","ATHLETICS - WOMEN 'S 1,000 METRES WORLD RECORD EVOLUTION .","['ATHLETICS(O)', '-(O)', 'WOMEN(O)', ""'S(O)"", '1,000(O)', 'METRES(O)', 'WORLD(O)', 'RECORD(O)', 'EVOLUTION(O)', '.(O)']","ATHLETICS(O) -(O) WOMEN(O) 'S(O) 1,000(O) METRES(O) WORLD(O) RECORD(O) EVOLUTION(O) .(O)","Input: ATHLETICS - WOMEN 'S 1,000 METRES WORLD RECORD EVOLUTION .
Output: ATHLETICS(O) -(O) WOMEN(O) 'S(O) 1,000(O) METRES(O) WORLD(O) RECORD(O) EVOLUTION(O) .(O)"
2031,['6-3'],['O'],6-3,['6-3(O)'],6-3(O),"Input: 6-3
Output: 6-3(O)"
6851,['Criciuma' '5' '1' '2' '2' '7' '8' '5'],"['B-Organization', 'O', 'O', 'O', 'O', 'O', 'O', 'O']",Criciuma 5 1 2 2 7 8 5,"['Criciuma(B-Organization)', '5(O)', '1(O)', '2(O)', '2(O)', '7(O)', '8(O)', '5(O)']",Criciuma(B-Organization) 5(O) 1(O) 2(O) 2(O) 7(O) 8(O) 5(O),"Input: Criciuma 5 1 2 2 7 8 5
Output: Criciuma(B-Organization) 5(O) 1(O) 2(O) 2(O) 7(O) 8(O) 5(O)"
8634,"['Chang' 'blamed' 'breezy' 'conditions' 'for' 'some' 'of' 'the' 'erratic'
 'play' 'in' 'his' 'match' 'with' 'Oncins' ',' 'who' 'had' 'beaten' 'him'
 'in' 'the' 'round' 'of' '32' 'at' 'the' '1992' 'Barcelona' 'Olympics' '.']","['B-Person', 'O', 'O', 'O', 'O', 'O', 'O', 'O', 'O', 'O', 'O', 'O', 'O', 'O', 'B-Person', 'O', 'O', 'O', 'O', 'O', 'O', 'O', 'O', 'O', 'O', 'O', 'O', 'O', 'B-Location', 'B-Miscellaneous', 'O']","Chang blamed breezy conditions for some of the erratic play in his match with Oncins , who had beaten him in the round of 32 at the 1992 Barcelona Olympics .","['Chang(B-Person)', 'blamed(O)', 'breezy(O)', 'conditions(O)', 'for(O)', 'some(O)', 'of(O)', 'the(O)', 'erratic(O)', 'play(O)', 'in(O)', 'his(O)', 'match(O)', 'with(O)', 'Oncins(B-Person)', ',(O)', 'who(O)', 'had(O)', 'beaten(O)', 'him(O)', 'in(O)', 'the(O)', 'round(O)', 'of(O)', '32(O)', 'at(O)', 'the(O)', '1992(O)', 'Barcelona(B-Location)', 'Olympics(B-Miscellaneous)', '.(O)']","Chang(B-Person) blamed(O) breezy(O) conditions(O) for(O) some(O) of(O) the(O) erratic(O) play(O) in(O) his(O) match(O) with(O) Oncins(B-Person) ,(O) who(O) had(O) beaten(O) him(O) in(O) the(O) round(O) of(O) 32(O) at(O) the(O) 1992(O) Barcelona(B-Location) Olympics(B-Miscellaneous) .(O)","Input: Chang blamed breezy conditions for some of the erratic play in his match with Oncins , who had beaten him in the round of 32 at the 1992 Barcelona Olympics .
Output: Chang(B-Person) blamed(O) breezy(O) conditions(O) for(O) some(O) of(O) the(O) erratic(O) play(O) in(O) his(O) match(O) with(O) Oncins(B-Person) ,(O) who(O) had(O) beaten(O) him(O) in(O) the(O) round(O) of(O) 32(O) at(O) the(O) 1992(O) Barcelona(B-Location) Olympics(B-Miscellaneous) .(O)"
6924,"['U.S.' 'Open' 'officials' 'managed' 'to' 'insult' 'most' 'of' 'the'
 'male' 'tennis' 'players' 'last' 'week' 'with' 'their' 'controversial'
 'handling' 'of' 'the' 'seeding' 'and' 'draw' '.']","['B-Miscellaneous', 'I-Miscellaneous', 'O', 'O', 'O', 'O', 'O', 'O', 'O', 'O', 'O', 'O', 'O', 'O', 'O', 'O', 'O', 'O', 'O', 'O', 'O', 'O', 'O', 'O']",U.S. Open officials managed to insult most of the male tennis players last week with their controversial handling of the seeding and draw .,"['U.S.(B-Miscellaneous)', 'Open(I-Miscellaneous)', 'officials(O)', 'managed(O)', 'to(O)', 'insult(O)', 'most(O)', 'of(O)', 'the(O)', 'male(O)', 'tennis(O)', 'players(O)', 'last(O)', 'week(O)', 'with(O)', 'their(O)', 'controversial(O)', 'handling(O)', 'of(O)', 'the(O)', 'seeding(O)', 'and(O)', 'draw(O)', '.(O)']",U.S.(B-Miscellaneous) Open(I-Miscellaneous) officials(O) managed(O) to(O) insult(O) most(O) of(O) the(O) male(O) tennis(O) players(O) last(O) week(O) with(O) their(O) controversial(O) handling(O) of(O) the(O) seeding(O) and(O) draw(O) .(O),"Input: U.S. Open officials managed to insult most of the male tennis players last week with their controversial handling of the seeding and draw .
Output: U.S.(B-Miscellaneous) Open(I-Miscellaneous) officials(O) managed(O) to(O) insult(O) most(O) of(O) the(O) male(O) tennis(O) players(O) last(O) week(O) with(O) their(O) controversial(O) handling(O) of(O) the(O) seeding(O) and(O) draw(O) .(O)"
817,"['Baseball' 'games' 'played' 'on' 'Wednesday' '(' 'home' 'team' 'in'
 'CAPS' ')' ':']","['O', 'O', 'O', 'O', 'O', 'O', 'O', 'O', 'O', 'O', 'O', 'O']",Baseball games played on Wednesday ( home team in CAPS ) :,"['Baseball(O)', 'games(O)', 'played(O)', 'on(O)', 'Wednesday(O)', '((O)', 'home(O)', 'team(O)', 'in(O)', 'CAPS(O)', ')(O)', ':(O)']",Baseball(O) games(O) played(O) on(O) Wednesday(O) ((O) home(O) team(O) in(O) CAPS(O) )(O) :(O),"Input: Baseball games played on Wednesday ( home team in CAPS ) :
Output: Baseball(O) games(O) played(O) on(O) Wednesday(O) ((O) home(O) team(O) in(O) CAPS(O) )(O) :(O)"
5520,['Stromsgodset' '20' '7' '4' '9' '27' '40' '25'],"['B-Organization', 'O', 'O', 'O', 'O', 'O', 'O', 'O']",Stromsgodset 20 7 4 9 27 40 25,"['Stromsgodset(B-Organization)', '20(O)', '7(O)', '4(O)', '9(O)', '27(O)', '40(O)', '25(O)']",Stromsgodset(B-Organization) 20(O) 7(O) 4(O) 9(O) 27(O) 40(O) 25(O),"Input: Stromsgodset 20 7 4 9 27 40 25
Output: Stromsgodset(B-Organization) 20(O) 7(O) 4(O) 9(O) 27(O) 40(O) 25(O)"
5961,"['But' 'in' 'the' 'capital' 'Grozny' ',' 'the' 'commander' 'of' 'Russian'
 'Interior' 'Ministry' 'forces' 'in' 'Chechnya' ',' 'General' 'Anatoly'
 'Shkirko' ',' 'told' 'Interfax' 'news' 'agency' 'he' 'was' 'delaying' 'a'
 'pullout' 'of' 'troops' 'there' 'after' 'a' 'group' 'of' 'Chechens'
 'disarmed' 'an' 'armoured' 'column' '.']","['O', 'O', 'O', 'O', 'B-Location', 'O', 'O', 'O', 'O', 'B-Miscellaneous', 'O', 'O', 'O', 'O', 'B-Location', 'O', 'O', 'B-Person', 'I-Person', 'O', 'O', 'B-Organization', 'O', 'O', 'O', 'O', 'O', 'O', 'O', 'O', 'O', 'O', 'O', 'O', 'O', 'O', 'B-Miscellaneous', 'O', 'O', 'O', 'O', 'O']","But in the capital Grozny , the commander of Russian Interior Ministry forces in Chechnya , General Anatoly Shkirko , told Interfax news agency he was delaying a pullout of troops there after a group of Chechens disarmed an armoured column .","['But(O)', 'in(O)', 'the(O)', 'capital(O)', 'Grozny(B-Location)', ',(O)', 'the(O)', 'commander(O)', 'of(O)', 'Russian(B-Miscellaneous)', 'Interior(O)', 'Ministry(O)', 'forces(O)', 'in(O)', 'Chechnya(B-Location)', ',(O)', 'General(O)', 'Anatoly(B-Person)', 'Shkirko(I-Person)', ',(O)', 'told(O)', 'Interfax(B-Organization)', 'news(O)', 'agency(O)', 'he(O)', 'was(O)', 'delaying(O)', 'a(O)', 'pullout(O)', 'of(O)', 'troops(O)', 'there(O)', 'after(O)', 'a(O)', 'group(O)', 'of(O)', 'Chechens(B-Miscellaneous)', 'disarmed(O)', 'an(O)', 'armoured(O)', 'column(O)', '.(O)']","But(O) in(O) the(O) capital(O) Grozny(B-Location) ,(O) the(O) commander(O) of(O) Russian(B-Miscellaneous) Interior(O) Ministry(O) forces(O) in(O) Chechnya(B-Location) ,(O) General(O) Anatoly(B-Person) Shkirko(I-Person) ,(O) told(O) Interfax(B-Organization) news(O) agency(O) he(O) was(O) delaying(O) a(O) pullout(O) of(O) troops(O) there(O) after(O) a(O) group(O) of(O) Chechens(B-Miscellaneous) disarmed(O) an(O) armoured(O) column(O) .(O)","Input: But in the capital Grozny , the commander of Russian Interior Ministry forces in Chechnya , General Anatoly Shkirko , told Interfax news agency he was delaying a pullout of troops there after a group of Chechens disarmed an armoured column .
Output: But(O) in(O) the(O) capital(O) Grozny(B-Location) ,(O) the(O) commander(O) of(O) Russian(B-Miscellaneous) Interior(O) Ministry(O) forces(O) in(O) Chechnya(B-Location) ,(O) General(O) Anatoly(B-Person) Shkirko(I-Person) ,(O) told(O) Interfax(B-Organization) news(O) agency(O) he(O) was(O) delaying(O) a(O) pullout(O) of(O) troops(O) there(O) after(O) a(O) group(O) of(O) Chechens(B-Miscellaneous) disarmed(O) an(O) armoured(O) column(O) .(O)"
9974,['3.' 'Nastja' 'Rysich' '(' 'germany' ')' '3.75'],"['O', 'B-Person', 'I-Person', 'O', 'B-Location', 'O', 'O']",3. Nastja Rysich ( germany ) 3.75,"['3.(O)', 'Nastja(B-Person)', 'Rysich(I-Person)', '((O)', 'germany(B-Location)', ')(O)', '3.75(O)']",3.(O) Nastja(B-Person) Rysich(I-Person) ((O) germany(B-Location) )(O) 3.75(O),"Input: 3. Nastja Rysich ( germany ) 3.75
Output: 3.(O) Nastja(B-Person) Rysich(I-Person) ((O) germany(B-Location) )(O) 3.75(O)"
7279,"['""' 'Tomorrow' '...']","['O', 'O', 'O']",""" Tomorrow ...","['""(O)', 'Tomorrow(O)', '...(O)']","""(O) Tomorrow(O) ...(O)","Input: "" Tomorrow ...
Output: ""(O) Tomorrow(O) ...(O)"
10505,['NEW' 'YORK' '1996-08-27'],"['B-Location', 'I-Location', 'O']",NEW YORK 1996-08-27,"['NEW(B-Location)', 'YORK(I-Location)', '1996-08-27(O)']",NEW(B-Location) YORK(I-Location) 1996-08-27(O),"Input: NEW YORK 1996-08-27
Output: NEW(B-Location) YORK(I-Location) 1996-08-27(O)"
13010,"['""' 'Morris' 'has' 'been' 'trying' 'to' 'make' 'President' 'Clinton' 'a'
 'Republican' ',' 'now' 'maybe' 'he' ""'ll"" 'revert' 'to' 'the' 'liberal'
 'Democrat' 'that' 'he' 'really' 'is' ',' '""' 'Dole' 'told' 'reporters'
 '.']","['O', 'B-Person', 'O', 'O', 'O', 'O', 'O', 'O', 'B-Person', 'O', 'B-Miscellaneous', 'O', 'O', 'O', 'O', 'O', 'O', 'O', 'O', 'O', 'B-Miscellaneous', 'O', 'O', 'O', 'O', 'O', 'O', 'B-Person', 'O', 'O', 'O']",""" Morris has been trying to make President Clinton a Republican , now maybe he 'll revert to the liberal Democrat that he really is , "" Dole told reporters .","['""(O)', 'Morris(B-Person)', 'has(O)', 'been(O)', 'trying(O)', 'to(O)', 'make(O)', 'President(O)', 'Clinton(B-Person)', 'a(O)', 'Republican(B-Miscellaneous)', ',(O)', 'now(O)', 'maybe(O)', 'he(O)', ""'ll(O)"", 'revert(O)', 'to(O)', 'the(O)', 'liberal(O)', 'Democrat(B-Miscellaneous)', 'that(O)', 'he(O)', 'really(O)', 'is(O)', ',(O)', '""(O)', 'Dole(B-Person)', 'told(O)', 'reporters(O)', '.(O)']","""(O) Morris(B-Person) has(O) been(O) trying(O) to(O) make(O) President(O) Clinton(B-Person) a(O) Republican(B-Miscellaneous) ,(O) now(O) maybe(O) he(O) 'll(O) revert(O) to(O) the(O) liberal(O) Democrat(B-Miscellaneous) that(O) he(O) really(O) is(O) ,(O) ""(O) Dole(B-Person) told(O) reporters(O) .(O)","Input: "" Morris has been trying to make President Clinton a Republican , now maybe he 'll revert to the liberal Democrat that he really is , "" Dole told reporters .
Output: ""(O) Morris(B-Person) has(O) been(O) trying(O) to(O) make(O) President(O) Clinton(B-Person) a(O) Republican(B-Miscellaneous) ,(O) now(O) maybe(O) he(O) 'll(O) revert(O) to(O) the(O) liberal(O) Democrat(B-Miscellaneous) that(O) he(O) really(O) is(O) ,(O) ""(O) Dole(B-Person) told(O) reporters(O) .(O)"
10778,['Marseille' '4' '1' '2' '1' '5' '4' '5'],"['B-Organization', 'O', 'O', 'O', 'O', 'O', 'O', 'O']",Marseille 4 1 2 1 5 4 5,"['Marseille(B-Organization)', '4(O)', '1(O)', '2(O)', '1(O)', '5(O)', '4(O)', '5(O)']",Marseille(B-Organization) 4(O) 1(O) 2(O) 1(O) 5(O) 4(O) 5(O),"Input: Marseille 4 1 2 1 5 4 5
Output: Marseille(B-Organization) 4(O) 1(O) 2(O) 1(O) 5(O) 4(O) 5(O)"
117,"['Israel' ""'s"" 'Channel' 'Two' 'television' 'said' 'Damascus' 'had' 'sent'
 'a' '""' 'calming' 'signal' '""' 'to' 'Israel' '.']","['B-Location', 'O', 'B-Organization', 'I-Organization', 'O', 'O', 'B-Location', 'O', 'O', 'O', 'O', 'O', 'O', 'O', 'O', 'B-Location', 'O']","Israel 's Channel Two television said Damascus had sent a "" calming signal "" to Israel .","['Israel(B-Location)', ""'s(O)"", 'Channel(B-Organization)', 'Two(I-Organization)', 'television(O)', 'said(O)', 'Damascus(B-Location)', 'had(O)', 'sent(O)', 'a(O)', '""(O)', 'calming(O)', 'signal(O)', '""(O)', 'to(O)', 'Israel(B-Location)', '.(O)']","Israel(B-Location) 's(O) Channel(B-Organization) Two(I-Organization) television(O) said(O) Damascus(B-Location) had(O) sent(O) a(O) ""(O) calming(O) signal(O) ""(O) to(O) Israel(B-Location) .(O)","Input: Israel 's Channel Two television said Damascus had sent a "" calming signal "" to Israel .
Output: Israel(B-Location) 's(O) Channel(B-Organization) Two(I-Organization) television(O) said(O) Damascus(B-Location) had(O) sent(O) a(O) ""(O) calming(O) signal(O) ""(O) to(O) Israel(B-Location) .(O)"
13229,"['Afghan' 'Deputy' 'Prime' 'Minister' 'Qotbuddin' 'Hilal' 'officiated'
 'at' 'the' 'reopening' 'ceremony' ',' 'which' 'was' 'delayed' 'by'
 'several' 'hours' 'while' 'the' 'two' 'sides' 'argued' 'about' 'a'
 'mutual' 'release' 'of' 'prisoners' '.']","['B-Miscellaneous', 'O', 'O', 'O', 'B-Person', 'I-Person', 'O', 'O', 'O', 'O', 'O', 'O', 'O', 'O', 'O', 'O', 'O', 'O', 'O', 'O', 'O', 'O', 'O', 'O', 'O', 'O', 'O', 'O', 'O', 'O']","Afghan Deputy Prime Minister Qotbuddin Hilal officiated at the reopening ceremony , which was delayed by several hours while the two sides argued about a mutual release of prisoners .","['Afghan(B-Miscellaneous)', 'Deputy(O)', 'Prime(O)', 'Minister(O)', 'Qotbuddin(B-Person)', 'Hilal(I-Person)', 'officiated(O)', 'at(O)', 'the(O)', 'reopening(O)', 'ceremony(O)', ',(O)', 'which(O)', 'was(O)', 'delayed(O)', 'by(O)', 'several(O)', 'hours(O)', 'while(O)', 'the(O)', 'two(O)', 'sides(O)', 'argued(O)', 'about(O)', 'a(O)', 'mutual(O)', 'release(O)', 'of(O)', 'prisoners(O)', '.(O)']","Afghan(B-Miscellaneous) Deputy(O) Prime(O) Minister(O) Qotbuddin(B-Person) Hilal(I-Person) officiated(O) at(O) the(O) reopening(O) ceremony(O) ,(O) which(O) was(O) delayed(O) by(O) several(O) hours(O) while(O) the(O) two(O) sides(O) argued(O) about(O) a(O) mutual(O) release(O) of(O) prisoners(O) .(O)","Input: Afghan Deputy Prime Minister Qotbuddin Hilal officiated at the reopening ceremony , which was delayed by several hours while the two sides argued about a mutual release of prisoners .
Output: Afghan(B-Miscellaneous) Deputy(O) Prime(O) Minister(O) Qotbuddin(B-Person) Hilal(I-Person) officiated(O) at(O) the(O) reopening(O) ceremony(O) ,(O) which(O) was(O) delayed(O) by(O) several(O) hours(O) while(O) the(O) two(O) sides(O) argued(O) about(O) a(O) mutual(O) release(O) of(O) prisoners(O) .(O)"
8519,['TORONTO' '62' '70' '.470' '13'],"['B-Organization', 'O', 'O', 'O', 'O']",TORONTO 62 70 .470 13,"['TORONTO(B-Organization)', '62(O)', '70(O)', '.470(O)', '13(O)']",TORONTO(B-Organization) 62(O) 70(O) .470(O) 13(O),"Input: TORONTO 62 70 .470 13
Output: TORONTO(B-Organization) 62(O) 70(O) .470(O) 13(O)"
4920,['LONDON' '1996-08-25'],"['B-Location', 'O']",LONDON 1996-08-25,"['LONDON(B-Location)', '1996-08-25(O)']",LONDON(B-Location) 1996-08-25(O),"Input: LONDON 1996-08-25
Output: LONDON(B-Location) 1996-08-25(O)"
13185,"['Traders' 'have' 'said' 'a' 'substantial' 'part' 'of' 'the' 'deal' 'was'
 'likely' 'to' 'come' 'from' 'the' 'European' 'Union' ',' 'which' 'enjoys'
 'a' 'supply' 'and' 'freight' 'advantage' 'over' 'other' 'producers' '.']","['O', 'O', 'O', 'O', 'O', 'O', 'O', 'O', 'O', 'O', 'O', 'O', 'O', 'O', 'O', 'B-Organization', 'I-Organization', 'O', 'O', 'O', 'O', 'O', 'O', 'O', 'O', 'O', 'O', 'O', 'O']","Traders have said a substantial part of the deal was likely to come from the European Union , which enjoys a supply and freight advantage over other producers .","['Traders(O)', 'have(O)', 'said(O)', 'a(O)', 'substantial(O)', 'part(O)', 'of(O)', 'the(O)', 'deal(O)', 'was(O)', 'likely(O)', 'to(O)', 'come(O)', 'from(O)', 'the(O)', 'European(B-Organization)', 'Union(I-Organization)', ',(O)', 'which(O)', 'enjoys(O)', 'a(O)', 'supply(O)', 'and(O)', 'freight(O)', 'advantage(O)', 'over(O)', 'other(O)', 'producers(O)', '.(O)']","Traders(O) have(O) said(O) a(O) substantial(O) part(O) of(O) the(O) deal(O) was(O) likely(O) to(O) come(O) from(O) the(O) European(B-Organization) Union(I-Organization) ,(O) which(O) enjoys(O) a(O) supply(O) and(O) freight(O) advantage(O) over(O) other(O) producers(O) .(O)","Input: Traders have said a substantial part of the deal was likely to come from the European Union , which enjoys a supply and freight advantage over other producers .
Output: Traders(O) have(O) said(O) a(O) substantial(O) part(O) of(O) the(O) deal(O) was(O) likely(O) to(O) come(O) from(O) the(O) European(B-Organization) Union(I-Organization) ,(O) which(O) enjoys(O) a(O) supply(O) and(O) freight(O) advantage(O) over(O) other(O) producers(O) .(O)"
6894,"['Standings' 'after' 'games' 'played' 'on' 'Sunday' '(' 'tabulate' 'under'
 'won' ',']","['O', 'O', 'O', 'O', 'O', 'O', 'O', 'O', 'O', 'O', 'O']","Standings after games played on Sunday ( tabulate under won ,","['Standings(O)', 'after(O)', 'games(O)', 'played(O)', 'on(O)', 'Sunday(O)', '((O)', 'tabulate(O)', 'under(O)', 'won(O)', ',(O)']","Standings(O) after(O) games(O) played(O) on(O) Sunday(O) ((O) tabulate(O) under(O) won(O) ,(O)","Input: Standings after games played on Sunday ( tabulate under won ,
Output: Standings(O) after(O) games(O) played(O) on(O) Sunday(O) ((O) tabulate(O) under(O) won(O) ,(O)"
3922,['Antwerp' '1' 'Lommel' '4'],"['B-Organization', 'O', 'B-Organization', 'O']",Antwerp 1 Lommel 4,"['Antwerp(B-Organization)', '1(O)', 'Lommel(B-Organization)', '4(O)']",Antwerp(B-Organization) 1(O) Lommel(B-Organization) 4(O),"Input: Antwerp 1 Lommel 4
Output: Antwerp(B-Organization) 1(O) Lommel(B-Organization) 4(O)"
9996,['1.' 'Lauren' 'Ottoz' '(' 'Italy' ')' '49.16'],"['O', 'B-Person', 'I-Person', 'O', 'B-Location', 'O', 'O']",1. Lauren Ottoz ( Italy ) 49.16,"['1.(O)', 'Lauren(B-Person)', 'Ottoz(I-Person)', '((O)', 'Italy(B-Location)', ')(O)', '49.16(O)']",1.(O) Lauren(B-Person) Ottoz(I-Person) ((O) Italy(B-Location) )(O) 49.16(O),"Input: 1. Lauren Ottoz ( Italy ) 49.16
Output: 1.(O) Lauren(B-Person) Ottoz(I-Person) ((O) Italy(B-Location) )(O) 49.16(O)"
5886,['North' 'Sydney' '46' 'South' 'Sydney' '4'],"['B-Organization', 'I-Organization', 'O', 'B-Organization', 'I-Organization', 'O']",North Sydney 46 South Sydney 4,"['North(B-Organization)', 'Sydney(I-Organization)', '46(O)', 'South(B-Organization)', 'Sydney(I-Organization)', '4(O)']",North(B-Organization) Sydney(I-Organization) 46(O) South(B-Organization) Sydney(I-Organization) 4(O),"Input: North Sydney 46 South Sydney 4
Output: North(B-Organization) Sydney(I-Organization) 46(O) South(B-Organization) Sydney(I-Organization) 4(O)"
5917,"['Boraine' 'said' 'the' 'picture' 'was' 'incomplete' 'because' 'officers'
 'of' 'the' 'apartheid-era' 'security' 'forces' 'had' 'yet' 'to' 'make'
 'their' 'scheduled' ',' 'separate' 'submission' ',' 'but' 'one' 'black'
 'caller' 'to' 'a' 'radio' 'talk' 'show' 'declared' ':']","['B-Person', 'O', 'O', 'O', 'O', 'O', 'O', 'O', 'O', 'O', 'O', 'O', 'O', 'O', 'O', 'O', 'O', 'O', 'O', 'O', 'O', 'O', 'O', 'O', 'O', 'O', 'O', 'O', 'O', 'O', 'O', 'O', 'O', 'O']","Boraine said the picture was incomplete because officers of the apartheid-era security forces had yet to make their scheduled , separate submission , but one black caller to a radio talk show declared :","['Boraine(B-Person)', 'said(O)', 'the(O)', 'picture(O)', 'was(O)', 'incomplete(O)', 'because(O)', 'officers(O)', 'of(O)', 'the(O)', 'apartheid-era(O)', 'security(O)', 'forces(O)', 'had(O)', 'yet(O)', 'to(O)', 'make(O)', 'their(O)', 'scheduled(O)', ',(O)', 'separate(O)', 'submission(O)', ',(O)', 'but(O)', 'one(O)', 'black(O)', 'caller(O)', 'to(O)', 'a(O)', 'radio(O)', 'talk(O)', 'show(O)', 'declared(O)', ':(O)']","Boraine(B-Person) said(O) the(O) picture(O) was(O) incomplete(O) because(O) officers(O) of(O) the(O) apartheid-era(O) security(O) forces(O) had(O) yet(O) to(O) make(O) their(O) scheduled(O) ,(O) separate(O) submission(O) ,(O) but(O) one(O) black(O) caller(O) to(O) a(O) radio(O) talk(O) show(O) declared(O) :(O)","Input: Boraine said the picture was incomplete because officers of the apartheid-era security forces had yet to make their scheduled , separate submission , but one black caller to a radio talk show declared :
Output: Boraine(B-Person) said(O) the(O) picture(O) was(O) incomplete(O) because(O) officers(O) of(O) the(O) apartheid-era(O) security(O) forces(O) had(O) yet(O) to(O) make(O) their(O) scheduled(O) ,(O) separate(O) submission(O) ,(O) but(O) one(O) black(O) caller(O) to(O) a(O) radio(O) talk(O) show(O) declared(O) :(O)"
11588,"['Belgium' 'bank' 'sanctions' '$' '6.5' 'mln' 'loan' 'to' 'India' 'WSRL'
 '.']","['B-Location', 'O', 'O', 'O', 'O', 'O', 'O', 'O', 'B-Location', 'B-Organization', 'O']",Belgium bank sanctions $ 6.5 mln loan to India WSRL .,"['Belgium(B-Location)', 'bank(O)', 'sanctions(O)', '$(O)', '6.5(O)', 'mln(O)', 'loan(O)', 'to(O)', 'India(B-Location)', 'WSRL(B-Organization)', '.(O)']",Belgium(B-Location) bank(O) sanctions(O) $(O) 6.5(O) mln(O) loan(O) to(O) India(B-Location) WSRL(B-Organization) .(O),"Input: Belgium bank sanctions $ 6.5 mln loan to India WSRL .
Output: Belgium(B-Location) bank(O) sanctions(O) $(O) 6.5(O) mln(O) loan(O) to(O) India(B-Location) WSRL(B-Organization) .(O)"
4009,['AMSTERDAM' '1996-08-24'],"['B-Location', 'O']",AMSTERDAM 1996-08-24,"['AMSTERDAM(B-Location)', '1996-08-24(O)']",AMSTERDAM(B-Location) 1996-08-24(O),"Input: AMSTERDAM 1996-08-24
Output: AMSTERDAM(B-Location) 1996-08-24(O)"
8795,"['""' 'The' 'first' 'half' 'of' 'the' 'year' 'is' 'unlikely' 'to' 'be' 'as'
 'strong' 'as' 'expected' 'so' 'the' 'company' 'will' 'probably' 'be'
 'unable' 'to' 'reach' 'its' 'annual' 'plan' 'in' '1996' ',' '""' 'said'
 'Gabor' 'Sitanyi' ',' 'a' 'London-based' 'analyst' 'for' 'ING' 'Barings'
 '.']","['O', 'O', 'O', 'O', 'O', 'O', 'O', 'O', 'O', 'O', 'O', 'O', 'O', 'O', 'O', 'O', 'O', 'O', 'O', 'O', 'O', 'O', 'O', 'O', 'O', 'O', 'O', 'O', 'O', 'O', 'O', 'O', 'B-Person', 'I-Person', 'O', 'O', 'O', 'O', 'O', 'B-Organization', 'I-Organization', 'O']",""" The first half of the year is unlikely to be as strong as expected so the company will probably be unable to reach its annual plan in 1996 , "" said Gabor Sitanyi , a London-based analyst for ING Barings .","['""(O)', 'The(O)', 'first(O)', 'half(O)', 'of(O)', 'the(O)', 'year(O)', 'is(O)', 'unlikely(O)', 'to(O)', 'be(O)', 'as(O)', 'strong(O)', 'as(O)', 'expected(O)', 'so(O)', 'the(O)', 'company(O)', 'will(O)', 'probably(O)', 'be(O)', 'unable(O)', 'to(O)', 'reach(O)', 'its(O)', 'annual(O)', 'plan(O)', 'in(O)', '1996(O)', ',(O)', '""(O)', 'said(O)', 'Gabor(B-Person)', 'Sitanyi(I-Person)', ',(O)', 'a(O)', 'London-based(O)', 'analyst(O)', 'for(O)', 'ING(B-Organization)', 'Barings(I-Organization)', '.(O)']","""(O) The(O) first(O) half(O) of(O) the(O) year(O) is(O) unlikely(O) to(O) be(O) as(O) strong(O) as(O) expected(O) so(O) the(O) company(O) will(O) probably(O) be(O) unable(O) to(O) reach(O) its(O) annual(O) plan(O) in(O) 1996(O) ,(O) ""(O) said(O) Gabor(B-Person) Sitanyi(I-Person) ,(O) a(O) London-based(O) analyst(O) for(O) ING(B-Organization) Barings(I-Organization) .(O)","Input: "" The first half of the year is unlikely to be as strong as expected so the company will probably be unable to reach its annual plan in 1996 , "" said Gabor Sitanyi , a London-based analyst for ING Barings .
Output: ""(O) The(O) first(O) half(O) of(O) the(O) year(O) is(O) unlikely(O) to(O) be(O) as(O) strong(O) as(O) expected(O) so(O) the(O) company(O) will(O) probably(O) be(O) unable(O) to(O) reach(O) its(O) annual(O) plan(O) in(O) 1996(O) ,(O) ""(O) said(O) Gabor(B-Person) Sitanyi(I-Person) ,(O) a(O) London-based(O) analyst(O) for(O) ING(B-Organization) Barings(I-Organization) .(O)"
9290,"[')' 'ser' '.' ""'""]","['O', 'O', 'O', 'O']",) ser . ',"[')(O)', 'ser(O)', '.(O)', ""'(O)""]",)(O) ser(O) .(O) '(O),"Input: ) ser . '
Output: )(O) ser(O) .(O) '(O)"
3075,"['But' 'now' 'that' 'Windows' 'NT' '4.0' 'has' 'been' 'launched' ','
 'Winkler' 'and' 'others' 'believe' 'only' 'a' 'relatively' 'small'
 'proportion' 'of' 'corporate' 'users' 'will' 'elect' 'to' 'pay' 'the'
 'added' 'software' 'and' 'hardware' 'costs' 'needed' 'to' 'use' 'it'
 'instead' 'of' 'Windows' '95' '.']","['O', 'O', 'O', 'B-Miscellaneous', 'I-Miscellaneous', 'I-Miscellaneous', 'O', 'O', 'O', 'O', 'B-Person', 'O', 'O', 'O', 'O', 'O', 'O', 'O', 'O', 'O', 'O', 'O', 'O', 'O', 'O', 'O', 'O', 'O', 'O', 'O', 'O', 'O', 'O', 'O', 'O', 'O', 'O', 'O', 'B-Miscellaneous', 'I-Miscellaneous', 'O']","But now that Windows NT 4.0 has been launched , Winkler and others believe only a relatively small proportion of corporate users will elect to pay the added software and hardware costs needed to use it instead of Windows 95 .","['But(O)', 'now(O)', 'that(O)', 'Windows(B-Miscellaneous)', 'NT(I-Miscellaneous)', '4.0(I-Miscellaneous)', 'has(O)', 'been(O)', 'launched(O)', ',(O)', 'Winkler(B-Person)', 'and(O)', 'others(O)', 'believe(O)', 'only(O)', 'a(O)', 'relatively(O)', 'small(O)', 'proportion(O)', 'of(O)', 'corporate(O)', 'users(O)', 'will(O)', 'elect(O)', 'to(O)', 'pay(O)', 'the(O)', 'added(O)', 'software(O)', 'and(O)', 'hardware(O)', 'costs(O)', 'needed(O)', 'to(O)', 'use(O)', 'it(O)', 'instead(O)', 'of(O)', 'Windows(B-Miscellaneous)', '95(I-Miscellaneous)', '.(O)']","But(O) now(O) that(O) Windows(B-Miscellaneous) NT(I-Miscellaneous) 4.0(I-Miscellaneous) has(O) been(O) launched(O) ,(O) Winkler(B-Person) and(O) others(O) believe(O) only(O) a(O) relatively(O) small(O) proportion(O) of(O) corporate(O) users(O) will(O) elect(O) to(O) pay(O) the(O) added(O) software(O) and(O) hardware(O) costs(O) needed(O) to(O) use(O) it(O) instead(O) of(O) Windows(B-Miscellaneous) 95(I-Miscellaneous) .(O)","Input: But now that Windows NT 4.0 has been launched , Winkler and others believe only a relatively small proportion of corporate users will elect to pay the added software and hardware costs needed to use it instead of Windows 95 .
Output: But(O) now(O) that(O) Windows(B-Miscellaneous) NT(I-Miscellaneous) 4.0(I-Miscellaneous) has(O) been(O) launched(O) ,(O) Winkler(B-Person) and(O) others(O) believe(O) only(O) a(O) relatively(O) small(O) proportion(O) of(O) corporate(O) users(O) will(O) elect(O) to(O) pay(O) the(O) added(O) software(O) and(O) hardware(O) costs(O) needed(O) to(O) use(O) it(O) instead(O) of(O) Windows(B-Miscellaneous) 95(I-Miscellaneous) .(O)"
13642,"['The' 'men' ',' 'both' 'Finns' 'aged' 'about' '40' ',' 'were' 'arrested'
 'last' 'Saturday' 'in' 'the' 'western' 'town' 'of' 'Tampere' 'in' 'a'
 'raid' 'on' 'a' 'luxury' 'boat' 'owned' 'by' 'one' 'of' 'them' '.']","['O', 'O', 'O', 'O', 'B-Miscellaneous', 'O', 'O', 'O', 'O', 'O', 'O', 'O', 'O', 'O', 'O', 'O', 'O', 'O', 'B-Location', 'O', 'O', 'O', 'O', 'O', 'O', 'O', 'O', 'O', 'O', 'O', 'O', 'O']","The men , both Finns aged about 40 , were arrested last Saturday in the western town of Tampere in a raid on a luxury boat owned by one of them .","['The(O)', 'men(O)', ',(O)', 'both(O)', 'Finns(B-Miscellaneous)', 'aged(O)', 'about(O)', '40(O)', ',(O)', 'were(O)', 'arrested(O)', 'last(O)', 'Saturday(O)', 'in(O)', 'the(O)', 'western(O)', 'town(O)', 'of(O)', 'Tampere(B-Location)', 'in(O)', 'a(O)', 'raid(O)', 'on(O)', 'a(O)', 'luxury(O)', 'boat(O)', 'owned(O)', 'by(O)', 'one(O)', 'of(O)', 'them(O)', '.(O)']","The(O) men(O) ,(O) both(O) Finns(B-Miscellaneous) aged(O) about(O) 40(O) ,(O) were(O) arrested(O) last(O) Saturday(O) in(O) the(O) western(O) town(O) of(O) Tampere(B-Location) in(O) a(O) raid(O) on(O) a(O) luxury(O) boat(O) owned(O) by(O) one(O) of(O) them(O) .(O)","Input: The men , both Finns aged about 40 , were arrested last Saturday in the western town of Tampere in a raid on a luxury boat owned by one of them .
Output: The(O) men(O) ,(O) both(O) Finns(B-Miscellaneous) aged(O) about(O) 40(O) ,(O) were(O) arrested(O) last(O) Saturday(O) in(O) the(O) western(O) town(O) of(O) Tampere(B-Location) in(O) a(O) raid(O) on(O) a(O) luxury(O) boat(O) owned(O) by(O) one(O) of(O) them(O) .(O)"
11150,"['""' 'One' 'of' 'the' 'police' 'versions' 'in' 'the' 'case' 'of' 'the'
 'murder' 'of' 'young' 'gypsy' 'woman' 'in' 'Topolcany' ',' 'western'
 'Slovakia' ',' 'this' 'July' ',' 'is' 'a' 'suspicion' 'that' 'Mark'
 'Dutroux' 'could' 'have' 'been' 'involved' 'in' 'the' 'murder' ',' '""'
 'Gajdos' 'said' 'without' 'elaborating' 'on' 'the' 'age' 'of' 'the'
 'victim' 'and' 'on' 'the' 'other' 'versions' '.']","['O', 'O', 'O', 'O', 'O', 'O', 'O', 'O', 'O', 'O', 'O', 'O', 'O', 'O', 'O', 'O', 'O', 'B-Location', 'O', 'O', 'B-Location', 'O', 'O', 'O', 'O', 'O', 'O', 'O', 'O', 'B-Person', 'I-Person', 'O', 'O', 'O', 'O', 'O', 'O', 'O', 'O', 'O', 'B-Person', 'O', 'O', 'O', 'O', 'O', 'O', 'O', 'O', 'O', 'O', 'O', 'O', 'O', 'O', 'O']",""" One of the police versions in the case of the murder of young gypsy woman in Topolcany , western Slovakia , this July , is a suspicion that Mark Dutroux could have been involved in the murder , "" Gajdos said without elaborating on the age of the victim and on the other versions .","['""(O)', 'One(O)', 'of(O)', 'the(O)', 'police(O)', 'versions(O)', 'in(O)', 'the(O)', 'case(O)', 'of(O)', 'the(O)', 'murder(O)', 'of(O)', 'young(O)', 'gypsy(O)', 'woman(O)', 'in(O)', 'Topolcany(B-Location)', ',(O)', 'western(O)', 'Slovakia(B-Location)', ',(O)', 'this(O)', 'July(O)', ',(O)', 'is(O)', 'a(O)', 'suspicion(O)', 'that(O)', 'Mark(B-Person)', 'Dutroux(I-Person)', 'could(O)', 'have(O)', 'been(O)', 'involved(O)', 'in(O)', 'the(O)', 'murder(O)', ',(O)', '""(O)', 'Gajdos(B-Person)', 'said(O)', 'without(O)', 'elaborating(O)', 'on(O)', 'the(O)', 'age(O)', 'of(O)', 'the(O)', 'victim(O)', 'and(O)', 'on(O)', 'the(O)', 'other(O)', 'versions(O)', '.(O)']","""(O) One(O) of(O) the(O) police(O) versions(O) in(O) the(O) case(O) of(O) the(O) murder(O) of(O) young(O) gypsy(O) woman(O) in(O) Topolcany(B-Location) ,(O) western(O) Slovakia(B-Location) ,(O) this(O) July(O) ,(O) is(O) a(O) suspicion(O) that(O) Mark(B-Person) Dutroux(I-Person) could(O) have(O) been(O) involved(O) in(O) the(O) murder(O) ,(O) ""(O) Gajdos(B-Person) said(O) without(O) elaborating(O) on(O) the(O) age(O) of(O) the(O) victim(O) and(O) on(O) the(O) other(O) versions(O) .(O)","Input: "" One of the police versions in the case of the murder of young gypsy woman in Topolcany , western Slovakia , this July , is a suspicion that Mark Dutroux could have been involved in the murder , "" Gajdos said without elaborating on the age of the victim and on the other versions .
Output: ""(O) One(O) of(O) the(O) police(O) versions(O) in(O) the(O) case(O) of(O) the(O) murder(O) of(O) young(O) gypsy(O) woman(O) in(O) Topolcany(B-Location) ,(O) western(O) Slovakia(B-Location) ,(O) this(O) July(O) ,(O) is(O) a(O) suspicion(O) that(O) Mark(B-Person) Dutroux(I-Person) could(O) have(O) been(O) involved(O) in(O) the(O) murder(O) ,(O) ""(O) Gajdos(B-Person) said(O) without(O) elaborating(O) on(O) the(O) age(O) of(O) the(O) victim(O) and(O) on(O) the(O) other(O) versions(O) .(O)"
14014,['211' 'Robert' 'Allenby' '(' 'Australia' ')' '69' '71' '71'],"['O', 'B-Person', 'I-Person', 'O', 'B-Location', 'O', 'O', 'O', 'O']",211 Robert Allenby ( Australia ) 69 71 71,"['211(O)', 'Robert(B-Person)', 'Allenby(I-Person)', '((O)', 'Australia(B-Location)', ')(O)', '69(O)', '71(O)', '71(O)']",211(O) Robert(B-Person) Allenby(I-Person) ((O) Australia(B-Location) )(O) 69(O) 71(O) 71(O),"Input: 211 Robert Allenby ( Australia ) 69 71 71
Output: 211(O) Robert(B-Person) Allenby(I-Person) ((O) Australia(B-Location) )(O) 69(O) 71(O) 71(O)"
3385,"['On' 'a' 'weekend' 'overshadowed' 'by' 'Friday' ""'s"" 'fatal' 'accident'
 ',' 'four' 'times' 'world' 'champion' 'Kankunnen' 'emerged' 'from' 'the'
 'first' 'five' 'of' 'Saturday' ""'s"" '10' 'stages' 'with' 'a' 'commanding'
 'advantage' 'over' 'his' 'country' ""'s"" 'latest' 'prospect' ',' 'Marcus'
 'Gronholm' ',' 'also' 'in' 'a' 'Toyota' '.']","['O', 'O', 'O', 'O', 'O', 'O', 'O', 'O', 'O', 'O', 'O', 'O', 'O', 'O', 'B-Person', 'O', 'O', 'O', 'O', 'O', 'O', 'O', 'O', 'O', 'O', 'O', 'O', 'O', 'O', 'O', 'O', 'O', 'O', 'O', 'O', 'O', 'B-Person', 'I-Person', 'O', 'O', 'O', 'O', 'B-Organization', 'O']","On a weekend overshadowed by Friday 's fatal accident , four times world champion Kankunnen emerged from the first five of Saturday 's 10 stages with a commanding advantage over his country 's latest prospect , Marcus Gronholm , also in a Toyota .","['On(O)', 'a(O)', 'weekend(O)', 'overshadowed(O)', 'by(O)', 'Friday(O)', ""'s(O)"", 'fatal(O)', 'accident(O)', ',(O)', 'four(O)', 'times(O)', 'world(O)', 'champion(O)', 'Kankunnen(B-Person)', 'emerged(O)', 'from(O)', 'the(O)', 'first(O)', 'five(O)', 'of(O)', 'Saturday(O)', ""'s(O)"", '10(O)', 'stages(O)', 'with(O)', 'a(O)', 'commanding(O)', 'advantage(O)', 'over(O)', 'his(O)', 'country(O)', ""'s(O)"", 'latest(O)', 'prospect(O)', ',(O)', 'Marcus(B-Person)', 'Gronholm(I-Person)', ',(O)', 'also(O)', 'in(O)', 'a(O)', 'Toyota(B-Organization)', '.(O)']","On(O) a(O) weekend(O) overshadowed(O) by(O) Friday(O) 's(O) fatal(O) accident(O) ,(O) four(O) times(O) world(O) champion(O) Kankunnen(B-Person) emerged(O) from(O) the(O) first(O) five(O) of(O) Saturday(O) 's(O) 10(O) stages(O) with(O) a(O) commanding(O) advantage(O) over(O) his(O) country(O) 's(O) latest(O) prospect(O) ,(O) Marcus(B-Person) Gronholm(I-Person) ,(O) also(O) in(O) a(O) Toyota(B-Organization) .(O)","Input: On a weekend overshadowed by Friday 's fatal accident , four times world champion Kankunnen emerged from the first five of Saturday 's 10 stages with a commanding advantage over his country 's latest prospect , Marcus Gronholm , also in a Toyota .
Output: On(O) a(O) weekend(O) overshadowed(O) by(O) Friday(O) 's(O) fatal(O) accident(O) ,(O) four(O) times(O) world(O) champion(O) Kankunnen(B-Person) emerged(O) from(O) the(O) first(O) five(O) of(O) Saturday(O) 's(O) 10(O) stages(O) with(O) a(O) commanding(O) advantage(O) over(O) his(O) country(O) 's(O) latest(O) prospect(O) ,(O) Marcus(B-Person) Gronholm(I-Person) ,(O) also(O) in(O) a(O) Toyota(B-Organization) .(O)"
5220,['Adelaide' '14.12' '(' '96' ')' 'Collingwood' '24' '.'],"['B-Organization', 'O', 'O', 'O', 'O', 'B-Organization', 'O', 'O']",Adelaide 14.12 ( 96 ) Collingwood 24 .,"['Adelaide(B-Organization)', '14.12(O)', '((O)', '96(O)', ')(O)', 'Collingwood(B-Organization)', '24(O)', '.(O)']",Adelaide(B-Organization) 14.12(O) ((O) 96(O) )(O) Collingwood(B-Organization) 24(O) .(O),"Input: Adelaide 14.12 ( 96 ) Collingwood 24 .
Output: Adelaide(B-Organization) 14.12(O) ((O) 96(O) )(O) Collingwood(B-Organization) 24(O) .(O)"
2560,"['Australia' ',' 'led' 'by' 'wicketkeeper' 'Ian' 'Healy' ',' 'opened'
 'their' 'short' 'tour' 'of' 'Sri' 'Lanka' 'with' 'a' 'five-run' 'win'
 'over' 'the' 'country' ""'s"" 'youth' 'team' 'on' 'Thursday' '.']","['B-Location', 'O', 'O', 'O', 'O', 'B-Person', 'I-Person', 'O', 'O', 'O', 'O', 'O', 'O', 'B-Location', 'I-Location', 'O', 'O', 'O', 'O', 'O', 'O', 'O', 'O', 'O', 'O', 'O', 'O', 'O']","Australia , led by wicketkeeper Ian Healy , opened their short tour of Sri Lanka with a five-run win over the country 's youth team on Thursday .","['Australia(B-Location)', ',(O)', 'led(O)', 'by(O)', 'wicketkeeper(O)', 'Ian(B-Person)', 'Healy(I-Person)', ',(O)', 'opened(O)', 'their(O)', 'short(O)', 'tour(O)', 'of(O)', 'Sri(B-Location)', 'Lanka(I-Location)', 'with(O)', 'a(O)', 'five-run(O)', 'win(O)', 'over(O)', 'the(O)', 'country(O)', ""'s(O)"", 'youth(O)', 'team(O)', 'on(O)', 'Thursday(O)', '.(O)']","Australia(B-Location) ,(O) led(O) by(O) wicketkeeper(O) Ian(B-Person) Healy(I-Person) ,(O) opened(O) their(O) short(O) tour(O) of(O) Sri(B-Location) Lanka(I-Location) with(O) a(O) five-run(O) win(O) over(O) the(O) country(O) 's(O) youth(O) team(O) on(O) Thursday(O) .(O)","Input: Australia , led by wicketkeeper Ian Healy , opened their short tour of Sri Lanka with a five-run win over the country 's youth team on Thursday .
Output: Australia(B-Location) ,(O) led(O) by(O) wicketkeeper(O) Ian(B-Person) Healy(I-Person) ,(O) opened(O) their(O) short(O) tour(O) of(O) Sri(B-Location) Lanka(I-Location) with(O) a(O) five-run(O) win(O) over(O) the(O) country(O) 's(O) youth(O) team(O) on(O) Thursday(O) .(O)"
10608,['Bari' '1' 'Verona' '1'],"['B-Organization', 'O', 'B-Organization', 'O']",Bari 1 Verona 1,"['Bari(B-Organization)', '1(O)', 'Verona(B-Organization)', '1(O)']",Bari(B-Organization) 1(O) Verona(B-Organization) 1(O),"Input: Bari 1 Verona 1
Output: Bari(B-Organization) 1(O) Verona(B-Organization) 1(O)"
5822,"['I' 'was' 'right' 'here' ',' ""'"" ""'"" 'he' 'said' 'standing' 'at' 'the'
 'spot' 'where' 'he' 'had' 'received' 'the' 'ball' 'for' 'the' 'kick' '.']","['O', 'O', 'O', 'O', 'O', 'O', 'O', 'O', 'O', 'O', 'O', 'O', 'O', 'O', 'O', 'O', 'O', 'O', 'O', 'O', 'O', 'O', 'O']","I was right here , ' ' he said standing at the spot where he had received the ball for the kick .","['I(O)', 'was(O)', 'right(O)', 'here(O)', ',(O)', ""'(O)"", ""'(O)"", 'he(O)', 'said(O)', 'standing(O)', 'at(O)', 'the(O)', 'spot(O)', 'where(O)', 'he(O)', 'had(O)', 'received(O)', 'the(O)', 'ball(O)', 'for(O)', 'the(O)', 'kick(O)', '.(O)']","I(O) was(O) right(O) here(O) ,(O) '(O) '(O) he(O) said(O) standing(O) at(O) the(O) spot(O) where(O) he(O) had(O) received(O) the(O) ball(O) for(O) the(O) kick(O) .(O)","Input: I was right here , ' ' he said standing at the spot where he had received the ball for the kick .
Output: I(O) was(O) right(O) here(O) ,(O) '(O) '(O) he(O) said(O) standing(O) at(O) the(O) spot(O) where(O) he(O) had(O) received(O) the(O) ball(O) for(O) the(O) kick(O) .(O)"
9444,"['Her' 'fever' 'has' 'since' 'abated' 'and' 'the' 'heart' 'failure' 'has'
 'been' 'brought' 'under' 'control' ',' 'but' 'her' 'heart' 'continues'
 'to' 'beat' 'irregularly' ',' 'doctors' 'said' '.']","['O', 'O', 'O', 'O', 'O', 'O', 'O', 'O', 'O', 'O', 'O', 'O', 'O', 'O', 'O', 'O', 'O', 'O', 'O', 'O', 'O', 'O', 'O', 'O', 'O', 'O']","Her fever has since abated and the heart failure has been brought under control , but her heart continues to beat irregularly , doctors said .","['Her(O)', 'fever(O)', 'has(O)', 'since(O)', 'abated(O)', 'and(O)', 'the(O)', 'heart(O)', 'failure(O)', 'has(O)', 'been(O)', 'brought(O)', 'under(O)', 'control(O)', ',(O)', 'but(O)', 'her(O)', 'heart(O)', 'continues(O)', 'to(O)', 'beat(O)', 'irregularly(O)', ',(O)', 'doctors(O)', 'said(O)', '.(O)']","Her(O) fever(O) has(O) since(O) abated(O) and(O) the(O) heart(O) failure(O) has(O) been(O) brought(O) under(O) control(O) ,(O) but(O) her(O) heart(O) continues(O) to(O) beat(O) irregularly(O) ,(O) doctors(O) said(O) .(O)","Input: Her fever has since abated and the heart failure has been brought under control , but her heart continues to beat irregularly , doctors said .
Output: Her(O) fever(O) has(O) since(O) abated(O) and(O) the(O) heart(O) failure(O) has(O) been(O) brought(O) under(O) control(O) ,(O) but(O) her(O) heart(O) continues(O) to(O) beat(O) irregularly(O) ,(O) doctors(O) said(O) .(O)"
7806,['DELIVERY' ':' '9/17/96' 'approx' 'ORDERS' ':'],"['O', 'O', 'O', 'O', 'O', 'O']",DELIVERY : 9/17/96 approx ORDERS :,"['DELIVERY(O)', ':(O)', '9/17/96(O)', 'approx(O)', 'ORDERS(O)', ':(O)']",DELIVERY(O) :(O) 9/17/96(O) approx(O) ORDERS(O) :(O),"Input: DELIVERY : 9/17/96 approx ORDERS :
Output: DELIVERY(O) :(O) 9/17/96(O) approx(O) ORDERS(O) :(O)"
10031,"['MANCHESTER' ',' 'England' '1996-08-28']","['B-Location', 'O', 'B-Location', 'O']","MANCHESTER , England 1996-08-28","['MANCHESTER(B-Location)', ',(O)', 'England(B-Location)', '1996-08-28(O)']","MANCHESTER(B-Location) ,(O) England(B-Location) 1996-08-28(O)","Input: MANCHESTER , England 1996-08-28
Output: MANCHESTER(B-Location) ,(O) England(B-Location) 1996-08-28(O)"
297,['Dutch' 'state' 'raises' 'tap' 'sale' 'price' 'to' '99.95' '.'],"['B-Miscellaneous', 'O', 'O', 'O', 'O', 'O', 'O', 'O', 'O']",Dutch state raises tap sale price to 99.95 .,"['Dutch(B-Miscellaneous)', 'state(O)', 'raises(O)', 'tap(O)', 'sale(O)', 'price(O)', 'to(O)', '99.95(O)', '.(O)']",Dutch(B-Miscellaneous) state(O) raises(O) tap(O) sale(O) price(O) to(O) 99.95(O) .(O),"Input: Dutch state raises tap sale price to 99.95 .
Output: Dutch(B-Miscellaneous) state(O) raises(O) tap(O) sale(O) price(O) to(O) 99.95(O) .(O)"
1152,"['I' 'did' ""n't"" 'feel' 'good' '.']","['O', 'O', 'O', 'O', 'O', 'O']",I did n't feel good .,"['I(O)', 'did(O)', ""n't(O)"", 'feel(O)', 'good(O)', '.(O)']",I(O) did(O) n't(O) feel(O) good(O) .(O),"Input: I did n't feel good .
Output: I(O) did(O) n't(O) feel(O) good(O) .(O)"
13135,"['""' 'I' 'will' 'not' 'subject' 'my' 'wife' ',' 'family' 'or' 'friends'
 'to' 'the' 'sadistic' ',' 'vitriol' 'of' 'yellow' 'journalism' '.']","['O', 'O', 'O', 'O', 'O', 'O', 'O', 'O', 'O', 'O', 'O', 'O', 'O', 'O', 'O', 'O', 'O', 'O', 'O', 'O']",""" I will not subject my wife , family or friends to the sadistic , vitriol of yellow journalism .","['""(O)', 'I(O)', 'will(O)', 'not(O)', 'subject(O)', 'my(O)', 'wife(O)', ',(O)', 'family(O)', 'or(O)', 'friends(O)', 'to(O)', 'the(O)', 'sadistic(O)', ',(O)', 'vitriol(O)', 'of(O)', 'yellow(O)', 'journalism(O)', '.(O)']","""(O) I(O) will(O) not(O) subject(O) my(O) wife(O) ,(O) family(O) or(O) friends(O) to(O) the(O) sadistic(O) ,(O) vitriol(O) of(O) yellow(O) journalism(O) .(O)","Input: "" I will not subject my wife , family or friends to the sadistic , vitriol of yellow journalism .
Output: ""(O) I(O) will(O) not(O) subject(O) my(O) wife(O) ,(O) family(O) or(O) friends(O) to(O) the(O) sadistic(O) ,(O) vitriol(O) of(O) yellow(O) journalism(O) .(O)"
447,['J.' 'Crawley' 'not' 'out' '94'],"['B-Person', 'I-Person', 'O', 'O', 'O']",J. Crawley not out 94,"['J.(B-Person)', 'Crawley(I-Person)', 'not(O)', 'out(O)', '94(O)']",J.(B-Person) Crawley(I-Person) not(O) out(O) 94(O),"Input: J. Crawley not out 94
Output: J.(B-Person) Crawley(I-Person) not(O) out(O) 94(O)"
1807,"['Ukraine' ""'s"" 'declaration' 'of' 'independence' 'in' '1991' ',' 'backed'
 'nine-to-one' 'by' 'a' 'referendum' 'in' 'December' 'of' 'that' 'year'
 ',' 'effectively' 'dealt' 'a' 'death' 'blow' 'to' 'the' 'Soviet' 'empire'
 'and' 'ended' 'more' 'than' 'three' 'centuries' 'of' 'rule' 'from'
 'Moscow' '.']","['B-Location', 'O', 'O', 'O', 'O', 'O', 'O', 'O', 'O', 'O', 'O', 'O', 'O', 'O', 'O', 'O', 'O', 'O', 'O', 'O', 'O', 'O', 'O', 'O', 'O', 'O', 'B-Miscellaneous', 'O', 'O', 'O', 'O', 'O', 'O', 'O', 'O', 'O', 'O', 'B-Location', 'O']","Ukraine 's declaration of independence in 1991 , backed nine-to-one by a referendum in December of that year , effectively dealt a death blow to the Soviet empire and ended more than three centuries of rule from Moscow .","['Ukraine(B-Location)', ""'s(O)"", 'declaration(O)', 'of(O)', 'independence(O)', 'in(O)', '1991(O)', ',(O)', 'backed(O)', 'nine-to-one(O)', 'by(O)', 'a(O)', 'referendum(O)', 'in(O)', 'December(O)', 'of(O)', 'that(O)', 'year(O)', ',(O)', 'effectively(O)', 'dealt(O)', 'a(O)', 'death(O)', 'blow(O)', 'to(O)', 'the(O)', 'Soviet(B-Miscellaneous)', 'empire(O)', 'and(O)', 'ended(O)', 'more(O)', 'than(O)', 'three(O)', 'centuries(O)', 'of(O)', 'rule(O)', 'from(O)', 'Moscow(B-Location)', '.(O)']","Ukraine(B-Location) 's(O) declaration(O) of(O) independence(O) in(O) 1991(O) ,(O) backed(O) nine-to-one(O) by(O) a(O) referendum(O) in(O) December(O) of(O) that(O) year(O) ,(O) effectively(O) dealt(O) a(O) death(O) blow(O) to(O) the(O) Soviet(B-Miscellaneous) empire(O) and(O) ended(O) more(O) than(O) three(O) centuries(O) of(O) rule(O) from(O) Moscow(B-Location) .(O)","Input: Ukraine 's declaration of independence in 1991 , backed nine-to-one by a referendum in December of that year , effectively dealt a death blow to the Soviet empire and ended more than three centuries of rule from Moscow .
Output: Ukraine(B-Location) 's(O) declaration(O) of(O) independence(O) in(O) 1991(O) ,(O) backed(O) nine-to-one(O) by(O) a(O) referendum(O) in(O) December(O) of(O) that(O) year(O) ,(O) effectively(O) dealt(O) a(O) death(O) blow(O) to(O) the(O) Soviet(B-Miscellaneous) empire(O) and(O) ended(O) more(O) than(O) three(O) centuries(O) of(O) rule(O) from(O) Moscow(B-Location) .(O)"
10593,"['But' 'the' 'pick' 'of' 'the' '13-times' 'champions' ""'"" 'goals' 'came'
 'from' 'Ruggiero' 'Rizzitelli' ',' 'who' 'beat' 'three' 'defenders' 'to'
 'put' 'Bayern' '4-1' 'up' '.']","['O', 'O', 'O', 'O', 'O', 'O', 'O', 'O', 'O', 'O', 'O', 'B-Person', 'I-Person', 'O', 'O', 'O', 'O', 'O', 'O', 'O', 'B-Organization', 'O', 'O', 'O']","But the pick of the 13-times champions ' goals came from Ruggiero Rizzitelli , who beat three defenders to put Bayern 4-1 up .","['But(O)', 'the(O)', 'pick(O)', 'of(O)', 'the(O)', '13-times(O)', 'champions(O)', ""'(O)"", 'goals(O)', 'came(O)', 'from(O)', 'Ruggiero(B-Person)', 'Rizzitelli(I-Person)', ',(O)', 'who(O)', 'beat(O)', 'three(O)', 'defenders(O)', 'to(O)', 'put(O)', 'Bayern(B-Organization)', '4-1(O)', 'up(O)', '.(O)']","But(O) the(O) pick(O) of(O) the(O) 13-times(O) champions(O) '(O) goals(O) came(O) from(O) Ruggiero(B-Person) Rizzitelli(I-Person) ,(O) who(O) beat(O) three(O) defenders(O) to(O) put(O) Bayern(B-Organization) 4-1(O) up(O) .(O)","Input: But the pick of the 13-times champions ' goals came from Ruggiero Rizzitelli , who beat three defenders to put Bayern 4-1 up .
Output: But(O) the(O) pick(O) of(O) the(O) 13-times(O) champions(O) '(O) goals(O) came(O) from(O) Ruggiero(B-Person) Rizzitelli(I-Person) ,(O) who(O) beat(O) three(O) defenders(O) to(O) put(O) Bayern(B-Organization) 4-1(O) up(O) .(O)"
12692,['SOCCER' '-' 'GENOA' 'AWARDED' 'ITALIAN' 'CUP' 'WIN' '.'],"['O', 'O', 'B-Organization', 'O', 'B-Miscellaneous', 'I-Miscellaneous', 'O', 'O']",SOCCER - GENOA AWARDED ITALIAN CUP WIN .,"['SOCCER(O)', '-(O)', 'GENOA(B-Organization)', 'AWARDED(O)', 'ITALIAN(B-Miscellaneous)', 'CUP(I-Miscellaneous)', 'WIN(O)', '.(O)']",SOCCER(O) -(O) GENOA(B-Organization) AWARDED(O) ITALIAN(B-Miscellaneous) CUP(I-Miscellaneous) WIN(O) .(O),"Input: SOCCER - GENOA AWARDED ITALIAN CUP WIN .
Output: SOCCER(O) -(O) GENOA(B-Organization) AWARDED(O) ITALIAN(B-Miscellaneous) CUP(I-Miscellaneous) WIN(O) .(O)"
4946,['Leicester' '3' '1' '1' '1' '2' '3' '4'],"['B-Organization', 'O', 'O', 'O', 'O', 'O', 'O', 'O']",Leicester 3 1 1 1 2 3 4,"['Leicester(B-Organization)', '3(O)', '1(O)', '1(O)', '1(O)', '2(O)', '3(O)', '4(O)']",Leicester(B-Organization) 3(O) 1(O) 1(O) 1(O) 2(O) 3(O) 4(O),"Input: Leicester 3 1 1 1 2 3 4
Output: Leicester(B-Organization) 3(O) 1(O) 1(O) 1(O) 2(O) 3(O) 4(O)"
6662,['Lokomotiva' 'Kosice' '2' 'Kerametal' 'Dubnica' '0'],"['B-Organization', 'I-Organization', 'O', 'B-Organization', 'I-Organization', 'O']",Lokomotiva Kosice 2 Kerametal Dubnica 0,"['Lokomotiva(B-Organization)', 'Kosice(I-Organization)', '2(O)', 'Kerametal(B-Organization)', 'Dubnica(I-Organization)', '0(O)']",Lokomotiva(B-Organization) Kosice(I-Organization) 2(O) Kerametal(B-Organization) Dubnica(I-Organization) 0(O),"Input: Lokomotiva Kosice 2 Kerametal Dubnica 0
Output: Lokomotiva(B-Organization) Kosice(I-Organization) 2(O) Kerametal(B-Organization) Dubnica(I-Organization) 0(O)"
7822,['STATE' 'FACILITIES' 'REFUNDING' 'BONDS'],"['O', 'O', 'O', 'O']",STATE FACILITIES REFUNDING BONDS,"['STATE(O)', 'FACILITIES(O)', 'REFUNDING(O)', 'BONDS(O)']",STATE(O) FACILITIES(O) REFUNDING(O) BONDS(O),"Input: STATE FACILITIES REFUNDING BONDS
Output: STATE(O) FACILITIES(O) REFUNDING(O) BONDS(O)"
3020,"['Anytime' 'somebody' 'gets' 'the' 'opportunity' 'to' 'enter' 'the' 'next'
 'era' 'with' 'such' 'a' 'big' 'bang' 'has' 'got' 'to' 'be' 'seen' 'as'
 'a' 'strong' 'message' 'to' 'the' 'industry' '.' '""']","['O', 'O', 'O', 'O', 'O', 'O', 'O', 'O', 'O', 'O', 'O', 'O', 'O', 'O', 'O', 'O', 'O', 'O', 'O', 'O', 'O', 'O', 'O', 'O', 'O', 'O', 'O', 'O', 'O']","Anytime somebody gets the opportunity to enter the next era with such a big bang has got to be seen as a strong message to the industry . ""","['Anytime(O)', 'somebody(O)', 'gets(O)', 'the(O)', 'opportunity(O)', 'to(O)', 'enter(O)', 'the(O)', 'next(O)', 'era(O)', 'with(O)', 'such(O)', 'a(O)', 'big(O)', 'bang(O)', 'has(O)', 'got(O)', 'to(O)', 'be(O)', 'seen(O)', 'as(O)', 'a(O)', 'strong(O)', 'message(O)', 'to(O)', 'the(O)', 'industry(O)', '.(O)', '""(O)']","Anytime(O) somebody(O) gets(O) the(O) opportunity(O) to(O) enter(O) the(O) next(O) era(O) with(O) such(O) a(O) big(O) bang(O) has(O) got(O) to(O) be(O) seen(O) as(O) a(O) strong(O) message(O) to(O) the(O) industry(O) .(O) ""(O)","Input: Anytime somebody gets the opportunity to enter the next era with such a big bang has got to be seen as a strong message to the industry . ""
Output: Anytime(O) somebody(O) gets(O) the(O) opportunity(O) to(O) enter(O) the(O) next(O) era(O) with(O) such(O) a(O) big(O) bang(O) has(O) got(O) to(O) be(O) seen(O) as(O) a(O) strong(O) message(O) to(O) the(O) industry(O) .(O) ""(O)"
6527,['LONDON' '1996-08-26'],"['B-Location', 'O']",LONDON 1996-08-26,"['LONDON(B-Location)', '1996-08-26(O)']",LONDON(B-Location) 1996-08-26(O),"Input: LONDON 1996-08-26
Output: LONDON(B-Location) 1996-08-26(O)"
1635,['She' 'agreed' '.'],"['O', 'O', 'O']",She agreed .,"['She(O)', 'agreed(O)', '.(O)']",She(O) agreed(O) .(O),"Input: She agreed .
Output: She(O) agreed(O) .(O)"
8354,['Wasim' 'Akram' '128' '29' '350' '11' '31.81'],"['B-Person', 'I-Person', 'O', 'O', 'O', 'O', 'O']",Wasim Akram 128 29 350 11 31.81,"['Wasim(B-Person)', 'Akram(I-Person)', '128(O)', '29(O)', '350(O)', '11(O)', '31.81(O)']",Wasim(B-Person) Akram(I-Person) 128(O) 29(O) 350(O) 11(O) 31.81(O),"Input: Wasim Akram 128 29 350 11 31.81
Output: Wasim(B-Person) Akram(I-Person) 128(O) 29(O) 350(O) 11(O) 31.81(O)"
5469,['LISBON' '1996-08-25'],"['B-Location', 'O']",LISBON 1996-08-25,"['LISBON(B-Location)', '1996-08-25(O)']",LISBON(B-Location) 1996-08-25(O),"Input: LISBON 1996-08-25
Output: LISBON(B-Location) 1996-08-25(O)"
2597,['CALGARY' '1996-08-23'],"['B-Location', 'O']",CALGARY 1996-08-23,"['CALGARY(B-Location)', '1996-08-23(O)']",CALGARY(B-Location) 1996-08-23(O),"Input: CALGARY 1996-08-23
Output: CALGARY(B-Location) 1996-08-23(O)"
13636,"['The' 'armed' 'militants' 'were' 'shot' 'dead' 'in' 'Nahar' 'village'
 '90' 'km' '(' '56' 'miles' ')' 'south' 'of' 'Algiers' ',' 'Liberte'
 'newspaper' 'said' '.']","['O', 'O', 'O', 'O', 'O', 'O', 'O', 'B-Location', 'O', 'O', 'O', 'O', 'O', 'O', 'O', 'O', 'O', 'B-Location', 'O', 'B-Organization', 'O', 'O', 'O']","The armed militants were shot dead in Nahar village 90 km ( 56 miles ) south of Algiers , Liberte newspaper said .","['The(O)', 'armed(O)', 'militants(O)', 'were(O)', 'shot(O)', 'dead(O)', 'in(O)', 'Nahar(B-Location)', 'village(O)', '90(O)', 'km(O)', '((O)', '56(O)', 'miles(O)', ')(O)', 'south(O)', 'of(O)', 'Algiers(B-Location)', ',(O)', 'Liberte(B-Organization)', 'newspaper(O)', 'said(O)', '.(O)']","The(O) armed(O) militants(O) were(O) shot(O) dead(O) in(O) Nahar(B-Location) village(O) 90(O) km(O) ((O) 56(O) miles(O) )(O) south(O) of(O) Algiers(B-Location) ,(O) Liberte(B-Organization) newspaper(O) said(O) .(O)","Input: The armed militants were shot dead in Nahar village 90 km ( 56 miles ) south of Algiers , Liberte newspaper said .
Output: The(O) armed(O) militants(O) were(O) shot(O) dead(O) in(O) Nahar(B-Location) village(O) 90(O) km(O) ((O) 56(O) miles(O) )(O) south(O) of(O) Algiers(B-Location) ,(O) Liberte(B-Organization) newspaper(O) said(O) .(O)"
8370,['BUCHAREST' '1996-08-27'],"['B-Location', 'O']",BUCHAREST 1996-08-27,"['BUCHAREST(B-Location)', '1996-08-27(O)']",BUCHAREST(B-Location) 1996-08-27(O),"Input: BUCHAREST 1996-08-27
Output: BUCHAREST(B-Location) 1996-08-27(O)"
12397,"['England-based' 'goalkeeper' 'Bruce' 'Grobbelaar' 'has' 'been'
 'appointed' 'temporary' 'head' 'coach' 'of' 'the' 'Zimbabwe' 'national'
 'soccer' 'team' 'for' 'two' 'international' 'matches' ',' 'the'
 'Zimbabwe' 'Football' 'Association' '(' 'ZIFA' ')' 'said' 'on' 'Thursday'
 '.']","['B-Miscellaneous', 'O', 'B-Person', 'I-Person', 'O', 'O', 'O', 'O', 'O', 'O', 'O', 'O', 'B-Location', 'O', 'O', 'O', 'O', 'O', 'O', 'O', 'O', 'O', 'B-Organization', 'I-Organization', 'I-Organization', 'O', 'B-Organization', 'O', 'O', 'O', 'O', 'O']","England-based goalkeeper Bruce Grobbelaar has been appointed temporary head coach of the Zimbabwe national soccer team for two international matches , the Zimbabwe Football Association ( ZIFA ) said on Thursday .","['England-based(B-Miscellaneous)', 'goalkeeper(O)', 'Bruce(B-Person)', 'Grobbelaar(I-Person)', 'has(O)', 'been(O)', 'appointed(O)', 'temporary(O)', 'head(O)', 'coach(O)', 'of(O)', 'the(O)', 'Zimbabwe(B-Location)', 'national(O)', 'soccer(O)', 'team(O)', 'for(O)', 'two(O)', 'international(O)', 'matches(O)', ',(O)', 'the(O)', 'Zimbabwe(B-Organization)', 'Football(I-Organization)', 'Association(I-Organization)', '((O)', 'ZIFA(B-Organization)', ')(O)', 'said(O)', 'on(O)', 'Thursday(O)', '.(O)']","England-based(B-Miscellaneous) goalkeeper(O) Bruce(B-Person) Grobbelaar(I-Person) has(O) been(O) appointed(O) temporary(O) head(O) coach(O) of(O) the(O) Zimbabwe(B-Location) national(O) soccer(O) team(O) for(O) two(O) international(O) matches(O) ,(O) the(O) Zimbabwe(B-Organization) Football(I-Organization) Association(I-Organization) ((O) ZIFA(B-Organization) )(O) said(O) on(O) Thursday(O) .(O)","Input: England-based goalkeeper Bruce Grobbelaar has been appointed temporary head coach of the Zimbabwe national soccer team for two international matches , the Zimbabwe Football Association ( ZIFA ) said on Thursday .
Output: England-based(B-Miscellaneous) goalkeeper(O) Bruce(B-Person) Grobbelaar(I-Person) has(O) been(O) appointed(O) temporary(O) head(O) coach(O) of(O) the(O) Zimbabwe(B-Location) national(O) soccer(O) team(O) for(O) two(O) international(O) matches(O) ,(O) the(O) Zimbabwe(B-Organization) Football(I-Organization) Association(I-Organization) ((O) ZIFA(B-Organization) )(O) said(O) on(O) Thursday(O) .(O)"
13646,"['The' 'men' 'could' 'face' 'charges' 'carrying' 'up' 'to' 'six' 'to' '10'
 'years' 'in' 'prison' ',' 'he' 'said' '.']","['O', 'O', 'O', 'O', 'O', 'O', 'O', 'O', 'O', 'O', 'O', 'O', 'O', 'O', 'O', 'O', 'O', 'O']","The men could face charges carrying up to six to 10 years in prison , he said .","['The(O)', 'men(O)', 'could(O)', 'face(O)', 'charges(O)', 'carrying(O)', 'up(O)', 'to(O)', 'six(O)', 'to(O)', '10(O)', 'years(O)', 'in(O)', 'prison(O)', ',(O)', 'he(O)', 'said(O)', '.(O)']","The(O) men(O) could(O) face(O) charges(O) carrying(O) up(O) to(O) six(O) to(O) 10(O) years(O) in(O) prison(O) ,(O) he(O) said(O) .(O)","Input: The men could face charges carrying up to six to 10 years in prison , he said .
Output: The(O) men(O) could(O) face(O) charges(O) carrying(O) up(O) to(O) six(O) to(O) 10(O) years(O) in(O) prison(O) ,(O) he(O) said(O) .(O)"
5093,['Vojvodina' '1' 'Partizan' '1'],"['B-Organization', 'O', 'B-Organization', 'O']",Vojvodina 1 Partizan 1,"['Vojvodina(B-Organization)', '1(O)', 'Partizan(B-Organization)', '1(O)']",Vojvodina(B-Organization) 1(O) Partizan(B-Organization) 1(O),"Input: Vojvodina 1 Partizan 1
Output: Vojvodina(B-Organization) 1(O) Partizan(B-Organization) 1(O)"
657,['18-15' '15-6'],"['O', 'O']",18-15 15-6,"['18-15(O)', '15-6(O)']",18-15(O) 15-6(O),"Input: 18-15 15-6
Output: 18-15(O) 15-6(O)"
7798,['ISSUER' ':' 'Marion' 'County' 'Board' 'of' 'Education' 'ST' ':' 'WV'],"['O', 'O', 'B-Organization', 'I-Organization', 'I-Organization', 'I-Organization', 'I-Organization', 'O', 'O', 'O']",ISSUER : Marion County Board of Education ST : WV,"['ISSUER(O)', ':(O)', 'Marion(B-Organization)', 'County(I-Organization)', 'Board(I-Organization)', 'of(I-Organization)', 'Education(I-Organization)', 'ST(O)', ':(O)', 'WV(O)']",ISSUER(O) :(O) Marion(B-Organization) County(I-Organization) Board(I-Organization) of(I-Organization) Education(I-Organization) ST(O) :(O) WV(O),"Input: ISSUER : Marion County Board of Education ST : WV
Output: ISSUER(O) :(O) Marion(B-Organization) County(I-Organization) Board(I-Organization) of(I-Organization) Education(I-Organization) ST(O) :(O) WV(O)"
1629,"['When' 'in' '1979' 'she' 'was' 'told' 'she' 'had' 'won' 'the' 'Nobel'
 'Peace' 'Prize' ',' 'she' 'said' 'characteristically' ':' '""' 'I' 'am'
 'unworthy' '.' '""']","['O', 'O', 'O', 'O', 'O', 'O', 'O', 'O', 'O', 'O', 'B-Miscellaneous', 'I-Miscellaneous', 'I-Miscellaneous', 'O', 'O', 'O', 'O', 'O', 'O', 'O', 'O', 'O', 'O', 'O']","When in 1979 she was told she had won the Nobel Peace Prize , she said characteristically : "" I am unworthy . ""","['When(O)', 'in(O)', '1979(O)', 'she(O)', 'was(O)', 'told(O)', 'she(O)', 'had(O)', 'won(O)', 'the(O)', 'Nobel(B-Miscellaneous)', 'Peace(I-Miscellaneous)', 'Prize(I-Miscellaneous)', ',(O)', 'she(O)', 'said(O)', 'characteristically(O)', ':(O)', '""(O)', 'I(O)', 'am(O)', 'unworthy(O)', '.(O)', '""(O)']","When(O) in(O) 1979(O) she(O) was(O) told(O) she(O) had(O) won(O) the(O) Nobel(B-Miscellaneous) Peace(I-Miscellaneous) Prize(I-Miscellaneous) ,(O) she(O) said(O) characteristically(O) :(O) ""(O) I(O) am(O) unworthy(O) .(O) ""(O)","Input: When in 1979 she was told she had won the Nobel Peace Prize , she said characteristically : "" I am unworthy . ""
Output: When(O) in(O) 1979(O) she(O) was(O) told(O) she(O) had(O) won(O) the(O) Nobel(B-Miscellaneous) Peace(I-Miscellaneous) Prize(I-Miscellaneous) ,(O) she(O) said(O) characteristically(O) :(O) ""(O) I(O) am(O) unworthy(O) .(O) ""(O)"
12134,"['NATO' 'said' 'in' 'a' 'statement' 'received' 'on' 'Wednesday' 'that'
 'its' 'military' 'committee' 'would' 'visit' 'the' 'two' 'countries'
 'between' 'September' '8' 'and' '13' '.']","['B-Organization', 'O', 'O', 'O', 'O', 'O', 'O', 'O', 'O', 'O', 'O', 'O', 'O', 'O', 'O', 'O', 'O', 'O', 'O', 'O', 'O', 'O', 'O']",NATO said in a statement received on Wednesday that its military committee would visit the two countries between September 8 and 13 .,"['NATO(B-Organization)', 'said(O)', 'in(O)', 'a(O)', 'statement(O)', 'received(O)', 'on(O)', 'Wednesday(O)', 'that(O)', 'its(O)', 'military(O)', 'committee(O)', 'would(O)', 'visit(O)', 'the(O)', 'two(O)', 'countries(O)', 'between(O)', 'September(O)', '8(O)', 'and(O)', '13(O)', '.(O)']",NATO(B-Organization) said(O) in(O) a(O) statement(O) received(O) on(O) Wednesday(O) that(O) its(O) military(O) committee(O) would(O) visit(O) the(O) two(O) countries(O) between(O) September(O) 8(O) and(O) 13(O) .(O),"Input: NATO said in a statement received on Wednesday that its military committee would visit the two countries between September 8 and 13 .
Output: NATO(B-Organization) said(O) in(O) a(O) statement(O) received(O) on(O) Wednesday(O) that(O) its(O) military(O) committee(O) would(O) visit(O) the(O) two(O) countries(O) between(O) September(O) 8(O) and(O) 13(O) .(O)"
9732,['Emnid' 'June' '30' '39.0' '33.0' '6.0' '12.0' '5.0'],"['B-Organization', 'O', 'O', 'O', 'O', 'O', 'O', 'O']",Emnid June 30 39.0 33.0 6.0 12.0 5.0,"['Emnid(B-Organization)', 'June(O)', '30(O)', '39.0(O)', '33.0(O)', '6.0(O)', '12.0(O)', '5.0(O)']",Emnid(B-Organization) June(O) 30(O) 39.0(O) 33.0(O) 6.0(O) 12.0(O) 5.0(O),"Input: Emnid June 30 39.0 33.0 6.0 12.0 5.0
Output: Emnid(B-Organization) June(O) 30(O) 39.0(O) 33.0(O) 6.0(O) 12.0(O) 5.0(O)"
11262,"['Under' 'the' 'revised' 'version' 'state' 'spending' 'is' 'expected' 'to'
 'rise' 'by' 'some' '566' 'billion' 'lei' '.']","['O', 'O', 'O', 'O', 'O', 'O', 'O', 'O', 'O', 'O', 'O', 'O', 'O', 'O', 'O', 'O']",Under the revised version state spending is expected to rise by some 566 billion lei .,"['Under(O)', 'the(O)', 'revised(O)', 'version(O)', 'state(O)', 'spending(O)', 'is(O)', 'expected(O)', 'to(O)', 'rise(O)', 'by(O)', 'some(O)', '566(O)', 'billion(O)', 'lei(O)', '.(O)']",Under(O) the(O) revised(O) version(O) state(O) spending(O) is(O) expected(O) to(O) rise(O) by(O) some(O) 566(O) billion(O) lei(O) .(O),"Input: Under the revised version state spending is expected to rise by some 566 billion lei .
Output: Under(O) the(O) revised(O) version(O) state(O) spending(O) is(O) expected(O) to(O) rise(O) by(O) some(O) 566(O) billion(O) lei(O) .(O)"
152,['JERUSALEM' '1996-08-22'],"['B-Location', 'O']",JERUSALEM 1996-08-22,"['JERUSALEM(B-Location)', '1996-08-22(O)']",JERUSALEM(B-Location) 1996-08-22(O),"Input: JERUSALEM 1996-08-22
Output: JERUSALEM(B-Location) 1996-08-22(O)"
13252,"['The' 'government' 'says' 'more' 'than' '50,000' 'people' 'have' 'died'
 'in' 'the' 'ethnic' 'war' ',' 'now' 'in' 'its' '14th' 'year' '.']","['O', 'O', 'O', 'O', 'O', 'O', 'O', 'O', 'O', 'O', 'O', 'O', 'O', 'O', 'O', 'O', 'O', 'O', 'O', 'O']","The government says more than 50,000 people have died in the ethnic war , now in its 14th year .","['The(O)', 'government(O)', 'says(O)', 'more(O)', 'than(O)', '50,000(O)', 'people(O)', 'have(O)', 'died(O)', 'in(O)', 'the(O)', 'ethnic(O)', 'war(O)', ',(O)', 'now(O)', 'in(O)', 'its(O)', '14th(O)', 'year(O)', '.(O)']","The(O) government(O) says(O) more(O) than(O) 50,000(O) people(O) have(O) died(O) in(O) the(O) ethnic(O) war(O) ,(O) now(O) in(O) its(O) 14th(O) year(O) .(O)","Input: The government says more than 50,000 people have died in the ethnic war , now in its 14th year .
Output: The(O) government(O) says(O) more(O) than(O) 50,000(O) people(O) have(O) died(O) in(O) the(O) ethnic(O) war(O) ,(O) now(O) in(O) its(O) 14th(O) year(O) .(O)"
8222,['Gillingham' '3' '1' '1' '1' '4' '5' '4'],"['B-Organization', 'O', 'O', 'O', 'O', 'O', 'O', 'O']",Gillingham 3 1 1 1 4 5 4,"['Gillingham(B-Organization)', '3(O)', '1(O)', '1(O)', '1(O)', '4(O)', '5(O)', '4(O)']",Gillingham(B-Organization) 3(O) 1(O) 1(O) 1(O) 4(O) 5(O) 4(O),"Input: Gillingham 3 1 1 1 4 5 4
Output: Gillingham(B-Organization) 3(O) 1(O) 1(O) 1(O) 4(O) 5(O) 4(O)"
1493,['FRANKFURT' '1996-08-22'],"['B-Location', 'O']",FRANKFURT 1996-08-22,"['FRANKFURT(B-Location)', '1996-08-22(O)']",FRANKFURT(B-Location) 1996-08-22(O),"Input: FRANKFURT 1996-08-22
Output: FRANKFURT(B-Location) 1996-08-22(O)"
12972,"['Banharn' ',' 'who' 'leads' 'a' 'six-party' ',' '13-month-old'
 'coalition' 'government' ',' 'faces' 'a' 'no-confidence' 'debate' 'in'
 'parliament' 'next' 'month' '.']","['B-Person', 'O', 'O', 'O', 'O', 'O', 'O', 'O', 'O', 'O', 'O', 'O', 'O', 'O', 'O', 'O', 'O', 'O', 'O', 'O']","Banharn , who leads a six-party , 13-month-old coalition government , faces a no-confidence debate in parliament next month .","['Banharn(B-Person)', ',(O)', 'who(O)', 'leads(O)', 'a(O)', 'six-party(O)', ',(O)', '13-month-old(O)', 'coalition(O)', 'government(O)', ',(O)', 'faces(O)', 'a(O)', 'no-confidence(O)', 'debate(O)', 'in(O)', 'parliament(O)', 'next(O)', 'month(O)', '.(O)']","Banharn(B-Person) ,(O) who(O) leads(O) a(O) six-party(O) ,(O) 13-month-old(O) coalition(O) government(O) ,(O) faces(O) a(O) no-confidence(O) debate(O) in(O) parliament(O) next(O) month(O) .(O)","Input: Banharn , who leads a six-party , 13-month-old coalition government , faces a no-confidence debate in parliament next month .
Output: Banharn(B-Person) ,(O) who(O) leads(O) a(O) six-party(O) ,(O) 13-month-old(O) coalition(O) government(O) ,(O) faces(O) a(O) no-confidence(O) debate(O) in(O) parliament(O) next(O) month(O) .(O)"
13959,"['Olympic' 'champion' 'Nathalie' 'Lancien' 'of' 'France' 'also' 'missed'
 'the' 'winning' 'attack' 'and' 'finished' 'a' 'disappointing' '10th' '.']","['B-Miscellaneous', 'O', 'B-Person', 'I-Person', 'O', 'B-Location', 'O', 'O', 'O', 'O', 'O', 'O', 'O', 'O', 'O', 'O', 'O']",Olympic champion Nathalie Lancien of France also missed the winning attack and finished a disappointing 10th .,"['Olympic(B-Miscellaneous)', 'champion(O)', 'Nathalie(B-Person)', 'Lancien(I-Person)', 'of(O)', 'France(B-Location)', 'also(O)', 'missed(O)', 'the(O)', 'winning(O)', 'attack(O)', 'and(O)', 'finished(O)', 'a(O)', 'disappointing(O)', '10th(O)', '.(O)']",Olympic(B-Miscellaneous) champion(O) Nathalie(B-Person) Lancien(I-Person) of(O) France(B-Location) also(O) missed(O) the(O) winning(O) attack(O) and(O) finished(O) a(O) disappointing(O) 10th(O) .(O),"Input: Olympic champion Nathalie Lancien of France also missed the winning attack and finished a disappointing 10th .
Output: Olympic(B-Miscellaneous) champion(O) Nathalie(B-Person) Lancien(I-Person) of(O) France(B-Location) also(O) missed(O) the(O) winning(O) attack(O) and(O) finished(O) a(O) disappointing(O) 10th(O) .(O)"
12651,['Willem' 'II' 'Tilburg' '1' 'RKC' 'Waalwijk' '3'],"['B-Organization', 'I-Organization', 'I-Organization', 'O', 'B-Organization', 'I-Organization', 'O']",Willem II Tilburg 1 RKC Waalwijk 3,"['Willem(B-Organization)', 'II(I-Organization)', 'Tilburg(I-Organization)', '1(O)', 'RKC(B-Organization)', 'Waalwijk(I-Organization)', '3(O)']",Willem(B-Organization) II(I-Organization) Tilburg(I-Organization) 1(O) RKC(B-Organization) Waalwijk(I-Organization) 3(O),"Input: Willem II Tilburg 1 RKC Waalwijk 3
Output: Willem(B-Organization) II(I-Organization) Tilburg(I-Organization) 1(O) RKC(B-Organization) Waalwijk(I-Organization) 3(O)"
2575,"['South' 'African' 'company' 'results' 'expected' 'next' 'week' 'include'
 'the']","['B-Miscellaneous', 'I-Miscellaneous', 'O', 'O', 'O', 'O', 'O', 'O', 'O']",South African company results expected next week include the,"['South(B-Miscellaneous)', 'African(I-Miscellaneous)', 'company(O)', 'results(O)', 'expected(O)', 'next(O)', 'week(O)', 'include(O)', 'the(O)']",South(B-Miscellaneous) African(I-Miscellaneous) company(O) results(O) expected(O) next(O) week(O) include(O) the(O),"Input: South African company results expected next week include the
Output: South(B-Miscellaneous) African(I-Miscellaneous) company(O) results(O) expected(O) next(O) week(O) include(O) the(O)"
9610,['VNU' 'details' 'first-half' 'operating' 'profits' '.'],"['B-Organization', 'O', 'O', 'O', 'O', 'O']",VNU details first-half operating profits .,"['VNU(B-Organization)', 'details(O)', 'first-half(O)', 'operating(O)', 'profits(O)', '.(O)']",VNU(B-Organization) details(O) first-half(O) operating(O) profits(O) .(O),"Input: VNU details first-half operating profits .
Output: VNU(B-Organization) details(O) first-half(O) operating(O) profits(O) .(O)"
11591,"['The' 'loan' 'is' 'at' 'LIBOR' 'plus' 'one' 'percent' ',' 'it' 'said' '.']","['O', 'O', 'O', 'O', 'B-Miscellaneous', 'O', 'O', 'O', 'O', 'O', 'O', 'O']","The loan is at LIBOR plus one percent , it said .","['The(O)', 'loan(O)', 'is(O)', 'at(O)', 'LIBOR(B-Miscellaneous)', 'plus(O)', 'one(O)', 'percent(O)', ',(O)', 'it(O)', 'said(O)', '.(O)']","The(O) loan(O) is(O) at(O) LIBOR(B-Miscellaneous) plus(O) one(O) percent(O) ,(O) it(O) said(O) .(O)","Input: The loan is at LIBOR plus one percent , it said .
Output: The(O) loan(O) is(O) at(O) LIBOR(B-Miscellaneous) plus(O) one(O) percent(O) ,(O) it(O) said(O) .(O)"
8655,['PARIS' '1996-08-27'],"['B-Location', 'O']",PARIS 1996-08-27,"['PARIS(B-Location)', '1996-08-27(O)']",PARIS(B-Location) 1996-08-27(O),"Input: PARIS 1996-08-27
Output: PARIS(B-Location) 1996-08-27(O)"
5981,"['Police' 'said' 'the' 'killings' 'occurred' 'on' 'Saturday' 'morning'
 'in' 'the' 'municipality' 'of' 'Anza' 'but' 'news' 'of' 'the' 'massacre'
 'only' 'reached' 'the' 'provincial' 'capital' 'of' 'Medellin' 'early'
 'on' 'Sunday' '.']","['O', 'O', 'O', 'O', 'O', 'O', 'O', 'O', 'O', 'O', 'O', 'O', 'B-Location', 'O', 'O', 'O', 'O', 'O', 'O', 'O', 'O', 'O', 'O', 'O', 'B-Location', 'O', 'O', 'O', 'O']",Police said the killings occurred on Saturday morning in the municipality of Anza but news of the massacre only reached the provincial capital of Medellin early on Sunday .,"['Police(O)', 'said(O)', 'the(O)', 'killings(O)', 'occurred(O)', 'on(O)', 'Saturday(O)', 'morning(O)', 'in(O)', 'the(O)', 'municipality(O)', 'of(O)', 'Anza(B-Location)', 'but(O)', 'news(O)', 'of(O)', 'the(O)', 'massacre(O)', 'only(O)', 'reached(O)', 'the(O)', 'provincial(O)', 'capital(O)', 'of(O)', 'Medellin(B-Location)', 'early(O)', 'on(O)', 'Sunday(O)', '.(O)']",Police(O) said(O) the(O) killings(O) occurred(O) on(O) Saturday(O) morning(O) in(O) the(O) municipality(O) of(O) Anza(B-Location) but(O) news(O) of(O) the(O) massacre(O) only(O) reached(O) the(O) provincial(O) capital(O) of(O) Medellin(B-Location) early(O) on(O) Sunday(O) .(O),"Input: Police said the killings occurred on Saturday morning in the municipality of Anza but news of the massacre only reached the provincial capital of Medellin early on Sunday .
Output: Police(O) said(O) the(O) killings(O) occurred(O) on(O) Saturday(O) morning(O) in(O) the(O) municipality(O) of(O) Anza(B-Location) but(O) news(O) of(O) the(O) massacre(O) only(O) reached(O) the(O) provincial(O) capital(O) of(O) Medellin(B-Location) early(O) on(O) Sunday(O) .(O)"
227,"['Outlook' 'for' 'a' 'bullish' 'cattle-on-feed' 'report' 'is' 'also'
 'expected' 'to' 'lend' 'support' 'and' 'prompt' 'some' 'bull' 'spreading'
 ',' 'analysts' 'said' '.']","['O', 'O', 'O', 'O', 'O', 'O', 'O', 'O', 'O', 'O', 'O', 'O', 'O', 'O', 'O', 'O', 'O', 'O', 'O', 'O', 'O']","Outlook for a bullish cattle-on-feed report is also expected to lend support and prompt some bull spreading , analysts said .","['Outlook(O)', 'for(O)', 'a(O)', 'bullish(O)', 'cattle-on-feed(O)', 'report(O)', 'is(O)', 'also(O)', 'expected(O)', 'to(O)', 'lend(O)', 'support(O)', 'and(O)', 'prompt(O)', 'some(O)', 'bull(O)', 'spreading(O)', ',(O)', 'analysts(O)', 'said(O)', '.(O)']","Outlook(O) for(O) a(O) bullish(O) cattle-on-feed(O) report(O) is(O) also(O) expected(O) to(O) lend(O) support(O) and(O) prompt(O) some(O) bull(O) spreading(O) ,(O) analysts(O) said(O) .(O)","Input: Outlook for a bullish cattle-on-feed report is also expected to lend support and prompt some bull spreading , analysts said .
Output: Outlook(O) for(O) a(O) bullish(O) cattle-on-feed(O) report(O) is(O) also(O) expected(O) to(O) lend(O) support(O) and(O) prompt(O) some(O) bull(O) spreading(O) ,(O) analysts(O) said(O) .(O)"
8090,['The' 'government' 'has' 'slashed' 'its' 'road-building' 'spending' '.'],"['O', 'O', 'O', 'O', 'O', 'O', 'O', 'O']",The government has slashed its road-building spending .,"['The(O)', 'government(O)', 'has(O)', 'slashed(O)', 'its(O)', 'road-building(O)', 'spending(O)', '.(O)']",The(O) government(O) has(O) slashed(O) its(O) road-building(O) spending(O) .(O),"Input: The government has slashed its road-building spending .
Output: The(O) government(O) has(O) slashed(O) its(O) road-building(O) spending(O) .(O)"
12378,"['Leeds' '(' 'Headingley' ')' ':' 'Yorkshire' '290' '(' 'C.' 'White' '76'
 ',' 'M.' 'Moxon' '59' ',' 'R.' 'Blakey' '57' ')' ',' 'Essex' '79-2' '.']","['B-Organization', 'O', 'B-Location', 'O', 'O', 'B-Organization', 'O', 'O', 'B-Person', 'I-Person', 'O', 'O', 'B-Person', 'I-Person', 'O', 'O', 'B-Person', 'I-Person', 'O', 'O', 'O', 'B-Organization', 'O', 'O']","Leeds ( Headingley ) : Yorkshire 290 ( C. White 76 , M. Moxon 59 , R. Blakey 57 ) , Essex 79-2 .","['Leeds(B-Organization)', '((O)', 'Headingley(B-Location)', ')(O)', ':(O)', 'Yorkshire(B-Organization)', '290(O)', '((O)', 'C.(B-Person)', 'White(I-Person)', '76(O)', ',(O)', 'M.(B-Person)', 'Moxon(I-Person)', '59(O)', ',(O)', 'R.(B-Person)', 'Blakey(I-Person)', '57(O)', ')(O)', ',(O)', 'Essex(B-Organization)', '79-2(O)', '.(O)']","Leeds(B-Organization) ((O) Headingley(B-Location) )(O) :(O) Yorkshire(B-Organization) 290(O) ((O) C.(B-Person) White(I-Person) 76(O) ,(O) M.(B-Person) Moxon(I-Person) 59(O) ,(O) R.(B-Person) Blakey(I-Person) 57(O) )(O) ,(O) Essex(B-Organization) 79-2(O) .(O)","Input: Leeds ( Headingley ) : Yorkshire 290 ( C. White 76 , M. Moxon 59 , R. Blakey 57 ) , Essex 79-2 .
Output: Leeds(B-Organization) ((O) Headingley(B-Location) )(O) :(O) Yorkshire(B-Organization) 290(O) ((O) C.(B-Person) White(I-Person) 76(O) ,(O) M.(B-Person) Moxon(I-Person) 59(O) ,(O) R.(B-Person) Blakey(I-Person) 57(O) )(O) ,(O) Essex(B-Organization) 79-2(O) .(O)"
8024,"['He' 'reiterates' 'promise' 'that' 'a' 'future' 'Labour' 'government'
 'will' 'remove' 'VAT' '.']","['O', 'O', 'O', 'O', 'O', 'O', 'B-Organization', 'O', 'O', 'O', 'O', 'O']",He reiterates promise that a future Labour government will remove VAT .,"['He(O)', 'reiterates(O)', 'promise(O)', 'that(O)', 'a(O)', 'future(O)', 'Labour(B-Organization)', 'government(O)', 'will(O)', 'remove(O)', 'VAT(O)', '.(O)']",He(O) reiterates(O) promise(O) that(O) a(O) future(O) Labour(B-Organization) government(O) will(O) remove(O) VAT(O) .(O),"Input: He reiterates promise that a future Labour government will remove VAT .
Output: He(O) reiterates(O) promise(O) that(O) a(O) future(O) Labour(B-Organization) government(O) will(O) remove(O) VAT(O) .(O)"
7554,"['It' 'said' 'heavy' 'fighting' 'started' 'at' 'midnight' 'in' 'the'
 'region' 'dividing' 'the' 'two' 'warring' 'factions' ',' 'with' 'the'
 'PUK' 'aiming' 'to' 'break' 'through' 'to' 'KDP' ""'s"" 'headquarters' 'in'
 'Salahuddin' '.']","['O', 'O', 'O', 'O', 'O', 'O', 'O', 'O', 'O', 'O', 'O', 'O', 'O', 'O', 'O', 'O', 'O', 'O', 'B-Organization', 'O', 'O', 'O', 'O', 'O', 'B-Organization', 'O', 'O', 'O', 'B-Location', 'O']","It said heavy fighting started at midnight in the region dividing the two warring factions , with the PUK aiming to break through to KDP 's headquarters in Salahuddin .","['It(O)', 'said(O)', 'heavy(O)', 'fighting(O)', 'started(O)', 'at(O)', 'midnight(O)', 'in(O)', 'the(O)', 'region(O)', 'dividing(O)', 'the(O)', 'two(O)', 'warring(O)', 'factions(O)', ',(O)', 'with(O)', 'the(O)', 'PUK(B-Organization)', 'aiming(O)', 'to(O)', 'break(O)', 'through(O)', 'to(O)', 'KDP(B-Organization)', ""'s(O)"", 'headquarters(O)', 'in(O)', 'Salahuddin(B-Location)', '.(O)']","It(O) said(O) heavy(O) fighting(O) started(O) at(O) midnight(O) in(O) the(O) region(O) dividing(O) the(O) two(O) warring(O) factions(O) ,(O) with(O) the(O) PUK(B-Organization) aiming(O) to(O) break(O) through(O) to(O) KDP(B-Organization) 's(O) headquarters(O) in(O) Salahuddin(B-Location) .(O)","Input: It said heavy fighting started at midnight in the region dividing the two warring factions , with the PUK aiming to break through to KDP 's headquarters in Salahuddin .
Output: It(O) said(O) heavy(O) fighting(O) started(O) at(O) midnight(O) in(O) the(O) region(O) dividing(O) the(O) two(O) warring(O) factions(O) ,(O) with(O) the(O) PUK(B-Organization) aiming(O) to(O) break(O) through(O) to(O) KDP(B-Organization) 's(O) headquarters(O) in(O) Salahuddin(B-Location) .(O)"
9988,['1.' 'Oksana' 'Ovchinnikova' '(' 'Russia' ')' '58.94' 'metres'],"['O', 'B-Person', 'I-Person', 'O', 'B-Location', 'O', 'O', 'O']",1. Oksana Ovchinnikova ( Russia ) 58.94 metres,"['1.(O)', 'Oksana(B-Person)', 'Ovchinnikova(I-Person)', '((O)', 'Russia(B-Location)', ')(O)', '58.94(O)', 'metres(O)']",1.(O) Oksana(B-Person) Ovchinnikova(I-Person) ((O) Russia(B-Location) )(O) 58.94(O) metres(O),"Input: 1. Oksana Ovchinnikova ( Russia ) 58.94 metres
Output: 1.(O) Oksana(B-Person) Ovchinnikova(I-Person) ((O) Russia(B-Location) )(O) 58.94(O) metres(O)"
10449,['CLEVELAND' 'AT' 'DETROIT'],"['B-Organization', 'O', 'B-Location']",CLEVELAND AT DETROIT,"['CLEVELAND(B-Organization)', 'AT(O)', 'DETROIT(B-Location)']",CLEVELAND(B-Organization) AT(O) DETROIT(B-Location),"Input: CLEVELAND AT DETROIT
Output: CLEVELAND(B-Organization) AT(O) DETROIT(B-Location)"
6296,"['St' 'Helens' 'needed' 'to' 'win' 'on' 'Monday' 'to' 'take' 'the' 'title'
 '--' 'a' 'defeat' 'or' 'draw' 'would' 'have' 'allowed' 'Wigan' 'their'
 'eighth' 'consecutive' 'championship' '.']","['B-Organization', 'I-Organization', 'O', 'O', 'O', 'O', 'O', 'O', 'O', 'O', 'O', 'O', 'O', 'O', 'O', 'O', 'O', 'O', 'O', 'B-Organization', 'O', 'O', 'O', 'O', 'O']",St Helens needed to win on Monday to take the title -- a defeat or draw would have allowed Wigan their eighth consecutive championship .,"['St(B-Organization)', 'Helens(I-Organization)', 'needed(O)', 'to(O)', 'win(O)', 'on(O)', 'Monday(O)', 'to(O)', 'take(O)', 'the(O)', 'title(O)', '--(O)', 'a(O)', 'defeat(O)', 'or(O)', 'draw(O)', 'would(O)', 'have(O)', 'allowed(O)', 'Wigan(B-Organization)', 'their(O)', 'eighth(O)', 'consecutive(O)', 'championship(O)', '.(O)']",St(B-Organization) Helens(I-Organization) needed(O) to(O) win(O) on(O) Monday(O) to(O) take(O) the(O) title(O) --(O) a(O) defeat(O) or(O) draw(O) would(O) have(O) allowed(O) Wigan(B-Organization) their(O) eighth(O) consecutive(O) championship(O) .(O),"Input: St Helens needed to win on Monday to take the title -- a defeat or draw would have allowed Wigan their eighth consecutive championship .
Output: St(B-Organization) Helens(I-Organization) needed(O) to(O) win(O) on(O) Monday(O) to(O) take(O) the(O) title(O) --(O) a(O) defeat(O) or(O) draw(O) would(O) have(O) allowed(O) Wigan(B-Organization) their(O) eighth(O) consecutive(O) championship(O) .(O)"
12858,"['They' 'caused' 'damage' 'but' 'no' 'casualties' ',' 'police' 'said' '.']","['O', 'O', 'O', 'O', 'O', 'O', 'O', 'O', 'O', 'O']","They caused damage but no casualties , police said .","['They(O)', 'caused(O)', 'damage(O)', 'but(O)', 'no(O)', 'casualties(O)', ',(O)', 'police(O)', 'said(O)', '.(O)']","They(O) caused(O) damage(O) but(O) no(O) casualties(O) ,(O) police(O) said(O) .(O)","Input: They caused damage but no casualties , police said .
Output: They(O) caused(O) damage(O) but(O) no(O) casualties(O) ,(O) police(O) said(O) .(O)"
10905,"['FORT' 'WORTH' ',' 'Texas' '1996-08-28']","['B-Location', 'I-Location', 'O', 'B-Location', 'O']","FORT WORTH , Texas 1996-08-28","['FORT(B-Location)', 'WORTH(I-Location)', ',(O)', 'Texas(B-Location)', '1996-08-28(O)']","FORT(B-Location) WORTH(I-Location) ,(O) Texas(B-Location) 1996-08-28(O)","Input: FORT WORTH , Texas 1996-08-28
Output: FORT(B-Location) WORTH(I-Location) ,(O) Texas(B-Location) 1996-08-28(O)"
6093,"['In' 'addition' 'to' 'using' 'accounting' 'skills' ',' 'the' 'accountant'
 'will' 'also' 'have' 'to' 'be' 'creative' ',' 'work' 'well' 'in' 'a'
 'team' ',' 'be' 'sensitive' 'to' 'customer' 'needs' 'and' 'set'
 'productivity' 'goals' '.']","['O', 'O', 'O', 'O', 'O', 'O', 'O', 'O', 'O', 'O', 'O', 'O', 'O', 'O', 'O', 'O', 'O', 'O', 'O', 'O', 'O', 'O', 'O', 'O', 'O', 'O', 'O', 'O', 'O', 'O', 'O', 'O']","In addition to using accounting skills , the accountant will also have to be creative , work well in a team , be sensitive to customer needs and set productivity goals .","['In(O)', 'addition(O)', 'to(O)', 'using(O)', 'accounting(O)', 'skills(O)', ',(O)', 'the(O)', 'accountant(O)', 'will(O)', 'also(O)', 'have(O)', 'to(O)', 'be(O)', 'creative(O)', ',(O)', 'work(O)', 'well(O)', 'in(O)', 'a(O)', 'team(O)', ',(O)', 'be(O)', 'sensitive(O)', 'to(O)', 'customer(O)', 'needs(O)', 'and(O)', 'set(O)', 'productivity(O)', 'goals(O)', '.(O)']","In(O) addition(O) to(O) using(O) accounting(O) skills(O) ,(O) the(O) accountant(O) will(O) also(O) have(O) to(O) be(O) creative(O) ,(O) work(O) well(O) in(O) a(O) team(O) ,(O) be(O) sensitive(O) to(O) customer(O) needs(O) and(O) set(O) productivity(O) goals(O) .(O)","Input: In addition to using accounting skills , the accountant will also have to be creative , work well in a team , be sensitive to customer needs and set productivity goals .
Output: In(O) addition(O) to(O) using(O) accounting(O) skills(O) ,(O) the(O) accountant(O) will(O) also(O) have(O) to(O) be(O) creative(O) ,(O) work(O) well(O) in(O) a(O) team(O) ,(O) be(O) sensitive(O) to(O) customer(O) needs(O) and(O) set(O) productivity(O) goals(O) .(O)"
5432,"['In' 'San' 'Francisco' ',' 'Pedro' 'Martinez' 'allowed' 'two' 'hits' 'in'
 'eight' 'innings' 'and' 'David' 'Segui' 'drove' 'in' 'two' 'runs' 'as'
 'the' 'Montreal' 'Expos' 'shut' 'out' 'the' 'San' 'Francisco' 'Giants'
 '3-0' 'for' 'their' 'third' 'straight' 'win' '.']","['O', 'B-Location', 'I-Location', 'O', 'B-Person', 'I-Person', 'O', 'O', 'O', 'O', 'O', 'O', 'O', 'B-Person', 'I-Person', 'O', 'O', 'O', 'O', 'O', 'O', 'B-Organization', 'I-Organization', 'O', 'O', 'O', 'B-Organization', 'I-Organization', 'I-Organization', 'O', 'O', 'O', 'O', 'O', 'O', 'O']","In San Francisco , Pedro Martinez allowed two hits in eight innings and David Segui drove in two runs as the Montreal Expos shut out the San Francisco Giants 3-0 for their third straight win .","['In(O)', 'San(B-Location)', 'Francisco(I-Location)', ',(O)', 'Pedro(B-Person)', 'Martinez(I-Person)', 'allowed(O)', 'two(O)', 'hits(O)', 'in(O)', 'eight(O)', 'innings(O)', 'and(O)', 'David(B-Person)', 'Segui(I-Person)', 'drove(O)', 'in(O)', 'two(O)', 'runs(O)', 'as(O)', 'the(O)', 'Montreal(B-Organization)', 'Expos(I-Organization)', 'shut(O)', 'out(O)', 'the(O)', 'San(B-Organization)', 'Francisco(I-Organization)', 'Giants(I-Organization)', '3-0(O)', 'for(O)', 'their(O)', 'third(O)', 'straight(O)', 'win(O)', '.(O)']","In(O) San(B-Location) Francisco(I-Location) ,(O) Pedro(B-Person) Martinez(I-Person) allowed(O) two(O) hits(O) in(O) eight(O) innings(O) and(O) David(B-Person) Segui(I-Person) drove(O) in(O) two(O) runs(O) as(O) the(O) Montreal(B-Organization) Expos(I-Organization) shut(O) out(O) the(O) San(B-Organization) Francisco(I-Organization) Giants(I-Organization) 3-0(O) for(O) their(O) third(O) straight(O) win(O) .(O)","Input: In San Francisco , Pedro Martinez allowed two hits in eight innings and David Segui drove in two runs as the Montreal Expos shut out the San Francisco Giants 3-0 for their third straight win .
Output: In(O) San(B-Location) Francisco(I-Location) ,(O) Pedro(B-Person) Martinez(I-Person) allowed(O) two(O) hits(O) in(O) eight(O) innings(O) and(O) David(B-Person) Segui(I-Person) drove(O) in(O) two(O) runs(O) as(O) the(O) Montreal(B-Organization) Expos(I-Organization) shut(O) out(O) the(O) San(B-Organization) Francisco(I-Organization) Giants(I-Organization) 3-0(O) for(O) their(O) third(O) straight(O) win(O) .(O)"
13319,"['Net' 'Income' '9,167,000' '11,175,000' '16,909,000' '10,880,000']","['O', 'O', 'O', 'O', 'O', 'O']","Net Income 9,167,000 11,175,000 16,909,000 10,880,000","['Net(O)', 'Income(O)', '9,167,000(O)', '11,175,000(O)', '16,909,000(O)', '10,880,000(O)']","Net(O) Income(O) 9,167,000(O) 11,175,000(O) 16,909,000(O) 10,880,000(O)","Input: Net Income 9,167,000 11,175,000 16,909,000 10,880,000
Output: Net(O) Income(O) 9,167,000(O) 11,175,000(O) 16,909,000(O) 10,880,000(O)"
1424,"['""' 'The' 'problem' 'is' 'they' 'travel' 'so' 'much' 'and' 'are' 'so'
 'busy' 'that' 'the' 'ability' 'to' 'have' 'any' 'type' 'of' 'regimented'
 'routine' 'workout' 'does' ""n't"" 'exist' '.']","['O', 'O', 'O', 'O', 'O', 'O', 'O', 'O', 'O', 'O', 'O', 'O', 'O', 'O', 'O', 'O', 'O', 'O', 'O', 'O', 'O', 'O', 'O', 'O', 'O', 'O', 'O']",""" The problem is they travel so much and are so busy that the ability to have any type of regimented routine workout does n't exist .","['""(O)', 'The(O)', 'problem(O)', 'is(O)', 'they(O)', 'travel(O)', 'so(O)', 'much(O)', 'and(O)', 'are(O)', 'so(O)', 'busy(O)', 'that(O)', 'the(O)', 'ability(O)', 'to(O)', 'have(O)', 'any(O)', 'type(O)', 'of(O)', 'regimented(O)', 'routine(O)', 'workout(O)', 'does(O)', ""n't(O)"", 'exist(O)', '.(O)']","""(O) The(O) problem(O) is(O) they(O) travel(O) so(O) much(O) and(O) are(O) so(O) busy(O) that(O) the(O) ability(O) to(O) have(O) any(O) type(O) of(O) regimented(O) routine(O) workout(O) does(O) n't(O) exist(O) .(O)","Input: "" The problem is they travel so much and are so busy that the ability to have any type of regimented routine workout does n't exist .
Output: ""(O) The(O) problem(O) is(O) they(O) travel(O) so(O) much(O) and(O) are(O) so(O) busy(O) that(O) the(O) ability(O) to(O) have(O) any(O) type(O) of(O) regimented(O) routine(O) workout(O) does(O) n't(O) exist(O) .(O)"
11395,['I' 'was' 'talking' 'about' 'drugs' '.'],"['O', 'O', 'O', 'O', 'O', 'O']",I was talking about drugs .,"['I(O)', 'was(O)', 'talking(O)', 'about(O)', 'drugs(O)', '.(O)']",I(O) was(O) talking(O) about(O) drugs(O) .(O),"Input: I was talking about drugs .
Output: I(O) was(O) talking(O) about(O) drugs(O) .(O)"
356,"['Sir' 'Mark' 'Prescott' 'landed' 'his' 'first' 'group' 'one' 'victory'
 'in' '25' 'years' 'as' 'a' 'trainer' 'when' 'his' 'top' 'sprinter'
 'Pivotal' ',' 'a' '100-30' 'chance' ',' 'won' 'the' 'Nunthorpe' 'Stakes'
 'on' 'Thursday' '.']","['O', 'B-Person', 'I-Person', 'O', 'O', 'O', 'O', 'O', 'O', 'O', 'O', 'O', 'O', 'O', 'O', 'O', 'O', 'O', 'O', 'B-Person', 'O', 'O', 'O', 'O', 'O', 'O', 'O', 'B-Miscellaneous', 'I-Miscellaneous', 'O', 'O', 'O']","Sir Mark Prescott landed his first group one victory in 25 years as a trainer when his top sprinter Pivotal , a 100-30 chance , won the Nunthorpe Stakes on Thursday .","['Sir(O)', 'Mark(B-Person)', 'Prescott(I-Person)', 'landed(O)', 'his(O)', 'first(O)', 'group(O)', 'one(O)', 'victory(O)', 'in(O)', '25(O)', 'years(O)', 'as(O)', 'a(O)', 'trainer(O)', 'when(O)', 'his(O)', 'top(O)', 'sprinter(O)', 'Pivotal(B-Person)', ',(O)', 'a(O)', '100-30(O)', 'chance(O)', ',(O)', 'won(O)', 'the(O)', 'Nunthorpe(B-Miscellaneous)', 'Stakes(I-Miscellaneous)', 'on(O)', 'Thursday(O)', '.(O)']","Sir(O) Mark(B-Person) Prescott(I-Person) landed(O) his(O) first(O) group(O) one(O) victory(O) in(O) 25(O) years(O) as(O) a(O) trainer(O) when(O) his(O) top(O) sprinter(O) Pivotal(B-Person) ,(O) a(O) 100-30(O) chance(O) ,(O) won(O) the(O) Nunthorpe(B-Miscellaneous) Stakes(I-Miscellaneous) on(O) Thursday(O) .(O)","Input: Sir Mark Prescott landed his first group one victory in 25 years as a trainer when his top sprinter Pivotal , a 100-30 chance , won the Nunthorpe Stakes on Thursday .
Output: Sir(O) Mark(B-Person) Prescott(I-Person) landed(O) his(O) first(O) group(O) one(O) victory(O) in(O) 25(O) years(O) as(O) a(O) trainer(O) when(O) his(O) top(O) sprinter(O) Pivotal(B-Person) ,(O) a(O) 100-30(O) chance(O) ,(O) won(O) the(O) Nunthorpe(B-Miscellaneous) Stakes(I-Miscellaneous) on(O) Thursday(O) .(O)"
3449,['Quarterfinals' ':'],"['O', 'O']",Quarterfinals :,"['Quarterfinals(O)', ':(O)']",Quarterfinals(O) :(O),"Input: Quarterfinals :
Output: Quarterfinals(O) :(O)"
13635,"['Algerian' 'security' 'forces' 'killed' 'four' 'Moslem' 'guerrillas' 'on'
 'Tuesday' 'in' 'a' 'village' 'south' 'of' 'the' 'capital' 'Algiers' ','
 'an' 'Algerian' 'newspaper' 'said' 'on' 'Thursday' '.']","['B-Miscellaneous', 'O', 'O', 'O', 'O', 'B-Miscellaneous', 'O', 'O', 'O', 'O', 'O', 'O', 'O', 'O', 'O', 'O', 'B-Location', 'O', 'O', 'B-Miscellaneous', 'O', 'O', 'O', 'O', 'O']","Algerian security forces killed four Moslem guerrillas on Tuesday in a village south of the capital Algiers , an Algerian newspaper said on Thursday .","['Algerian(B-Miscellaneous)', 'security(O)', 'forces(O)', 'killed(O)', 'four(O)', 'Moslem(B-Miscellaneous)', 'guerrillas(O)', 'on(O)', 'Tuesday(O)', 'in(O)', 'a(O)', 'village(O)', 'south(O)', 'of(O)', 'the(O)', 'capital(O)', 'Algiers(B-Location)', ',(O)', 'an(O)', 'Algerian(B-Miscellaneous)', 'newspaper(O)', 'said(O)', 'on(O)', 'Thursday(O)', '.(O)']","Algerian(B-Miscellaneous) security(O) forces(O) killed(O) four(O) Moslem(B-Miscellaneous) guerrillas(O) on(O) Tuesday(O) in(O) a(O) village(O) south(O) of(O) the(O) capital(O) Algiers(B-Location) ,(O) an(O) Algerian(B-Miscellaneous) newspaper(O) said(O) on(O) Thursday(O) .(O)","Input: Algerian security forces killed four Moslem guerrillas on Tuesday in a village south of the capital Algiers , an Algerian newspaper said on Thursday .
Output: Algerian(B-Miscellaneous) security(O) forces(O) killed(O) four(O) Moslem(B-Miscellaneous) guerrillas(O) on(O) Tuesday(O) in(O) a(O) village(O) south(O) of(O) the(O) capital(O) Algiers(B-Location) ,(O) an(O) Algerian(B-Miscellaneous) newspaper(O) said(O) on(O) Thursday(O) .(O)"
3643,"['Wednesday' ',' 'who' 'escaped' 'relegation' 'on' 'the' 'final' 'day'
 'of' 'last' 'season' ',' 'have' 'now' 'won' 'their' 'first' 'three'
 'games' 'of' 'the' 'season' '.']","['B-Organization', 'O', 'O', 'O', 'O', 'O', 'O', 'O', 'O', 'O', 'O', 'O', 'O', 'O', 'O', 'O', 'O', 'O', 'O', 'O', 'O', 'O', 'O', 'O']","Wednesday , who escaped relegation on the final day of last season , have now won their first three games of the season .","['Wednesday(B-Organization)', ',(O)', 'who(O)', 'escaped(O)', 'relegation(O)', 'on(O)', 'the(O)', 'final(O)', 'day(O)', 'of(O)', 'last(O)', 'season(O)', ',(O)', 'have(O)', 'now(O)', 'won(O)', 'their(O)', 'first(O)', 'three(O)', 'games(O)', 'of(O)', 'the(O)', 'season(O)', '.(O)']","Wednesday(B-Organization) ,(O) who(O) escaped(O) relegation(O) on(O) the(O) final(O) day(O) of(O) last(O) season(O) ,(O) have(O) now(O) won(O) their(O) first(O) three(O) games(O) of(O) the(O) season(O) .(O)","Input: Wednesday , who escaped relegation on the final day of last season , have now won their first three games of the season .
Output: Wednesday(B-Organization) ,(O) who(O) escaped(O) relegation(O) on(O) the(O) final(O) day(O) of(O) last(O) season(O) ,(O) have(O) now(O) won(O) their(O) first(O) three(O) games(O) of(O) the(O) season(O) .(O)"
13680,['Earthquake' 'jolts' 'New' 'Zealands' 'South' 'Island' '.'],"['O', 'O', 'B-Miscellaneous', 'I-Miscellaneous', 'B-Location', 'I-Location', 'O']",Earthquake jolts New Zealands South Island .,"['Earthquake(O)', 'jolts(O)', 'New(B-Miscellaneous)', 'Zealands(I-Miscellaneous)', 'South(B-Location)', 'Island(I-Location)', '.(O)']",Earthquake(O) jolts(O) New(B-Miscellaneous) Zealands(I-Miscellaneous) South(B-Location) Island(I-Location) .(O),"Input: Earthquake jolts New Zealands South Island .
Output: Earthquake(O) jolts(O) New(B-Miscellaneous) Zealands(I-Miscellaneous) South(B-Location) Island(I-Location) .(O)"
13701,"['Tsang' 'said' 'three' 'sets' 'of' 'meetings' 'with' 'Chinese'
 'authorities' 'on' 'Hong' 'Kong' ""'s"" '1997-98' 'budget' ',' 'which'
 'will' 'span' 'the' 'transition' 'period' ',' 'had' 'gone' 'smoothly' '.'
 '""']","['B-Person', 'O', 'O', 'O', 'O', 'O', 'O', 'B-Miscellaneous', 'O', 'O', 'B-Location', 'I-Location', 'O', 'O', 'O', 'O', 'O', 'O', 'O', 'O', 'O', 'O', 'O', 'O', 'O', 'O', 'O', 'O']","Tsang said three sets of meetings with Chinese authorities on Hong Kong 's 1997-98 budget , which will span the transition period , had gone smoothly . ""","['Tsang(B-Person)', 'said(O)', 'three(O)', 'sets(O)', 'of(O)', 'meetings(O)', 'with(O)', 'Chinese(B-Miscellaneous)', 'authorities(O)', 'on(O)', 'Hong(B-Location)', 'Kong(I-Location)', ""'s(O)"", '1997-98(O)', 'budget(O)', ',(O)', 'which(O)', 'will(O)', 'span(O)', 'the(O)', 'transition(O)', 'period(O)', ',(O)', 'had(O)', 'gone(O)', 'smoothly(O)', '.(O)', '""(O)']","Tsang(B-Person) said(O) three(O) sets(O) of(O) meetings(O) with(O) Chinese(B-Miscellaneous) authorities(O) on(O) Hong(B-Location) Kong(I-Location) 's(O) 1997-98(O) budget(O) ,(O) which(O) will(O) span(O) the(O) transition(O) period(O) ,(O) had(O) gone(O) smoothly(O) .(O) ""(O)","Input: Tsang said three sets of meetings with Chinese authorities on Hong Kong 's 1997-98 budget , which will span the transition period , had gone smoothly . ""
Output: Tsang(B-Person) said(O) three(O) sets(O) of(O) meetings(O) with(O) Chinese(B-Miscellaneous) authorities(O) on(O) Hong(B-Location) Kong(I-Location) 's(O) 1997-98(O) budget(O) ,(O) which(O) will(O) span(O) the(O) transition(O) period(O) ,(O) had(O) gone(O) smoothly(O) .(O) ""(O)"
1368,"['""' 'Its' 'not' 'an' 'accident' '.']","['O', 'O', 'O', 'O', 'O', 'O']",""" Its not an accident .","['""(O)', 'Its(O)', 'not(O)', 'an(O)', 'accident(O)', '.(O)']","""(O) Its(O) not(O) an(O) accident(O) .(O)","Input: "" Its not an accident .
Output: ""(O) Its(O) not(O) an(O) accident(O) .(O)"
7191,['FC' 'Linz' '6' '0' '2' '4' '1' '9' '2'],"['B-Organization', 'I-Organization', 'O', 'O', 'O', 'O', 'O', 'O', 'O']",FC Linz 6 0 2 4 1 9 2,"['FC(B-Organization)', 'Linz(I-Organization)', '6(O)', '0(O)', '2(O)', '4(O)', '1(O)', '9(O)', '2(O)']",FC(B-Organization) Linz(I-Organization) 6(O) 0(O) 2(O) 4(O) 1(O) 9(O) 2(O),"Input: FC Linz 6 0 2 4 1 9 2
Output: FC(B-Organization) Linz(I-Organization) 6(O) 0(O) 2(O) 4(O) 1(O) 9(O) 2(O)"
7556,"['It' 'did' 'not' 'provide' 'details' 'of' 'KDP' 'casualties' 'and' 'a'
 'PUK' 'spokesman' 'was' 'not' 'immediately' 'available' 'for' 'comment'
 '.']","['O', 'O', 'O', 'O', 'O', 'O', 'B-Organization', 'O', 'O', 'O', 'B-Organization', 'O', 'O', 'O', 'O', 'O', 'O', 'O', 'O']",It did not provide details of KDP casualties and a PUK spokesman was not immediately available for comment .,"['It(O)', 'did(O)', 'not(O)', 'provide(O)', 'details(O)', 'of(O)', 'KDP(B-Organization)', 'casualties(O)', 'and(O)', 'a(O)', 'PUK(B-Organization)', 'spokesman(O)', 'was(O)', 'not(O)', 'immediately(O)', 'available(O)', 'for(O)', 'comment(O)', '.(O)']",It(O) did(O) not(O) provide(O) details(O) of(O) KDP(B-Organization) casualties(O) and(O) a(O) PUK(B-Organization) spokesman(O) was(O) not(O) immediately(O) available(O) for(O) comment(O) .(O),"Input: It did not provide details of KDP casualties and a PUK spokesman was not immediately available for comment .
Output: It(O) did(O) not(O) provide(O) details(O) of(O) KDP(B-Organization) casualties(O) and(O) a(O) PUK(B-Organization) spokesman(O) was(O) not(O) immediately(O) available(O) for(O) comment(O) .(O)"
10610,['Monza' '0' 'Napoli' '1'],"['B-Organization', 'O', 'B-Organization', 'O']",Monza 0 Napoli 1,"['Monza(B-Organization)', '0(O)', 'Napoli(B-Organization)', '1(O)']",Monza(B-Organization) 0(O) Napoli(B-Organization) 1(O),"Input: Monza 0 Napoli 1
Output: Monza(B-Organization) 0(O) Napoli(B-Organization) 1(O)"
8382,['First' 'round' 'results' 'in' 'the' 'Hong'],"['O', 'O', 'O', 'O', 'O', 'B-Miscellaneous']",First round results in the Hong,"['First(O)', 'round(O)', 'results(O)', 'in(O)', 'the(O)', 'Hong(B-Miscellaneous)']",First(O) round(O) results(O) in(O) the(O) Hong(B-Miscellaneous),"Input: First round results in the Hong
Output: First(O) round(O) results(O) in(O) the(O) Hong(B-Miscellaneous)"
2299,"['Johnson' 'ran' 'the' 'same' 'time' 'at' 'the' 'U.S.' 'Olympic' 'trials'
 'in' 'Atlanta' 'in' 'June' 'to' 'become' 'the' 'second' 'equal' 'fastest'
 'hurdler' 'of' 'all' 'time' 'with' 'American' 'Roger' 'Kingdom' '.']","['B-Person', 'O', 'O', 'O', 'O', 'O', 'O', 'B-Location', 'B-Miscellaneous', 'O', 'O', 'B-Location', 'O', 'O', 'O', 'O', 'O', 'O', 'O', 'O', 'O', 'O', 'O', 'O', 'O', 'B-Miscellaneous', 'B-Person', 'I-Person', 'O']",Johnson ran the same time at the U.S. Olympic trials in Atlanta in June to become the second equal fastest hurdler of all time with American Roger Kingdom .,"['Johnson(B-Person)', 'ran(O)', 'the(O)', 'same(O)', 'time(O)', 'at(O)', 'the(O)', 'U.S.(B-Location)', 'Olympic(B-Miscellaneous)', 'trials(O)', 'in(O)', 'Atlanta(B-Location)', 'in(O)', 'June(O)', 'to(O)', 'become(O)', 'the(O)', 'second(O)', 'equal(O)', 'fastest(O)', 'hurdler(O)', 'of(O)', 'all(O)', 'time(O)', 'with(O)', 'American(B-Miscellaneous)', 'Roger(B-Person)', 'Kingdom(I-Person)', '.(O)']",Johnson(B-Person) ran(O) the(O) same(O) time(O) at(O) the(O) U.S.(B-Location) Olympic(B-Miscellaneous) trials(O) in(O) Atlanta(B-Location) in(O) June(O) to(O) become(O) the(O) second(O) equal(O) fastest(O) hurdler(O) of(O) all(O) time(O) with(O) American(B-Miscellaneous) Roger(B-Person) Kingdom(I-Person) .(O),"Input: Johnson ran the same time at the U.S. Olympic trials in Atlanta in June to become the second equal fastest hurdler of all time with American Roger Kingdom .
Output: Johnson(B-Person) ran(O) the(O) same(O) time(O) at(O) the(O) U.S.(B-Location) Olympic(B-Miscellaneous) trials(O) in(O) Atlanta(B-Location) in(O) June(O) to(O) become(O) the(O) second(O) equal(O) fastest(O) hurdler(O) of(O) all(O) time(O) with(O) American(B-Miscellaneous) Roger(B-Person) Kingdom(I-Person) .(O)"
5721,['Halftime' '1-1' '.'],"['O', 'O', 'O']",Halftime 1-1 .,"['Halftime(O)', '1-1(O)', '.(O)']",Halftime(O) 1-1(O) .(O),"Input: Halftime 1-1 .
Output: Halftime(O) 1-1(O) .(O)"
13189,['French' 'shipyard' 'workers' 'march' 'against' 'job' 'cuts' '.'],"['B-Miscellaneous', 'O', 'O', 'O', 'O', 'O', 'O', 'O']",French shipyard workers march against job cuts .,"['French(B-Miscellaneous)', 'shipyard(O)', 'workers(O)', 'march(O)', 'against(O)', 'job(O)', 'cuts(O)', '.(O)']",French(B-Miscellaneous) shipyard(O) workers(O) march(O) against(O) job(O) cuts(O) .(O),"Input: French shipyard workers march against job cuts .
Output: French(B-Miscellaneous) shipyard(O) workers(O) march(O) against(O) job(O) cuts(O) .(O)"
75,['Venantius' 'sets' '$' '300' 'million' 'January' '1999' 'FRN' '.'],"['B-Organization', 'O', 'O', 'O', 'O', 'O', 'O', 'O', 'O']",Venantius sets $ 300 million January 1999 FRN .,"['Venantius(B-Organization)', 'sets(O)', '$(O)', '300(O)', 'million(O)', 'January(O)', '1999(O)', 'FRN(O)', '.(O)']",Venantius(B-Organization) sets(O) $(O) 300(O) million(O) January(O) 1999(O) FRN(O) .(O),"Input: Venantius sets $ 300 million January 1999 FRN .
Output: Venantius(B-Organization) sets(O) $(O) 300(O) million(O) January(O) 1999(O) FRN(O) .(O)"
1624,['The' 'poor' 'do' 'not' 'need' 'our' 'sympathy' 'and' 'pity' '.'],"['O', 'O', 'O', 'O', 'O', 'O', 'O', 'O', 'O', 'O']",The poor do not need our sympathy and pity .,"['The(O)', 'poor(O)', 'do(O)', 'not(O)', 'need(O)', 'our(O)', 'sympathy(O)', 'and(O)', 'pity(O)', '.(O)']",The(O) poor(O) do(O) not(O) need(O) our(O) sympathy(O) and(O) pity(O) .(O),"Input: The poor do not need our sympathy and pity .
Output: The(O) poor(O) do(O) not(O) need(O) our(O) sympathy(O) and(O) pity(O) .(O)"
13703,"['Hong' 'Kong' 'will' 'retain' 'its' 'own' 'currency' 'after' 'the'
 'handover' ',' 'run' 'its' 'own' 'financial' 'and' 'monetary' 'policy'
 'and' 'have' 'control' 'over' 'its' 'own' 'foreign' 'exchange' 'reserves'
 '.']","['B-Location', 'I-Location', 'O', 'O', 'O', 'O', 'O', 'O', 'O', 'O', 'O', 'O', 'O', 'O', 'O', 'O', 'O', 'O', 'O', 'O', 'O', 'O', 'O', 'O', 'O', 'O', 'O', 'O']","Hong Kong will retain its own currency after the handover , run its own financial and monetary policy and have control over its own foreign exchange reserves .","['Hong(B-Location)', 'Kong(I-Location)', 'will(O)', 'retain(O)', 'its(O)', 'own(O)', 'currency(O)', 'after(O)', 'the(O)', 'handover(O)', ',(O)', 'run(O)', 'its(O)', 'own(O)', 'financial(O)', 'and(O)', 'monetary(O)', 'policy(O)', 'and(O)', 'have(O)', 'control(O)', 'over(O)', 'its(O)', 'own(O)', 'foreign(O)', 'exchange(O)', 'reserves(O)', '.(O)']","Hong(B-Location) Kong(I-Location) will(O) retain(O) its(O) own(O) currency(O) after(O) the(O) handover(O) ,(O) run(O) its(O) own(O) financial(O) and(O) monetary(O) policy(O) and(O) have(O) control(O) over(O) its(O) own(O) foreign(O) exchange(O) reserves(O) .(O)","Input: Hong Kong will retain its own currency after the handover , run its own financial and monetary policy and have control over its own foreign exchange reserves .
Output: Hong(B-Location) Kong(I-Location) will(O) retain(O) its(O) own(O) currency(O) after(O) the(O) handover(O) ,(O) run(O) its(O) own(O) financial(O) and(O) monetary(O) policy(O) and(O) have(O) control(O) over(O) its(O) own(O) foreign(O) exchange(O) reserves(O) .(O)"
2111,['PHILADELPHIA' '52' '76' '.406' '28'],"['B-Organization', 'O', 'O', 'O', 'O']",PHILADELPHIA 52 76 .406 28,"['PHILADELPHIA(B-Organization)', '52(O)', '76(O)', '.406(O)', '28(O)']",PHILADELPHIA(B-Organization) 52(O) 76(O) .406(O) 28(O),"Input: PHILADELPHIA 52 76 .406 28
Output: PHILADELPHIA(B-Organization) 52(O) 76(O) .406(O) 28(O)"
3456,"['Karol' 'Kucera' '(' 'Slovakia' ')' 'beat' '1' '-' 'Michael' 'Chang' '('
 'U.S.' ')' '6-4' '6-4']","['B-Person', 'I-Person', 'O', 'B-Location', 'O', 'O', 'O', 'O', 'B-Person', 'I-Person', 'O', 'B-Location', 'O', 'O', 'O']",Karol Kucera ( Slovakia ) beat 1 - Michael Chang ( U.S. ) 6-4 6-4,"['Karol(B-Person)', 'Kucera(I-Person)', '((O)', 'Slovakia(B-Location)', ')(O)', 'beat(O)', '1(O)', '-(O)', 'Michael(B-Person)', 'Chang(I-Person)', '((O)', 'U.S.(B-Location)', ')(O)', '6-4(O)', '6-4(O)']",Karol(B-Person) Kucera(I-Person) ((O) Slovakia(B-Location) )(O) beat(O) 1(O) -(O) Michael(B-Person) Chang(I-Person) ((O) U.S.(B-Location) )(O) 6-4(O) 6-4(O),"Input: Karol Kucera ( Slovakia ) beat 1 - Michael Chang ( U.S. ) 6-4 6-4
Output: Karol(B-Person) Kucera(I-Person) ((O) Slovakia(B-Location) )(O) beat(O) 1(O) -(O) Michael(B-Person) Chang(I-Person) ((O) U.S.(B-Location) )(O) 6-4(O) 6-4(O)"
8614,['NEW' 'YORK' '1996-08-26'],"['B-Location', 'I-Location', 'O']",NEW YORK 1996-08-26,"['NEW(B-Location)', 'YORK(I-Location)', '1996-08-26(O)']",NEW(B-Location) YORK(I-Location) 1996-08-26(O),"Input: NEW YORK 1996-08-26
Output: NEW(B-Location) YORK(I-Location) 1996-08-26(O)"
10805,"['Organisers' 'hope' 'to' 'persuade' 'Britain' ""'s"" 'former' 'Olympic'
 '100' 'metres' 'champion' 'Linford' 'Christie' 'to' 'join' 'a' '""'
 'Dream' 'Team' '""' 'sprint' 'relay' 'in' 'a' 'special' 'tribute' 'to'
 'Jesse' 'Owens' 'at' 'Friday' ""'s"" 'Berlin' 'grand' 'prix' '.']","['O', 'O', 'O', 'O', 'B-Location', 'O', 'O', 'B-Miscellaneous', 'O', 'O', 'O', 'B-Person', 'I-Person', 'O', 'O', 'O', 'O', 'B-Organization', 'I-Organization', 'O', 'O', 'O', 'O', 'O', 'O', 'O', 'O', 'B-Person', 'I-Person', 'O', 'O', 'O', 'B-Location', 'O', 'O', 'O']","Organisers hope to persuade Britain 's former Olympic 100 metres champion Linford Christie to join a "" Dream Team "" sprint relay in a special tribute to Jesse Owens at Friday 's Berlin grand prix .","['Organisers(O)', 'hope(O)', 'to(O)', 'persuade(O)', 'Britain(B-Location)', ""'s(O)"", 'former(O)', 'Olympic(B-Miscellaneous)', '100(O)', 'metres(O)', 'champion(O)', 'Linford(B-Person)', 'Christie(I-Person)', 'to(O)', 'join(O)', 'a(O)', '""(O)', 'Dream(B-Organization)', 'Team(I-Organization)', '""(O)', 'sprint(O)', 'relay(O)', 'in(O)', 'a(O)', 'special(O)', 'tribute(O)', 'to(O)', 'Jesse(B-Person)', 'Owens(I-Person)', 'at(O)', 'Friday(O)', ""'s(O)"", 'Berlin(B-Location)', 'grand(O)', 'prix(O)', '.(O)']","Organisers(O) hope(O) to(O) persuade(O) Britain(B-Location) 's(O) former(O) Olympic(B-Miscellaneous) 100(O) metres(O) champion(O) Linford(B-Person) Christie(I-Person) to(O) join(O) a(O) ""(O) Dream(B-Organization) Team(I-Organization) ""(O) sprint(O) relay(O) in(O) a(O) special(O) tribute(O) to(O) Jesse(B-Person) Owens(I-Person) at(O) Friday(O) 's(O) Berlin(B-Location) grand(O) prix(O) .(O)","Input: Organisers hope to persuade Britain 's former Olympic 100 metres champion Linford Christie to join a "" Dream Team "" sprint relay in a special tribute to Jesse Owens at Friday 's Berlin grand prix .
Output: Organisers(O) hope(O) to(O) persuade(O) Britain(B-Location) 's(O) former(O) Olympic(B-Miscellaneous) 100(O) metres(O) champion(O) Linford(B-Person) Christie(I-Person) to(O) join(O) a(O) ""(O) Dream(B-Organization) Team(I-Organization) ""(O) sprint(O) relay(O) in(O) a(O) special(O) tribute(O) to(O) Jesse(B-Person) Owens(I-Person) at(O) Friday(O) 's(O) Berlin(B-Location) grand(O) prix(O) .(O)"
7623,['premium' 'over' 'LME' 'cash' '7.5' 'cents' '/' 'pound'],"['O', 'O', 'B-Organization', 'O', 'O', 'O', 'O', 'O']",premium over LME cash 7.5 cents / pound,"['premium(O)', 'over(O)', 'LME(B-Organization)', 'cash(O)', '7.5(O)', 'cents(O)', '/(O)', 'pound(O)']",premium(O) over(O) LME(B-Organization) cash(O) 7.5(O) cents(O) /(O) pound(O),"Input: premium over LME cash 7.5 cents / pound
Output: premium(O) over(O) LME(B-Organization) cash(O) 7.5(O) cents(O) /(O) pound(O)"
12025,"['The' 'officials' 'said' 'New' 'Party' 'Sakigake' 'President' 'Masayoshi'
 'Takemura' ',' 'finance' 'minister' 'until' 'the' 'beginning' 'of' 'this'
 'year' ',' 'promised' 'his' 'resignation' 'in' 'a' 'meeting' 'with' 'the'
 'politician' 'who' 'set' 'off' 'the' 'rebellion' 'in' 'the' 'smallest'
 'coalition' 'member' '.']","['O', 'O', 'O', 'B-Organization', 'I-Organization', 'I-Organization', 'O', 'B-Person', 'I-Person', 'O', 'O', 'O', 'O', 'O', 'O', 'O', 'O', 'O', 'O', 'O', 'O', 'O', 'O', 'O', 'O', 'O', 'O', 'O', 'O', 'O', 'O', 'O', 'O', 'O', 'O', 'O', 'O', 'O', 'O']","The officials said New Party Sakigake President Masayoshi Takemura , finance minister until the beginning of this year , promised his resignation in a meeting with the politician who set off the rebellion in the smallest coalition member .","['The(O)', 'officials(O)', 'said(O)', 'New(B-Organization)', 'Party(I-Organization)', 'Sakigake(I-Organization)', 'President(O)', 'Masayoshi(B-Person)', 'Takemura(I-Person)', ',(O)', 'finance(O)', 'minister(O)', 'until(O)', 'the(O)', 'beginning(O)', 'of(O)', 'this(O)', 'year(O)', ',(O)', 'promised(O)', 'his(O)', 'resignation(O)', 'in(O)', 'a(O)', 'meeting(O)', 'with(O)', 'the(O)', 'politician(O)', 'who(O)', 'set(O)', 'off(O)', 'the(O)', 'rebellion(O)', 'in(O)', 'the(O)', 'smallest(O)', 'coalition(O)', 'member(O)', '.(O)']","The(O) officials(O) said(O) New(B-Organization) Party(I-Organization) Sakigake(I-Organization) President(O) Masayoshi(B-Person) Takemura(I-Person) ,(O) finance(O) minister(O) until(O) the(O) beginning(O) of(O) this(O) year(O) ,(O) promised(O) his(O) resignation(O) in(O) a(O) meeting(O) with(O) the(O) politician(O) who(O) set(O) off(O) the(O) rebellion(O) in(O) the(O) smallest(O) coalition(O) member(O) .(O)","Input: The officials said New Party Sakigake President Masayoshi Takemura , finance minister until the beginning of this year , promised his resignation in a meeting with the politician who set off the rebellion in the smallest coalition member .
Output: The(O) officials(O) said(O) New(B-Organization) Party(I-Organization) Sakigake(I-Organization) President(O) Masayoshi(B-Person) Takemura(I-Person) ,(O) finance(O) minister(O) until(O) the(O) beginning(O) of(O) this(O) year(O) ,(O) promised(O) his(O) resignation(O) in(O) a(O) meeting(O) with(O) the(O) politician(O) who(O) set(O) off(O) the(O) rebellion(O) in(O) the(O) smallest(O) coalition(O) member(O) .(O)"
6515,['Wigan' '22' '19' '1' '2' '902' '326' '39'],"['B-Organization', 'O', 'O', 'O', 'O', 'O', 'O', 'O']",Wigan 22 19 1 2 902 326 39,"['Wigan(B-Organization)', '22(O)', '19(O)', '1(O)', '2(O)', '902(O)', '326(O)', '39(O)']",Wigan(B-Organization) 22(O) 19(O) 1(O) 2(O) 902(O) 326(O) 39(O),"Input: Wigan 22 19 1 2 902 326 39
Output: Wigan(B-Organization) 22(O) 19(O) 1(O) 2(O) 902(O) 326(O) 39(O)"
1930,"['At' 'Northampton' ':' 'Sussex' '389' '(' 'N.' 'Lenham' '145' ',' 'V.'
 'Drakes' '59' ',']","['O', 'B-Location', 'O', 'B-Organization', 'O', 'O', 'B-Person', 'I-Person', 'O', 'O', 'B-Person', 'I-Person', 'O', 'O']","At Northampton : Sussex 389 ( N. Lenham 145 , V. Drakes 59 ,","['At(O)', 'Northampton(B-Location)', ':(O)', 'Sussex(B-Organization)', '389(O)', '((O)', 'N.(B-Person)', 'Lenham(I-Person)', '145(O)', ',(O)', 'V.(B-Person)', 'Drakes(I-Person)', '59(O)', ',(O)']","At(O) Northampton(B-Location) :(O) Sussex(B-Organization) 389(O) ((O) N.(B-Person) Lenham(I-Person) 145(O) ,(O) V.(B-Person) Drakes(I-Person) 59(O) ,(O)","Input: At Northampton : Sussex 389 ( N. Lenham 145 , V. Drakes 59 ,
Output: At(O) Northampton(B-Location) :(O) Sussex(B-Organization) 389(O) ((O) N.(B-Person) Lenham(I-Person) 145(O) ,(O) V.(B-Person) Drakes(I-Person) 59(O) ,(O)"
11295,"['The' 'quake' 'took' 'place' 'a' 'few' 'minutes' 'before' 'the' 'end'
 'of' 'a' 'welcoming' 'ceremony' 'at' 'Juan' 'Santamaria' 'airport' 'for'
 'Hashimoto' ',' 'who' 'was' 'starting' 'a' 'three-hour' 'visit' 'as'
 'part' 'of' 'a' 'Latin' 'American' 'tour' '.']","['O', 'O', 'O', 'O', 'O', 'O', 'O', 'O', 'O', 'O', 'O', 'O', 'O', 'O', 'O', 'B-Location', 'I-Location', 'O', 'O', 'B-Person', 'O', 'O', 'O', 'O', 'O', 'O', 'O', 'O', 'O', 'O', 'O', 'B-Miscellaneous', 'I-Miscellaneous', 'O', 'O']","The quake took place a few minutes before the end of a welcoming ceremony at Juan Santamaria airport for Hashimoto , who was starting a three-hour visit as part of a Latin American tour .","['The(O)', 'quake(O)', 'took(O)', 'place(O)', 'a(O)', 'few(O)', 'minutes(O)', 'before(O)', 'the(O)', 'end(O)', 'of(O)', 'a(O)', 'welcoming(O)', 'ceremony(O)', 'at(O)', 'Juan(B-Location)', 'Santamaria(I-Location)', 'airport(O)', 'for(O)', 'Hashimoto(B-Person)', ',(O)', 'who(O)', 'was(O)', 'starting(O)', 'a(O)', 'three-hour(O)', 'visit(O)', 'as(O)', 'part(O)', 'of(O)', 'a(O)', 'Latin(B-Miscellaneous)', 'American(I-Miscellaneous)', 'tour(O)', '.(O)']","The(O) quake(O) took(O) place(O) a(O) few(O) minutes(O) before(O) the(O) end(O) of(O) a(O) welcoming(O) ceremony(O) at(O) Juan(B-Location) Santamaria(I-Location) airport(O) for(O) Hashimoto(B-Person) ,(O) who(O) was(O) starting(O) a(O) three-hour(O) visit(O) as(O) part(O) of(O) a(O) Latin(B-Miscellaneous) American(I-Miscellaneous) tour(O) .(O)","Input: The quake took place a few minutes before the end of a welcoming ceremony at Juan Santamaria airport for Hashimoto , who was starting a three-hour visit as part of a Latin American tour .
Output: The(O) quake(O) took(O) place(O) a(O) few(O) minutes(O) before(O) the(O) end(O) of(O) a(O) welcoming(O) ceremony(O) at(O) Juan(B-Location) Santamaria(I-Location) airport(O) for(O) Hashimoto(B-Person) ,(O) who(O) was(O) starting(O) a(O) three-hour(O) visit(O) as(O) part(O) of(O) a(O) Latin(B-Miscellaneous) American(I-Miscellaneous) tour(O) .(O)"
10114,['12.' 'Craig' 'MacLean' '(' 'Britain' ')' '1:05.735'],"['O', 'B-Person', 'I-Person', 'O', 'B-Location', 'O', 'O']",12. Craig MacLean ( Britain ) 1:05.735,"['12.(O)', 'Craig(B-Person)', 'MacLean(I-Person)', '((O)', 'Britain(B-Location)', ')(O)', '1:05.735(O)']",12.(O) Craig(B-Person) MacLean(I-Person) ((O) Britain(B-Location) )(O) 1:05.735(O),"Input: 12. Craig MacLean ( Britain ) 1:05.735
Output: 12.(O) Craig(B-Person) MacLean(I-Person) ((O) Britain(B-Location) )(O) 1:05.735(O)"
4050,"['32,000']",['O'],"32,000","['32,000(O)']","32,000(O)","Input: 32,000
Output: 32,000(O)"
2839,"['Three' 'people' ',' 'including' 'two' 'village' 'guards' ',' 'died'
 'when' 'a' 'mine' 'planted' 'by' 'PKK' 'rebels' 'exploded' 'on' 'a'
 'road' 'in' 'the' 'southeast' ',' 'Anatolian' 'reported' 'earlier' '.']","['O', 'O', 'O', 'O', 'O', 'O', 'O', 'O', 'O', 'O', 'O', 'O', 'O', 'O', 'B-Organization', 'O', 'O', 'O', 'O', 'O', 'O', 'O', 'O', 'O', 'B-Organization', 'O', 'O', 'O']","Three people , including two village guards , died when a mine planted by PKK rebels exploded on a road in the southeast , Anatolian reported earlier .","['Three(O)', 'people(O)', ',(O)', 'including(O)', 'two(O)', 'village(O)', 'guards(O)', ',(O)', 'died(O)', 'when(O)', 'a(O)', 'mine(O)', 'planted(O)', 'by(O)', 'PKK(B-Organization)', 'rebels(O)', 'exploded(O)', 'on(O)', 'a(O)', 'road(O)', 'in(O)', 'the(O)', 'southeast(O)', ',(O)', 'Anatolian(B-Organization)', 'reported(O)', 'earlier(O)', '.(O)']","Three(O) people(O) ,(O) including(O) two(O) village(O) guards(O) ,(O) died(O) when(O) a(O) mine(O) planted(O) by(O) PKK(B-Organization) rebels(O) exploded(O) on(O) a(O) road(O) in(O) the(O) southeast(O) ,(O) Anatolian(B-Organization) reported(O) earlier(O) .(O)","Input: Three people , including two village guards , died when a mine planted by PKK rebels exploded on a road in the southeast , Anatolian reported earlier .
Output: Three(O) people(O) ,(O) including(O) two(O) village(O) guards(O) ,(O) died(O) when(O) a(O) mine(O) planted(O) by(O) PKK(B-Organization) rebels(O) exploded(O) on(O) a(O) road(O) in(O) the(O) southeast(O) ,(O) Anatolian(B-Organization) reported(O) earlier(O) .(O)"
5166,['Slask' 'Wroclaw' '7' '3' '1' '3' '8' '7' '10'],"['B-Organization', 'I-Organization', 'O', 'O', 'O', 'O', 'O', 'O', 'O']",Slask Wroclaw 7 3 1 3 8 7 10,"['Slask(B-Organization)', 'Wroclaw(I-Organization)', '7(O)', '3(O)', '1(O)', '3(O)', '8(O)', '7(O)', '10(O)']",Slask(B-Organization) Wroclaw(I-Organization) 7(O) 3(O) 1(O) 3(O) 8(O) 7(O) 10(O),"Input: Slask Wroclaw 7 3 1 3 8 7 10
Output: Slask(B-Organization) Wroclaw(I-Organization) 7(O) 3(O) 1(O) 3(O) 8(O) 7(O) 10(O)"
4503,"['Brooks' '69' '69' '74' '71' ',' 'Nick' 'Faldo' '(' 'Britain' ')' '70'
 '71' '68' '74']","['B-Person', 'O', 'O', 'O', 'O', 'O', 'B-Person', 'I-Person', 'O', 'B-Location', 'O', 'O', 'O', 'O', 'O']","Brooks 69 69 74 71 , Nick Faldo ( Britain ) 70 71 68 74","['Brooks(B-Person)', '69(O)', '69(O)', '74(O)', '71(O)', ',(O)', 'Nick(B-Person)', 'Faldo(I-Person)', '((O)', 'Britain(B-Location)', ')(O)', '70(O)', '71(O)', '68(O)', '74(O)']","Brooks(B-Person) 69(O) 69(O) 74(O) 71(O) ,(O) Nick(B-Person) Faldo(I-Person) ((O) Britain(B-Location) )(O) 70(O) 71(O) 68(O) 74(O)","Input: Brooks 69 69 74 71 , Nick Faldo ( Britain ) 70 71 68 74
Output: Brooks(B-Person) 69(O) 69(O) 74(O) 71(O) ,(O) Nick(B-Person) Faldo(I-Person) ((O) Britain(B-Location) )(O) 70(O) 71(O) 68(O) 74(O)"
6052,['HAARETZ'],['B-Organization'],HAARETZ,['HAARETZ(B-Organization)'],HAARETZ(B-Organization),"Input: HAARETZ
Output: HAARETZ(B-Organization)"
3995,['Results' 'of' 'French' 'first' 'division'],"['O', 'O', 'B-Miscellaneous', 'O', 'O']",Results of French first division,"['Results(O)', 'of(O)', 'French(B-Miscellaneous)', 'first(O)', 'division(O)']",Results(O) of(O) French(B-Miscellaneous) first(O) division(O),"Input: Results of French first division
Output: Results(O) of(O) French(B-Miscellaneous) first(O) division(O)"
13163,"['Dick' 'Morris' ',' 'the' 'Republican' 'political' 'consultant' 'who'
 'reshaped' 'U.S.' 'President' 'Bill' 'Clinton' ""'s"" 'reelection'
 'campaign' ',' 'has' 'resigned' ',' 'MS-NBC' 'News' 'reported' 'Thursday'
 '.']","['B-Person', 'I-Person', 'O', 'O', 'B-Miscellaneous', 'O', 'O', 'O', 'O', 'B-Location', 'O', 'B-Person', 'I-Person', 'O', 'O', 'O', 'O', 'O', 'O', 'O', 'B-Miscellaneous', 'I-Miscellaneous', 'O', 'O', 'O']","Dick Morris , the Republican political consultant who reshaped U.S. President Bill Clinton 's reelection campaign , has resigned , MS-NBC News reported Thursday .","['Dick(B-Person)', 'Morris(I-Person)', ',(O)', 'the(O)', 'Republican(B-Miscellaneous)', 'political(O)', 'consultant(O)', 'who(O)', 'reshaped(O)', 'U.S.(B-Location)', 'President(O)', 'Bill(B-Person)', 'Clinton(I-Person)', ""'s(O)"", 'reelection(O)', 'campaign(O)', ',(O)', 'has(O)', 'resigned(O)', ',(O)', 'MS-NBC(B-Miscellaneous)', 'News(I-Miscellaneous)', 'reported(O)', 'Thursday(O)', '.(O)']","Dick(B-Person) Morris(I-Person) ,(O) the(O) Republican(B-Miscellaneous) political(O) consultant(O) who(O) reshaped(O) U.S.(B-Location) President(O) Bill(B-Person) Clinton(I-Person) 's(O) reelection(O) campaign(O) ,(O) has(O) resigned(O) ,(O) MS-NBC(B-Miscellaneous) News(I-Miscellaneous) reported(O) Thursday(O) .(O)","Input: Dick Morris , the Republican political consultant who reshaped U.S. President Bill Clinton 's reelection campaign , has resigned , MS-NBC News reported Thursday .
Output: Dick(B-Person) Morris(I-Person) ,(O) the(O) Republican(B-Miscellaneous) political(O) consultant(O) who(O) reshaped(O) U.S.(B-Location) President(O) Bill(B-Person) Clinton(I-Person) 's(O) reelection(O) campaign(O) ,(O) has(O) resigned(O) ,(O) MS-NBC(B-Miscellaneous) News(I-Miscellaneous) reported(O) Thursday(O) .(O)"
12906,"['BUENOS' 'AIRES' ',' 'Argentina' '1996-08-29']","['B-Location', 'I-Location', 'O', 'B-Location', 'O']","BUENOS AIRES , Argentina 1996-08-29","['BUENOS(B-Location)', 'AIRES(I-Location)', ',(O)', 'Argentina(B-Location)', '1996-08-29(O)']","BUENOS(B-Location) AIRES(I-Location) ,(O) Argentina(B-Location) 1996-08-29(O)","Input: BUENOS AIRES , Argentina 1996-08-29
Output: BUENOS(B-Location) AIRES(I-Location) ,(O) Argentina(B-Location) 1996-08-29(O)"
