id,tokens,ner_tags,text,tokens_tags,ner_text,prompts
2969,['LISTING' 'DDF' 'FFT' 'STG' 'MIN' 'EXER' 'LOT' '100'],"['O', 'O', 'O', 'O', 'O', 'O', 'O', 'O']",LISTING DDF FFT STG MIN EXER LOT 100,"['LISTING(O)', 'DDF(O)', 'FFT(O)', 'STG(O)', 'MIN(O)', 'EXER(O)', 'LOT(O)', '100(O)']",LISTING(O) DDF(O) FFT(O) STG(O) MIN(O) EXER(O) LOT(O) 100(O),"Input: LISTING DDF FFT STG MIN EXER LOT 100
Output: LISTING(O) DDF(O) FFT(O) STG(O) MIN(O) EXER(O) LOT(O) 100(O)"
3171,"['""' 'An' 'improvement' 'is' 'expected' 'in' 'capacity' 'utilisation' ','
 'turnover' 'and' 'profits' ',' '""' 'the' 'company' 'said' 'in' 'a'
 'statement' '.']","['O', 'O', 'O', 'O', 'O', 'O', 'O', 'O', 'O', 'O', 'O', 'O', 'O', 'O', 'O', 'O', 'O', 'O', 'O', 'O', 'O']",""" An improvement is expected in capacity utilisation , turnover and profits , "" the company said in a statement .","['""(O)', 'An(O)', 'improvement(O)', 'is(O)', 'expected(O)', 'in(O)', 'capacity(O)', 'utilisation(O)', ',(O)', 'turnover(O)', 'and(O)', 'profits(O)', ',(O)', '""(O)', 'the(O)', 'company(O)', 'said(O)', 'in(O)', 'a(O)', 'statement(O)', '.(O)']","""(O) An(O) improvement(O) is(O) expected(O) in(O) capacity(O) utilisation(O) ,(O) turnover(O) and(O) profits(O) ,(O) ""(O) the(O) company(O) said(O) in(O) a(O) statement(O) .(O)","Input: "" An improvement is expected in capacity utilisation , turnover and profits , "" the company said in a statement .
Output: ""(O) An(O) improvement(O) is(O) expected(O) in(O) capacity(O) utilisation(O) ,(O) turnover(O) and(O) profits(O) ,(O) ""(O) the(O) company(O) said(O) in(O) a(O) statement(O) .(O)"
13731,['BANGKOK' '1996-08-29'],"['B-LOC', 'O']",BANGKOK 1996-08-29,"['BANGKOK(B-LOC)', '1996-08-29(O)']",BANGKOK(B-LOC) 1996-08-29(O),"Input: BANGKOK 1996-08-29
Output: BANGKOK(B-LOC) 1996-08-29(O)"
2452,['3.' 'Bob' 'Kennedy' '(' 'U.S.' ')' '7:31.69'],"['O', 'B-PER', 'I-PER', 'O', 'B-LOC', 'O', 'O']",3. Bob Kennedy ( U.S. ) 7:31.69,"['3.(O)', 'Bob(B-PER)', 'Kennedy(I-PER)', '((O)', 'U.S.(B-LOC)', ')(O)', '7:31.69(O)']",3.(O) Bob(B-PER) Kennedy(I-PER) ((O) U.S.(B-LOC) )(O) 7:31.69(O),"Input: 3. Bob Kennedy ( U.S. ) 7:31.69
Output: 3.(O) Bob(B-PER) Kennedy(I-PER) ((O) U.S.(B-LOC) )(O) 7:31.69(O)"
3635,['East' 'Stirling' '0' 'Albion' '1'],"['B-ORG', 'I-ORG', 'O', 'B-ORG', 'O']",East Stirling 0 Albion 1,"['East(B-ORG)', 'Stirling(I-ORG)', '0(O)', 'Albion(B-ORG)', '1(O)']",East(B-ORG) Stirling(I-ORG) 0(O) Albion(B-ORG) 1(O),"Input: East Stirling 0 Albion 1
Output: East(B-ORG) Stirling(I-ORG) 0(O) Albion(B-ORG) 1(O)"
4504,"['284' 'D.A.' 'Weibring' '73' '69' '74' '68' ',' 'Tim' 'Herron' '70' '67'
 '75' '72' ',' 'Mark']","['O', 'B-PER', 'I-PER', 'O', 'O', 'O', 'O', 'O', 'B-PER', 'I-PER', 'O', 'O', 'O', 'O', 'O', 'B-PER']","284 D.A. Weibring 73 69 74 68 , Tim Herron 70 67 75 72 , Mark","['284(O)', 'D.A.(B-PER)', 'Weibring(I-PER)', '73(O)', '69(O)', '74(O)', '68(O)', ',(O)', 'Tim(B-PER)', 'Herron(I-PER)', '70(O)', '67(O)', '75(O)', '72(O)', ',(O)', 'Mark(B-PER)']","284(O) D.A.(B-PER) Weibring(I-PER) 73(O) 69(O) 74(O) 68(O) ,(O) Tim(B-PER) Herron(I-PER) 70(O) 67(O) 75(O) 72(O) ,(O) Mark(B-PER)","Input: 284 D.A. Weibring 73 69 74 68 , Tim Herron 70 67 75 72 , Mark
Output: 284(O) D.A.(B-PER) Weibring(I-PER) 73(O) 69(O) 74(O) 68(O) ,(O) Tim(B-PER) Herron(I-PER) 70(O) 67(O) 75(O) 72(O) ,(O) Mark(B-PER)"
918,['unless' 'stated' ')' ':'],"['O', 'O', 'O', 'O']",unless stated ) :,"['unless(O)', 'stated(O)', ')(O)', ':(O)']",unless(O) stated(O) )(O) :(O),"Input: unless stated ) :
Output: unless(O) stated(O) )(O) :(O)"
13031,"['Year' 'A-rated' ""Gen'l"" 'Obligation' '4.45' '%' '4.40' '%' '+0.05']","['O', 'O', 'O', 'O', 'O', 'O', 'O', 'O', 'O']",Year A-rated Gen'l Obligation 4.45 % 4.40 % +0.05,"['Year(O)', 'A-rated(O)', ""Gen'l(O)"", 'Obligation(O)', '4.45(O)', '%(O)', '4.40(O)', '%(O)', '+0.05(O)']",Year(O) A-rated(O) Gen'l(O) Obligation(O) 4.45(O) %(O) 4.40(O) %(O) +0.05(O),"Input: Year A-rated Gen'l Obligation 4.45 % 4.40 % +0.05
Output: Year(O) A-rated(O) Gen'l(O) Obligation(O) 4.45(O) %(O) 4.40(O) %(O) +0.05(O)"
4749,['Heinz-Harald' 'Frentzen' '(' 'Germany' ')' 'Sauber'],"['B-PER', 'I-PER', 'O', 'B-LOC', 'O', 'B-ORG']",Heinz-Harald Frentzen ( Germany ) Sauber,"['Heinz-Harald(B-PER)', 'Frentzen(I-PER)', '((O)', 'Germany(B-LOC)', ')(O)', 'Sauber(B-ORG)']",Heinz-Harald(B-PER) Frentzen(I-PER) ((O) Germany(B-LOC) )(O) Sauber(B-ORG),"Input: Heinz-Harald Frentzen ( Germany ) Sauber
Output: Heinz-Harald(B-PER) Frentzen(I-PER) ((O) Germany(B-LOC) )(O) Sauber(B-ORG)"
1410,"['""' 'Are' 'you' 'kidding' '?']","['O', 'O', 'O', 'O', 'O']",""" Are you kidding ?","['""(O)', 'Are(O)', 'you(O)', 'kidding(O)', '?(O)']","""(O) Are(O) you(O) kidding(O) ?(O)","Input: "" Are you kidding ?
Output: ""(O) Are(O) you(O) kidding(O) ?(O)"
13305,"['Wall' 'Street' 'had' 'expected' 'the' 'company' 'to' 'earn' '$' '0.17'
 'a' 'share' 'in' 'its' 'fourth' 'quarter' ',' 'ended' 'June' '30' ','
 'according' 'to' 'First' 'Call' '.']","['B-LOC', 'I-LOC', 'O', 'O', 'O', 'O', 'O', 'O', 'O', 'O', 'O', 'O', 'O', 'O', 'O', 'O', 'O', 'O', 'O', 'O', 'O', 'O', 'O', 'O', 'O', 'O']","Wall Street had expected the company to earn $ 0.17 a share in its fourth quarter , ended June 30 , according to First Call .","['Wall(B-LOC)', 'Street(I-LOC)', 'had(O)', 'expected(O)', 'the(O)', 'company(O)', 'to(O)', 'earn(O)', '$(O)', '0.17(O)', 'a(O)', 'share(O)', 'in(O)', 'its(O)', 'fourth(O)', 'quarter(O)', ',(O)', 'ended(O)', 'June(O)', '30(O)', ',(O)', 'according(O)', 'to(O)', 'First(O)', 'Call(O)', '.(O)']","Wall(B-LOC) Street(I-LOC) had(O) expected(O) the(O) company(O) to(O) earn(O) $(O) 0.17(O) a(O) share(O) in(O) its(O) fourth(O) quarter(O) ,(O) ended(O) June(O) 30(O) ,(O) according(O) to(O) First(O) Call(O) .(O)","Input: Wall Street had expected the company to earn $ 0.17 a share in its fourth quarter , ended June 30 , according to First Call .
Output: Wall(B-LOC) Street(I-LOC) had(O) expected(O) the(O) company(O) to(O) earn(O) $(O) 0.17(O) a(O) share(O) in(O) its(O) fourth(O) quarter(O) ,(O) ended(O) June(O) 30(O) ,(O) according(O) to(O) First(O) Call(O) .(O)"
3979,['Bordeaux' '3' '1' '2' '0' '2' '1' '5'],"['B-ORG', 'O', 'O', 'O', 'O', 'O', 'O', 'O']",Bordeaux 3 1 2 0 2 1 5,"['Bordeaux(B-ORG)', '3(O)', '1(O)', '2(O)', '0(O)', '2(O)', '1(O)', '5(O)']",Bordeaux(B-ORG) 3(O) 1(O) 2(O) 0(O) 2(O) 1(O) 5(O),"Input: Bordeaux 3 1 2 0 2 1 5
Output: Bordeaux(B-ORG) 3(O) 1(O) 2(O) 0(O) 2(O) 1(O) 5(O)"
5882,['SYDNEY' '1996-08-26'],"['B-LOC', 'O']",SYDNEY 1996-08-26,"['SYDNEY(B-LOC)', '1996-08-26(O)']",SYDNEY(B-LOC) 1996-08-26(O),"Input: SYDNEY 1996-08-26
Output: SYDNEY(B-LOC) 1996-08-26(O)"
8686,"['Schalke' '1' '(' 'Thon' '2nd' ')' 'Bochum' '1' '(' 'Donkow' '86th' ')'
 '.']","['B-ORG', 'O', 'O', 'B-PER', 'O', 'O', 'B-ORG', 'O', 'O', 'B-PER', 'O', 'O', 'O']",Schalke 1 ( Thon 2nd ) Bochum 1 ( Donkow 86th ) .,"['Schalke(B-ORG)', '1(O)', '((O)', 'Thon(B-PER)', '2nd(O)', ')(O)', 'Bochum(B-ORG)', '1(O)', '((O)', 'Donkow(B-PER)', '86th(O)', ')(O)', '.(O)']",Schalke(B-ORG) 1(O) ((O) Thon(B-PER) 2nd(O) )(O) Bochum(B-ORG) 1(O) ((O) Donkow(B-PER) 86th(O) )(O) .(O),"Input: Schalke 1 ( Thon 2nd ) Bochum 1 ( Donkow 86th ) .
Output: Schalke(B-ORG) 1(O) ((O) Thon(B-PER) 2nd(O) )(O) Bochum(B-ORG) 1(O) ((O) Donkow(B-PER) 86th(O) )(O) .(O)"
6812,['There' 'is' 'no' 'overall' 'champion' '.'],"['O', 'O', 'O', 'O', 'O', 'O']",There is no overall champion .,"['There(O)', 'is(O)', 'no(O)', 'overall(O)', 'champion(O)', '.(O)']",There(O) is(O) no(O) overall(O) champion(O) .(O),"Input: There is no overall champion .
Output: There(O) is(O) no(O) overall(O) champion(O) .(O)"
6201,"['Collective' 'farms' 'and' 'Ukraine' ""'s"" 'nascent' 'private' 'farming'
 'sector' 'have' 'no' 'money' 'for' 'fertiliser' ',' 'no' 'money' 'for'
 'herbicides' 'and' 'pesticides' ',' 'no' 'money' 'to' 'repair' 'old' 'or'
 'buy' 'new' 'machinery' ',' 'no' 'money' 'for' 'fuel' ',' 'and' 'none'
 'to' 'buy' 'good' 'seed' '.']","['O', 'O', 'O', 'B-LOC', 'O', 'O', 'O', 'O', 'O', 'O', 'O', 'O', 'O', 'O', 'O', 'O', 'O', 'O', 'O', 'O', 'O', 'O', 'O', 'O', 'O', 'O', 'O', 'O', 'O', 'O', 'O', 'O', 'O', 'O', 'O', 'O', 'O', 'O', 'O', 'O', 'O', 'O', 'O', 'O']","Collective farms and Ukraine 's nascent private farming sector have no money for fertiliser , no money for herbicides and pesticides , no money to repair old or buy new machinery , no money for fuel , and none to buy good seed .","['Collective(O)', 'farms(O)', 'and(O)', 'Ukraine(B-LOC)', ""'s(O)"", 'nascent(O)', 'private(O)', 'farming(O)', 'sector(O)', 'have(O)', 'no(O)', 'money(O)', 'for(O)', 'fertiliser(O)', ',(O)', 'no(O)', 'money(O)', 'for(O)', 'herbicides(O)', 'and(O)', 'pesticides(O)', ',(O)', 'no(O)', 'money(O)', 'to(O)', 'repair(O)', 'old(O)', 'or(O)', 'buy(O)', 'new(O)', 'machinery(O)', ',(O)', 'no(O)', 'money(O)', 'for(O)', 'fuel(O)', ',(O)', 'and(O)', 'none(O)', 'to(O)', 'buy(O)', 'good(O)', 'seed(O)', '.(O)']","Collective(O) farms(O) and(O) Ukraine(B-LOC) 's(O) nascent(O) private(O) farming(O) sector(O) have(O) no(O) money(O) for(O) fertiliser(O) ,(O) no(O) money(O) for(O) herbicides(O) and(O) pesticides(O) ,(O) no(O) money(O) to(O) repair(O) old(O) or(O) buy(O) new(O) machinery(O) ,(O) no(O) money(O) for(O) fuel(O) ,(O) and(O) none(O) to(O) buy(O) good(O) seed(O) .(O)","Input: Collective farms and Ukraine 's nascent private farming sector have no money for fertiliser , no money for herbicides and pesticides , no money to repair old or buy new machinery , no money for fuel , and none to buy good seed .
Output: Collective(O) farms(O) and(O) Ukraine(B-LOC) 's(O) nascent(O) private(O) farming(O) sector(O) have(O) no(O) money(O) for(O) fertiliser(O) ,(O) no(O) money(O) for(O) herbicides(O) and(O) pesticides(O) ,(O) no(O) money(O) to(O) repair(O) old(O) or(O) buy(O) new(O) machinery(O) ,(O) no(O) money(O) for(O) fuel(O) ,(O) and(O) none(O) to(O) buy(O) good(O) seed(O) .(O)"
2572,['FORECAST' '-' 'S.AFRICAN' 'COMPANY' 'RESULTS' 'CONSENSUS' '.'],"['O', 'O', 'B-MISC', 'O', 'O', 'O', 'O']",FORECAST - S.AFRICAN COMPANY RESULTS CONSENSUS .,"['FORECAST(O)', '-(O)', 'S.AFRICAN(B-MISC)', 'COMPANY(O)', 'RESULTS(O)', 'CONSENSUS(O)', '.(O)']",FORECAST(O) -(O) S.AFRICAN(B-MISC) COMPANY(O) RESULTS(O) CONSENSUS(O) .(O),"Input: FORECAST - S.AFRICAN COMPANY RESULTS CONSENSUS .
Output: FORECAST(O) -(O) S.AFRICAN(B-MISC) COMPANY(O) RESULTS(O) CONSENSUS(O) .(O)"
8425,"['Men' ""'s"" 'singles']","['O', 'O', 'O']",Men 's singles,"['Men(O)', ""'s(O)"", 'singles(O)']",Men(O) 's(O) singles(O),"Input: Men 's singles
Output: Men(O) 's(O) singles(O)"
6991,"['Others' 'advancing' 'early' 'on' 'Monday' 'included' '11th-seeded'
 'American' 'Malivai' 'Washington' ',' 'the' 'Wimbledon' 'runner-up' ','
 'Sweden' ""'s"" 'Magnus' 'Gustafsson' ',' 'and' 'two-time' 'former'
 'French' 'Open' 'champion' 'Sergi' 'Bruguera' 'of' 'Spain' ',' 'who'
 'will' 'be' 'Stich' ""'s"" 'next' 'opponent' '.']","['O', 'O', 'O', 'O', 'O', 'O', 'O', 'B-MISC', 'B-PER', 'I-PER', 'O', 'O', 'B-MISC', 'O', 'O', 'B-LOC', 'O', 'B-PER', 'I-PER', 'O', 'O', 'O', 'O', 'B-MISC', 'I-MISC', 'O', 'B-PER', 'I-PER', 'O', 'B-LOC', 'O', 'O', 'O', 'O', 'B-PER', 'O', 'O', 'O', 'O']","Others advancing early on Monday included 11th-seeded American Malivai Washington , the Wimbledon runner-up , Sweden 's Magnus Gustafsson , and two-time former French Open champion Sergi Bruguera of Spain , who will be Stich 's next opponent .","['Others(O)', 'advancing(O)', 'early(O)', 'on(O)', 'Monday(O)', 'included(O)', '11th-seeded(O)', 'American(B-MISC)', 'Malivai(B-PER)', 'Washington(I-PER)', ',(O)', 'the(O)', 'Wimbledon(B-MISC)', 'runner-up(O)', ',(O)', 'Sweden(B-LOC)', ""'s(O)"", 'Magnus(B-PER)', 'Gustafsson(I-PER)', ',(O)', 'and(O)', 'two-time(O)', 'former(O)', 'French(B-MISC)', 'Open(I-MISC)', 'champion(O)', 'Sergi(B-PER)', 'Bruguera(I-PER)', 'of(O)', 'Spain(B-LOC)', ',(O)', 'who(O)', 'will(O)', 'be(O)', 'Stich(B-PER)', ""'s(O)"", 'next(O)', 'opponent(O)', '.(O)']","Others(O) advancing(O) early(O) on(O) Monday(O) included(O) 11th-seeded(O) American(B-MISC) Malivai(B-PER) Washington(I-PER) ,(O) the(O) Wimbledon(B-MISC) runner-up(O) ,(O) Sweden(B-LOC) 's(O) Magnus(B-PER) Gustafsson(I-PER) ,(O) and(O) two-time(O) former(O) French(B-MISC) Open(I-MISC) champion(O) Sergi(B-PER) Bruguera(I-PER) of(O) Spain(B-LOC) ,(O) who(O) will(O) be(O) Stich(B-PER) 's(O) next(O) opponent(O) .(O)","Input: Others advancing early on Monday included 11th-seeded American Malivai Washington , the Wimbledon runner-up , Sweden 's Magnus Gustafsson , and two-time former French Open champion Sergi Bruguera of Spain , who will be Stich 's next opponent .
Output: Others(O) advancing(O) early(O) on(O) Monday(O) included(O) 11th-seeded(O) American(B-MISC) Malivai(B-PER) Washington(I-PER) ,(O) the(O) Wimbledon(B-MISC) runner-up(O) ,(O) Sweden(B-LOC) 's(O) Magnus(B-PER) Gustafsson(I-PER) ,(O) and(O) two-time(O) former(O) French(B-MISC) Open(I-MISC) champion(O) Sergi(B-PER) Bruguera(I-PER) of(O) Spain(B-LOC) ,(O) who(O) will(O) be(O) Stich(B-PER) 's(O) next(O) opponent(O) .(O)"
11940,['--' 'Wellington' 'newsroom' '(' '64' '4' ')' '473' '4746'],"['O', 'B-LOC', 'O', 'O', 'O', 'O', 'O', 'O', 'O']",-- Wellington newsroom ( 64 4 ) 473 4746,"['--(O)', 'Wellington(B-LOC)', 'newsroom(O)', '((O)', '64(O)', '4(O)', ')(O)', '473(O)', '4746(O)']",--(O) Wellington(B-LOC) newsroom(O) ((O) 64(O) 4(O) )(O) 473(O) 4746(O),"Input: -- Wellington newsroom ( 64 4 ) 473 4746
Output: --(O) Wellington(B-LOC) newsroom(O) ((O) 64(O) 4(O) )(O) 473(O) 4746(O)"
158,"['Arafat' 'subsequently' 'cancelled' 'a' 'meeting' 'between' 'Israeli'
 'and' 'PLO' 'officials' ',' 'on' 'civilian' 'affairs' ',' 'at' 'the'
 'Allenby' 'Bridge' 'crossing' 'between' 'Jordan' 'and' 'the' 'West'
 'Bank' '.']","['B-PER', 'O', 'O', 'O', 'O', 'O', 'B-MISC', 'O', 'B-ORG', 'O', 'O', 'O', 'O', 'O', 'O', 'O', 'O', 'B-LOC', 'I-LOC', 'O', 'O', 'B-LOC', 'O', 'O', 'B-LOC', 'I-LOC', 'O']","Arafat subsequently cancelled a meeting between Israeli and PLO officials , on civilian affairs , at the Allenby Bridge crossing between Jordan and the West Bank .","['Arafat(B-PER)', 'subsequently(O)', 'cancelled(O)', 'a(O)', 'meeting(O)', 'between(O)', 'Israeli(B-MISC)', 'and(O)', 'PLO(B-ORG)', 'officials(O)', ',(O)', 'on(O)', 'civilian(O)', 'affairs(O)', ',(O)', 'at(O)', 'the(O)', 'Allenby(B-LOC)', 'Bridge(I-LOC)', 'crossing(O)', 'between(O)', 'Jordan(B-LOC)', 'and(O)', 'the(O)', 'West(B-LOC)', 'Bank(I-LOC)', '.(O)']","Arafat(B-PER) subsequently(O) cancelled(O) a(O) meeting(O) between(O) Israeli(B-MISC) and(O) PLO(B-ORG) officials(O) ,(O) on(O) civilian(O) affairs(O) ,(O) at(O) the(O) Allenby(B-LOC) Bridge(I-LOC) crossing(O) between(O) Jordan(B-LOC) and(O) the(O) West(B-LOC) Bank(I-LOC) .(O)","Input: Arafat subsequently cancelled a meeting between Israeli and PLO officials , on civilian affairs , at the Allenby Bridge crossing between Jordan and the West Bank .
Output: Arafat(B-PER) subsequently(O) cancelled(O) a(O) meeting(O) between(O) Israeli(B-MISC) and(O) PLO(B-ORG) officials(O) ,(O) on(O) civilian(O) affairs(O) ,(O) at(O) the(O) Allenby(B-LOC) Bridge(I-LOC) crossing(O) between(O) Jordan(B-LOC) and(O) the(O) West(B-LOC) Bank(I-LOC) .(O)"
6902,['Lotte' '44' '6' '53' '.456' '15' '1/2'],"['B-ORG', 'O', 'O', 'O', 'O', 'O', 'O']",Lotte 44 6 53 .456 15 1/2,"['Lotte(B-ORG)', '44(O)', '6(O)', '53(O)', '.456(O)', '15(O)', '1/2(O)']",Lotte(B-ORG) 44(O) 6(O) 53(O) .456(O) 15(O) 1/2(O),"Input: Lotte 44 6 53 .456 15 1/2
Output: Lotte(B-ORG) 44(O) 6(O) 53(O) .456(O) 15(O) 1/2(O)"
10659,"['The' 'side' 'from' 'northern' 'France' ',' 'forced' 'to' 'fight' 'an'
 'uphill' 'battle' 'from' 'then' 'on' ',' 'pulled' 'level' 'thanks' 'to'
 'Tony' 'Vairelles' 'in' 'the' 'eighth' 'minute' 'but' 'young' 'striker'
 'Fabien' 'Lefevre' 'made' 'it' 'two' 'for' 'Montpellier' 'five' 'minutes'
 'later' '.']","['O', 'O', 'O', 'O', 'B-LOC', 'O', 'O', 'O', 'O', 'O', 'O', 'O', 'O', 'O', 'O', 'O', 'O', 'O', 'O', 'O', 'B-PER', 'I-PER', 'O', 'O', 'O', 'O', 'O', 'O', 'O', 'B-PER', 'I-PER', 'O', 'O', 'O', 'O', 'B-ORG', 'O', 'O', 'O', 'O']","The side from northern France , forced to fight an uphill battle from then on , pulled level thanks to Tony Vairelles in the eighth minute but young striker Fabien Lefevre made it two for Montpellier five minutes later .","['The(O)', 'side(O)', 'from(O)', 'northern(O)', 'France(B-LOC)', ',(O)', 'forced(O)', 'to(O)', 'fight(O)', 'an(O)', 'uphill(O)', 'battle(O)', 'from(O)', 'then(O)', 'on(O)', ',(O)', 'pulled(O)', 'level(O)', 'thanks(O)', 'to(O)', 'Tony(B-PER)', 'Vairelles(I-PER)', 'in(O)', 'the(O)', 'eighth(O)', 'minute(O)', 'but(O)', 'young(O)', 'striker(O)', 'Fabien(B-PER)', 'Lefevre(I-PER)', 'made(O)', 'it(O)', 'two(O)', 'for(O)', 'Montpellier(B-ORG)', 'five(O)', 'minutes(O)', 'later(O)', '.(O)']","The(O) side(O) from(O) northern(O) France(B-LOC) ,(O) forced(O) to(O) fight(O) an(O) uphill(O) battle(O) from(O) then(O) on(O) ,(O) pulled(O) level(O) thanks(O) to(O) Tony(B-PER) Vairelles(I-PER) in(O) the(O) eighth(O) minute(O) but(O) young(O) striker(O) Fabien(B-PER) Lefevre(I-PER) made(O) it(O) two(O) for(O) Montpellier(B-ORG) five(O) minutes(O) later(O) .(O)","Input: The side from northern France , forced to fight an uphill battle from then on , pulled level thanks to Tony Vairelles in the eighth minute but young striker Fabien Lefevre made it two for Montpellier five minutes later .
Output: The(O) side(O) from(O) northern(O) France(B-LOC) ,(O) forced(O) to(O) fight(O) an(O) uphill(O) battle(O) from(O) then(O) on(O) ,(O) pulled(O) level(O) thanks(O) to(O) Tony(B-PER) Vairelles(I-PER) in(O) the(O) eighth(O) minute(O) but(O) young(O) striker(O) Fabien(B-PER) Lefevre(I-PER) made(O) it(O) two(O) for(O) Montpellier(B-ORG) five(O) minutes(O) later(O) .(O)"
7920,['FRONT' 'PAGE'],"['O', 'O']",FRONT PAGE,"['FRONT(O)', 'PAGE(O)']",FRONT(O) PAGE(O),"Input: FRONT PAGE
Output: FRONT(O) PAGE(O)"
10797,['Nice' '1' 'Guingamp' '2'],"['B-ORG', 'O', 'B-ORG', 'O']",Nice 1 Guingamp 2,"['Nice(B-ORG)', '1(O)', 'Guingamp(B-ORG)', '2(O)']",Nice(B-ORG) 1(O) Guingamp(B-ORG) 2(O),"Input: Nice 1 Guingamp 2
Output: Nice(B-ORG) 1(O) Guingamp(B-ORG) 2(O)"
7993,"['Reuters' 'has' 'not' 'verified' 'these' 'stories' 'and' 'does' 'not'
 'vouch' 'for' 'their' 'accuracy' '.']","['B-ORG', 'O', 'O', 'O', 'O', 'O', 'O', 'O', 'O', 'O', 'O', 'O', 'O', 'O']",Reuters has not verified these stories and does not vouch for their accuracy .,"['Reuters(B-ORG)', 'has(O)', 'not(O)', 'verified(O)', 'these(O)', 'stories(O)', 'and(O)', 'does(O)', 'not(O)', 'vouch(O)', 'for(O)', 'their(O)', 'accuracy(O)', '.(O)']",Reuters(B-ORG) has(O) not(O) verified(O) these(O) stories(O) and(O) does(O) not(O) vouch(O) for(O) their(O) accuracy(O) .(O),"Input: Reuters has not verified these stories and does not vouch for their accuracy .
Output: Reuters(B-ORG) has(O) not(O) verified(O) these(O) stories(O) and(O) does(O) not(O) vouch(O) for(O) their(O) accuracy(O) .(O)"
13620,"['The' 'RMT' 'spokesman' 'said' 'that' 'near' 'the' 'eastern' 'city' 'of'
 'Turnhout' ',' 'a' 'group' 'of' 'boy' 'scouts' 'camping' 'in' 'a'
 'low-lying' 'meadow' 'had' 'to' 'be' 'evacuated' 'as' 'water' 'flooded'
 'their' 'tents' '.']","['O', 'B-ORG', 'O', 'O', 'O', 'O', 'O', 'O', 'O', 'O', 'B-LOC', 'O', 'O', 'O', 'O', 'O', 'O', 'O', 'O', 'O', 'O', 'O', 'O', 'O', 'O', 'O', 'O', 'O', 'O', 'O', 'O', 'O']","The RMT spokesman said that near the eastern city of Turnhout , a group of boy scouts camping in a low-lying meadow had to be evacuated as water flooded their tents .","['The(O)', 'RMT(B-ORG)', 'spokesman(O)', 'said(O)', 'that(O)', 'near(O)', 'the(O)', 'eastern(O)', 'city(O)', 'of(O)', 'Turnhout(B-LOC)', ',(O)', 'a(O)', 'group(O)', 'of(O)', 'boy(O)', 'scouts(O)', 'camping(O)', 'in(O)', 'a(O)', 'low-lying(O)', 'meadow(O)', 'had(O)', 'to(O)', 'be(O)', 'evacuated(O)', 'as(O)', 'water(O)', 'flooded(O)', 'their(O)', 'tents(O)', '.(O)']","The(O) RMT(B-ORG) spokesman(O) said(O) that(O) near(O) the(O) eastern(O) city(O) of(O) Turnhout(B-LOC) ,(O) a(O) group(O) of(O) boy(O) scouts(O) camping(O) in(O) a(O) low-lying(O) meadow(O) had(O) to(O) be(O) evacuated(O) as(O) water(O) flooded(O) their(O) tents(O) .(O)","Input: The RMT spokesman said that near the eastern city of Turnhout , a group of boy scouts camping in a low-lying meadow had to be evacuated as water flooded their tents .
Output: The(O) RMT(B-ORG) spokesman(O) said(O) that(O) near(O) the(O) eastern(O) city(O) of(O) Turnhout(B-LOC) ,(O) a(O) group(O) of(O) boy(O) scouts(O) camping(O) in(O) a(O) low-lying(O) meadow(O) had(O) to(O) be(O) evacuated(O) as(O) water(O) flooded(O) their(O) tents(O) .(O)"
9150,"['He' 'was' 'operated' 'on' 'earlier' 'in' 'the' 'week' 'but' 'failed'
 'to' 'recover' 'from' 'surgery' '.']","['O', 'O', 'O', 'O', 'O', 'O', 'O', 'O', 'O', 'O', 'O', 'O', 'O', 'O', 'O']",He was operated on earlier in the week but failed to recover from surgery .,"['He(O)', 'was(O)', 'operated(O)', 'on(O)', 'earlier(O)', 'in(O)', 'the(O)', 'week(O)', 'but(O)', 'failed(O)', 'to(O)', 'recover(O)', 'from(O)', 'surgery(O)', '.(O)']",He(O) was(O) operated(O) on(O) earlier(O) in(O) the(O) week(O) but(O) failed(O) to(O) recover(O) from(O) surgery(O) .(O),"Input: He was operated on earlier in the week but failed to recover from surgery .
Output: He(O) was(O) operated(O) on(O) earlier(O) in(O) the(O) week(O) but(O) failed(O) to(O) recover(O) from(O) surgery(O) .(O)"
333,"['72' 'Clarence' 'Rose' ',' 'Loren' 'Roberts' ',' 'Fred' 'Funk' ',' 'Sven'
 'Struver']","['O', 'B-PER', 'I-PER', 'O', 'B-PER', 'I-PER', 'O', 'B-PER', 'I-PER', 'O', 'B-PER', 'I-PER']","72 Clarence Rose , Loren Roberts , Fred Funk , Sven Struver","['72(O)', 'Clarence(B-PER)', 'Rose(I-PER)', ',(O)', 'Loren(B-PER)', 'Roberts(I-PER)', ',(O)', 'Fred(B-PER)', 'Funk(I-PER)', ',(O)', 'Sven(B-PER)', 'Struver(I-PER)']","72(O) Clarence(B-PER) Rose(I-PER) ,(O) Loren(B-PER) Roberts(I-PER) ,(O) Fred(B-PER) Funk(I-PER) ,(O) Sven(B-PER) Struver(I-PER)","Input: 72 Clarence Rose , Loren Roberts , Fred Funk , Sven Struver
Output: 72(O) Clarence(B-PER) Rose(I-PER) ,(O) Loren(B-PER) Roberts(I-PER) ,(O) Fred(B-PER) Funk(I-PER) ,(O) Sven(B-PER) Struver(I-PER)"
6091,"['Presently' ',' 'for' 'example' ',' 'if' 'an' 'accountant' ""'s"" 'job'
 'involves' 'doing' 'five' 'specific' 'tasks' ',' 'he' 'or' 'she' 'can'
 'expect' 'a' 'certain' 'salary' ',' 'said' 'Sandra' ""O'Neal"" ',' 'a'
 'Towers' 'Perrin' 'principal' '.']","['O', 'O', 'O', 'O', 'O', 'O', 'O', 'O', 'O', 'O', 'O', 'O', 'O', 'O', 'O', 'O', 'O', 'O', 'O', 'O', 'O', 'O', 'O', 'O', 'O', 'O', 'B-PER', 'I-PER', 'O', 'O', 'B-ORG', 'I-ORG', 'O', 'O']","Presently , for example , if an accountant 's job involves doing five specific tasks , he or she can expect a certain salary , said Sandra O'Neal , a Towers Perrin principal .","['Presently(O)', ',(O)', 'for(O)', 'example(O)', ',(O)', 'if(O)', 'an(O)', 'accountant(O)', ""'s(O)"", 'job(O)', 'involves(O)', 'doing(O)', 'five(O)', 'specific(O)', 'tasks(O)', ',(O)', 'he(O)', 'or(O)', 'she(O)', 'can(O)', 'expect(O)', 'a(O)', 'certain(O)', 'salary(O)', ',(O)', 'said(O)', 'Sandra(B-PER)', ""O'Neal(I-PER)"", ',(O)', 'a(O)', 'Towers(B-ORG)', 'Perrin(I-ORG)', 'principal(O)', '.(O)']","Presently(O) ,(O) for(O) example(O) ,(O) if(O) an(O) accountant(O) 's(O) job(O) involves(O) doing(O) five(O) specific(O) tasks(O) ,(O) he(O) or(O) she(O) can(O) expect(O) a(O) certain(O) salary(O) ,(O) said(O) Sandra(B-PER) O'Neal(I-PER) ,(O) a(O) Towers(B-ORG) Perrin(I-ORG) principal(O) .(O)","Input: Presently , for example , if an accountant 's job involves doing five specific tasks , he or she can expect a certain salary , said Sandra O'Neal , a Towers Perrin principal .
Output: Presently(O) ,(O) for(O) example(O) ,(O) if(O) an(O) accountant(O) 's(O) job(O) involves(O) doing(O) five(O) specific(O) tasks(O) ,(O) he(O) or(O) she(O) can(O) expect(O) a(O) certain(O) salary(O) ,(O) said(O) Sandra(B-PER) O'Neal(I-PER) ,(O) a(O) Towers(B-ORG) Perrin(I-ORG) principal(O) .(O)"
931,['Cooper'],['B-PER'],Cooper,['Cooper(B-PER)'],Cooper(B-PER),"Input: Cooper
Output: Cooper(B-PER)"
3687,['Stockport' '0' 'Notts' 'County' '0'],"['B-ORG', 'O', 'B-ORG', 'I-ORG', 'O']",Stockport 0 Notts County 0,"['Stockport(B-ORG)', '0(O)', 'Notts(B-ORG)', 'County(I-ORG)', '0(O)']",Stockport(B-ORG) 0(O) Notts(B-ORG) County(I-ORG) 0(O),"Input: Stockport 0 Notts County 0
Output: Stockport(B-ORG) 0(O) Notts(B-ORG) County(I-ORG) 0(O)"
13566,"['Gas' 'oil' '1,600' '1,650' '1,850-1,900']","['O', 'O', 'O', 'O', 'O']","Gas oil 1,600 1,650 1,850-1,900","['Gas(O)', 'oil(O)', '1,600(O)', '1,650(O)', '1,850-1,900(O)']","Gas(O) oil(O) 1,600(O) 1,650(O) 1,850-1,900(O)","Input: Gas oil 1,600 1,650 1,850-1,900
Output: Gas(O) oil(O) 1,600(O) 1,650(O) 1,850-1,900(O)"
380,"['$' '450,000' 'Toshiba' 'Classic' 'tennis' 'tournament' 'on' 'Wednesday']","['O', 'O', 'B-MISC', 'I-MISC', 'O', 'O', 'O', 'O']","$ 450,000 Toshiba Classic tennis tournament on Wednesday","['$(O)', '450,000(O)', 'Toshiba(B-MISC)', 'Classic(I-MISC)', 'tennis(O)', 'tournament(O)', 'on(O)', 'Wednesday(O)']","$(O) 450,000(O) Toshiba(B-MISC) Classic(I-MISC) tennis(O) tournament(O) on(O) Wednesday(O)","Input: $ 450,000 Toshiba Classic tennis tournament on Wednesday
Output: $(O) 450,000(O) Toshiba(B-MISC) Classic(I-MISC) tennis(O) tournament(O) on(O) Wednesday(O)"
4387,"['Two' 'of' 'the' 'corpses' 'were' 'identified' 'but' 'not' 'the' 'third'
 ',' 'found' 'headless' 'and' 'decomposed' 'in' 'a' 'sack' 'in' 'a'
 'nearby' 'canal' '.']","['O', 'O', 'O', 'O', 'O', 'O', 'O', 'O', 'O', 'O', 'O', 'O', 'O', 'O', 'O', 'O', 'O', 'O', 'O', 'O', 'O', 'O', 'O']","Two of the corpses were identified but not the third , found headless and decomposed in a sack in a nearby canal .","['Two(O)', 'of(O)', 'the(O)', 'corpses(O)', 'were(O)', 'identified(O)', 'but(O)', 'not(O)', 'the(O)', 'third(O)', ',(O)', 'found(O)', 'headless(O)', 'and(O)', 'decomposed(O)', 'in(O)', 'a(O)', 'sack(O)', 'in(O)', 'a(O)', 'nearby(O)', 'canal(O)', '.(O)']","Two(O) of(O) the(O) corpses(O) were(O) identified(O) but(O) not(O) the(O) third(O) ,(O) found(O) headless(O) and(O) decomposed(O) in(O) a(O) sack(O) in(O) a(O) nearby(O) canal(O) .(O)","Input: Two of the corpses were identified but not the third , found headless and decomposed in a sack in a nearby canal .
Output: Two(O) of(O) the(O) corpses(O) were(O) identified(O) but(O) not(O) the(O) third(O) ,(O) found(O) headless(O) and(O) decomposed(O) in(O) a(O) sack(O) in(O) a(O) nearby(O) canal(O) .(O)"
2589,['WED' 'Imphold' 'YR' 'DIV' '67.5' '66.6-68.4' '45.0'],"['O', 'B-ORG', 'O', 'O', 'O', 'O', 'O']",WED Imphold YR DIV 67.5 66.6-68.4 45.0,"['WED(O)', 'Imphold(B-ORG)', 'YR(O)', 'DIV(O)', '67.5(O)', '66.6-68.4(O)', '45.0(O)']",WED(O) Imphold(B-ORG) YR(O) DIV(O) 67.5(O) 66.6-68.4(O) 45.0(O),"Input: WED Imphold YR DIV 67.5 66.6-68.4 45.0
Output: WED(O) Imphold(B-ORG) YR(O) DIV(O) 67.5(O) 66.6-68.4(O) 45.0(O)"
8795,"['""' 'The' 'first' 'half' 'of' 'the' 'year' 'is' 'unlikely' 'to' 'be' 'as'
 'strong' 'as' 'expected' 'so' 'the' 'company' 'will' 'probably' 'be'
 'unable' 'to' 'reach' 'its' 'annual' 'plan' 'in' '1996' ',' '""' 'said'
 'Gabor' 'Sitanyi' ',' 'a' 'London-based' 'analyst' 'for' 'ING' 'Barings'
 '.']","['O', 'O', 'O', 'O', 'O', 'O', 'O', 'O', 'O', 'O', 'O', 'O', 'O', 'O', 'O', 'O', 'O', 'O', 'O', 'O', 'O', 'O', 'O', 'O', 'O', 'O', 'O', 'O', 'O', 'O', 'O', 'O', 'B-PER', 'I-PER', 'O', 'O', 'O', 'O', 'O', 'B-ORG', 'I-ORG', 'O']",""" The first half of the year is unlikely to be as strong as expected so the company will probably be unable to reach its annual plan in 1996 , "" said Gabor Sitanyi , a London-based analyst for ING Barings .","['""(O)', 'The(O)', 'first(O)', 'half(O)', 'of(O)', 'the(O)', 'year(O)', 'is(O)', 'unlikely(O)', 'to(O)', 'be(O)', 'as(O)', 'strong(O)', 'as(O)', 'expected(O)', 'so(O)', 'the(O)', 'company(O)', 'will(O)', 'probably(O)', 'be(O)', 'unable(O)', 'to(O)', 'reach(O)', 'its(O)', 'annual(O)', 'plan(O)', 'in(O)', '1996(O)', ',(O)', '""(O)', 'said(O)', 'Gabor(B-PER)', 'Sitanyi(I-PER)', ',(O)', 'a(O)', 'London-based(O)', 'analyst(O)', 'for(O)', 'ING(B-ORG)', 'Barings(I-ORG)', '.(O)']","""(O) The(O) first(O) half(O) of(O) the(O) year(O) is(O) unlikely(O) to(O) be(O) as(O) strong(O) as(O) expected(O) so(O) the(O) company(O) will(O) probably(O) be(O) unable(O) to(O) reach(O) its(O) annual(O) plan(O) in(O) 1996(O) ,(O) ""(O) said(O) Gabor(B-PER) Sitanyi(I-PER) ,(O) a(O) London-based(O) analyst(O) for(O) ING(B-ORG) Barings(I-ORG) .(O)","Input: "" The first half of the year is unlikely to be as strong as expected so the company will probably be unable to reach its annual plan in 1996 , "" said Gabor Sitanyi , a London-based analyst for ING Barings .
Output: ""(O) The(O) first(O) half(O) of(O) the(O) year(O) is(O) unlikely(O) to(O) be(O) as(O) strong(O) as(O) expected(O) so(O) the(O) company(O) will(O) probably(O) be(O) unable(O) to(O) reach(O) its(O) annual(O) plan(O) in(O) 1996(O) ,(O) ""(O) said(O) Gabor(B-PER) Sitanyi(I-PER) ,(O) a(O) London-based(O) analyst(O) for(O) ING(B-ORG) Barings(I-ORG) .(O)"
4365,"['""' 'After' 'the' '(' 'Bosnian' ')' 'elections' '(' 'on' 'September' '14'
 ')' 'the' 'troops' 'will' 'start' 'being' 'reduced' 'from' 'the'
 'beginning' 'of' 'October' 'from' '60,000' 'to' 'about' '20,000' '.']","['O', 'O', 'O', 'O', 'B-MISC', 'O', 'O', 'O', 'O', 'O', 'O', 'O', 'O', 'O', 'O', 'O', 'O', 'O', 'O', 'O', 'O', 'O', 'O', 'O', 'O', 'O', 'O', 'O', 'O']",""" After the ( Bosnian ) elections ( on September 14 ) the troops will start being reduced from the beginning of October from 60,000 to about 20,000 .","['""(O)', 'After(O)', 'the(O)', '((O)', 'Bosnian(B-MISC)', ')(O)', 'elections(O)', '((O)', 'on(O)', 'September(O)', '14(O)', ')(O)', 'the(O)', 'troops(O)', 'will(O)', 'start(O)', 'being(O)', 'reduced(O)', 'from(O)', 'the(O)', 'beginning(O)', 'of(O)', 'October(O)', 'from(O)', '60,000(O)', 'to(O)', 'about(O)', '20,000(O)', '.(O)']","""(O) After(O) the(O) ((O) Bosnian(B-MISC) )(O) elections(O) ((O) on(O) September(O) 14(O) )(O) the(O) troops(O) will(O) start(O) being(O) reduced(O) from(O) the(O) beginning(O) of(O) October(O) from(O) 60,000(O) to(O) about(O) 20,000(O) .(O)","Input: "" After the ( Bosnian ) elections ( on September 14 ) the troops will start being reduced from the beginning of October from 60,000 to about 20,000 .
Output: ""(O) After(O) the(O) ((O) Bosnian(B-MISC) )(O) elections(O) ((O) on(O) September(O) 14(O) )(O) the(O) troops(O) will(O) start(O) being(O) reduced(O) from(O) the(O) beginning(O) of(O) October(O) from(O) 60,000(O) to(O) about(O) 20,000(O) .(O)"
6748,['in' 'the' 'Mexican' 'soccer' 'championship' ':'],"['O', 'O', 'B-MISC', 'O', 'O', 'O']",in the Mexican soccer championship :,"['in(O)', 'the(O)', 'Mexican(B-MISC)', 'soccer(O)', 'championship(O)', ':(O)']",in(O) the(O) Mexican(B-MISC) soccer(O) championship(O) :(O),"Input: in the Mexican soccer championship :
Output: in(O) the(O) Mexican(B-MISC) soccer(O) championship(O) :(O)"
8698,"['played' ',' 'won' ',' 'drawn' ',' 'lost' ',' 'goals' 'for' ',' 'goals'
 'against' ',' 'points' ')' ':']","['O', 'O', 'O', 'O', 'O', 'O', 'O', 'O', 'O', 'O', 'O', 'O', 'O', 'O', 'O', 'O', 'O']","played , won , drawn , lost , goals for , goals against , points ) :","['played(O)', ',(O)', 'won(O)', ',(O)', 'drawn(O)', ',(O)', 'lost(O)', ',(O)', 'goals(O)', 'for(O)', ',(O)', 'goals(O)', 'against(O)', ',(O)', 'points(O)', ')(O)', ':(O)']","played(O) ,(O) won(O) ,(O) drawn(O) ,(O) lost(O) ,(O) goals(O) for(O) ,(O) goals(O) against(O) ,(O) points(O) )(O) :(O)","Input: played , won , drawn , lost , goals for , goals against , points ) :
Output: played(O) ,(O) won(O) ,(O) drawn(O) ,(O) lost(O) ,(O) goals(O) for(O) ,(O) goals(O) against(O) ,(O) points(O) )(O) :(O)"
8145,"['2-2' '(' 'halftime' '0-0' ')' 'in' 'a' 'friendly' 'soccer'
 'international' 'on']","['O', 'O', 'O', 'O', 'O', 'O', 'O', 'O', 'O', 'O', 'O']",2-2 ( halftime 0-0 ) in a friendly soccer international on,"['2-2(O)', '((O)', 'halftime(O)', '0-0(O)', ')(O)', 'in(O)', 'a(O)', 'friendly(O)', 'soccer(O)', 'international(O)', 'on(O)']",2-2(O) ((O) halftime(O) 0-0(O) )(O) in(O) a(O) friendly(O) soccer(O) international(O) on(O),"Input: 2-2 ( halftime 0-0 ) in a friendly soccer international on
Output: 2-2(O) ((O) halftime(O) 0-0(O) )(O) in(O) a(O) friendly(O) soccer(O) international(O) on(O)"
8858,"['MFS' 'options' 'also' 'trade' 'on' 'the' 'American' 'Stock' 'Exchange'
 'and' 'the' 'Pacific' 'Stock' 'Exchange' '.']","['B-ORG', 'O', 'O', 'O', 'O', 'O', 'B-ORG', 'I-ORG', 'I-ORG', 'O', 'O', 'B-ORG', 'I-ORG', 'I-ORG', 'O']",MFS options also trade on the American Stock Exchange and the Pacific Stock Exchange .,"['MFS(B-ORG)', 'options(O)', 'also(O)', 'trade(O)', 'on(O)', 'the(O)', 'American(B-ORG)', 'Stock(I-ORG)', 'Exchange(I-ORG)', 'and(O)', 'the(O)', 'Pacific(B-ORG)', 'Stock(I-ORG)', 'Exchange(I-ORG)', '.(O)']",MFS(B-ORG) options(O) also(O) trade(O) on(O) the(O) American(B-ORG) Stock(I-ORG) Exchange(I-ORG) and(O) the(O) Pacific(B-ORG) Stock(I-ORG) Exchange(I-ORG) .(O),"Input: MFS options also trade on the American Stock Exchange and the Pacific Stock Exchange .
Output: MFS(B-ORG) options(O) also(O) trade(O) on(O) the(O) American(B-ORG) Stock(I-ORG) Exchange(I-ORG) and(O) the(O) Pacific(B-ORG) Stock(I-ORG) Exchange(I-ORG) .(O)"
7642,['Sam' 'Nelson' '312-408-8721'],"['B-PER', 'I-PER', 'O']",Sam Nelson 312-408-8721,"['Sam(B-PER)', 'Nelson(I-PER)', '312-408-8721(O)']",Sam(B-PER) Nelson(I-PER) 312-408-8721(O),"Input: Sam Nelson 312-408-8721
Output: Sam(B-PER) Nelson(I-PER) 312-408-8721(O)"
5382,['CHICAGO' '63' '64' '.496' '4' '1/2'],"['B-ORG', 'O', 'O', 'O', 'O', 'O']",CHICAGO 63 64 .496 4 1/2,"['CHICAGO(B-ORG)', '63(O)', '64(O)', '.496(O)', '4(O)', '1/2(O)']",CHICAGO(B-ORG) 63(O) 64(O) .496(O) 4(O) 1/2(O),"Input: CHICAGO 63 64 .496 4 1/2
Output: CHICAGO(B-ORG) 63(O) 64(O) .496(O) 4(O) 1/2(O)"
3292,"['Sumitomo' 'and' 'CNIEC' 'have' 'made' 'no' 'comments' 'on' 'the' 'talk'
 'and' 'Chinese' 'traders' 'said' 'they' 'know' 'nothing' 'of' 'such' 'an'
 'arrangement' '.']","['B-ORG', 'O', 'B-ORG', 'O', 'O', 'O', 'O', 'O', 'O', 'O', 'O', 'B-MISC', 'O', 'O', 'O', 'O', 'O', 'O', 'O', 'O', 'O', 'O']",Sumitomo and CNIEC have made no comments on the talk and Chinese traders said they know nothing of such an arrangement .,"['Sumitomo(B-ORG)', 'and(O)', 'CNIEC(B-ORG)', 'have(O)', 'made(O)', 'no(O)', 'comments(O)', 'on(O)', 'the(O)', 'talk(O)', 'and(O)', 'Chinese(B-MISC)', 'traders(O)', 'said(O)', 'they(O)', 'know(O)', 'nothing(O)', 'of(O)', 'such(O)', 'an(O)', 'arrangement(O)', '.(O)']",Sumitomo(B-ORG) and(O) CNIEC(B-ORG) have(O) made(O) no(O) comments(O) on(O) the(O) talk(O) and(O) Chinese(B-MISC) traders(O) said(O) they(O) know(O) nothing(O) of(O) such(O) an(O) arrangement(O) .(O),"Input: Sumitomo and CNIEC have made no comments on the talk and Chinese traders said they know nothing of such an arrangement .
Output: Sumitomo(B-ORG) and(O) CNIEC(B-ORG) have(O) made(O) no(O) comments(O) on(O) the(O) talk(O) and(O) Chinese(B-MISC) traders(O) said(O) they(O) know(O) nothing(O) of(O) such(O) an(O) arrangement(O) .(O)"
10148,"['However' ',' 'he' 'took' 'a' 'bronze' 'medal' 'in' 'the' 'Olympic'
 'road' 'time-trial' 'and' 'then' 'returned' 'home' 'to' 'prepare' 'for'
 'the' 'world' 'track' 'series' 'in' 'the' 'Manchester' 'indoor'
 'velodrome' '.']","['O', 'O', 'O', 'O', 'O', 'O', 'O', 'O', 'O', 'B-MISC', 'O', 'O', 'O', 'O', 'O', 'O', 'O', 'O', 'O', 'O', 'O', 'O', 'O', 'O', 'O', 'B-LOC', 'O', 'O', 'O']","However , he took a bronze medal in the Olympic road time-trial and then returned home to prepare for the world track series in the Manchester indoor velodrome .","['However(O)', ',(O)', 'he(O)', 'took(O)', 'a(O)', 'bronze(O)', 'medal(O)', 'in(O)', 'the(O)', 'Olympic(B-MISC)', 'road(O)', 'time-trial(O)', 'and(O)', 'then(O)', 'returned(O)', 'home(O)', 'to(O)', 'prepare(O)', 'for(O)', 'the(O)', 'world(O)', 'track(O)', 'series(O)', 'in(O)', 'the(O)', 'Manchester(B-LOC)', 'indoor(O)', 'velodrome(O)', '.(O)']","However(O) ,(O) he(O) took(O) a(O) bronze(O) medal(O) in(O) the(O) Olympic(B-MISC) road(O) time-trial(O) and(O) then(O) returned(O) home(O) to(O) prepare(O) for(O) the(O) world(O) track(O) series(O) in(O) the(O) Manchester(B-LOC) indoor(O) velodrome(O) .(O)","Input: However , he took a bronze medal in the Olympic road time-trial and then returned home to prepare for the world track series in the Manchester indoor velodrome .
Output: However(O) ,(O) he(O) took(O) a(O) bronze(O) medal(O) in(O) the(O) Olympic(B-MISC) road(O) time-trial(O) and(O) then(O) returned(O) home(O) to(O) prepare(O) for(O) the(O) world(O) track(O) series(O) in(O) the(O) Manchester(B-LOC) indoor(O) velodrome(O) .(O)"
8603,['BALTIMORE' '12' 'Oakland' '11' '(' '10' 'innings' ')'],"['B-ORG', 'O', 'B-ORG', 'O', 'O', 'O', 'O', 'O']",BALTIMORE 12 Oakland 11 ( 10 innings ),"['BALTIMORE(B-ORG)', '12(O)', 'Oakland(B-ORG)', '11(O)', '((O)', '10(O)', 'innings(O)', ')(O)']",BALTIMORE(B-ORG) 12(O) Oakland(B-ORG) 11(O) ((O) 10(O) innings(O) )(O),"Input: BALTIMORE 12 Oakland 11 ( 10 innings )
Output: BALTIMORE(B-ORG) 12(O) Oakland(B-ORG) 11(O) ((O) 10(O) innings(O) )(O)"
12798,"['The' 'speaker' 'of' 'parliament' ',' 'Charles' 'Bauza' 'Donwahi' ','
 'will' 'meet' 'President' 'Henri' 'Konan' 'Bedie' 'on' 'September' '3'
 'to' 'discuss' 'their' 'request' '.']","['O', 'O', 'O', 'O', 'O', 'B-PER', 'I-PER', 'I-PER', 'O', 'O', 'O', 'O', 'B-PER', 'I-PER', 'I-PER', 'O', 'O', 'O', 'O', 'O', 'O', 'O', 'O']","The speaker of parliament , Charles Bauza Donwahi , will meet President Henri Konan Bedie on September 3 to discuss their request .","['The(O)', 'speaker(O)', 'of(O)', 'parliament(O)', ',(O)', 'Charles(B-PER)', 'Bauza(I-PER)', 'Donwahi(I-PER)', ',(O)', 'will(O)', 'meet(O)', 'President(O)', 'Henri(B-PER)', 'Konan(I-PER)', 'Bedie(I-PER)', 'on(O)', 'September(O)', '3(O)', 'to(O)', 'discuss(O)', 'their(O)', 'request(O)', '.(O)']","The(O) speaker(O) of(O) parliament(O) ,(O) Charles(B-PER) Bauza(I-PER) Donwahi(I-PER) ,(O) will(O) meet(O) President(O) Henri(B-PER) Konan(I-PER) Bedie(I-PER) on(O) September(O) 3(O) to(O) discuss(O) their(O) request(O) .(O)","Input: The speaker of parliament , Charles Bauza Donwahi , will meet President Henri Konan Bedie on September 3 to discuss their request .
Output: The(O) speaker(O) of(O) parliament(O) ,(O) Charles(B-PER) Bauza(I-PER) Donwahi(I-PER) ,(O) will(O) meet(O) President(O) Henri(B-PER) Konan(I-PER) Bedie(I-PER) on(O) September(O) 3(O) to(O) discuss(O) their(O) request(O) .(O)"
11693,"['""' 'Israel' 'has' 'started' 'the' 'war' 'on' 'Jerusalem' '.']","['O', 'B-LOC', 'O', 'O', 'O', 'O', 'O', 'B-LOC', 'O']",""" Israel has started the war on Jerusalem .","['""(O)', 'Israel(B-LOC)', 'has(O)', 'started(O)', 'the(O)', 'war(O)', 'on(O)', 'Jerusalem(B-LOC)', '.(O)']","""(O) Israel(B-LOC) has(O) started(O) the(O) war(O) on(O) Jerusalem(B-LOC) .(O)","Input: "" Israel has started the war on Jerusalem .
Output: ""(O) Israel(B-LOC) has(O) started(O) the(O) war(O) on(O) Jerusalem(B-LOC) .(O)"
11746,"['--' 'Paris' 'School' 'District' 'No' '7' ',' 'Ark' '.']","['O', 'B-LOC', 'O', 'O', 'O', 'O', 'O', 'B-LOC', 'O']","-- Paris School District No 7 , Ark .","['--(O)', 'Paris(B-LOC)', 'School(O)', 'District(O)', 'No(O)', '7(O)', ',(O)', 'Ark(B-LOC)', '.(O)']","--(O) Paris(B-LOC) School(O) District(O) No(O) 7(O) ,(O) Ark(B-LOC) .(O)","Input: -- Paris School District No 7 , Ark .
Output: --(O) Paris(B-LOC) School(O) District(O) No(O) 7(O) ,(O) Ark(B-LOC) .(O)"
1225,"['Gross' 'foreign' 'debt' 'May' '$' '27,246.5' 'million' '(' 'April' '$'
 '28,716.8' 'million' ')']","['O', 'O', 'O', 'O', 'O', 'O', 'O', 'O', 'O', 'O', 'O', 'O', 'O']","Gross foreign debt May $ 27,246.5 million ( April $ 28,716.8 million )","['Gross(O)', 'foreign(O)', 'debt(O)', 'May(O)', '$(O)', '27,246.5(O)', 'million(O)', '((O)', 'April(O)', '$(O)', '28,716.8(O)', 'million(O)', ')(O)']","Gross(O) foreign(O) debt(O) May(O) $(O) 27,246.5(O) million(O) ((O) April(O) $(O) 28,716.8(O) million(O) )(O)","Input: Gross foreign debt May $ 27,246.5 million ( April $ 28,716.8 million )
Output: Gross(O) foreign(O) debt(O) May(O) $(O) 27,246.5(O) million(O) ((O) April(O) $(O) 28,716.8(O) million(O) )(O)"
2638,"['The' 'U.S.' 'and' 'Colombian' 'governments' 'reached' 'an' 'agreement'
 'that' 'will' 'allow' 'AMR' 'Corp' ""'s"" 'American' 'Airlines' 'to'
 'operate' 'three' 'round-trip' 'flights' 'between' 'New' 'York' 'and'
 'Bogota' ',' 'the' 'Department' 'of' 'Transportation' 'said' 'Friday' '.']","['O', 'B-LOC', 'O', 'B-MISC', 'O', 'O', 'O', 'O', 'O', 'O', 'O', 'B-ORG', 'I-ORG', 'O', 'B-ORG', 'I-ORG', 'O', 'O', 'O', 'O', 'O', 'O', 'B-LOC', 'I-LOC', 'O', 'B-LOC', 'O', 'O', 'B-ORG', 'I-ORG', 'I-ORG', 'O', 'O', 'O']","The U.S. and Colombian governments reached an agreement that will allow AMR Corp 's American Airlines to operate three round-trip flights between New York and Bogota , the Department of Transportation said Friday .","['The(O)', 'U.S.(B-LOC)', 'and(O)', 'Colombian(B-MISC)', 'governments(O)', 'reached(O)', 'an(O)', 'agreement(O)', 'that(O)', 'will(O)', 'allow(O)', 'AMR(B-ORG)', 'Corp(I-ORG)', ""'s(O)"", 'American(B-ORG)', 'Airlines(I-ORG)', 'to(O)', 'operate(O)', 'three(O)', 'round-trip(O)', 'flights(O)', 'between(O)', 'New(B-LOC)', 'York(I-LOC)', 'and(O)', 'Bogota(B-LOC)', ',(O)', 'the(O)', 'Department(B-ORG)', 'of(I-ORG)', 'Transportation(I-ORG)', 'said(O)', 'Friday(O)', '.(O)']","The(O) U.S.(B-LOC) and(O) Colombian(B-MISC) governments(O) reached(O) an(O) agreement(O) that(O) will(O) allow(O) AMR(B-ORG) Corp(I-ORG) 's(O) American(B-ORG) Airlines(I-ORG) to(O) operate(O) three(O) round-trip(O) flights(O) between(O) New(B-LOC) York(I-LOC) and(O) Bogota(B-LOC) ,(O) the(O) Department(B-ORG) of(I-ORG) Transportation(I-ORG) said(O) Friday(O) .(O)","Input: The U.S. and Colombian governments reached an agreement that will allow AMR Corp 's American Airlines to operate three round-trip flights between New York and Bogota , the Department of Transportation said Friday .
Output: The(O) U.S.(B-LOC) and(O) Colombian(B-MISC) governments(O) reached(O) an(O) agreement(O) that(O) will(O) allow(O) AMR(B-ORG) Corp(I-ORG) 's(O) American(B-ORG) Airlines(I-ORG) to(O) operate(O) three(O) round-trip(O) flights(O) between(O) New(B-LOC) York(I-LOC) and(O) Bogota(B-LOC) ,(O) the(O) Department(B-ORG) of(I-ORG) Transportation(I-ORG) said(O) Friday(O) .(O)"
391,"['COMMACK' ',' 'New' 'York' '1996-08-21']","['B-LOC', 'O', 'B-LOC', 'I-LOC', 'O']","COMMACK , New York 1996-08-21","['COMMACK(B-LOC)', ',(O)', 'New(B-LOC)', 'York(I-LOC)', '1996-08-21(O)']","COMMACK(B-LOC) ,(O) New(B-LOC) York(I-LOC) 1996-08-21(O)","Input: COMMACK , New York 1996-08-21
Output: COMMACK(B-LOC) ,(O) New(B-LOC) York(I-LOC) 1996-08-21(O)"
7731,"['A' '13-year-old' 'Dallas' 'boy' 'has' 'been' 'charged' 'with'
 'murdering' 'his' 'adoptive' 'mother' 'over' 'the' 'weekend' ',' 'police'
 'said' 'on' 'Monday' '.']","['O', 'O', 'B-LOC', 'O', 'O', 'O', 'O', 'O', 'O', 'O', 'O', 'O', 'O', 'O', 'O', 'O', 'O', 'O', 'O', 'O', 'O']","A 13-year-old Dallas boy has been charged with murdering his adoptive mother over the weekend , police said on Monday .","['A(O)', '13-year-old(O)', 'Dallas(B-LOC)', 'boy(O)', 'has(O)', 'been(O)', 'charged(O)', 'with(O)', 'murdering(O)', 'his(O)', 'adoptive(O)', 'mother(O)', 'over(O)', 'the(O)', 'weekend(O)', ',(O)', 'police(O)', 'said(O)', 'on(O)', 'Monday(O)', '.(O)']","A(O) 13-year-old(O) Dallas(B-LOC) boy(O) has(O) been(O) charged(O) with(O) murdering(O) his(O) adoptive(O) mother(O) over(O) the(O) weekend(O) ,(O) police(O) said(O) on(O) Monday(O) .(O)","Input: A 13-year-old Dallas boy has been charged with murdering his adoptive mother over the weekend , police said on Monday .
Output: A(O) 13-year-old(O) Dallas(B-LOC) boy(O) has(O) been(O) charged(O) with(O) murdering(O) his(O) adoptive(O) mother(O) over(O) the(O) weekend(O) ,(O) police(O) said(O) on(O) Monday(O) .(O)"
12697,['SOCCER' '-' 'NICE' 'SACK' 'COACH' 'EMON' '.'],"['O', 'O', 'B-ORG', 'O', 'O', 'B-PER', 'O']",SOCCER - NICE SACK COACH EMON .,"['SOCCER(O)', '-(O)', 'NICE(B-ORG)', 'SACK(O)', 'COACH(O)', 'EMON(B-PER)', '.(O)']",SOCCER(O) -(O) NICE(B-ORG) SACK(O) COACH(O) EMON(B-PER) .(O),"Input: SOCCER - NICE SACK COACH EMON .
Output: SOCCER(O) -(O) NICE(B-ORG) SACK(O) COACH(O) EMON(B-PER) .(O)"
7464,['Dutch' 'couple' 'kidnapped' 'in' 'Costa' 'Rica' '.'],"['B-MISC', 'O', 'O', 'O', 'B-LOC', 'I-LOC', 'O']",Dutch couple kidnapped in Costa Rica .,"['Dutch(B-MISC)', 'couple(O)', 'kidnapped(O)', 'in(O)', 'Costa(B-LOC)', 'Rica(I-LOC)', '.(O)']",Dutch(B-MISC) couple(O) kidnapped(O) in(O) Costa(B-LOC) Rica(I-LOC) .(O),"Input: Dutch couple kidnapped in Costa Rica .
Output: Dutch(B-MISC) couple(O) kidnapped(O) in(O) Costa(B-LOC) Rica(I-LOC) .(O)"
12805,['SARAJEVO' '1996-08-29'],"['B-LOC', 'O']",SARAJEVO 1996-08-29,"['SARAJEVO(B-LOC)', '1996-08-29(O)']",SARAJEVO(B-LOC) 1996-08-29(O),"Input: SARAJEVO 1996-08-29
Output: SARAJEVO(B-LOC) 1996-08-29(O)"
1186,"['""' 'It' 'is' 'difficult' 'but' 'I' 'want' 'to' 'assure' 'you' 'that'
 'peace' 'is' 'in' 'sight' '.' '""']","['O', 'O', 'O', 'O', 'O', 'O', 'O', 'O', 'O', 'O', 'O', 'O', 'O', 'O', 'O', 'O', 'O']",""" It is difficult but I want to assure you that peace is in sight . ""","['""(O)', 'It(O)', 'is(O)', 'difficult(O)', 'but(O)', 'I(O)', 'want(O)', 'to(O)', 'assure(O)', 'you(O)', 'that(O)', 'peace(O)', 'is(O)', 'in(O)', 'sight(O)', '.(O)', '""(O)']","""(O) It(O) is(O) difficult(O) but(O) I(O) want(O) to(O) assure(O) you(O) that(O) peace(O) is(O) in(O) sight(O) .(O) ""(O)","Input: "" It is difficult but I want to assure you that peace is in sight . ""
Output: ""(O) It(O) is(O) difficult(O) but(O) I(O) want(O) to(O) assure(O) you(O) that(O) peace(O) is(O) in(O) sight(O) .(O) ""(O)"
6182,"['At' 'least' '16' 'people' 'were' 'killed' 'and' 'several' 'injured' 'on'
 'Sunday' 'when' 'a' 'bus' 'fell' 'from' 'a' 'mountain' 'road' 'into' 'a'
 'ravine' 'on' 'a' 'river' 'bank' 'in' 'Pakistan-ruled' 'Azad' '(' 'free'
 ')' 'Kashmir' ',' 'police' 'said' '.']","['O', 'O', 'O', 'O', 'O', 'O', 'O', 'O', 'O', 'O', 'O', 'O', 'O', 'O', 'O', 'O', 'O', 'O', 'O', 'O', 'O', 'O', 'O', 'O', 'O', 'O', 'O', 'B-MISC', 'B-LOC', 'I-LOC', 'I-LOC', 'I-LOC', 'I-LOC', 'O', 'O', 'O', 'O']","At least 16 people were killed and several injured on Sunday when a bus fell from a mountain road into a ravine on a river bank in Pakistan-ruled Azad ( free ) Kashmir , police said .","['At(O)', 'least(O)', '16(O)', 'people(O)', 'were(O)', 'killed(O)', 'and(O)', 'several(O)', 'injured(O)', 'on(O)', 'Sunday(O)', 'when(O)', 'a(O)', 'bus(O)', 'fell(O)', 'from(O)', 'a(O)', 'mountain(O)', 'road(O)', 'into(O)', 'a(O)', 'ravine(O)', 'on(O)', 'a(O)', 'river(O)', 'bank(O)', 'in(O)', 'Pakistan-ruled(B-MISC)', 'Azad(B-LOC)', '((I-LOC)', 'free(I-LOC)', ')(I-LOC)', 'Kashmir(I-LOC)', ',(O)', 'police(O)', 'said(O)', '.(O)']","At(O) least(O) 16(O) people(O) were(O) killed(O) and(O) several(O) injured(O) on(O) Sunday(O) when(O) a(O) bus(O) fell(O) from(O) a(O) mountain(O) road(O) into(O) a(O) ravine(O) on(O) a(O) river(O) bank(O) in(O) Pakistan-ruled(B-MISC) Azad(B-LOC) ((I-LOC) free(I-LOC) )(I-LOC) Kashmir(I-LOC) ,(O) police(O) said(O) .(O)","Input: At least 16 people were killed and several injured on Sunday when a bus fell from a mountain road into a ravine on a river bank in Pakistan-ruled Azad ( free ) Kashmir , police said .
Output: At(O) least(O) 16(O) people(O) were(O) killed(O) and(O) several(O) injured(O) on(O) Sunday(O) when(O) a(O) bus(O) fell(O) from(O) a(O) mountain(O) road(O) into(O) a(O) ravine(O) on(O) a(O) river(O) bank(O) in(O) Pakistan-ruled(B-MISC) Azad(B-LOC) ((I-LOC) free(I-LOC) )(I-LOC) Kashmir(I-LOC) ,(O) police(O) said(O) .(O)"
11821,['Gun-wielding' 'motorist' 'snapped' 'by' 'cool' 'passenger' '.'],"['O', 'O', 'O', 'O', 'O', 'O', 'O']",Gun-wielding motorist snapped by cool passenger .,"['Gun-wielding(O)', 'motorist(O)', 'snapped(O)', 'by(O)', 'cool(O)', 'passenger(O)', '.(O)']",Gun-wielding(O) motorist(O) snapped(O) by(O) cool(O) passenger(O) .(O),"Input: Gun-wielding motorist snapped by cool passenger .
Output: Gun-wielding(O) motorist(O) snapped(O) by(O) cool(O) passenger(O) .(O)"
9888,"['The' 'Palestinian' 'Authority' 'was' 'set' 'up' 'under' 'the' '1993'
 'PLO-Israel' 'interim' 'peace' 'deal' '.']","['O', 'B-ORG', 'I-ORG', 'O', 'O', 'O', 'O', 'O', 'O', 'B-MISC', 'O', 'O', 'O', 'O']",The Palestinian Authority was set up under the 1993 PLO-Israel interim peace deal .,"['The(O)', 'Palestinian(B-ORG)', 'Authority(I-ORG)', 'was(O)', 'set(O)', 'up(O)', 'under(O)', 'the(O)', '1993(O)', 'PLO-Israel(B-MISC)', 'interim(O)', 'peace(O)', 'deal(O)', '.(O)']",The(O) Palestinian(B-ORG) Authority(I-ORG) was(O) set(O) up(O) under(O) the(O) 1993(O) PLO-Israel(B-MISC) interim(O) peace(O) deal(O) .(O),"Input: The Palestinian Authority was set up under the 1993 PLO-Israel interim peace deal .
Output: The(O) Palestinian(B-ORG) Authority(I-ORG) was(O) set(O) up(O) under(O) the(O) 1993(O) PLO-Israel(B-MISC) interim(O) peace(O) deal(O) .(O)"
12506,['4-6' '7-6' '(' '7-4' ')'],"['O', 'O', 'O', 'O', 'O']",4-6 7-6 ( 7-4 ),"['4-6(O)', '7-6(O)', '((O)', '7-4(O)', ')(O)']",4-6(O) 7-6(O) ((O) 7-4(O) )(O),"Input: 4-6 7-6 ( 7-4 )
Output: 4-6(O) 7-6(O) ((O) 7-4(O) )(O)"
9231,"['At' 'its' 'convention' 'four' 'years' 'ago' ',' 'organizers' 'prevented'
 'then' 'Pennsylvania' 'Gov' '.']","['O', 'O', 'O', 'O', 'O', 'O', 'O', 'O', 'O', 'O', 'B-LOC', 'O', 'O']","At its convention four years ago , organizers prevented then Pennsylvania Gov .","['At(O)', 'its(O)', 'convention(O)', 'four(O)', 'years(O)', 'ago(O)', ',(O)', 'organizers(O)', 'prevented(O)', 'then(O)', 'Pennsylvania(B-LOC)', 'Gov(O)', '.(O)']","At(O) its(O) convention(O) four(O) years(O) ago(O) ,(O) organizers(O) prevented(O) then(O) Pennsylvania(B-LOC) Gov(O) .(O)","Input: At its convention four years ago , organizers prevented then Pennsylvania Gov .
Output: At(O) its(O) convention(O) four(O) years(O) ago(O) ,(O) organizers(O) prevented(O) then(O) Pennsylvania(B-LOC) Gov(O) .(O)"
3800,"['Results' 'of' 'semi-final' 'round' 'games' 'on' 'Friday' 'in' 'the'
 'Philippine' 'Basketball' 'Association' 'second' 'conference' ',' 'which'
 'includes' 'American' 'players' ':']","['O', 'O', 'O', 'O', 'O', 'O', 'O', 'O', 'O', 'B-ORG', 'I-ORG', 'I-ORG', 'O', 'O', 'O', 'O', 'O', 'B-MISC', 'O', 'O']","Results of semi-final round games on Friday in the Philippine Basketball Association second conference , which includes American players :","['Results(O)', 'of(O)', 'semi-final(O)', 'round(O)', 'games(O)', 'on(O)', 'Friday(O)', 'in(O)', 'the(O)', 'Philippine(B-ORG)', 'Basketball(I-ORG)', 'Association(I-ORG)', 'second(O)', 'conference(O)', ',(O)', 'which(O)', 'includes(O)', 'American(B-MISC)', 'players(O)', ':(O)']","Results(O) of(O) semi-final(O) round(O) games(O) on(O) Friday(O) in(O) the(O) Philippine(B-ORG) Basketball(I-ORG) Association(I-ORG) second(O) conference(O) ,(O) which(O) includes(O) American(B-MISC) players(O) :(O)","Input: Results of semi-final round games on Friday in the Philippine Basketball Association second conference , which includes American players :
Output: Results(O) of(O) semi-final(O) round(O) games(O) on(O) Friday(O) in(O) the(O) Philippine(B-ORG) Basketball(I-ORG) Association(I-ORG) second(O) conference(O) ,(O) which(O) includes(O) American(B-MISC) players(O) :(O)"
4937,['Arsenal' '3' '2' '0' '1' '4' '2' '6'],"['B-ORG', 'O', 'O', 'O', 'O', 'O', 'O', 'O']",Arsenal 3 2 0 1 4 2 6,"['Arsenal(B-ORG)', '3(O)', '2(O)', '0(O)', '1(O)', '4(O)', '2(O)', '6(O)']",Arsenal(B-ORG) 3(O) 2(O) 0(O) 1(O) 4(O) 2(O) 6(O),"Input: Arsenal 3 2 0 1 4 2 6
Output: Arsenal(B-ORG) 3(O) 2(O) 0(O) 1(O) 4(O) 2(O) 6(O)"
6957,"['Monday' 'brought' 'the' 'best' 'out' 'in' 'U.S.' 'Open' 'rookie'
 'Aleksandra' 'Olsza' 'of' 'Poland' ',' 'ranked' '110th' '.']","['O', 'O', 'O', 'O', 'O', 'O', 'B-MISC', 'I-MISC', 'O', 'B-PER', 'I-PER', 'O', 'B-LOC', 'O', 'O', 'O', 'O']","Monday brought the best out in U.S. Open rookie Aleksandra Olsza of Poland , ranked 110th .","['Monday(O)', 'brought(O)', 'the(O)', 'best(O)', 'out(O)', 'in(O)', 'U.S.(B-MISC)', 'Open(I-MISC)', 'rookie(O)', 'Aleksandra(B-PER)', 'Olsza(I-PER)', 'of(O)', 'Poland(B-LOC)', ',(O)', 'ranked(O)', '110th(O)', '.(O)']","Monday(O) brought(O) the(O) best(O) out(O) in(O) U.S.(B-MISC) Open(I-MISC) rookie(O) Aleksandra(B-PER) Olsza(I-PER) of(O) Poland(B-LOC) ,(O) ranked(O) 110th(O) .(O)","Input: Monday brought the best out in U.S. Open rookie Aleksandra Olsza of Poland , ranked 110th .
Output: Monday(O) brought(O) the(O) best(O) out(O) in(O) U.S.(B-MISC) Open(I-MISC) rookie(O) Aleksandra(B-PER) Olsza(I-PER) of(O) Poland(B-LOC) ,(O) ranked(O) 110th(O) .(O)"
4813,['6.' 'Aaron' 'Slight' '(' 'New' 'Zealand' ')' 'Honda' '38:41.756'],"['O', 'B-PER', 'I-PER', 'O', 'B-LOC', 'I-LOC', 'O', 'B-ORG', 'O']",6. Aaron Slight ( New Zealand ) Honda 38:41.756,"['6.(O)', 'Aaron(B-PER)', 'Slight(I-PER)', '((O)', 'New(B-LOC)', 'Zealand(I-LOC)', ')(O)', 'Honda(B-ORG)', '38:41.756(O)']",6.(O) Aaron(B-PER) Slight(I-PER) ((O) New(B-LOC) Zealand(I-LOC) )(O) Honda(B-ORG) 38:41.756(O),"Input: 6. Aaron Slight ( New Zealand ) Honda 38:41.756
Output: 6.(O) Aaron(B-PER) Slight(I-PER) ((O) New(B-LOC) Zealand(I-LOC) )(O) Honda(B-ORG) 38:41.756(O)"
2472,['5.' 'Gennadi' 'Markov' '(' 'Russia' ')' '16.66'],"['O', 'B-PER', 'I-PER', 'O', 'B-LOC', 'O', 'O']",5. Gennadi Markov ( Russia ) 16.66,"['5.(O)', 'Gennadi(B-PER)', 'Markov(I-PER)', '((O)', 'Russia(B-LOC)', ')(O)', '16.66(O)']",5.(O) Gennadi(B-PER) Markov(I-PER) ((O) Russia(B-LOC) )(O) 16.66(O),"Input: 5. Gennadi Markov ( Russia ) 16.66
Output: 5.(O) Gennadi(B-PER) Markov(I-PER) ((O) Russia(B-LOC) )(O) 16.66(O)"
7866,"['The' 'Dutch' 'market' 'had' 'been' 'on' 'the' 'defensive' 'all' 'day'
 'but' 'a' 'softer' 'start' 'to' 'Wall' 'Street' 'did' 'little' 'to'
 'boost' 'sentiment' 'in' 'late' 'trade' ',' 'dealers' 'said' '.']","['O', 'B-MISC', 'O', 'O', 'O', 'O', 'O', 'O', 'O', 'O', 'O', 'O', 'O', 'O', 'O', 'B-LOC', 'I-LOC', 'O', 'O', 'O', 'O', 'O', 'O', 'O', 'O', 'O', 'O', 'O', 'O']","The Dutch market had been on the defensive all day but a softer start to Wall Street did little to boost sentiment in late trade , dealers said .","['The(O)', 'Dutch(B-MISC)', 'market(O)', 'had(O)', 'been(O)', 'on(O)', 'the(O)', 'defensive(O)', 'all(O)', 'day(O)', 'but(O)', 'a(O)', 'softer(O)', 'start(O)', 'to(O)', 'Wall(B-LOC)', 'Street(I-LOC)', 'did(O)', 'little(O)', 'to(O)', 'boost(O)', 'sentiment(O)', 'in(O)', 'late(O)', 'trade(O)', ',(O)', 'dealers(O)', 'said(O)', '.(O)']","The(O) Dutch(B-MISC) market(O) had(O) been(O) on(O) the(O) defensive(O) all(O) day(O) but(O) a(O) softer(O) start(O) to(O) Wall(B-LOC) Street(I-LOC) did(O) little(O) to(O) boost(O) sentiment(O) in(O) late(O) trade(O) ,(O) dealers(O) said(O) .(O)","Input: The Dutch market had been on the defensive all day but a softer start to Wall Street did little to boost sentiment in late trade , dealers said .
Output: The(O) Dutch(B-MISC) market(O) had(O) been(O) on(O) the(O) defensive(O) all(O) day(O) but(O) a(O) softer(O) start(O) to(O) Wall(B-LOC) Street(I-LOC) did(O) little(O) to(O) boost(O) sentiment(O) in(O) late(O) trade(O) ,(O) dealers(O) said(O) .(O)"
11664,"['The' 'Japanese' 'discount' 'rate' 'is' 'currently' 'at' 'a' 'record'
 'low' 'of' '0.5' 'percent' '.']","['O', 'B-MISC', 'O', 'O', 'O', 'O', 'O', 'O', 'O', 'O', 'O', 'O', 'O', 'O']",The Japanese discount rate is currently at a record low of 0.5 percent .,"['The(O)', 'Japanese(B-MISC)', 'discount(O)', 'rate(O)', 'is(O)', 'currently(O)', 'at(O)', 'a(O)', 'record(O)', 'low(O)', 'of(O)', '0.5(O)', 'percent(O)', '.(O)']",The(O) Japanese(B-MISC) discount(O) rate(O) is(O) currently(O) at(O) a(O) record(O) low(O) of(O) 0.5(O) percent(O) .(O),"Input: The Japanese discount rate is currently at a record low of 0.5 percent .
Output: The(O) Japanese(B-MISC) discount(O) rate(O) is(O) currently(O) at(O) a(O) record(O) low(O) of(O) 0.5(O) percent(O) .(O)"
6002,"['A' 'U.S.' 'fighter' 'plane' 'blew' 'a' 'tyre' 'and' 'caught' 'fire'
 'while' 'landing' 'on' 'Sunday' 'at' 'Israel' ""'s"" 'Ben' 'Gurion'
 'airport' ',' 'an' 'airport' 'spokesman' 'said' '.']","['O', 'B-LOC', 'O', 'O', 'O', 'O', 'O', 'O', 'O', 'O', 'O', 'O', 'O', 'O', 'O', 'B-LOC', 'O', 'B-LOC', 'I-LOC', 'O', 'O', 'O', 'O', 'O', 'O', 'O']","A U.S. fighter plane blew a tyre and caught fire while landing on Sunday at Israel 's Ben Gurion airport , an airport spokesman said .","['A(O)', 'U.S.(B-LOC)', 'fighter(O)', 'plane(O)', 'blew(O)', 'a(O)', 'tyre(O)', 'and(O)', 'caught(O)', 'fire(O)', 'while(O)', 'landing(O)', 'on(O)', 'Sunday(O)', 'at(O)', 'Israel(B-LOC)', ""'s(O)"", 'Ben(B-LOC)', 'Gurion(I-LOC)', 'airport(O)', ',(O)', 'an(O)', 'airport(O)', 'spokesman(O)', 'said(O)', '.(O)']","A(O) U.S.(B-LOC) fighter(O) plane(O) blew(O) a(O) tyre(O) and(O) caught(O) fire(O) while(O) landing(O) on(O) Sunday(O) at(O) Israel(B-LOC) 's(O) Ben(B-LOC) Gurion(I-LOC) airport(O) ,(O) an(O) airport(O) spokesman(O) said(O) .(O)","Input: A U.S. fighter plane blew a tyre and caught fire while landing on Sunday at Israel 's Ben Gurion airport , an airport spokesman said .
Output: A(O) U.S.(B-LOC) fighter(O) plane(O) blew(O) a(O) tyre(O) and(O) caught(O) fire(O) while(O) landing(O) on(O) Sunday(O) at(O) Israel(B-LOC) 's(O) Ben(B-LOC) Gurion(I-LOC) airport(O) ,(O) an(O) airport(O) spokesman(O) said(O) .(O)"
2440,"['Women' ""'s"" '400' 'metres']","['O', 'O', 'O', 'O']",Women 's 400 metres,"['Women(O)', ""'s(O)"", '400(O)', 'metres(O)']",Women(O) 's(O) 400(O) metres(O),"Input: Women 's 400 metres
Output: Women(O) 's(O) 400(O) metres(O)"
2538,['x-Olympiakos' 'v' 'Ferencvaros' '(' 'Hungary' ')'],"['B-ORG', 'O', 'B-ORG', 'O', 'B-LOC', 'O']",x-Olympiakos v Ferencvaros ( Hungary ),"['x-Olympiakos(B-ORG)', 'v(O)', 'Ferencvaros(B-ORG)', '((O)', 'Hungary(B-LOC)', ')(O)']",x-Olympiakos(B-ORG) v(O) Ferencvaros(B-ORG) ((O) Hungary(B-LOC) )(O),"Input: x-Olympiakos v Ferencvaros ( Hungary )
Output: x-Olympiakos(B-ORG) v(O) Ferencvaros(B-ORG) ((O) Hungary(B-LOC) )(O)"
1601,['.'],['O'],.,['.(O)'],.(O),"Input: .
Output: .(O)"
12203,"['Thousands' 'of' 'farmers' 'threw' 'up' 'roadblocks' 'across' 'France'
 'overnight' ',' 'stopping' 'and' 'checking' 'lorries' 'suspected' 'of'
 'importing' 'meat' 'from' 'outside' 'the' 'European' 'Union' ',' 'French'
 'radios' 'reported' 'on' 'Thursday' '.']","['O', 'O', 'O', 'O', 'O', 'O', 'O', 'B-LOC', 'O', 'O', 'O', 'O', 'O', 'O', 'O', 'O', 'O', 'O', 'O', 'O', 'O', 'B-ORG', 'I-ORG', 'O', 'B-MISC', 'O', 'O', 'O', 'O', 'O']","Thousands of farmers threw up roadblocks across France overnight , stopping and checking lorries suspected of importing meat from outside the European Union , French radios reported on Thursday .","['Thousands(O)', 'of(O)', 'farmers(O)', 'threw(O)', 'up(O)', 'roadblocks(O)', 'across(O)', 'France(B-LOC)', 'overnight(O)', ',(O)', 'stopping(O)', 'and(O)', 'checking(O)', 'lorries(O)', 'suspected(O)', 'of(O)', 'importing(O)', 'meat(O)', 'from(O)', 'outside(O)', 'the(O)', 'European(B-ORG)', 'Union(I-ORG)', ',(O)', 'French(B-MISC)', 'radios(O)', 'reported(O)', 'on(O)', 'Thursday(O)', '.(O)']","Thousands(O) of(O) farmers(O) threw(O) up(O) roadblocks(O) across(O) France(B-LOC) overnight(O) ,(O) stopping(O) and(O) checking(O) lorries(O) suspected(O) of(O) importing(O) meat(O) from(O) outside(O) the(O) European(B-ORG) Union(I-ORG) ,(O) French(B-MISC) radios(O) reported(O) on(O) Thursday(O) .(O)","Input: Thousands of farmers threw up roadblocks across France overnight , stopping and checking lorries suspected of importing meat from outside the European Union , French radios reported on Thursday .
Output: Thousands(O) of(O) farmers(O) threw(O) up(O) roadblocks(O) across(O) France(B-LOC) overnight(O) ,(O) stopping(O) and(O) checking(O) lorries(O) suspected(O) of(O) importing(O) meat(O) from(O) outside(O) the(O) European(B-ORG) Union(I-ORG) ,(O) French(B-MISC) radios(O) reported(O) on(O) Thursday(O) .(O)"
11335,['Council' 'resolutions' 'are' 'not' 'necessarily' 'binding' '.'],"['O', 'O', 'O', 'O', 'O', 'O', 'O']",Council resolutions are not necessarily binding .,"['Council(O)', 'resolutions(O)', 'are(O)', 'not(O)', 'necessarily(O)', 'binding(O)', '.(O)']",Council(O) resolutions(O) are(O) not(O) necessarily(O) binding(O) .(O),"Input: Council resolutions are not necessarily binding .
Output: Council(O) resolutions(O) are(O) not(O) necessarily(O) binding(O) .(O)"
3501,['+4' 'Stewart' 'Ginn' '(' 'Australia' ')' 'through' '13'],"['O', 'B-PER', 'I-PER', 'O', 'B-LOC', 'O', 'O', 'O']",+4 Stewart Ginn ( Australia ) through 13,"['+4(O)', 'Stewart(B-PER)', 'Ginn(I-PER)', '((O)', 'Australia(B-LOC)', ')(O)', 'through(O)', '13(O)']",+4(O) Stewart(B-PER) Ginn(I-PER) ((O) Australia(B-LOC) )(O) through(O) 13(O),"Input: +4 Stewart Ginn ( Australia ) through 13
Output: +4(O) Stewart(B-PER) Ginn(I-PER) ((O) Australia(B-LOC) )(O) through(O) 13(O)"
6106,"['If' 'it' 'does' ""n't"" 'do' 'well' ',' 'do' ""n't"" 'expect' 'a' 'raise'
 '.']","['O', 'O', 'O', 'O', 'O', 'O', 'O', 'O', 'O', 'O', 'O', 'O', 'O']","If it does n't do well , do n't expect a raise .","['If(O)', 'it(O)', 'does(O)', ""n't(O)"", 'do(O)', 'well(O)', ',(O)', 'do(O)', ""n't(O)"", 'expect(O)', 'a(O)', 'raise(O)', '.(O)']","If(O) it(O) does(O) n't(O) do(O) well(O) ,(O) do(O) n't(O) expect(O) a(O) raise(O) .(O)","Input: If it does n't do well , do n't expect a raise .
Output: If(O) it(O) does(O) n't(O) do(O) well(O) ,(O) do(O) n't(O) expect(O) a(O) raise(O) .(O)"
10457,['EASTERN' 'DIVISION'],"['B-MISC', 'I-MISC']",EASTERN DIVISION,"['EASTERN(B-MISC)', 'DIVISION(I-MISC)']",EASTERN(B-MISC) DIVISION(I-MISC),"Input: EASTERN DIVISION
Output: EASTERN(B-MISC) DIVISION(I-MISC)"
10426,['Major' 'League' 'Baseball'],"['B-MISC', 'I-MISC', 'I-MISC']",Major League Baseball,"['Major(B-MISC)', 'League(I-MISC)', 'Baseball(I-MISC)']",Major(B-MISC) League(I-MISC) Baseball(I-MISC),"Input: Major League Baseball
Output: Major(B-MISC) League(I-MISC) Baseball(I-MISC)"
2236,['Adrian' 'Warner'],"['B-PER', 'I-PER']",Adrian Warner,"['Adrian(B-PER)', 'Warner(I-PER)']",Adrian(B-PER) Warner(I-PER),"Input: Adrian Warner
Output: Adrian(B-PER) Warner(I-PER)"
8363,"['Graham' 'Gooch' ',' 'the' '43-year-old' 'former' 'England' 'captain' ','
 'is' 'to' 'continue' 'playing' 'county' 'cricket' 'for' 'at' 'least'
 'another' 'season' ',' 'his' 'club' 'Essex' 'announced' 'on' 'Tuesday'
 '.']","['B-PER', 'I-PER', 'O', 'O', 'O', 'O', 'B-LOC', 'O', 'O', 'O', 'O', 'O', 'O', 'O', 'O', 'O', 'O', 'O', 'O', 'O', 'O', 'O', 'O', 'B-ORG', 'O', 'O', 'O', 'O']","Graham Gooch , the 43-year-old former England captain , is to continue playing county cricket for at least another season , his club Essex announced on Tuesday .","['Graham(B-PER)', 'Gooch(I-PER)', ',(O)', 'the(O)', '43-year-old(O)', 'former(O)', 'England(B-LOC)', 'captain(O)', ',(O)', 'is(O)', 'to(O)', 'continue(O)', 'playing(O)', 'county(O)', 'cricket(O)', 'for(O)', 'at(O)', 'least(O)', 'another(O)', 'season(O)', ',(O)', 'his(O)', 'club(O)', 'Essex(B-ORG)', 'announced(O)', 'on(O)', 'Tuesday(O)', '.(O)']","Graham(B-PER) Gooch(I-PER) ,(O) the(O) 43-year-old(O) former(O) England(B-LOC) captain(O) ,(O) is(O) to(O) continue(O) playing(O) county(O) cricket(O) for(O) at(O) least(O) another(O) season(O) ,(O) his(O) club(O) Essex(B-ORG) announced(O) on(O) Tuesday(O) .(O)","Input: Graham Gooch , the 43-year-old former England captain , is to continue playing county cricket for at least another season , his club Essex announced on Tuesday .
Output: Graham(B-PER) Gooch(I-PER) ,(O) the(O) 43-year-old(O) former(O) England(B-LOC) captain(O) ,(O) is(O) to(O) continue(O) playing(O) county(O) cricket(O) for(O) at(O) least(O) another(O) season(O) ,(O) his(O) club(O) Essex(B-ORG) announced(O) on(O) Tuesday(O) .(O)"
12967,"['The' 'ICAC' 'has' 'kept' 'a' 'close' 'eye' 'on' 'passport' 'scams'
 'after' 'a' 'U.S.' 'official' 'was' 'jailed' 'for' 'trafficking' 'fake'
 'Honduran' 'passports' 'as' 'part' 'of' 'an' 'immigration' 'racket'
 'aimed' 'at' 'Chinese' '.']","['O', 'B-ORG', 'O', 'O', 'O', 'O', 'O', 'O', 'O', 'O', 'O', 'O', 'B-LOC', 'O', 'O', 'O', 'O', 'O', 'O', 'B-MISC', 'O', 'O', 'O', 'O', 'O', 'O', 'O', 'O', 'O', 'B-MISC', 'O']",The ICAC has kept a close eye on passport scams after a U.S. official was jailed for trafficking fake Honduran passports as part of an immigration racket aimed at Chinese .,"['The(O)', 'ICAC(B-ORG)', 'has(O)', 'kept(O)', 'a(O)', 'close(O)', 'eye(O)', 'on(O)', 'passport(O)', 'scams(O)', 'after(O)', 'a(O)', 'U.S.(B-LOC)', 'official(O)', 'was(O)', 'jailed(O)', 'for(O)', 'trafficking(O)', 'fake(O)', 'Honduran(B-MISC)', 'passports(O)', 'as(O)', 'part(O)', 'of(O)', 'an(O)', 'immigration(O)', 'racket(O)', 'aimed(O)', 'at(O)', 'Chinese(B-MISC)', '.(O)']",The(O) ICAC(B-ORG) has(O) kept(O) a(O) close(O) eye(O) on(O) passport(O) scams(O) after(O) a(O) U.S.(B-LOC) official(O) was(O) jailed(O) for(O) trafficking(O) fake(O) Honduran(B-MISC) passports(O) as(O) part(O) of(O) an(O) immigration(O) racket(O) aimed(O) at(O) Chinese(B-MISC) .(O),"Input: The ICAC has kept a close eye on passport scams after a U.S. official was jailed for trafficking fake Honduran passports as part of an immigration racket aimed at Chinese .
Output: The(O) ICAC(B-ORG) has(O) kept(O) a(O) close(O) eye(O) on(O) passport(O) scams(O) after(O) a(O) U.S.(B-LOC) official(O) was(O) jailed(O) for(O) trafficking(O) fake(O) Honduran(B-MISC) passports(O) as(O) part(O) of(O) an(O) immigration(O) racket(O) aimed(O) at(O) Chinese(B-MISC) .(O)"
1275,"['-' 'The' 'Bosnian' 'federation' 'launches' 'a' 'common' 'payment'
 'system' 'on' 'Friday' '.']","['O', 'O', 'B-MISC', 'O', 'O', 'O', 'O', 'O', 'O', 'O', 'O', 'O']",- The Bosnian federation launches a common payment system on Friday .,"['-(O)', 'The(O)', 'Bosnian(B-MISC)', 'federation(O)', 'launches(O)', 'a(O)', 'common(O)', 'payment(O)', 'system(O)', 'on(O)', 'Friday(O)', '.(O)']",-(O) The(O) Bosnian(B-MISC) federation(O) launches(O) a(O) common(O) payment(O) system(O) on(O) Friday(O) .(O),"Input: - The Bosnian federation launches a common payment system on Friday .
Output: -(O) The(O) Bosnian(B-MISC) federation(O) launches(O) a(O) common(O) payment(O) system(O) on(O) Friday(O) .(O)"
4081,['Bayer' 'Leverkusen' '3' '2' '0' '1' '7' '4' '6'],"['B-ORG', 'I-ORG', 'O', 'O', 'O', 'O', 'O', 'O', 'O']",Bayer Leverkusen 3 2 0 1 7 4 6,"['Bayer(B-ORG)', 'Leverkusen(I-ORG)', '3(O)', '2(O)', '0(O)', '1(O)', '7(O)', '4(O)', '6(O)']",Bayer(B-ORG) Leverkusen(I-ORG) 3(O) 2(O) 0(O) 1(O) 7(O) 4(O) 6(O),"Input: Bayer Leverkusen 3 2 0 1 7 4 6
Output: Bayer(B-ORG) Leverkusen(I-ORG) 3(O) 2(O) 0(O) 1(O) 7(O) 4(O) 6(O)"
9943,['ATHLETICS' '-' 'ROVERETO' 'INTERNATIONAL' 'MEETING' 'RESULTS' '.'],"['O', 'O', 'B-MISC', 'I-MISC', 'O', 'O', 'O']",ATHLETICS - ROVERETO INTERNATIONAL MEETING RESULTS .,"['ATHLETICS(O)', '-(O)', 'ROVERETO(B-MISC)', 'INTERNATIONAL(I-MISC)', 'MEETING(O)', 'RESULTS(O)', '.(O)']",ATHLETICS(O) -(O) ROVERETO(B-MISC) INTERNATIONAL(I-MISC) MEETING(O) RESULTS(O) .(O),"Input: ATHLETICS - ROVERETO INTERNATIONAL MEETING RESULTS .
Output: ATHLETICS(O) -(O) ROVERETO(B-MISC) INTERNATIONAL(I-MISC) MEETING(O) RESULTS(O) .(O)"
13447,"['The' 'company' 'said' 'in' 'a' 'statement' 'late' 'on' 'Wednesday' 'it'
 'would' 'conduct' 'an' 'enterprise' 'assessment' 'and' 'strategic'
 'compliance' 'plan' 'for' 'preparing' 'all' 'the' 'mainframe' 'systems'
 'of' 'Life' 'of' 'Georgia' 'and' 'Southland' 'Life' 'to' 'operate' 'in'
 'the' 'new' 'century' '.']","['O', 'O', 'O', 'O', 'O', 'O', 'O', 'O', 'O', 'O', 'O', 'O', 'O', 'O', 'O', 'O', 'O', 'O', 'O', 'O', 'O', 'O', 'O', 'O', 'O', 'O', 'B-ORG', 'I-ORG', 'I-ORG', 'O', 'B-ORG', 'I-ORG', 'O', 'O', 'O', 'O', 'O', 'O', 'O']",The company said in a statement late on Wednesday it would conduct an enterprise assessment and strategic compliance plan for preparing all the mainframe systems of Life of Georgia and Southland Life to operate in the new century .,"['The(O)', 'company(O)', 'said(O)', 'in(O)', 'a(O)', 'statement(O)', 'late(O)', 'on(O)', 'Wednesday(O)', 'it(O)', 'would(O)', 'conduct(O)', 'an(O)', 'enterprise(O)', 'assessment(O)', 'and(O)', 'strategic(O)', 'compliance(O)', 'plan(O)', 'for(O)', 'preparing(O)', 'all(O)', 'the(O)', 'mainframe(O)', 'systems(O)', 'of(O)', 'Life(B-ORG)', 'of(I-ORG)', 'Georgia(I-ORG)', 'and(O)', 'Southland(B-ORG)', 'Life(I-ORG)', 'to(O)', 'operate(O)', 'in(O)', 'the(O)', 'new(O)', 'century(O)', '.(O)']",The(O) company(O) said(O) in(O) a(O) statement(O) late(O) on(O) Wednesday(O) it(O) would(O) conduct(O) an(O) enterprise(O) assessment(O) and(O) strategic(O) compliance(O) plan(O) for(O) preparing(O) all(O) the(O) mainframe(O) systems(O) of(O) Life(B-ORG) of(I-ORG) Georgia(I-ORG) and(O) Southland(B-ORG) Life(I-ORG) to(O) operate(O) in(O) the(O) new(O) century(O) .(O),"Input: The company said in a statement late on Wednesday it would conduct an enterprise assessment and strategic compliance plan for preparing all the mainframe systems of Life of Georgia and Southland Life to operate in the new century .
Output: The(O) company(O) said(O) in(O) a(O) statement(O) late(O) on(O) Wednesday(O) it(O) would(O) conduct(O) an(O) enterprise(O) assessment(O) and(O) strategic(O) compliance(O) plan(O) for(O) preparing(O) all(O) the(O) mainframe(O) systems(O) of(O) Life(B-ORG) of(I-ORG) Georgia(I-ORG) and(O) Southland(B-ORG) Life(I-ORG) to(O) operate(O) in(O) the(O) new(O) century(O) .(O)"
13175,"['DECATUR' ',' 'IL' '/' 'CLINTON' 'AND' 'CEDAR' 'RAPIDS' ',' 'IA']","['B-ORG', 'O', 'B-LOC', 'O', 'B-ORG', 'I-ORG', 'I-ORG', 'I-ORG', 'O', 'B-LOC']","DECATUR , IL / CLINTON AND CEDAR RAPIDS , IA","['DECATUR(B-ORG)', ',(O)', 'IL(B-LOC)', '/(O)', 'CLINTON(B-ORG)', 'AND(I-ORG)', 'CEDAR(I-ORG)', 'RAPIDS(I-ORG)', ',(O)', 'IA(B-LOC)']","DECATUR(B-ORG) ,(O) IL(B-LOC) /(O) CLINTON(B-ORG) AND(I-ORG) CEDAR(I-ORG) RAPIDS(I-ORG) ,(O) IA(B-LOC)","Input: DECATUR , IL / CLINTON AND CEDAR RAPIDS , IA
Output: DECATUR(B-ORG) ,(O) IL(B-LOC) /(O) CLINTON(B-ORG) AND(I-ORG) CEDAR(I-ORG) RAPIDS(I-ORG) ,(O) IA(B-LOC)"
2075,"['standings' 'after' 'games' 'played' 'on' 'Thursday' '(' 'tabulate'
 'under' 'won' ',']","['O', 'O', 'O', 'O', 'O', 'O', 'O', 'O', 'O', 'O', 'O']","standings after games played on Thursday ( tabulate under won ,","['standings(O)', 'after(O)', 'games(O)', 'played(O)', 'on(O)', 'Thursday(O)', '((O)', 'tabulate(O)', 'under(O)', 'won(O)', ',(O)']","standings(O) after(O) games(O) played(O) on(O) Thursday(O) ((O) tabulate(O) under(O) won(O) ,(O)","Input: standings after games played on Thursday ( tabulate under won ,
Output: standings(O) after(O) games(O) played(O) on(O) Thursday(O) ((O) tabulate(O) under(O) won(O) ,(O)"
4122,"['Michael' 'Penrose' ',' 'a' '23-year-old' 'worker' 'with' 'the' 'group'
 'Action' 'Against' 'Hunger' ',' 'described' 'his' 'ordeal' 'to' 'a'
 'news' 'conference' 'when' 'he' 'arrived' 'back' 'in' 'Britain' 'from'
 'Moscow' '.']","['B-PER', 'I-PER', 'O', 'O', 'O', 'O', 'O', 'O', 'O', 'B-ORG', 'I-ORG', 'I-ORG', 'O', 'O', 'O', 'O', 'O', 'O', 'O', 'O', 'O', 'O', 'O', 'O', 'O', 'B-LOC', 'O', 'B-LOC', 'O']","Michael Penrose , a 23-year-old worker with the group Action Against Hunger , described his ordeal to a news conference when he arrived back in Britain from Moscow .","['Michael(B-PER)', 'Penrose(I-PER)', ',(O)', 'a(O)', '23-year-old(O)', 'worker(O)', 'with(O)', 'the(O)', 'group(O)', 'Action(B-ORG)', 'Against(I-ORG)', 'Hunger(I-ORG)', ',(O)', 'described(O)', 'his(O)', 'ordeal(O)', 'to(O)', 'a(O)', 'news(O)', 'conference(O)', 'when(O)', 'he(O)', 'arrived(O)', 'back(O)', 'in(O)', 'Britain(B-LOC)', 'from(O)', 'Moscow(B-LOC)', '.(O)']","Michael(B-PER) Penrose(I-PER) ,(O) a(O) 23-year-old(O) worker(O) with(O) the(O) group(O) Action(B-ORG) Against(I-ORG) Hunger(I-ORG) ,(O) described(O) his(O) ordeal(O) to(O) a(O) news(O) conference(O) when(O) he(O) arrived(O) back(O) in(O) Britain(B-LOC) from(O) Moscow(B-LOC) .(O)","Input: Michael Penrose , a 23-year-old worker with the group Action Against Hunger , described his ordeal to a news conference when he arrived back in Britain from Moscow .
Output: Michael(B-PER) Penrose(I-PER) ,(O) a(O) 23-year-old(O) worker(O) with(O) the(O) group(O) Action(B-ORG) Against(I-ORG) Hunger(I-ORG) ,(O) described(O) his(O) ordeal(O) to(O) a(O) news(O) conference(O) when(O) he(O) arrived(O) back(O) in(O) Britain(B-LOC) from(O) Moscow(B-LOC) .(O)"
12599,['TORONTO' '6' 'Minnesota' '1'],"['B-ORG', 'O', 'B-ORG', 'O']",TORONTO 6 Minnesota 1,"['TORONTO(B-ORG)', '6(O)', 'Minnesota(B-ORG)', '1(O)']",TORONTO(B-ORG) 6(O) Minnesota(B-ORG) 1(O),"Input: TORONTO 6 Minnesota 1
Output: TORONTO(B-ORG) 6(O) Minnesota(B-ORG) 1(O)"
2254,"['venue' ',' 'date' ')' ':']","['O', 'O', 'O', 'O', 'O']","venue , date ) :","['venue(O)', ',(O)', 'date(O)', ')(O)', ':(O)']","venue(O) ,(O) date(O) )(O) :(O)","Input: venue , date ) :
Output: venue(O) ,(O) date(O) )(O) :(O)"
8076,"['Described' 'by' 'one' 'British' 'company' 'as' '""' 'eco-terrorism' '""'
 ',' 'it' 'is' 'seen' 'as' 'the' 'new' 'business' 'risk' 'of' 'the'
 '1990s' '.']","['O', 'O', 'O', 'B-MISC', 'O', 'O', 'O', 'O', 'O', 'O', 'O', 'O', 'O', 'O', 'O', 'O', 'O', 'O', 'O', 'O', 'O', 'O']","Described by one British company as "" eco-terrorism "" , it is seen as the new business risk of the 1990s .","['Described(O)', 'by(O)', 'one(O)', 'British(B-MISC)', 'company(O)', 'as(O)', '""(O)', 'eco-terrorism(O)', '""(O)', ',(O)', 'it(O)', 'is(O)', 'seen(O)', 'as(O)', 'the(O)', 'new(O)', 'business(O)', 'risk(O)', 'of(O)', 'the(O)', '1990s(O)', '.(O)']","Described(O) by(O) one(O) British(B-MISC) company(O) as(O) ""(O) eco-terrorism(O) ""(O) ,(O) it(O) is(O) seen(O) as(O) the(O) new(O) business(O) risk(O) of(O) the(O) 1990s(O) .(O)","Input: Described by one British company as "" eco-terrorism "" , it is seen as the new business risk of the 1990s .
Output: Described(O) by(O) one(O) British(B-MISC) company(O) as(O) ""(O) eco-terrorism(O) ""(O) ,(O) it(O) is(O) seen(O) as(O) the(O) new(O) business(O) risk(O) of(O) the(O) 1990s(O) .(O)"
5738,['Haldtime' '0-0' '.'],"['O', 'O', 'O']",Haldtime 0-0 .,"['Haldtime(O)', '0-0(O)', '.(O)']",Haldtime(O) 0-0(O) .(O),"Input: Haldtime 0-0 .
Output: Haldtime(O) 0-0(O) .(O)"
6138,['French' '1997' 'budget' 'due' 'around' 'September' '10' '-' 'Juppe' '.'],"['B-MISC', 'O', 'O', 'O', 'O', 'O', 'O', 'O', 'B-PER', 'O']",French 1997 budget due around September 10 - Juppe .,"['French(B-MISC)', '1997(O)', 'budget(O)', 'due(O)', 'around(O)', 'September(O)', '10(O)', '-(O)', 'Juppe(B-PER)', '.(O)']",French(B-MISC) 1997(O) budget(O) due(O) around(O) September(O) 10(O) -(O) Juppe(B-PER) .(O),"Input: French 1997 budget due around September 10 - Juppe .
Output: French(B-MISC) 1997(O) budget(O) due(O) around(O) September(O) 10(O) -(O) Juppe(B-PER) .(O)"
4176,['Cholera' 'kills' '21' 'in' 'southern' 'Nigeria' '.'],"['O', 'O', 'O', 'O', 'O', 'B-LOC', 'O']",Cholera kills 21 in southern Nigeria .,"['Cholera(O)', 'kills(O)', '21(O)', 'in(O)', 'southern(O)', 'Nigeria(B-LOC)', '.(O)']",Cholera(O) kills(O) 21(O) in(O) southern(O) Nigeria(B-LOC) .(O),"Input: Cholera kills 21 in southern Nigeria .
Output: Cholera(O) kills(O) 21(O) in(O) southern(O) Nigeria(B-LOC) .(O)"
11149,"['Rudolf' 'Gajdos' ',' 'head' 'of' 'Slovak' 'Interpol' ',' 'told' 'a'
 'news' 'conference' 'Dutroux' 'was' 'also' 'believed' 'to' 'have'
 'planned' 'the' 'kidnapping' 'of' 'at' 'least' 'one' 'Slovak' 'woman' '.']","['B-PER', 'I-PER', 'O', 'O', 'O', 'B-MISC', 'B-ORG', 'O', 'O', 'O', 'O', 'O', 'B-PER', 'O', 'O', 'O', 'O', 'O', 'O', 'O', 'O', 'O', 'O', 'O', 'O', 'B-MISC', 'O', 'O']","Rudolf Gajdos , head of Slovak Interpol , told a news conference Dutroux was also believed to have planned the kidnapping of at least one Slovak woman .","['Rudolf(B-PER)', 'Gajdos(I-PER)', ',(O)', 'head(O)', 'of(O)', 'Slovak(B-MISC)', 'Interpol(B-ORG)', ',(O)', 'told(O)', 'a(O)', 'news(O)', 'conference(O)', 'Dutroux(B-PER)', 'was(O)', 'also(O)', 'believed(O)', 'to(O)', 'have(O)', 'planned(O)', 'the(O)', 'kidnapping(O)', 'of(O)', 'at(O)', 'least(O)', 'one(O)', 'Slovak(B-MISC)', 'woman(O)', '.(O)']","Rudolf(B-PER) Gajdos(I-PER) ,(O) head(O) of(O) Slovak(B-MISC) Interpol(B-ORG) ,(O) told(O) a(O) news(O) conference(O) Dutroux(B-PER) was(O) also(O) believed(O) to(O) have(O) planned(O) the(O) kidnapping(O) of(O) at(O) least(O) one(O) Slovak(B-MISC) woman(O) .(O)","Input: Rudolf Gajdos , head of Slovak Interpol , told a news conference Dutroux was also believed to have planned the kidnapping of at least one Slovak woman .
Output: Rudolf(B-PER) Gajdos(I-PER) ,(O) head(O) of(O) Slovak(B-MISC) Interpol(B-ORG) ,(O) told(O) a(O) news(O) conference(O) Dutroux(B-PER) was(O) also(O) believed(O) to(O) have(O) planned(O) the(O) kidnapping(O) of(O) at(O) least(O) one(O) Slovak(B-MISC) woman(O) .(O)"
2060,"['Ijaya' 'Indra' '(' 'Indonesia' ')' 'beat' 'P.' 'Kantharoopan' '('
 'Malaysia' ')' '15-6' '5-4']","['B-PER', 'I-PER', 'O', 'B-LOC', 'O', 'O', 'B-PER', 'I-PER', 'O', 'B-LOC', 'O', 'O', 'O']",Ijaya Indra ( Indonesia ) beat P. Kantharoopan ( Malaysia ) 15-6 5-4,"['Ijaya(B-PER)', 'Indra(I-PER)', '((O)', 'Indonesia(B-LOC)', ')(O)', 'beat(O)', 'P.(B-PER)', 'Kantharoopan(I-PER)', '((O)', 'Malaysia(B-LOC)', ')(O)', '15-6(O)', '5-4(O)']",Ijaya(B-PER) Indra(I-PER) ((O) Indonesia(B-LOC) )(O) beat(O) P.(B-PER) Kantharoopan(I-PER) ((O) Malaysia(B-LOC) )(O) 15-6(O) 5-4(O),"Input: Ijaya Indra ( Indonesia ) beat P. Kantharoopan ( Malaysia ) 15-6 5-4
Output: Ijaya(B-PER) Indra(I-PER) ((O) Indonesia(B-LOC) )(O) beat(O) P.(B-PER) Kantharoopan(I-PER) ((O) Malaysia(B-LOC) )(O) 15-6(O) 5-4(O)"
6659,['Dukla' 'Banska' 'Bystrica' '3' 'FC' 'Nitra' '0'],"['B-ORG', 'I-ORG', 'I-ORG', 'O', 'B-ORG', 'I-ORG', 'O']",Dukla Banska Bystrica 3 FC Nitra 0,"['Dukla(B-ORG)', 'Banska(I-ORG)', 'Bystrica(I-ORG)', '3(O)', 'FC(B-ORG)', 'Nitra(I-ORG)', '0(O)']",Dukla(B-ORG) Banska(I-ORG) Bystrica(I-ORG) 3(O) FC(B-ORG) Nitra(I-ORG) 0(O),"Input: Dukla Banska Bystrica 3 FC Nitra 0
Output: Dukla(B-ORG) Banska(I-ORG) Bystrica(I-ORG) 3(O) FC(B-ORG) Nitra(I-ORG) 0(O)"
8147,['Scorers' ':'],"['O', 'O']",Scorers :,"['Scorers(O)', ':(O)']",Scorers(O) :(O),"Input: Scorers :
Output: Scorers(O) :(O)"
639,"['The' 'home' 'side' 'boasts' 'world' 'number' 'six' 'Goran' 'Ivanisevic'
 ',' 'and' 'Newcombe' 'conceded' 'his' 'players' 'would' 'be'
 'hard-pressed' 'to' 'beat' 'the' 'Croatian' 'number' 'one' '.']","['O', 'O', 'O', 'O', 'O', 'O', 'O', 'B-PER', 'I-PER', 'O', 'O', 'B-PER', 'O', 'O', 'O', 'O', 'O', 'O', 'O', 'O', 'O', 'B-MISC', 'O', 'O', 'O']","The home side boasts world number six Goran Ivanisevic , and Newcombe conceded his players would be hard-pressed to beat the Croatian number one .","['The(O)', 'home(O)', 'side(O)', 'boasts(O)', 'world(O)', 'number(O)', 'six(O)', 'Goran(B-PER)', 'Ivanisevic(I-PER)', ',(O)', 'and(O)', 'Newcombe(B-PER)', 'conceded(O)', 'his(O)', 'players(O)', 'would(O)', 'be(O)', 'hard-pressed(O)', 'to(O)', 'beat(O)', 'the(O)', 'Croatian(B-MISC)', 'number(O)', 'one(O)', '.(O)']","The(O) home(O) side(O) boasts(O) world(O) number(O) six(O) Goran(B-PER) Ivanisevic(I-PER) ,(O) and(O) Newcombe(B-PER) conceded(O) his(O) players(O) would(O) be(O) hard-pressed(O) to(O) beat(O) the(O) Croatian(B-MISC) number(O) one(O) .(O)","Input: The home side boasts world number six Goran Ivanisevic , and Newcombe conceded his players would be hard-pressed to beat the Croatian number one .
Output: The(O) home(O) side(O) boasts(O) world(O) number(O) six(O) Goran(B-PER) Ivanisevic(I-PER) ,(O) and(O) Newcombe(B-PER) conceded(O) his(O) players(O) would(O) be(O) hard-pressed(O) to(O) beat(O) the(O) Croatian(B-MISC) number(O) one(O) .(O)"
6275,"['Excluding' 'the' 'effect' 'of' 'a' 'one-time' 'restructuring' 'charge'
 'of' '$' '17.4' 'million' ',' 'IVAC' 'had' 'net' 'income' 'of' '$' '4.2'
 'million' 'on' 'net' 'sales' 'of' '$' '112.8' 'million' 'for' 'the'
 '1996' 'first' 'half' '.']","['O', 'O', 'O', 'O', 'O', 'O', 'O', 'O', 'O', 'O', 'O', 'O', 'O', 'B-ORG', 'O', 'O', 'O', 'O', 'O', 'O', 'O', 'O', 'O', 'O', 'O', 'O', 'O', 'O', 'O', 'O', 'O', 'O', 'O', 'O']","Excluding the effect of a one-time restructuring charge of $ 17.4 million , IVAC had net income of $ 4.2 million on net sales of $ 112.8 million for the 1996 first half .","['Excluding(O)', 'the(O)', 'effect(O)', 'of(O)', 'a(O)', 'one-time(O)', 'restructuring(O)', 'charge(O)', 'of(O)', '$(O)', '17.4(O)', 'million(O)', ',(O)', 'IVAC(B-ORG)', 'had(O)', 'net(O)', 'income(O)', 'of(O)', '$(O)', '4.2(O)', 'million(O)', 'on(O)', 'net(O)', 'sales(O)', 'of(O)', '$(O)', '112.8(O)', 'million(O)', 'for(O)', 'the(O)', '1996(O)', 'first(O)', 'half(O)', '.(O)']","Excluding(O) the(O) effect(O) of(O) a(O) one-time(O) restructuring(O) charge(O) of(O) $(O) 17.4(O) million(O) ,(O) IVAC(B-ORG) had(O) net(O) income(O) of(O) $(O) 4.2(O) million(O) on(O) net(O) sales(O) of(O) $(O) 112.8(O) million(O) for(O) the(O) 1996(O) first(O) half(O) .(O)","Input: Excluding the effect of a one-time restructuring charge of $ 17.4 million , IVAC had net income of $ 4.2 million on net sales of $ 112.8 million for the 1996 first half .
Output: Excluding(O) the(O) effect(O) of(O) a(O) one-time(O) restructuring(O) charge(O) of(O) $(O) 17.4(O) million(O) ,(O) IVAC(B-ORG) had(O) net(O) income(O) of(O) $(O) 4.2(O) million(O) on(O) net(O) sales(O) of(O) $(O) 112.8(O) million(O) for(O) the(O) 1996(O) first(O) half(O) .(O)"
1762,"['**' 'Privately-owned' 'Bank' 'Duta' 'on' 'market' 'talk' 'that' 'it'
 'is' 'obtaining' 'fresh' 'syndicated' 'loans' ',' 'a' 'management'
 'reshuffle' 'and' 'fresh' 'equity' 'injection' '.']","['O', 'O', 'B-ORG', 'I-ORG', 'O', 'O', 'O', 'O', 'O', 'O', 'O', 'O', 'O', 'O', 'O', 'O', 'O', 'O', 'O', 'O', 'O', 'O', 'O']","** Privately-owned Bank Duta on market talk that it is obtaining fresh syndicated loans , a management reshuffle and fresh equity injection .","['**(O)', 'Privately-owned(O)', 'Bank(B-ORG)', 'Duta(I-ORG)', 'on(O)', 'market(O)', 'talk(O)', 'that(O)', 'it(O)', 'is(O)', 'obtaining(O)', 'fresh(O)', 'syndicated(O)', 'loans(O)', ',(O)', 'a(O)', 'management(O)', 'reshuffle(O)', 'and(O)', 'fresh(O)', 'equity(O)', 'injection(O)', '.(O)']","**(O) Privately-owned(O) Bank(B-ORG) Duta(I-ORG) on(O) market(O) talk(O) that(O) it(O) is(O) obtaining(O) fresh(O) syndicated(O) loans(O) ,(O) a(O) management(O) reshuffle(O) and(O) fresh(O) equity(O) injection(O) .(O)","Input: ** Privately-owned Bank Duta on market talk that it is obtaining fresh syndicated loans , a management reshuffle and fresh equity injection .
Output: **(O) Privately-owned(O) Bank(B-ORG) Duta(I-ORG) on(O) market(O) talk(O) that(O) it(O) is(O) obtaining(O) fresh(O) syndicated(O) loans(O) ,(O) a(O) management(O) reshuffle(O) and(O) fresh(O) equity(O) injection(O) .(O)"
8819,"['(' 'CZK' ')' '(' 'CZK' ')' '(' 'shares' ')' '(' 'CZK' '000' ""'s"" ')']","['O', 'O', 'O', 'O', 'O', 'O', 'O', 'O', 'O', 'O', 'O', 'O', 'O', 'O']",( CZK ) ( CZK ) ( shares ) ( CZK 000 's ),"['((O)', 'CZK(O)', ')(O)', '((O)', 'CZK(O)', ')(O)', '((O)', 'shares(O)', ')(O)', '((O)', 'CZK(O)', '000(O)', ""'s(O)"", ')(O)']",((O) CZK(O) )(O) ((O) CZK(O) )(O) ((O) shares(O) )(O) ((O) CZK(O) 000(O) 's(O) )(O),"Input: ( CZK ) ( CZK ) ( shares ) ( CZK 000 's )
Output: ((O) CZK(O) )(O) ((O) CZK(O) )(O) ((O) shares(O) )(O) ((O) CZK(O) 000(O) 's(O) )(O)"
5656,"['67' '67' '68' ',' 'David' 'Williams' '67' '67' '68']","['O', 'O', 'O', 'O', 'B-PER', 'I-PER', 'O', 'O', 'O']","67 67 68 , David Williams 67 67 68","['67(O)', '67(O)', '68(O)', ',(O)', 'David(B-PER)', 'Williams(I-PER)', '67(O)', '67(O)', '68(O)']","67(O) 67(O) 68(O) ,(O) David(B-PER) Williams(I-PER) 67(O) 67(O) 68(O)","Input: 67 67 68 , David Williams 67 67 68
Output: 67(O) 67(O) 68(O) ,(O) David(B-PER) Williams(I-PER) 67(O) 67(O) 68(O)"
5703,['Cercle' 'Brugge' '4' '0' '3' '1' '4' '5' '3'],"['B-ORG', 'I-ORG', 'O', 'O', 'O', 'O', 'O', 'O', 'O']",Cercle Brugge 4 0 3 1 4 5 3,"['Cercle(B-ORG)', 'Brugge(I-ORG)', '4(O)', '0(O)', '3(O)', '1(O)', '4(O)', '5(O)', '3(O)']",Cercle(B-ORG) Brugge(I-ORG) 4(O) 0(O) 3(O) 1(O) 4(O) 5(O) 3(O),"Input: Cercle Brugge 4 0 3 1 4 5 3
Output: Cercle(B-ORG) Brugge(I-ORG) 4(O) 0(O) 3(O) 1(O) 4(O) 5(O) 3(O)"
11131,['Over' 'a' 'dozen' 'peace' 'deals' 'have' 'collapsed' '.'],"['O', 'O', 'O', 'O', 'O', 'O', 'O', 'O']",Over a dozen peace deals have collapsed .,"['Over(O)', 'a(O)', 'dozen(O)', 'peace(O)', 'deals(O)', 'have(O)', 'collapsed(O)', '.(O)']",Over(O) a(O) dozen(O) peace(O) deals(O) have(O) collapsed(O) .(O),"Input: Over a dozen peace deals have collapsed .
Output: Over(O) a(O) dozen(O) peace(O) deals(O) have(O) collapsed(O) .(O)"
9559,"['Choudhury' ',' 'a' 'former' 'foreign' 'minister' 'and' 'veteran'
 'diplomat' ',' 'was' 'appointed' 'speaker' 'of' 'the' '330-member'
 'parliament' 'on' 'July' '13' ',' 'a' 'month' 'after' 'general'
 'elections' 'returned' 'the' 'Awami' 'League' 'of' 'Prime' 'Minister'
 'Sheikh' 'Hasina' 'to' 'power' 'after' '21' 'years' '.']","['B-PER', 'O', 'O', 'O', 'O', 'O', 'O', 'O', 'O', 'O', 'O', 'O', 'O', 'O', 'O', 'O', 'O', 'O', 'O', 'O', 'O', 'O', 'O', 'O', 'O', 'O', 'O', 'O', 'B-ORG', 'I-ORG', 'O', 'O', 'O', 'O', 'B-PER', 'O', 'O', 'O', 'O', 'O', 'O']","Choudhury , a former foreign minister and veteran diplomat , was appointed speaker of the 330-member parliament on July 13 , a month after general elections returned the Awami League of Prime Minister Sheikh Hasina to power after 21 years .","['Choudhury(B-PER)', ',(O)', 'a(O)', 'former(O)', 'foreign(O)', 'minister(O)', 'and(O)', 'veteran(O)', 'diplomat(O)', ',(O)', 'was(O)', 'appointed(O)', 'speaker(O)', 'of(O)', 'the(O)', '330-member(O)', 'parliament(O)', 'on(O)', 'July(O)', '13(O)', ',(O)', 'a(O)', 'month(O)', 'after(O)', 'general(O)', 'elections(O)', 'returned(O)', 'the(O)', 'Awami(B-ORG)', 'League(I-ORG)', 'of(O)', 'Prime(O)', 'Minister(O)', 'Sheikh(O)', 'Hasina(B-PER)', 'to(O)', 'power(O)', 'after(O)', '21(O)', 'years(O)', '.(O)']","Choudhury(B-PER) ,(O) a(O) former(O) foreign(O) minister(O) and(O) veteran(O) diplomat(O) ,(O) was(O) appointed(O) speaker(O) of(O) the(O) 330-member(O) parliament(O) on(O) July(O) 13(O) ,(O) a(O) month(O) after(O) general(O) elections(O) returned(O) the(O) Awami(B-ORG) League(I-ORG) of(O) Prime(O) Minister(O) Sheikh(O) Hasina(B-PER) to(O) power(O) after(O) 21(O) years(O) .(O)","Input: Choudhury , a former foreign minister and veteran diplomat , was appointed speaker of the 330-member parliament on July 13 , a month after general elections returned the Awami League of Prime Minister Sheikh Hasina to power after 21 years .
Output: Choudhury(B-PER) ,(O) a(O) former(O) foreign(O) minister(O) and(O) veteran(O) diplomat(O) ,(O) was(O) appointed(O) speaker(O) of(O) the(O) 330-member(O) parliament(O) on(O) July(O) 13(O) ,(O) a(O) month(O) after(O) general(O) elections(O) returned(O) the(O) Awami(B-ORG) League(I-ORG) of(O) Prime(O) Minister(O) Sheikh(O) Hasina(B-PER) to(O) power(O) after(O) 21(O) years(O) .(O)"
2625,['RESEARCH' 'ALERT' '-' 'Unitog' 'Co' 'upgraded' '.'],"['O', 'O', 'O', 'B-ORG', 'I-ORG', 'O', 'O']",RESEARCH ALERT - Unitog Co upgraded .,"['RESEARCH(O)', 'ALERT(O)', '-(O)', 'Unitog(B-ORG)', 'Co(I-ORG)', 'upgraded(O)', '.(O)']",RESEARCH(O) ALERT(O) -(O) Unitog(B-ORG) Co(I-ORG) upgraded(O) .(O),"Input: RESEARCH ALERT - Unitog Co upgraded .
Output: RESEARCH(O) ALERT(O) -(O) Unitog(B-ORG) Co(I-ORG) upgraded(O) .(O)"
13459,"['*' 'President' 'Bill' 'Clinton' 'is' 'expected' 'to' 'propose' 'a' 'tax'
 'break' 'on' 'home' 'sales' '.']","['O', 'O', 'B-PER', 'I-PER', 'O', 'O', 'O', 'O', 'O', 'O', 'O', 'O', 'O', 'O', 'O']",* President Bill Clinton is expected to propose a tax break on home sales .,"['*(O)', 'President(O)', 'Bill(B-PER)', 'Clinton(I-PER)', 'is(O)', 'expected(O)', 'to(O)', 'propose(O)', 'a(O)', 'tax(O)', 'break(O)', 'on(O)', 'home(O)', 'sales(O)', '.(O)']",*(O) President(O) Bill(B-PER) Clinton(I-PER) is(O) expected(O) to(O) propose(O) a(O) tax(O) break(O) on(O) home(O) sales(O) .(O),"Input: * President Bill Clinton is expected to propose a tax break on home sales .
Output: *(O) President(O) Bill(B-PER) Clinton(I-PER) is(O) expected(O) to(O) propose(O) a(O) tax(O) break(O) on(O) home(O) sales(O) .(O)"
819,['California' '7' 'NEW' 'YORK' '1'],"['B-ORG', 'O', 'B-ORG', 'I-ORG', 'O']",California 7 NEW YORK 1,"['California(B-ORG)', '7(O)', 'NEW(B-ORG)', 'YORK(I-ORG)', '1(O)']",California(B-ORG) 7(O) NEW(B-ORG) YORK(I-ORG) 1(O),"Input: California 7 NEW YORK 1
Output: California(B-ORG) 7(O) NEW(B-ORG) YORK(I-ORG) 1(O)"
2219,"['19,775' '.']","['O', 'O']","19,775 .","['19,775(O)', '.(O)']","19,775(O) .(O)","Input: 19,775 .
Output: 19,775(O) .(O)"
8314,['Mark' 'Ealham' '1' '2' '0' '30' '25' '15.00'],"['B-PER', 'I-PER', 'O', 'O', 'O', 'O', 'O', 'O']",Mark Ealham 1 2 0 30 25 15.00,"['Mark(B-PER)', 'Ealham(I-PER)', '1(O)', '2(O)', '0(O)', '30(O)', '25(O)', '15.00(O)']",Mark(B-PER) Ealham(I-PER) 1(O) 2(O) 0(O) 30(O) 25(O) 15.00(O),"Input: Mark Ealham 1 2 0 30 25 15.00
Output: Mark(B-PER) Ealham(I-PER) 1(O) 2(O) 0(O) 30(O) 25(O) 15.00(O)"
1035,['1996-08-22'],['O'],1996-08-22,['1996-08-22(O)'],1996-08-22(O),"Input: 1996-08-22
Output: 1996-08-22(O)"
868,"['In' 'Detroit' ',' 'Brad' 'Ausmus' ""'s"" 'three-run' 'homer' 'capped' 'a'
 'four-run' 'eighth' 'and' 'lifted' 'the' 'Tigers' 'to' 'a' '7-4'
 'victory' 'over' 'the' 'reeling' 'Chicago' 'White' 'Sox' '.']","['O', 'B-LOC', 'O', 'B-PER', 'I-PER', 'O', 'O', 'O', 'O', 'O', 'O', 'O', 'O', 'O', 'O', 'B-ORG', 'O', 'O', 'O', 'O', 'O', 'O', 'O', 'B-ORG', 'I-ORG', 'I-ORG', 'O']","In Detroit , Brad Ausmus 's three-run homer capped a four-run eighth and lifted the Tigers to a 7-4 victory over the reeling Chicago White Sox .","['In(O)', 'Detroit(B-LOC)', ',(O)', 'Brad(B-PER)', 'Ausmus(I-PER)', ""'s(O)"", 'three-run(O)', 'homer(O)', 'capped(O)', 'a(O)', 'four-run(O)', 'eighth(O)', 'and(O)', 'lifted(O)', 'the(O)', 'Tigers(B-ORG)', 'to(O)', 'a(O)', '7-4(O)', 'victory(O)', 'over(O)', 'the(O)', 'reeling(O)', 'Chicago(B-ORG)', 'White(I-ORG)', 'Sox(I-ORG)', '.(O)']","In(O) Detroit(B-LOC) ,(O) Brad(B-PER) Ausmus(I-PER) 's(O) three-run(O) homer(O) capped(O) a(O) four-run(O) eighth(O) and(O) lifted(O) the(O) Tigers(B-ORG) to(O) a(O) 7-4(O) victory(O) over(O) the(O) reeling(O) Chicago(B-ORG) White(I-ORG) Sox(I-ORG) .(O)","Input: In Detroit , Brad Ausmus 's three-run homer capped a four-run eighth and lifted the Tigers to a 7-4 victory over the reeling Chicago White Sox .
Output: In(O) Detroit(B-LOC) ,(O) Brad(B-PER) Ausmus(I-PER) 's(O) three-run(O) homer(O) capped(O) a(O) four-run(O) eighth(O) and(O) lifted(O) the(O) Tigers(B-ORG) to(O) a(O) 7-4(O) victory(O) over(O) the(O) reeling(O) Chicago(B-ORG) White(I-ORG) Sox(I-ORG) .(O)"
8570,"['VanLandingham' '(' '8-13' ')' ',' 'who' 'entered' 'the' 'game' 'with'
 'one' 'complete' 'game' 'in' 'the' 'first' '56' 'starts' 'of' 'his'
 'career' ',' 'limited' 'the' 'Phillies' 'to' 'two' 'hits' 'and' 'two'
 'walks' 'with' 'four' 'strikeouts' '.']","['B-PER', 'O', 'O', 'O', 'O', 'O', 'O', 'O', 'O', 'O', 'O', 'O', 'O', 'O', 'O', 'O', 'O', 'O', 'O', 'O', 'O', 'O', 'O', 'O', 'B-ORG', 'O', 'O', 'O', 'O', 'O', 'O', 'O', 'O', 'O', 'O']","VanLandingham ( 8-13 ) , who entered the game with one complete game in the first 56 starts of his career , limited the Phillies to two hits and two walks with four strikeouts .","['VanLandingham(B-PER)', '((O)', '8-13(O)', ')(O)', ',(O)', 'who(O)', 'entered(O)', 'the(O)', 'game(O)', 'with(O)', 'one(O)', 'complete(O)', 'game(O)', 'in(O)', 'the(O)', 'first(O)', '56(O)', 'starts(O)', 'of(O)', 'his(O)', 'career(O)', ',(O)', 'limited(O)', 'the(O)', 'Phillies(B-ORG)', 'to(O)', 'two(O)', 'hits(O)', 'and(O)', 'two(O)', 'walks(O)', 'with(O)', 'four(O)', 'strikeouts(O)', '.(O)']","VanLandingham(B-PER) ((O) 8-13(O) )(O) ,(O) who(O) entered(O) the(O) game(O) with(O) one(O) complete(O) game(O) in(O) the(O) first(O) 56(O) starts(O) of(O) his(O) career(O) ,(O) limited(O) the(O) Phillies(B-ORG) to(O) two(O) hits(O) and(O) two(O) walks(O) with(O) four(O) strikeouts(O) .(O)","Input: VanLandingham ( 8-13 ) , who entered the game with one complete game in the first 56 starts of his career , limited the Phillies to two hits and two walks with four strikeouts .
Output: VanLandingham(B-PER) ((O) 8-13(O) )(O) ,(O) who(O) entered(O) the(O) game(O) with(O) one(O) complete(O) game(O) in(O) the(O) first(O) 56(O) starts(O) of(O) his(O) career(O) ,(O) limited(O) the(O) Phillies(B-ORG) to(O) two(O) hits(O) and(O) two(O) walks(O) with(O) four(O) strikeouts(O) .(O)"
609,"['IFK' 'Gothenburg' 'of' 'Sweden' 'drew' '1-1' '(' '1-0' ')' 'with'
 'Ferencvaros' 'of' 'Hungary' 'in' 'the' 'second' 'leg' 'of' 'their'
 'European' 'Champions' 'Cup' 'preliminary' 'round' 'tie' 'played' 'on'
 'Wednesday' '.']","['B-ORG', 'I-ORG', 'O', 'B-LOC', 'O', 'O', 'O', 'O', 'O', 'O', 'B-ORG', 'O', 'B-LOC', 'O', 'O', 'O', 'O', 'O', 'O', 'B-MISC', 'I-MISC', 'I-MISC', 'O', 'O', 'O', 'O', 'O', 'O', 'O']",IFK Gothenburg of Sweden drew 1-1 ( 1-0 ) with Ferencvaros of Hungary in the second leg of their European Champions Cup preliminary round tie played on Wednesday .,"['IFK(B-ORG)', 'Gothenburg(I-ORG)', 'of(O)', 'Sweden(B-LOC)', 'drew(O)', '1-1(O)', '((O)', '1-0(O)', ')(O)', 'with(O)', 'Ferencvaros(B-ORG)', 'of(O)', 'Hungary(B-LOC)', 'in(O)', 'the(O)', 'second(O)', 'leg(O)', 'of(O)', 'their(O)', 'European(B-MISC)', 'Champions(I-MISC)', 'Cup(I-MISC)', 'preliminary(O)', 'round(O)', 'tie(O)', 'played(O)', 'on(O)', 'Wednesday(O)', '.(O)']",IFK(B-ORG) Gothenburg(I-ORG) of(O) Sweden(B-LOC) drew(O) 1-1(O) ((O) 1-0(O) )(O) with(O) Ferencvaros(B-ORG) of(O) Hungary(B-LOC) in(O) the(O) second(O) leg(O) of(O) their(O) European(B-MISC) Champions(I-MISC) Cup(I-MISC) preliminary(O) round(O) tie(O) played(O) on(O) Wednesday(O) .(O),"Input: IFK Gothenburg of Sweden drew 1-1 ( 1-0 ) with Ferencvaros of Hungary in the second leg of their European Champions Cup preliminary round tie played on Wednesday .
Output: IFK(B-ORG) Gothenburg(I-ORG) of(O) Sweden(B-LOC) drew(O) 1-1(O) ((O) 1-0(O) )(O) with(O) Ferencvaros(B-ORG) of(O) Hungary(B-LOC) in(O) the(O) second(O) leg(O) of(O) their(O) European(B-MISC) Champions(I-MISC) Cup(I-MISC) preliminary(O) round(O) tie(O) played(O) on(O) Wednesday(O) .(O)"
2617,"['Investors' 'gave' 'into' 'gold' 'fever' 'Friday' 'morning' ',' 'with'
 'heavy' 'trading' 'in' 'a' 'handful' 'of' 'Toronto-based' 'gold'
 'companies' '.']","['O', 'O', 'O', 'O', 'O', 'O', 'O', 'O', 'O', 'O', 'O', 'O', 'O', 'O', 'O', 'B-MISC', 'O', 'O', 'O']","Investors gave into gold fever Friday morning , with heavy trading in a handful of Toronto-based gold companies .","['Investors(O)', 'gave(O)', 'into(O)', 'gold(O)', 'fever(O)', 'Friday(O)', 'morning(O)', ',(O)', 'with(O)', 'heavy(O)', 'trading(O)', 'in(O)', 'a(O)', 'handful(O)', 'of(O)', 'Toronto-based(B-MISC)', 'gold(O)', 'companies(O)', '.(O)']","Investors(O) gave(O) into(O) gold(O) fever(O) Friday(O) morning(O) ,(O) with(O) heavy(O) trading(O) in(O) a(O) handful(O) of(O) Toronto-based(B-MISC) gold(O) companies(O) .(O)","Input: Investors gave into gold fever Friday morning , with heavy trading in a handful of Toronto-based gold companies .
Output: Investors(O) gave(O) into(O) gold(O) fever(O) Friday(O) morning(O) ,(O) with(O) heavy(O) trading(O) in(O) a(O) handful(O) of(O) Toronto-based(B-MISC) gold(O) companies(O) .(O)"
6305,['13' 'seconds'],"['O', 'O']",13 seconds,"['13(O)', 'seconds(O)']",13(O) seconds(O),"Input: 13 seconds
Output: 13(O) seconds(O)"
1566,['Britain' 'says' 'death' 'of' 'its' 'citizen' 'will' 'sour' 'ties' '.'],"['B-LOC', 'O', 'O', 'O', 'O', 'O', 'O', 'O', 'O', 'O']",Britain says death of its citizen will sour ties .,"['Britain(B-LOC)', 'says(O)', 'death(O)', 'of(O)', 'its(O)', 'citizen(O)', 'will(O)', 'sour(O)', 'ties(O)', '.(O)']",Britain(B-LOC) says(O) death(O) of(O) its(O) citizen(O) will(O) sour(O) ties(O) .(O),"Input: Britain says death of its citizen will sour ties .
Output: Britain(B-LOC) says(O) death(O) of(O) its(O) citizen(O) will(O) sour(O) ties(O) .(O)"
862,['They' 'stranded' '11' 'baserunners' '.'],"['O', 'O', 'O', 'O', 'O']",They stranded 11 baserunners .,"['They(O)', 'stranded(O)', '11(O)', 'baserunners(O)', '.(O)']",They(O) stranded(O) 11(O) baserunners(O) .(O),"Input: They stranded 11 baserunners .
Output: They(O) stranded(O) 11(O) baserunners(O) .(O)"
5010,['Extras' '(' 'nb-8' ')' '8'],"['O', 'O', 'O', 'O', 'O']",Extras ( nb-8 ) 8,"['Extras(O)', '((O)', 'nb-8(O)', ')(O)', '8(O)']",Extras(O) ((O) nb-8(O) )(O) 8(O),"Input: Extras ( nb-8 ) 8
Output: Extras(O) ((O) nb-8(O) )(O) 8(O)"
1491,"['An' 'estimated' '50,000' 'Algerians' 'and' 'more' 'than' '110'
 'foreigners' 'have' 'been' 'killed' 'in' 'Algeria' ""'s"" 'violence'
 'pitting' 'Moslem' 'rebels' 'against' 'the' 'Algerian' 'government'
 'forces' 'since' 'early' '1992' ',' 'when' 'the' 'authorities'
 'cancelled' 'a' 'general' 'election' 'in' 'which' 'radical' 'Islamists'
 'took' 'a' 'commanding' 'lead' '.']","['O', 'O', 'O', 'B-MISC', 'O', 'O', 'O', 'O', 'O', 'O', 'O', 'O', 'O', 'B-LOC', 'O', 'O', 'O', 'B-MISC', 'O', 'O', 'O', 'B-MISC', 'O', 'O', 'O', 'O', 'O', 'O', 'O', 'O', 'O', 'O', 'O', 'O', 'O', 'O', 'O', 'O', 'B-MISC', 'O', 'O', 'O', 'O', 'O']","An estimated 50,000 Algerians and more than 110 foreigners have been killed in Algeria 's violence pitting Moslem rebels against the Algerian government forces since early 1992 , when the authorities cancelled a general election in which radical Islamists took a commanding lead .","['An(O)', 'estimated(O)', '50,000(O)', 'Algerians(B-MISC)', 'and(O)', 'more(O)', 'than(O)', '110(O)', 'foreigners(O)', 'have(O)', 'been(O)', 'killed(O)', 'in(O)', 'Algeria(B-LOC)', ""'s(O)"", 'violence(O)', 'pitting(O)', 'Moslem(B-MISC)', 'rebels(O)', 'against(O)', 'the(O)', 'Algerian(B-MISC)', 'government(O)', 'forces(O)', 'since(O)', 'early(O)', '1992(O)', ',(O)', 'when(O)', 'the(O)', 'authorities(O)', 'cancelled(O)', 'a(O)', 'general(O)', 'election(O)', 'in(O)', 'which(O)', 'radical(O)', 'Islamists(B-MISC)', 'took(O)', 'a(O)', 'commanding(O)', 'lead(O)', '.(O)']","An(O) estimated(O) 50,000(O) Algerians(B-MISC) and(O) more(O) than(O) 110(O) foreigners(O) have(O) been(O) killed(O) in(O) Algeria(B-LOC) 's(O) violence(O) pitting(O) Moslem(B-MISC) rebels(O) against(O) the(O) Algerian(B-MISC) government(O) forces(O) since(O) early(O) 1992(O) ,(O) when(O) the(O) authorities(O) cancelled(O) a(O) general(O) election(O) in(O) which(O) radical(O) Islamists(B-MISC) took(O) a(O) commanding(O) lead(O) .(O)","Input: An estimated 50,000 Algerians and more than 110 foreigners have been killed in Algeria 's violence pitting Moslem rebels against the Algerian government forces since early 1992 , when the authorities cancelled a general election in which radical Islamists took a commanding lead .
Output: An(O) estimated(O) 50,000(O) Algerians(B-MISC) and(O) more(O) than(O) 110(O) foreigners(O) have(O) been(O) killed(O) in(O) Algeria(B-LOC) 's(O) violence(O) pitting(O) Moslem(B-MISC) rebels(O) against(O) the(O) Algerian(B-MISC) government(O) forces(O) since(O) early(O) 1992(O) ,(O) when(O) the(O) authorities(O) cancelled(O) a(O) general(O) election(O) in(O) which(O) radical(O) Islamists(B-MISC) took(O) a(O) commanding(O) lead(O) .(O)"
6222,['Melanie' 'Cheary'],"['B-PER', 'I-PER']",Melanie Cheary,"['Melanie(B-PER)', 'Cheary(I-PER)']",Melanie(B-PER) Cheary(I-PER),"Input: Melanie Cheary
Output: Melanie(B-PER) Cheary(I-PER)"
9631,"['AOL' 'is' 'the' 'leading' 'global' 'commercial' 'online' 'service'
 'with' 'some' 'six' 'million' 'subscribers' 'worldwide' '.']","['B-ORG', 'O', 'O', 'O', 'O', 'O', 'O', 'O', 'O', 'O', 'O', 'O', 'O', 'O', 'O']",AOL is the leading global commercial online service with some six million subscribers worldwide .,"['AOL(B-ORG)', 'is(O)', 'the(O)', 'leading(O)', 'global(O)', 'commercial(O)', 'online(O)', 'service(O)', 'with(O)', 'some(O)', 'six(O)', 'million(O)', 'subscribers(O)', 'worldwide(O)', '.(O)']",AOL(B-ORG) is(O) the(O) leading(O) global(O) commercial(O) online(O) service(O) with(O) some(O) six(O) million(O) subscribers(O) worldwide(O) .(O),"Input: AOL is the leading global commercial online service with some six million subscribers worldwide .
Output: AOL(B-ORG) is(O) the(O) leading(O) global(O) commercial(O) online(O) service(O) with(O) some(O) six(O) million(O) subscribers(O) worldwide(O) .(O)"
12178,"['COUNCIL' 'REGULATION' '(' 'EEC' ')' 'No' '4064/89' '(' '96' '/' 'C'
 '251/04' ')']","['O', 'O', 'O', 'B-ORG', 'O', 'O', 'O', 'O', 'O', 'O', 'O', 'O', 'O']",COUNCIL REGULATION ( EEC ) No 4064/89 ( 96 / C 251/04 ),"['COUNCIL(O)', 'REGULATION(O)', '((O)', 'EEC(B-ORG)', ')(O)', 'No(O)', '4064/89(O)', '((O)', '96(O)', '/(O)', 'C(O)', '251/04(O)', ')(O)']",COUNCIL(O) REGULATION(O) ((O) EEC(B-ORG) )(O) No(O) 4064/89(O) ((O) 96(O) /(O) C(O) 251/04(O) )(O),"Input: COUNCIL REGULATION ( EEC ) No 4064/89 ( 96 / C 251/04 )
Output: COUNCIL(O) REGULATION(O) ((O) EEC(B-ORG) )(O) No(O) 4064/89(O) ((O) 96(O) /(O) C(O) 251/04(O) )(O)"
8273,['Division' 'two'],"['O', 'O']",Division two,"['Division(O)', 'two(O)']",Division(O) two(O),"Input: Division two
Output: Division(O) two(O)"
1005,"['The' 'two' 'buses' 'collided' 'head' 'on' 'at' '5' ""o'clock"" 'this'
 'morning' 'on' 'the' 'road' 'between' 'the' 'towns' 'of' 'Rousse' 'and'
 'Veliko' 'Tarnovo' ',' 'police' 'said' '.']","['O', 'O', 'O', 'O', 'O', 'O', 'O', 'O', 'O', 'O', 'O', 'O', 'O', 'O', 'O', 'O', 'O', 'O', 'B-LOC', 'O', 'B-LOC', 'I-LOC', 'O', 'O', 'O', 'O']","The two buses collided head on at 5 o'clock this morning on the road between the towns of Rousse and Veliko Tarnovo , police said .","['The(O)', 'two(O)', 'buses(O)', 'collided(O)', 'head(O)', 'on(O)', 'at(O)', '5(O)', ""o'clock(O)"", 'this(O)', 'morning(O)', 'on(O)', 'the(O)', 'road(O)', 'between(O)', 'the(O)', 'towns(O)', 'of(O)', 'Rousse(B-LOC)', 'and(O)', 'Veliko(B-LOC)', 'Tarnovo(I-LOC)', ',(O)', 'police(O)', 'said(O)', '.(O)']","The(O) two(O) buses(O) collided(O) head(O) on(O) at(O) 5(O) o'clock(O) this(O) morning(O) on(O) the(O) road(O) between(O) the(O) towns(O) of(O) Rousse(B-LOC) and(O) Veliko(B-LOC) Tarnovo(I-LOC) ,(O) police(O) said(O) .(O)","Input: The two buses collided head on at 5 o'clock this morning on the road between the towns of Rousse and Veliko Tarnovo , police said .
Output: The(O) two(O) buses(O) collided(O) head(O) on(O) at(O) 5(O) o'clock(O) this(O) morning(O) on(O) the(O) road(O) between(O) the(O) towns(O) of(O) Rousse(B-LOC) and(O) Veliko(B-LOC) Tarnovo(I-LOC) ,(O) police(O) said(O) .(O)"
7992,"['These' 'are' 'the' 'leading' 'stories' 'in' 'the' 'Beirut' 'press' 'on'
 'Monday' '.']","['O', 'O', 'O', 'O', 'O', 'O', 'O', 'B-LOC', 'O', 'O', 'O', 'O']",These are the leading stories in the Beirut press on Monday .,"['These(O)', 'are(O)', 'the(O)', 'leading(O)', 'stories(O)', 'in(O)', 'the(O)', 'Beirut(B-LOC)', 'press(O)', 'on(O)', 'Monday(O)', '.(O)']",These(O) are(O) the(O) leading(O) stories(O) in(O) the(O) Beirut(B-LOC) press(O) on(O) Monday(O) .(O),"Input: These are the leading stories in the Beirut press on Monday .
Output: These(O) are(O) the(O) leading(O) stories(O) in(O) the(O) Beirut(B-LOC) press(O) on(O) Monday(O) .(O)"
3377,"['CARLSBAD' ',' 'Calif.' '1996-08-24']","['B-LOC', 'O', 'B-LOC', 'O']","CARLSBAD , Calif. 1996-08-24","['CARLSBAD(B-LOC)', ',(O)', 'Calif.(B-LOC)', '1996-08-24(O)']","CARLSBAD(B-LOC) ,(O) Calif.(B-LOC) 1996-08-24(O)","Input: CARLSBAD , Calif. 1996-08-24
Output: CARLSBAD(B-LOC) ,(O) Calif.(B-LOC) 1996-08-24(O)"
13010,"['""' 'Morris' 'has' 'been' 'trying' 'to' 'make' 'President' 'Clinton' 'a'
 'Republican' ',' 'now' 'maybe' 'he' ""'ll"" 'revert' 'to' 'the' 'liberal'
 'Democrat' 'that' 'he' 'really' 'is' ',' '""' 'Dole' 'told' 'reporters'
 '.']","['O', 'B-PER', 'O', 'O', 'O', 'O', 'O', 'O', 'B-PER', 'O', 'B-MISC', 'O', 'O', 'O', 'O', 'O', 'O', 'O', 'O', 'O', 'B-MISC', 'O', 'O', 'O', 'O', 'O', 'O', 'B-PER', 'O', 'O', 'O']",""" Morris has been trying to make President Clinton a Republican , now maybe he 'll revert to the liberal Democrat that he really is , "" Dole told reporters .","['""(O)', 'Morris(B-PER)', 'has(O)', 'been(O)', 'trying(O)', 'to(O)', 'make(O)', 'President(O)', 'Clinton(B-PER)', 'a(O)', 'Republican(B-MISC)', ',(O)', 'now(O)', 'maybe(O)', 'he(O)', ""'ll(O)"", 'revert(O)', 'to(O)', 'the(O)', 'liberal(O)', 'Democrat(B-MISC)', 'that(O)', 'he(O)', 'really(O)', 'is(O)', ',(O)', '""(O)', 'Dole(B-PER)', 'told(O)', 'reporters(O)', '.(O)']","""(O) Morris(B-PER) has(O) been(O) trying(O) to(O) make(O) President(O) Clinton(B-PER) a(O) Republican(B-MISC) ,(O) now(O) maybe(O) he(O) 'll(O) revert(O) to(O) the(O) liberal(O) Democrat(B-MISC) that(O) he(O) really(O) is(O) ,(O) ""(O) Dole(B-PER) told(O) reporters(O) .(O)","Input: "" Morris has been trying to make President Clinton a Republican , now maybe he 'll revert to the liberal Democrat that he really is , "" Dole told reporters .
Output: ""(O) Morris(B-PER) has(O) been(O) trying(O) to(O) make(O) President(O) Clinton(B-PER) a(O) Republican(B-MISC) ,(O) now(O) maybe(O) he(O) 'll(O) revert(O) to(O) the(O) liberal(O) Democrat(B-MISC) that(O) he(O) really(O) is(O) ,(O) ""(O) Dole(B-PER) told(O) reporters(O) .(O)"
8900,"['""' 'These' 'charges' 'are' 'the' 'interpretation' 'of' 'the' 'church'
 ',' '""' 'Garang' 'said' 'on' 'Tuesday' '.' '""']","['O', 'O', 'O', 'O', 'O', 'O', 'O', 'O', 'O', 'O', 'O', 'B-PER', 'O', 'O', 'O', 'O', 'O']",""" These charges are the interpretation of the church , "" Garang said on Tuesday . ""","['""(O)', 'These(O)', 'charges(O)', 'are(O)', 'the(O)', 'interpretation(O)', 'of(O)', 'the(O)', 'church(O)', ',(O)', '""(O)', 'Garang(B-PER)', 'said(O)', 'on(O)', 'Tuesday(O)', '.(O)', '""(O)']","""(O) These(O) charges(O) are(O) the(O) interpretation(O) of(O) the(O) church(O) ,(O) ""(O) Garang(B-PER) said(O) on(O) Tuesday(O) .(O) ""(O)","Input: "" These charges are the interpretation of the church , "" Garang said on Tuesday . ""
Output: ""(O) These(O) charges(O) are(O) the(O) interpretation(O) of(O) the(O) church(O) ,(O) ""(O) Garang(B-PER) said(O) on(O) Tuesday(O) .(O) ""(O)"
10630,['Fortuna' 'Duesseldorf' '0' '1860' 'Munich' '0' '.'],"['B-ORG', 'I-ORG', 'O', 'B-ORG', 'I-ORG', 'O', 'O']",Fortuna Duesseldorf 0 1860 Munich 0 .,"['Fortuna(B-ORG)', 'Duesseldorf(I-ORG)', '0(O)', '1860(B-ORG)', 'Munich(I-ORG)', '0(O)', '.(O)']",Fortuna(B-ORG) Duesseldorf(I-ORG) 0(O) 1860(B-ORG) Munich(I-ORG) 0(O) .(O),"Input: Fortuna Duesseldorf 0 1860 Munich 0 .
Output: Fortuna(B-ORG) Duesseldorf(I-ORG) 0(O) 1860(B-ORG) Munich(I-ORG) 0(O) .(O)"
13545,"['Sweden' ""'s"" 'OM' 'to' 'open' 'London' 'forest' 'products' 'bourse' '.']","['B-LOC', 'O', 'B-ORG', 'O', 'O', 'B-LOC', 'O', 'O', 'O', 'O']",Sweden 's OM to open London forest products bourse .,"['Sweden(B-LOC)', ""'s(O)"", 'OM(B-ORG)', 'to(O)', 'open(O)', 'London(B-LOC)', 'forest(O)', 'products(O)', 'bourse(O)', '.(O)']",Sweden(B-LOC) 's(O) OM(B-ORG) to(O) open(O) London(B-LOC) forest(O) products(O) bourse(O) .(O),"Input: Sweden 's OM to open London forest products bourse .
Output: Sweden(B-LOC) 's(O) OM(B-ORG) to(O) open(O) London(B-LOC) forest(O) products(O) bourse(O) .(O)"
3601,"['At' 'Headingley' ':' 'Yorkshire' '529-8' 'declared' '(' 'C.' 'White'
 '181' ',']","['O', 'B-LOC', 'O', 'B-ORG', 'O', 'O', 'O', 'B-PER', 'I-PER', 'O', 'O']","At Headingley : Yorkshire 529-8 declared ( C. White 181 ,","['At(O)', 'Headingley(B-LOC)', ':(O)', 'Yorkshire(B-ORG)', '529-8(O)', 'declared(O)', '((O)', 'C.(B-PER)', 'White(I-PER)', '181(O)', ',(O)']","At(O) Headingley(B-LOC) :(O) Yorkshire(B-ORG) 529-8(O) declared(O) ((O) C.(B-PER) White(I-PER) 181(O) ,(O)","Input: At Headingley : Yorkshire 529-8 declared ( C. White 181 ,
Output: At(O) Headingley(B-LOC) :(O) Yorkshire(B-ORG) 529-8(O) declared(O) ((O) C.(B-PER) White(I-PER) 181(O) ,(O)"
1499,"['-' 'Schoenefeld' '6,746' 'up' '16.8']","['O', 'B-LOC', 'O', 'O', 'O']","- Schoenefeld 6,746 up 16.8","['-(O)', 'Schoenefeld(B-LOC)', '6,746(O)', 'up(O)', '16.8(O)']","-(O) Schoenefeld(B-LOC) 6,746(O) up(O) 16.8(O)","Input: - Schoenefeld 6,746 up 16.8
Output: -(O) Schoenefeld(B-LOC) 6,746(O) up(O) 16.8(O)"
11367,['INA' 'did' 'not' 'say' 'the' 'hijackers' 'were' 'Iraqis' '.'],"['B-ORG', 'O', 'O', 'O', 'O', 'O', 'O', 'B-MISC', 'O']",INA did not say the hijackers were Iraqis .,"['INA(B-ORG)', 'did(O)', 'not(O)', 'say(O)', 'the(O)', 'hijackers(O)', 'were(O)', 'Iraqis(B-MISC)', '.(O)']",INA(B-ORG) did(O) not(O) say(O) the(O) hijackers(O) were(O) Iraqis(B-MISC) .(O),"Input: INA did not say the hijackers were Iraqis .
Output: INA(B-ORG) did(O) not(O) say(O) the(O) hijackers(O) were(O) Iraqis(B-MISC) .(O)"
7173,"['Atletico' 'Madrid' '-' 'Esnaider' '(' '37th' ')' ',' 'Pantic' '(' '57th'
 ',' 'penalty' ')']","['B-ORG', 'I-ORG', 'O', 'B-PER', 'O', 'O', 'O', 'O', 'B-PER', 'O', 'O', 'O', 'O', 'O']","Atletico Madrid - Esnaider ( 37th ) , Pantic ( 57th , penalty )","['Atletico(B-ORG)', 'Madrid(I-ORG)', '-(O)', 'Esnaider(B-PER)', '((O)', '37th(O)', ')(O)', ',(O)', 'Pantic(B-PER)', '((O)', '57th(O)', ',(O)', 'penalty(O)', ')(O)']","Atletico(B-ORG) Madrid(I-ORG) -(O) Esnaider(B-PER) ((O) 37th(O) )(O) ,(O) Pantic(B-PER) ((O) 57th(O) ,(O) penalty(O) )(O)","Input: Atletico Madrid - Esnaider ( 37th ) , Pantic ( 57th , penalty )
Output: Atletico(B-ORG) Madrid(I-ORG) -(O) Esnaider(B-PER) ((O) 37th(O) )(O) ,(O) Pantic(B-PER) ((O) 57th(O) ,(O) penalty(O) )(O)"
5218,['matches' 'played' 'at' 'the' 'weekend' '.'],"['O', 'O', 'O', 'O', 'O', 'O']",matches played at the weekend .,"['matches(O)', 'played(O)', 'at(O)', 'the(O)', 'weekend(O)', '.(O)']",matches(O) played(O) at(O) the(O) weekend(O) .(O),"Input: matches played at the weekend .
Output: matches(O) played(O) at(O) the(O) weekend(O) .(O)"
3444,['TENNIS' '-' 'RESULTS' 'AT' 'HAMLET' 'CUP' '.'],"['O', 'O', 'O', 'O', 'B-MISC', 'I-MISC', 'O']",TENNIS - RESULTS AT HAMLET CUP .,"['TENNIS(O)', '-(O)', 'RESULTS(O)', 'AT(O)', 'HAMLET(B-MISC)', 'CUP(I-MISC)', '.(O)']",TENNIS(O) -(O) RESULTS(O) AT(O) HAMLET(B-MISC) CUP(I-MISC) .(O),"Input: TENNIS - RESULTS AT HAMLET CUP .
Output: TENNIS(O) -(O) RESULTS(O) AT(O) HAMLET(B-MISC) CUP(I-MISC) .(O)"
2879,"['John' 'Kerry' ',' 'even' 'though' 'she' 'is' ""n't"" 'old' 'enough' 'to'
 'vote' '.']","['B-PER', 'I-PER', 'O', 'O', 'O', 'O', 'O', 'O', 'O', 'O', 'O', 'O', 'O']","John Kerry , even though she is n't old enough to vote .","['John(B-PER)', 'Kerry(I-PER)', ',(O)', 'even(O)', 'though(O)', 'she(O)', 'is(O)', ""n't(O)"", 'old(O)', 'enough(O)', 'to(O)', 'vote(O)', '.(O)']","John(B-PER) Kerry(I-PER) ,(O) even(O) though(O) she(O) is(O) n't(O) old(O) enough(O) to(O) vote(O) .(O)","Input: John Kerry , even though she is n't old enough to vote .
Output: John(B-PER) Kerry(I-PER) ,(O) even(O) though(O) she(O) is(O) n't(O) old(O) enough(O) to(O) vote(O) .(O)"
12603,['TENNIS' '-' 'MARTINEZ' 'GETS' 'AGGRESSIVE' 'AT' 'U.S.' 'OPEN' '.'],"['O', 'O', 'B-PER', 'O', 'O', 'O', 'B-MISC', 'I-MISC', 'O']",TENNIS - MARTINEZ GETS AGGRESSIVE AT U.S. OPEN .,"['TENNIS(O)', '-(O)', 'MARTINEZ(B-PER)', 'GETS(O)', 'AGGRESSIVE(O)', 'AT(O)', 'U.S.(B-MISC)', 'OPEN(I-MISC)', '.(O)']",TENNIS(O) -(O) MARTINEZ(B-PER) GETS(O) AGGRESSIVE(O) AT(O) U.S.(B-MISC) OPEN(I-MISC) .(O),"Input: TENNIS - MARTINEZ GETS AGGRESSIVE AT U.S. OPEN .
Output: TENNIS(O) -(O) MARTINEZ(B-PER) GETS(O) AGGRESSIVE(O) AT(O) U.S.(B-MISC) OPEN(I-MISC) .(O)"
1530,"['Two' 'residents' 'of' 'the' 'Atlantic' 'resort' ',' 'where' 'Clinton'
 'was' 'to' 'have' 'played' 'golf' 'with' 'the' 'Irish' 'Foreign'
 'Minister' 'Dick' 'Spring' ',' 'have' 'been' 'invited' 'to' 'the'
 'Democratic' 'party' 'convention' 'in' 'Chicago' 'on' 'August' '26-29'
 '.']","['O', 'O', 'O', 'O', 'B-LOC', 'O', 'O', 'O', 'B-PER', 'O', 'O', 'O', 'O', 'O', 'O', 'O', 'B-MISC', 'O', 'O', 'B-PER', 'I-PER', 'O', 'O', 'O', 'O', 'O', 'O', 'B-MISC', 'O', 'O', 'O', 'B-LOC', 'O', 'O', 'O', 'O']","Two residents of the Atlantic resort , where Clinton was to have played golf with the Irish Foreign Minister Dick Spring , have been invited to the Democratic party convention in Chicago on August 26-29 .","['Two(O)', 'residents(O)', 'of(O)', 'the(O)', 'Atlantic(B-LOC)', 'resort(O)', ',(O)', 'where(O)', 'Clinton(B-PER)', 'was(O)', 'to(O)', 'have(O)', 'played(O)', 'golf(O)', 'with(O)', 'the(O)', 'Irish(B-MISC)', 'Foreign(O)', 'Minister(O)', 'Dick(B-PER)', 'Spring(I-PER)', ',(O)', 'have(O)', 'been(O)', 'invited(O)', 'to(O)', 'the(O)', 'Democratic(B-MISC)', 'party(O)', 'convention(O)', 'in(O)', 'Chicago(B-LOC)', 'on(O)', 'August(O)', '26-29(O)', '.(O)']","Two(O) residents(O) of(O) the(O) Atlantic(B-LOC) resort(O) ,(O) where(O) Clinton(B-PER) was(O) to(O) have(O) played(O) golf(O) with(O) the(O) Irish(B-MISC) Foreign(O) Minister(O) Dick(B-PER) Spring(I-PER) ,(O) have(O) been(O) invited(O) to(O) the(O) Democratic(B-MISC) party(O) convention(O) in(O) Chicago(B-LOC) on(O) August(O) 26-29(O) .(O)","Input: Two residents of the Atlantic resort , where Clinton was to have played golf with the Irish Foreign Minister Dick Spring , have been invited to the Democratic party convention in Chicago on August 26-29 .
Output: Two(O) residents(O) of(O) the(O) Atlantic(B-LOC) resort(O) ,(O) where(O) Clinton(B-PER) was(O) to(O) have(O) played(O) golf(O) with(O) the(O) Irish(B-MISC) Foreign(O) Minister(O) Dick(B-PER) Spring(I-PER) ,(O) have(O) been(O) invited(O) to(O) the(O) Democratic(B-MISC) party(O) convention(O) in(O) Chicago(B-LOC) on(O) August(O) 26-29(O) .(O)"
4492,"['round' 'of' 'the' '$' '2.1' 'million' 'NEC' 'World' 'Series' 'of' 'Golf'
 'at']","['O', 'O', 'O', 'O', 'O', 'O', 'B-MISC', 'I-MISC', 'I-MISC', 'I-MISC', 'I-MISC', 'O']",round of the $ 2.1 million NEC World Series of Golf at,"['round(O)', 'of(O)', 'the(O)', '$(O)', '2.1(O)', 'million(O)', 'NEC(B-MISC)', 'World(I-MISC)', 'Series(I-MISC)', 'of(I-MISC)', 'Golf(I-MISC)', 'at(O)']",round(O) of(O) the(O) $(O) 2.1(O) million(O) NEC(B-MISC) World(I-MISC) Series(I-MISC) of(I-MISC) Golf(I-MISC) at(O),"Input: round of the $ 2.1 million NEC World Series of Golf at
Output: round(O) of(O) the(O) $(O) 2.1(O) million(O) NEC(B-MISC) World(I-MISC) Series(I-MISC) of(I-MISC) Golf(I-MISC) at(O)"
4696,['1.' 'Marcel' 'Malone' '(' 'U.S.' ')' '51.50'],"['O', 'B-PER', 'I-PER', 'O', 'B-LOC', 'O', 'O']",1. Marcel Malone ( U.S. ) 51.50,"['1.(O)', 'Marcel(B-PER)', 'Malone(I-PER)', '((O)', 'U.S.(B-LOC)', ')(O)', '51.50(O)']",1.(O) Marcel(B-PER) Malone(I-PER) ((O) U.S.(B-LOC) )(O) 51.50(O),"Input: 1. Marcel Malone ( U.S. ) 51.50
Output: 1.(O) Marcel(B-PER) Malone(I-PER) ((O) U.S.(B-LOC) )(O) 51.50(O)"
1403,"['Machado' ',' '19' ',' 'flew' 'to' 'Los' 'Angeles' 'after' 'slipping'
 'away' 'from' 'the' 'New' 'Mexico' 'desert' 'town' 'of' 'Las' 'Cruces'
 ',' 'where' 'she' 'attended' 'the' '1996' 'Miss' 'Teen' 'USA' 'pageant'
 'on' 'Wednesday' '.']","['B-PER', 'O', 'O', 'O', 'O', 'O', 'B-LOC', 'I-LOC', 'O', 'O', 'O', 'O', 'O', 'B-LOC', 'I-LOC', 'O', 'O', 'O', 'B-LOC', 'I-LOC', 'O', 'O', 'O', 'O', 'O', 'B-MISC', 'I-MISC', 'I-MISC', 'I-MISC', 'O', 'O', 'O', 'O']","Machado , 19 , flew to Los Angeles after slipping away from the New Mexico desert town of Las Cruces , where she attended the 1996 Miss Teen USA pageant on Wednesday .","['Machado(B-PER)', ',(O)', '19(O)', ',(O)', 'flew(O)', 'to(O)', 'Los(B-LOC)', 'Angeles(I-LOC)', 'after(O)', 'slipping(O)', 'away(O)', 'from(O)', 'the(O)', 'New(B-LOC)', 'Mexico(I-LOC)', 'desert(O)', 'town(O)', 'of(O)', 'Las(B-LOC)', 'Cruces(I-LOC)', ',(O)', 'where(O)', 'she(O)', 'attended(O)', 'the(O)', '1996(B-MISC)', 'Miss(I-MISC)', 'Teen(I-MISC)', 'USA(I-MISC)', 'pageant(O)', 'on(O)', 'Wednesday(O)', '.(O)']","Machado(B-PER) ,(O) 19(O) ,(O) flew(O) to(O) Los(B-LOC) Angeles(I-LOC) after(O) slipping(O) away(O) from(O) the(O) New(B-LOC) Mexico(I-LOC) desert(O) town(O) of(O) Las(B-LOC) Cruces(I-LOC) ,(O) where(O) she(O) attended(O) the(O) 1996(B-MISC) Miss(I-MISC) Teen(I-MISC) USA(I-MISC) pageant(O) on(O) Wednesday(O) .(O)","Input: Machado , 19 , flew to Los Angeles after slipping away from the New Mexico desert town of Las Cruces , where she attended the 1996 Miss Teen USA pageant on Wednesday .
Output: Machado(B-PER) ,(O) 19(O) ,(O) flew(O) to(O) Los(B-LOC) Angeles(I-LOC) after(O) slipping(O) away(O) from(O) the(O) New(B-LOC) Mexico(I-LOC) desert(O) town(O) of(O) Las(B-LOC) Cruces(I-LOC) ,(O) where(O) she(O) attended(O) the(O) 1996(B-MISC) Miss(I-MISC) Teen(I-MISC) USA(I-MISC) pageant(O) on(O) Wednesday(O) .(O)"
9800,['WELLINGTON' '1996-08-27'],"['B-LOC', 'O']",WELLINGTON 1996-08-27,"['WELLINGTON(B-LOC)', '1996-08-27(O)']",WELLINGTON(B-LOC) 1996-08-27(O),"Input: WELLINGTON 1996-08-27
Output: WELLINGTON(B-LOC) 1996-08-27(O)"
1999,"['Unseeded' 'Patrick' 'Rafter' 'recorded' 'the' 'most' 'noteworthy'
 'result' 'as' 'he' 'upset' 'sixth-seeded' 'American' 'MaliVai'
 'Washington' '6-2' '6-1' 'in' 'just' '50' 'minutes' '.']","['O', 'B-PER', 'I-PER', 'O', 'O', 'O', 'O', 'O', 'O', 'O', 'O', 'O', 'B-MISC', 'B-PER', 'I-PER', 'O', 'O', 'O', 'O', 'O', 'O', 'O']",Unseeded Patrick Rafter recorded the most noteworthy result as he upset sixth-seeded American MaliVai Washington 6-2 6-1 in just 50 minutes .,"['Unseeded(O)', 'Patrick(B-PER)', 'Rafter(I-PER)', 'recorded(O)', 'the(O)', 'most(O)', 'noteworthy(O)', 'result(O)', 'as(O)', 'he(O)', 'upset(O)', 'sixth-seeded(O)', 'American(B-MISC)', 'MaliVai(B-PER)', 'Washington(I-PER)', '6-2(O)', '6-1(O)', 'in(O)', 'just(O)', '50(O)', 'minutes(O)', '.(O)']",Unseeded(O) Patrick(B-PER) Rafter(I-PER) recorded(O) the(O) most(O) noteworthy(O) result(O) as(O) he(O) upset(O) sixth-seeded(O) American(B-MISC) MaliVai(B-PER) Washington(I-PER) 6-2(O) 6-1(O) in(O) just(O) 50(O) minutes(O) .(O),"Input: Unseeded Patrick Rafter recorded the most noteworthy result as he upset sixth-seeded American MaliVai Washington 6-2 6-1 in just 50 minutes .
Output: Unseeded(O) Patrick(B-PER) Rafter(I-PER) recorded(O) the(O) most(O) noteworthy(O) result(O) as(O) he(O) upset(O) sixth-seeded(O) American(B-MISC) MaliVai(B-PER) Washington(I-PER) 6-2(O) 6-1(O) in(O) just(O) 50(O) minutes(O) .(O)"
3375,['(' '7-0' ')' '6-3'],"['O', 'O', 'O', 'O']",( 7-0 ) 6-3,"['((O)', '7-0(O)', ')(O)', '6-3(O)']",((O) 7-0(O) )(O) 6-3(O),"Input: ( 7-0 ) 6-3
Output: ((O) 7-0(O) )(O) 6-3(O)"
10662,"['The' 'Parisians' ',' 'who' 'have' 'yet' 'to' 'concede' 'a' 'goal' ','
 'were' 'without' 'Brazil' ""'s"" 'Leonardo' 'and' 'Panama' ""'s"" 'Julio'
 'Cesar' 'Dely' 'Valdes' ',' 'both' 'called' 'up' 'by' 'their' 'national'
 'sides' '.']","['O', 'B-MISC', 'O', 'O', 'O', 'O', 'O', 'O', 'O', 'O', 'O', 'O', 'O', 'B-LOC', 'O', 'B-PER', 'O', 'B-LOC', 'O', 'B-PER', 'I-PER', 'I-PER', 'I-PER', 'O', 'O', 'O', 'O', 'O', 'O', 'O', 'O', 'O']","The Parisians , who have yet to concede a goal , were without Brazil 's Leonardo and Panama 's Julio Cesar Dely Valdes , both called up by their national sides .","['The(O)', 'Parisians(B-MISC)', ',(O)', 'who(O)', 'have(O)', 'yet(O)', 'to(O)', 'concede(O)', 'a(O)', 'goal(O)', ',(O)', 'were(O)', 'without(O)', 'Brazil(B-LOC)', ""'s(O)"", 'Leonardo(B-PER)', 'and(O)', 'Panama(B-LOC)', ""'s(O)"", 'Julio(B-PER)', 'Cesar(I-PER)', 'Dely(I-PER)', 'Valdes(I-PER)', ',(O)', 'both(O)', 'called(O)', 'up(O)', 'by(O)', 'their(O)', 'national(O)', 'sides(O)', '.(O)']","The(O) Parisians(B-MISC) ,(O) who(O) have(O) yet(O) to(O) concede(O) a(O) goal(O) ,(O) were(O) without(O) Brazil(B-LOC) 's(O) Leonardo(B-PER) and(O) Panama(B-LOC) 's(O) Julio(B-PER) Cesar(I-PER) Dely(I-PER) Valdes(I-PER) ,(O) both(O) called(O) up(O) by(O) their(O) national(O) sides(O) .(O)","Input: The Parisians , who have yet to concede a goal , were without Brazil 's Leonardo and Panama 's Julio Cesar Dely Valdes , both called up by their national sides .
Output: The(O) Parisians(B-MISC) ,(O) who(O) have(O) yet(O) to(O) concede(O) a(O) goal(O) ,(O) were(O) without(O) Brazil(B-LOC) 's(O) Leonardo(B-PER) and(O) Panama(B-LOC) 's(O) Julio(B-PER) Cesar(I-PER) Dely(I-PER) Valdes(I-PER) ,(O) both(O) called(O) up(O) by(O) their(O) national(O) sides(O) .(O)"
11427,['2000' '-' '-' '605M'],"['O', 'O', 'O', 'O']",2000 - - 605M,"['2000(O)', '-(O)', '-(O)', '605M(O)']",2000(O) -(O) -(O) 605M(O),"Input: 2000 - - 605M
Output: 2000(O) -(O) -(O) 605M(O)"
10485,['Results' 'of' 'Major' 'League'],"['O', 'O', 'B-MISC', 'I-MISC']",Results of Major League,"['Results(O)', 'of(O)', 'Major(B-MISC)', 'League(I-MISC)']",Results(O) of(O) Major(B-MISC) League(I-MISC),"Input: Results of Major League
Output: Results(O) of(O) Major(B-MISC) League(I-MISC)"
2738,"['The' 'News' 'Agency' 'of' 'Nigeria' '(' 'NAN' ')' 'quoted' 'police'
 'spokesman' 'Umar' 'Shelling' 'as' 'saying' 'the' 'six' 'were' 'killed'
 'on' 'Wednesday' '.']","['O', 'B-ORG', 'I-ORG', 'I-ORG', 'I-ORG', 'O', 'B-ORG', 'O', 'O', 'O', 'O', 'B-PER', 'I-PER', 'O', 'O', 'O', 'O', 'O', 'O', 'O', 'O', 'O']",The News Agency of Nigeria ( NAN ) quoted police spokesman Umar Shelling as saying the six were killed on Wednesday .,"['The(O)', 'News(B-ORG)', 'Agency(I-ORG)', 'of(I-ORG)', 'Nigeria(I-ORG)', '((O)', 'NAN(B-ORG)', ')(O)', 'quoted(O)', 'police(O)', 'spokesman(O)', 'Umar(B-PER)', 'Shelling(I-PER)', 'as(O)', 'saying(O)', 'the(O)', 'six(O)', 'were(O)', 'killed(O)', 'on(O)', 'Wednesday(O)', '.(O)']",The(O) News(B-ORG) Agency(I-ORG) of(I-ORG) Nigeria(I-ORG) ((O) NAN(B-ORG) )(O) quoted(O) police(O) spokesman(O) Umar(B-PER) Shelling(I-PER) as(O) saying(O) the(O) six(O) were(O) killed(O) on(O) Wednesday(O) .(O),"Input: The News Agency of Nigeria ( NAN ) quoted police spokesman Umar Shelling as saying the six were killed on Wednesday .
Output: The(O) News(B-ORG) Agency(I-ORG) of(I-ORG) Nigeria(I-ORG) ((O) NAN(B-ORG) )(O) quoted(O) police(O) spokesman(O) Umar(B-PER) Shelling(I-PER) as(O) saying(O) the(O) six(O) were(O) killed(O) on(O) Wednesday(O) .(O)"
10722,['Munich' '1860' '4' '1' '1' '2' '3' '5' '4'],"['B-ORG', 'I-ORG', 'O', 'O', 'O', 'O', 'O', 'O', 'O']",Munich 1860 4 1 1 2 3 5 4,"['Munich(B-ORG)', '1860(I-ORG)', '4(O)', '1(O)', '1(O)', '2(O)', '3(O)', '5(O)', '4(O)']",Munich(B-ORG) 1860(I-ORG) 4(O) 1(O) 1(O) 2(O) 3(O) 5(O) 4(O),"Input: Munich 1860 4 1 1 2 3 5 4
Output: Munich(B-ORG) 1860(I-ORG) 4(O) 1(O) 1(O) 2(O) 3(O) 5(O) 4(O)"
9436,['Rupam' 'Banerjee'],"['B-PER', 'I-PER']",Rupam Banerjee,"['Rupam(B-PER)', 'Banerjee(I-PER)']",Rupam(B-PER) Banerjee(I-PER),"Input: Rupam Banerjee
Output: Rupam(B-PER) Banerjee(I-PER)"
2913,"['Numerous' 'to' 'scattered' 'showers' 'and' 'thunderstorms' 'in'
 'southern' 'and' 'central' 'India' ',' 'and' 'isolated' 'showers' 'to'
 'the' 'north' 'Sunday' 'through' 'Tuesday' '.']","['O', 'O', 'O', 'O', 'O', 'O', 'O', 'O', 'O', 'O', 'B-LOC', 'O', 'O', 'O', 'O', 'O', 'O', 'O', 'O', 'O', 'O', 'O']","Numerous to scattered showers and thunderstorms in southern and central India , and isolated showers to the north Sunday through Tuesday .","['Numerous(O)', 'to(O)', 'scattered(O)', 'showers(O)', 'and(O)', 'thunderstorms(O)', 'in(O)', 'southern(O)', 'and(O)', 'central(O)', 'India(B-LOC)', ',(O)', 'and(O)', 'isolated(O)', 'showers(O)', 'to(O)', 'the(O)', 'north(O)', 'Sunday(O)', 'through(O)', 'Tuesday(O)', '.(O)']","Numerous(O) to(O) scattered(O) showers(O) and(O) thunderstorms(O) in(O) southern(O) and(O) central(O) India(B-LOC) ,(O) and(O) isolated(O) showers(O) to(O) the(O) north(O) Sunday(O) through(O) Tuesday(O) .(O)","Input: Numerous to scattered showers and thunderstorms in southern and central India , and isolated showers to the north Sunday through Tuesday .
Output: Numerous(O) to(O) scattered(O) showers(O) and(O) thunderstorms(O) in(O) southern(O) and(O) central(O) India(B-LOC) ,(O) and(O) isolated(O) showers(O) to(O) the(O) north(O) Sunday(O) through(O) Tuesday(O) .(O)"
11396,"['I' 'said' 'you' 'should' ""n't"" 'smoke' 'either' '.']","['O', 'O', 'O', 'O', 'O', 'O', 'O', 'O']",I said you should n't smoke either .,"['I(O)', 'said(O)', 'you(O)', 'should(O)', ""n't(O)"", 'smoke(O)', 'either(O)', '.(O)']",I(O) said(O) you(O) should(O) n't(O) smoke(O) either(O) .(O),"Input: I said you should n't smoke either .
Output: I(O) said(O) you(O) should(O) n't(O) smoke(O) either(O) .(O)"
1665,"['The' 'bullish' 'comments' 'for' 'the' 'coming' 'year' 'soothed'
 'analysts' 'and' 'most' 'shareholders' ',' 'who' 'were' 'disappointed'
 'by' 'the' 'lower' 'than' 'expected' 'profit' 'for' '1995/96' '.']","['O', 'O', 'O', 'O', 'O', 'O', 'O', 'O', 'O', 'O', 'O', 'O', 'O', 'O', 'O', 'O', 'O', 'O', 'O', 'O', 'O', 'O', 'O', 'O', 'O']","The bullish comments for the coming year soothed analysts and most shareholders , who were disappointed by the lower than expected profit for 1995/96 .","['The(O)', 'bullish(O)', 'comments(O)', 'for(O)', 'the(O)', 'coming(O)', 'year(O)', 'soothed(O)', 'analysts(O)', 'and(O)', 'most(O)', 'shareholders(O)', ',(O)', 'who(O)', 'were(O)', 'disappointed(O)', 'by(O)', 'the(O)', 'lower(O)', 'than(O)', 'expected(O)', 'profit(O)', 'for(O)', '1995/96(O)', '.(O)']","The(O) bullish(O) comments(O) for(O) the(O) coming(O) year(O) soothed(O) analysts(O) and(O) most(O) shareholders(O) ,(O) who(O) were(O) disappointed(O) by(O) the(O) lower(O) than(O) expected(O) profit(O) for(O) 1995/96(O) .(O)","Input: The bullish comments for the coming year soothed analysts and most shareholders , who were disappointed by the lower than expected profit for 1995/96 .
Output: The(O) bullish(O) comments(O) for(O) the(O) coming(O) year(O) soothed(O) analysts(O) and(O) most(O) shareholders(O) ,(O) who(O) were(O) disappointed(O) by(O) the(O) lower(O) than(O) expected(O) profit(O) for(O) 1995/96(O) .(O)"
5450,['Milwaukee' '4' 'CLEVELAND' '3' '(' '10' 'innings' ')'],"['B-ORG', 'O', 'B-ORG', 'O', 'O', 'O', 'O', 'O']",Milwaukee 4 CLEVELAND 3 ( 10 innings ),"['Milwaukee(B-ORG)', '4(O)', 'CLEVELAND(B-ORG)', '3(O)', '((O)', '10(O)', 'innings(O)', ')(O)']",Milwaukee(B-ORG) 4(O) CLEVELAND(B-ORG) 3(O) ((O) 10(O) innings(O) )(O),"Input: Milwaukee 4 CLEVELAND 3 ( 10 innings )
Output: Milwaukee(B-ORG) 4(O) CLEVELAND(B-ORG) 3(O) ((O) 10(O) innings(O) )(O)"
2935,"['Nepali' 'police' 'said' 'on' 'Friday' 'they' 'arrested' 'a' 'man' 'who'
 'allegedly' 'kept' 'a' 'child' 'servant' 'bound' 'in' 'chains' 'so'
 'that' 'he' 'would' 'not' 'run' 'away' 'when' 'his' 'employer' 'was'
 'out' 'to' 'work' '.']","['B-MISC', 'O', 'O', 'O', 'O', 'O', 'O', 'O', 'O', 'O', 'O', 'O', 'O', 'O', 'O', 'O', 'O', 'O', 'O', 'O', 'O', 'O', 'O', 'O', 'O', 'O', 'O', 'O', 'O', 'O', 'O', 'O', 'O']",Nepali police said on Friday they arrested a man who allegedly kept a child servant bound in chains so that he would not run away when his employer was out to work .,"['Nepali(B-MISC)', 'police(O)', 'said(O)', 'on(O)', 'Friday(O)', 'they(O)', 'arrested(O)', 'a(O)', 'man(O)', 'who(O)', 'allegedly(O)', 'kept(O)', 'a(O)', 'child(O)', 'servant(O)', 'bound(O)', 'in(O)', 'chains(O)', 'so(O)', 'that(O)', 'he(O)', 'would(O)', 'not(O)', 'run(O)', 'away(O)', 'when(O)', 'his(O)', 'employer(O)', 'was(O)', 'out(O)', 'to(O)', 'work(O)', '.(O)']",Nepali(B-MISC) police(O) said(O) on(O) Friday(O) they(O) arrested(O) a(O) man(O) who(O) allegedly(O) kept(O) a(O) child(O) servant(O) bound(O) in(O) chains(O) so(O) that(O) he(O) would(O) not(O) run(O) away(O) when(O) his(O) employer(O) was(O) out(O) to(O) work(O) .(O),"Input: Nepali police said on Friday they arrested a man who allegedly kept a child servant bound in chains so that he would not run away when his employer was out to work .
Output: Nepali(B-MISC) police(O) said(O) on(O) Friday(O) they(O) arrested(O) a(O) man(O) who(O) allegedly(O) kept(O) a(O) child(O) servant(O) bound(O) in(O) chains(O) so(O) that(O) he(O) would(O) not(O) run(O) away(O) when(O) his(O) employer(O) was(O) out(O) to(O) work(O) .(O)"
4247,"['More' 'recently' 'political' 'commentators' 'have' 'reported' 'a'
 'growing' 'consensus' ',' 'however' ',' 'and' 'a' 'rift' 'at' 'the'
 'meeting' 'looks' 'increasingly' 'unlikely' '.']","['O', 'O', 'O', 'O', 'O', 'O', 'O', 'O', 'O', 'O', 'O', 'O', 'O', 'O', 'O', 'O', 'O', 'O', 'O', 'O', 'O', 'O']","More recently political commentators have reported a growing consensus , however , and a rift at the meeting looks increasingly unlikely .","['More(O)', 'recently(O)', 'political(O)', 'commentators(O)', 'have(O)', 'reported(O)', 'a(O)', 'growing(O)', 'consensus(O)', ',(O)', 'however(O)', ',(O)', 'and(O)', 'a(O)', 'rift(O)', 'at(O)', 'the(O)', 'meeting(O)', 'looks(O)', 'increasingly(O)', 'unlikely(O)', '.(O)']","More(O) recently(O) political(O) commentators(O) have(O) reported(O) a(O) growing(O) consensus(O) ,(O) however(O) ,(O) and(O) a(O) rift(O) at(O) the(O) meeting(O) looks(O) increasingly(O) unlikely(O) .(O)","Input: More recently political commentators have reported a growing consensus , however , and a rift at the meeting looks increasingly unlikely .
Output: More(O) recently(O) political(O) commentators(O) have(O) reported(O) a(O) growing(O) consensus(O) ,(O) however(O) ,(O) and(O) a(O) rift(O) at(O) the(O) meeting(O) looks(O) increasingly(O) unlikely(O) .(O)"
3324,['Net' 'profit' '20.318' 'vs' '22.828'],"['O', 'O', 'O', 'O', 'O']",Net profit 20.318 vs 22.828,"['Net(O)', 'profit(O)', '20.318(O)', 'vs(O)', '22.828(O)']",Net(O) profit(O) 20.318(O) vs(O) 22.828(O),"Input: Net profit 20.318 vs 22.828
Output: Net(O) profit(O) 20.318(O) vs(O) 22.828(O)"
3435,"['$' '450,000' 'Toshiba' 'Classic' 'tennis' 'tournament' 'on' 'Friday' '('
 'prefix']","['O', 'O', 'B-MISC', 'I-MISC', 'O', 'O', 'O', 'O', 'O', 'O']","$ 450,000 Toshiba Classic tennis tournament on Friday ( prefix","['$(O)', '450,000(O)', 'Toshiba(B-MISC)', 'Classic(I-MISC)', 'tennis(O)', 'tournament(O)', 'on(O)', 'Friday(O)', '((O)', 'prefix(O)']","$(O) 450,000(O) Toshiba(B-MISC) Classic(I-MISC) tennis(O) tournament(O) on(O) Friday(O) ((O) prefix(O)","Input: $ 450,000 Toshiba Classic tennis tournament on Friday ( prefix
Output: $(O) 450,000(O) Toshiba(B-MISC) Classic(I-MISC) tennis(O) tournament(O) on(O) Friday(O) ((O) prefix(O)"
13822,['Full' 'name' 'of' 'company' 'is' 'Loxley' 'Publications' 'Plc' '.'],"['O', 'O', 'O', 'O', 'O', 'B-ORG', 'I-ORG', 'I-ORG', 'O']",Full name of company is Loxley Publications Plc .,"['Full(O)', 'name(O)', 'of(O)', 'company(O)', 'is(O)', 'Loxley(B-ORG)', 'Publications(I-ORG)', 'Plc(I-ORG)', '.(O)']",Full(O) name(O) of(O) company(O) is(O) Loxley(B-ORG) Publications(I-ORG) Plc(I-ORG) .(O),"Input: Full name of company is Loxley Publications Plc .
Output: Full(O) name(O) of(O) company(O) is(O) Loxley(B-ORG) Publications(I-ORG) Plc(I-ORG) .(O)"
2087,['CHICAGO' '69' '60' '.535' '8'],"['B-ORG', 'O', 'O', 'O', 'O']",CHICAGO 69 60 .535 8,"['CHICAGO(B-ORG)', '69(O)', '60(O)', '.535(O)', '8(O)']",CHICAGO(B-ORG) 69(O) 60(O) .535(O) 8(O),"Input: CHICAGO 69 60 .535 8
Output: CHICAGO(B-ORG) 69(O) 60(O) .535(O) 8(O)"
8371,"['The' 'Romanian' 'Soccer' 'Federation' 'has' 'banned' 'first' 'division'
 'club' 'Jiul' 'Petrosani' ""'s"" 'president' 'Miron' 'Cozma' 'for' 'two'
 'years' 'for' 'headbutting' 'a' 'visiting' 'team' 'player' ',' 'a'
 'federation' 'statement' 'said' '.']","['O', 'B-ORG', 'I-ORG', 'I-ORG', 'O', 'O', 'O', 'O', 'O', 'B-ORG', 'I-ORG', 'O', 'O', 'B-PER', 'I-PER', 'O', 'O', 'O', 'O', 'O', 'O', 'O', 'O', 'O', 'O', 'O', 'O', 'O', 'O', 'O']","The Romanian Soccer Federation has banned first division club Jiul Petrosani 's president Miron Cozma for two years for headbutting a visiting team player , a federation statement said .","['The(O)', 'Romanian(B-ORG)', 'Soccer(I-ORG)', 'Federation(I-ORG)', 'has(O)', 'banned(O)', 'first(O)', 'division(O)', 'club(O)', 'Jiul(B-ORG)', 'Petrosani(I-ORG)', ""'s(O)"", 'president(O)', 'Miron(B-PER)', 'Cozma(I-PER)', 'for(O)', 'two(O)', 'years(O)', 'for(O)', 'headbutting(O)', 'a(O)', 'visiting(O)', 'team(O)', 'player(O)', ',(O)', 'a(O)', 'federation(O)', 'statement(O)', 'said(O)', '.(O)']","The(O) Romanian(B-ORG) Soccer(I-ORG) Federation(I-ORG) has(O) banned(O) first(O) division(O) club(O) Jiul(B-ORG) Petrosani(I-ORG) 's(O) president(O) Miron(B-PER) Cozma(I-PER) for(O) two(O) years(O) for(O) headbutting(O) a(O) visiting(O) team(O) player(O) ,(O) a(O) federation(O) statement(O) said(O) .(O)","Input: The Romanian Soccer Federation has banned first division club Jiul Petrosani 's president Miron Cozma for two years for headbutting a visiting team player , a federation statement said .
Output: The(O) Romanian(B-ORG) Soccer(I-ORG) Federation(I-ORG) has(O) banned(O) first(O) division(O) club(O) Jiul(B-ORG) Petrosani(I-ORG) 's(O) president(O) Miron(B-PER) Cozma(I-PER) for(O) two(O) years(O) for(O) headbutting(O) a(O) visiting(O) team(O) player(O) ,(O) a(O) federation(O) statement(O) said(O) .(O)"
10379,"['I' 'think' 'it' ""'s"" 'destined' 'that' 'it' 'turned' 'out' 'for' 'me'
 '.' '""']","['O', 'O', 'O', 'O', 'O', 'O', 'O', 'O', 'O', 'O', 'O', 'O', 'O']","I think it 's destined that it turned out for me . ""","['I(O)', 'think(O)', 'it(O)', ""'s(O)"", 'destined(O)', 'that(O)', 'it(O)', 'turned(O)', 'out(O)', 'for(O)', 'me(O)', '.(O)', '""(O)']","I(O) think(O) it(O) 's(O) destined(O) that(O) it(O) turned(O) out(O) for(O) me(O) .(O) ""(O)","Input: I think it 's destined that it turned out for me . ""
Output: I(O) think(O) it(O) 's(O) destined(O) that(O) it(O) turned(O) out(O) for(O) me(O) .(O) ""(O)"
6889,['pro-baseball' 'games' 'played' 'on' 'Sunday' '.'],"['O', 'O', 'O', 'O', 'O', 'O']",pro-baseball games played on Sunday .,"['pro-baseball(O)', 'games(O)', 'played(O)', 'on(O)', 'Sunday(O)', '.(O)']",pro-baseball(O) games(O) played(O) on(O) Sunday(O) .(O),"Input: pro-baseball games played on Sunday .
Output: pro-baseball(O) games(O) played(O) on(O) Sunday(O) .(O)"
603,['Tomas' 'Cibola' '(' '58th' ')' '.'],"['B-PER', 'I-PER', 'O', 'O', 'O', 'O']",Tomas Cibola ( 58th ) .,"['Tomas(B-PER)', 'Cibola(I-PER)', '((O)', '58th(O)', ')(O)', '.(O)']",Tomas(B-PER) Cibola(I-PER) ((O) 58th(O) )(O) .(O),"Input: Tomas Cibola ( 58th ) .
Output: Tomas(B-PER) Cibola(I-PER) ((O) 58th(O) )(O) .(O)"
5101,['7' '-' 'Bogdan' 'Prusek' '(' 'Sokol' 'Tychy' ')'],"['O', 'O', 'B-PER', 'I-PER', 'O', 'B-ORG', 'I-ORG', 'O']",7 - Bogdan Prusek ( Sokol Tychy ),"['7(O)', '-(O)', 'Bogdan(B-PER)', 'Prusek(I-PER)', '((O)', 'Sokol(B-ORG)', 'Tychy(I-ORG)', ')(O)']",7(O) -(O) Bogdan(B-PER) Prusek(I-PER) ((O) Sokol(B-ORG) Tychy(I-ORG) )(O),"Input: 7 - Bogdan Prusek ( Sokol Tychy )
Output: 7(O) -(O) Bogdan(B-PER) Prusek(I-PER) ((O) Sokol(B-ORG) Tychy(I-ORG) )(O)"
759,['NEW' 'YORK' '1996-08-22'],"['B-LOC', 'I-LOC', 'O']",NEW YORK 1996-08-22,"['NEW(B-LOC)', 'YORK(I-LOC)', '1996-08-22(O)']",NEW(B-LOC) YORK(I-LOC) 1996-08-22(O),"Input: NEW YORK 1996-08-22
Output: NEW(B-LOC) YORK(I-LOC) 1996-08-22(O)"
1135,"['Other' 'seeded' 'players' 'advancing' 'were' 'number' 'three' 'Wayne'
 'Ferreira' 'of' 'South' 'Africa' ',' 'number' 'four' 'Marcelo' 'Rios'
 'of' 'Chile' ',' 'number' 'six' 'MaliVai' 'Washington' 'of' 'the'
 'United' 'States' 'and' 'American' 'Todd' 'Martin' ',' 'the' 'seventh'
 'seeed' '.']","['O', 'O', 'O', 'O', 'O', 'O', 'O', 'B-PER', 'I-PER', 'O', 'B-LOC', 'I-LOC', 'O', 'O', 'O', 'B-PER', 'I-PER', 'O', 'B-LOC', 'O', 'O', 'O', 'B-PER', 'I-PER', 'O', 'O', 'B-LOC', 'I-LOC', 'O', 'B-MISC', 'B-PER', 'I-PER', 'O', 'O', 'O', 'O', 'O']","Other seeded players advancing were number three Wayne Ferreira of South Africa , number four Marcelo Rios of Chile , number six MaliVai Washington of the United States and American Todd Martin , the seventh seeed .","['Other(O)', 'seeded(O)', 'players(O)', 'advancing(O)', 'were(O)', 'number(O)', 'three(O)', 'Wayne(B-PER)', 'Ferreira(I-PER)', 'of(O)', 'South(B-LOC)', 'Africa(I-LOC)', ',(O)', 'number(O)', 'four(O)', 'Marcelo(B-PER)', 'Rios(I-PER)', 'of(O)', 'Chile(B-LOC)', ',(O)', 'number(O)', 'six(O)', 'MaliVai(B-PER)', 'Washington(I-PER)', 'of(O)', 'the(O)', 'United(B-LOC)', 'States(I-LOC)', 'and(O)', 'American(B-MISC)', 'Todd(B-PER)', 'Martin(I-PER)', ',(O)', 'the(O)', 'seventh(O)', 'seeed(O)', '.(O)']","Other(O) seeded(O) players(O) advancing(O) were(O) number(O) three(O) Wayne(B-PER) Ferreira(I-PER) of(O) South(B-LOC) Africa(I-LOC) ,(O) number(O) four(O) Marcelo(B-PER) Rios(I-PER) of(O) Chile(B-LOC) ,(O) number(O) six(O) MaliVai(B-PER) Washington(I-PER) of(O) the(O) United(B-LOC) States(I-LOC) and(O) American(B-MISC) Todd(B-PER) Martin(I-PER) ,(O) the(O) seventh(O) seeed(O) .(O)","Input: Other seeded players advancing were number three Wayne Ferreira of South Africa , number four Marcelo Rios of Chile , number six MaliVai Washington of the United States and American Todd Martin , the seventh seeed .
Output: Other(O) seeded(O) players(O) advancing(O) were(O) number(O) three(O) Wayne(B-PER) Ferreira(I-PER) of(O) South(B-LOC) Africa(I-LOC) ,(O) number(O) four(O) Marcelo(B-PER) Rios(I-PER) of(O) Chile(B-LOC) ,(O) number(O) six(O) MaliVai(B-PER) Washington(I-PER) of(O) the(O) United(B-LOC) States(I-LOC) and(O) American(B-MISC) Todd(B-PER) Martin(I-PER) ,(O) the(O) seventh(O) seeed(O) .(O)"
7340,"['Trade' 'unions' 'demanded' 'payment' 'of' 'June' 'and' 'July' 'wages'
 'and' 'last' 'year' ""'s"" 'holiday' 'pay' ',' 'and' 'called' 'on'
 'government' 'to' 'develop' 'a' 'revival' 'programme' 'for' 'the' 'plant'
 '.']","['O', 'O', 'O', 'O', 'O', 'O', 'O', 'O', 'O', 'O', 'O', 'O', 'O', 'O', 'O', 'O', 'O', 'O', 'O', 'O', 'O', 'O', 'O', 'O', 'O', 'O', 'O', 'O', 'O']","Trade unions demanded payment of June and July wages and last year 's holiday pay , and called on government to develop a revival programme for the plant .","['Trade(O)', 'unions(O)', 'demanded(O)', 'payment(O)', 'of(O)', 'June(O)', 'and(O)', 'July(O)', 'wages(O)', 'and(O)', 'last(O)', 'year(O)', ""'s(O)"", 'holiday(O)', 'pay(O)', ',(O)', 'and(O)', 'called(O)', 'on(O)', 'government(O)', 'to(O)', 'develop(O)', 'a(O)', 'revival(O)', 'programme(O)', 'for(O)', 'the(O)', 'plant(O)', '.(O)']","Trade(O) unions(O) demanded(O) payment(O) of(O) June(O) and(O) July(O) wages(O) and(O) last(O) year(O) 's(O) holiday(O) pay(O) ,(O) and(O) called(O) on(O) government(O) to(O) develop(O) a(O) revival(O) programme(O) for(O) the(O) plant(O) .(O)","Input: Trade unions demanded payment of June and July wages and last year 's holiday pay , and called on government to develop a revival programme for the plant .
Output: Trade(O) unions(O) demanded(O) payment(O) of(O) June(O) and(O) July(O) wages(O) and(O) last(O) year(O) 's(O) holiday(O) pay(O) ,(O) and(O) called(O) on(O) government(O) to(O) develop(O) a(O) revival(O) programme(O) for(O) the(O) plant(O) .(O)"
553,"['Attendance' ':' '2,189']","['O', 'O', 'O']","Attendance : 2,189","['Attendance(O)', ':(O)', '2,189(O)']","Attendance(O) :(O) 2,189(O)","Input: Attendance : 2,189
Output: Attendance(O) :(O) 2,189(O)"
1905,['Portsmouth' '1' 'Queens' 'Park' 'Rangers' '2'],"['B-ORG', 'O', 'B-ORG', 'I-ORG', 'I-ORG', 'O']",Portsmouth 1 Queens Park Rangers 2,"['Portsmouth(B-ORG)', '1(O)', 'Queens(B-ORG)', 'Park(I-ORG)', 'Rangers(I-ORG)', '2(O)']",Portsmouth(B-ORG) 1(O) Queens(B-ORG) Park(I-ORG) Rangers(I-ORG) 2(O),"Input: Portsmouth 1 Queens Park Rangers 2
Output: Portsmouth(B-ORG) 1(O) Queens(B-ORG) Park(I-ORG) Rangers(I-ORG) 2(O)"
420,['Somerset' '236-4' '(' 'M.' 'Lathwell' '85' ')' '.'],"['B-ORG', 'O', 'O', 'B-PER', 'I-PER', 'O', 'O', 'O']",Somerset 236-4 ( M. Lathwell 85 ) .,"['Somerset(B-ORG)', '236-4(O)', '((O)', 'M.(B-PER)', 'Lathwell(I-PER)', '85(O)', ')(O)', '.(O)']",Somerset(B-ORG) 236-4(O) ((O) M.(B-PER) Lathwell(I-PER) 85(O) )(O) .(O),"Input: Somerset 236-4 ( M. Lathwell 85 ) .
Output: Somerset(B-ORG) 236-4(O) ((O) M.(B-PER) Lathwell(I-PER) 85(O) )(O) .(O)"
10011,"['69' 'Jose' 'Coceres' '(' 'Argentina' ')' ',' 'Raymond' 'Russell' ','
 'Robert' 'Allenby']","['O', 'B-PER', 'I-PER', 'O', 'B-LOC', 'O', 'O', 'B-PER', 'I-PER', 'O', 'B-PER', 'I-PER']","69 Jose Coceres ( Argentina ) , Raymond Russell , Robert Allenby","['69(O)', 'Jose(B-PER)', 'Coceres(I-PER)', '((O)', 'Argentina(B-LOC)', ')(O)', ',(O)', 'Raymond(B-PER)', 'Russell(I-PER)', ',(O)', 'Robert(B-PER)', 'Allenby(I-PER)']","69(O) Jose(B-PER) Coceres(I-PER) ((O) Argentina(B-LOC) )(O) ,(O) Raymond(B-PER) Russell(I-PER) ,(O) Robert(B-PER) Allenby(I-PER)","Input: 69 Jose Coceres ( Argentina ) , Raymond Russell , Robert Allenby
Output: 69(O) Jose(B-PER) Coceres(I-PER) ((O) Argentina(B-LOC) )(O) ,(O) Raymond(B-PER) Russell(I-PER) ,(O) Robert(B-PER) Allenby(I-PER)"
11394,"['I' 'did' ""n't"" 'say' 'anything' 'about' 'cigarettes' '.']","['O', 'O', 'O', 'O', 'O', 'O', 'O', 'O']",I did n't say anything about cigarettes .,"['I(O)', 'did(O)', ""n't(O)"", 'say(O)', 'anything(O)', 'about(O)', 'cigarettes(O)', '.(O)']",I(O) did(O) n't(O) say(O) anything(O) about(O) cigarettes(O) .(O),"Input: I did n't say anything about cigarettes .
Output: I(O) did(O) n't(O) say(O) anything(O) about(O) cigarettes(O) .(O)"
4796,['52' 'seconds'],"['O', 'O']",52 seconds,"['52(O)', 'seconds(O)']",52(O) seconds(O),"Input: 52 seconds
Output: 52(O) seconds(O)"
2005,"['""' 'If' 'you' 'really' 'look' 'at' 'the' 'match' ',' '""' 'said' 'the'
 '12th-ranked' 'Washington' 'after' 'losing' 'to' 'the' '70th-ranked'
 'Rafter' ',' '""' 'I' 'never' 'really' 'got' 'a' 'chance' 'to' 'play'
 'because' 'he' 'was' 'serving' 'big' 'and' 'getting' 'in' 'close' 'to'
 'the' 'net' '.']","['O', 'O', 'O', 'O', 'O', 'O', 'O', 'O', 'O', 'O', 'O', 'O', 'O', 'B-PER', 'O', 'O', 'O', 'O', 'O', 'B-PER', 'O', 'O', 'O', 'O', 'O', 'O', 'O', 'O', 'O', 'O', 'O', 'O', 'O', 'O', 'O', 'O', 'O', 'O', 'O', 'O', 'O', 'O', 'O']",""" If you really look at the match , "" said the 12th-ranked Washington after losing to the 70th-ranked Rafter , "" I never really got a chance to play because he was serving big and getting in close to the net .","['""(O)', 'If(O)', 'you(O)', 'really(O)', 'look(O)', 'at(O)', 'the(O)', 'match(O)', ',(O)', '""(O)', 'said(O)', 'the(O)', '12th-ranked(O)', 'Washington(B-PER)', 'after(O)', 'losing(O)', 'to(O)', 'the(O)', '70th-ranked(O)', 'Rafter(B-PER)', ',(O)', '""(O)', 'I(O)', 'never(O)', 'really(O)', 'got(O)', 'a(O)', 'chance(O)', 'to(O)', 'play(O)', 'because(O)', 'he(O)', 'was(O)', 'serving(O)', 'big(O)', 'and(O)', 'getting(O)', 'in(O)', 'close(O)', 'to(O)', 'the(O)', 'net(O)', '.(O)']","""(O) If(O) you(O) really(O) look(O) at(O) the(O) match(O) ,(O) ""(O) said(O) the(O) 12th-ranked(O) Washington(B-PER) after(O) losing(O) to(O) the(O) 70th-ranked(O) Rafter(B-PER) ,(O) ""(O) I(O) never(O) really(O) got(O) a(O) chance(O) to(O) play(O) because(O) he(O) was(O) serving(O) big(O) and(O) getting(O) in(O) close(O) to(O) the(O) net(O) .(O)","Input: "" If you really look at the match , "" said the 12th-ranked Washington after losing to the 70th-ranked Rafter , "" I never really got a chance to play because he was serving big and getting in close to the net .
Output: ""(O) If(O) you(O) really(O) look(O) at(O) the(O) match(O) ,(O) ""(O) said(O) the(O) 12th-ranked(O) Washington(B-PER) after(O) losing(O) to(O) the(O) 70th-ranked(O) Rafter(B-PER) ,(O) ""(O) I(O) never(O) really(O) got(O) a(O) chance(O) to(O) play(O) because(O) he(O) was(O) serving(O) big(O) and(O) getting(O) in(O) close(O) to(O) the(O) net(O) .(O)"
13943,"['Wales' '-' 'John' 'Hartson' '(' '12th' ',' '56th' 'and' '83rd' 'minutes'
 ')' ',' 'Scott' 'Young' '(' '24th' ')']","['B-LOC', 'O', 'B-PER', 'I-PER', 'O', 'O', 'O', 'O', 'O', 'O', 'O', 'O', 'O', 'B-PER', 'I-PER', 'O', 'O', 'O']","Wales - John Hartson ( 12th , 56th and 83rd minutes ) , Scott Young ( 24th )","['Wales(B-LOC)', '-(O)', 'John(B-PER)', 'Hartson(I-PER)', '((O)', '12th(O)', ',(O)', '56th(O)', 'and(O)', '83rd(O)', 'minutes(O)', ')(O)', ',(O)', 'Scott(B-PER)', 'Young(I-PER)', '((O)', '24th(O)', ')(O)']","Wales(B-LOC) -(O) John(B-PER) Hartson(I-PER) ((O) 12th(O) ,(O) 56th(O) and(O) 83rd(O) minutes(O) )(O) ,(O) Scott(B-PER) Young(I-PER) ((O) 24th(O) )(O)","Input: Wales - John Hartson ( 12th , 56th and 83rd minutes ) , Scott Young ( 24th )
Output: Wales(B-LOC) -(O) John(B-PER) Hartson(I-PER) ((O) 12th(O) ,(O) 56th(O) and(O) 83rd(O) minutes(O) )(O) ,(O) Scott(B-PER) Young(I-PER) ((O) 24th(O) )(O)"
5254,['SYDNEY' '1996-08-25'],"['B-LOC', 'O']",SYDNEY 1996-08-25,"['SYDNEY(B-LOC)', '1996-08-25(O)']",SYDNEY(B-LOC) 1996-08-25(O),"Input: SYDNEY 1996-08-25
Output: SYDNEY(B-LOC) 1996-08-25(O)"
7771,"['Lows' 'on' 'August' '28' 'across' 'the' 'Prairies' 'should' 'range'
 'from' '8.0' 'to' '12.0' 'Celsius' 'with' 'highs' 'around' '30.0'
 'Celsius' '.']","['O', 'O', 'O', 'O', 'O', 'O', 'B-LOC', 'O', 'O', 'O', 'O', 'O', 'O', 'B-MISC', 'O', 'O', 'O', 'O', 'B-MISC', 'O']",Lows on August 28 across the Prairies should range from 8.0 to 12.0 Celsius with highs around 30.0 Celsius .,"['Lows(O)', 'on(O)', 'August(O)', '28(O)', 'across(O)', 'the(O)', 'Prairies(B-LOC)', 'should(O)', 'range(O)', 'from(O)', '8.0(O)', 'to(O)', '12.0(O)', 'Celsius(B-MISC)', 'with(O)', 'highs(O)', 'around(O)', '30.0(O)', 'Celsius(B-MISC)', '.(O)']",Lows(O) on(O) August(O) 28(O) across(O) the(O) Prairies(B-LOC) should(O) range(O) from(O) 8.0(O) to(O) 12.0(O) Celsius(B-MISC) with(O) highs(O) around(O) 30.0(O) Celsius(B-MISC) .(O),"Input: Lows on August 28 across the Prairies should range from 8.0 to 12.0 Celsius with highs around 30.0 Celsius .
Output: Lows(O) on(O) August(O) 28(O) across(O) the(O) Prairies(B-LOC) should(O) range(O) from(O) 8.0(O) to(O) 12.0(O) Celsius(B-MISC) with(O) highs(O) around(O) 30.0(O) Celsius(B-MISC) .(O)"
9914,"['Earlier' 'this' 'month' ',' 'the' 'SEC' 'settled' 'charges' 'of'
 'alleged' 'malpractices' 'on' 'Nasdaq' 'when' 'the' 'parent' 'of' 'the'
 'Nasdaq' 'market' ',' 'the' 'National' 'Association' 'of' 'Securities'
 'Dealers' ',' 'agreed' 'to' 'spend' '$' '100' 'million' 'over' 'five'
 'years' 'to' 'upgrade' 'its' 'oversight' 'of' 'brokers' ""'"" 'trading'
 'practices' '.']","['O', 'O', 'O', 'O', 'O', 'B-ORG', 'O', 'O', 'O', 'O', 'O', 'O', 'B-MISC', 'O', 'O', 'O', 'O', 'O', 'B-MISC', 'O', 'O', 'O', 'B-ORG', 'I-ORG', 'I-ORG', 'I-ORG', 'I-ORG', 'O', 'O', 'O', 'O', 'O', 'O', 'O', 'O', 'O', 'O', 'O', 'O', 'O', 'O', 'O', 'O', 'O', 'O', 'O', 'O']","Earlier this month , the SEC settled charges of alleged malpractices on Nasdaq when the parent of the Nasdaq market , the National Association of Securities Dealers , agreed to spend $ 100 million over five years to upgrade its oversight of brokers ' trading practices .","['Earlier(O)', 'this(O)', 'month(O)', ',(O)', 'the(O)', 'SEC(B-ORG)', 'settled(O)', 'charges(O)', 'of(O)', 'alleged(O)', 'malpractices(O)', 'on(O)', 'Nasdaq(B-MISC)', 'when(O)', 'the(O)', 'parent(O)', 'of(O)', 'the(O)', 'Nasdaq(B-MISC)', 'market(O)', ',(O)', 'the(O)', 'National(B-ORG)', 'Association(I-ORG)', 'of(I-ORG)', 'Securities(I-ORG)', 'Dealers(I-ORG)', ',(O)', 'agreed(O)', 'to(O)', 'spend(O)', '$(O)', '100(O)', 'million(O)', 'over(O)', 'five(O)', 'years(O)', 'to(O)', 'upgrade(O)', 'its(O)', 'oversight(O)', 'of(O)', 'brokers(O)', ""'(O)"", 'trading(O)', 'practices(O)', '.(O)']","Earlier(O) this(O) month(O) ,(O) the(O) SEC(B-ORG) settled(O) charges(O) of(O) alleged(O) malpractices(O) on(O) Nasdaq(B-MISC) when(O) the(O) parent(O) of(O) the(O) Nasdaq(B-MISC) market(O) ,(O) the(O) National(B-ORG) Association(I-ORG) of(I-ORG) Securities(I-ORG) Dealers(I-ORG) ,(O) agreed(O) to(O) spend(O) $(O) 100(O) million(O) over(O) five(O) years(O) to(O) upgrade(O) its(O) oversight(O) of(O) brokers(O) '(O) trading(O) practices(O) .(O)","Input: Earlier this month , the SEC settled charges of alleged malpractices on Nasdaq when the parent of the Nasdaq market , the National Association of Securities Dealers , agreed to spend $ 100 million over five years to upgrade its oversight of brokers ' trading practices .
Output: Earlier(O) this(O) month(O) ,(O) the(O) SEC(B-ORG) settled(O) charges(O) of(O) alleged(O) malpractices(O) on(O) Nasdaq(B-MISC) when(O) the(O) parent(O) of(O) the(O) Nasdaq(B-MISC) market(O) ,(O) the(O) National(B-ORG) Association(I-ORG) of(I-ORG) Securities(I-ORG) Dealers(I-ORG) ,(O) agreed(O) to(O) spend(O) $(O) 100(O) million(O) over(O) five(O) years(O) to(O) upgrade(O) its(O) oversight(O) of(O) brokers(O) '(O) trading(O) practices(O) .(O)"
11257,['BUCHAREST' '1996-08-28'],"['B-LOC', 'O']",BUCHAREST 1996-08-28,"['BUCHAREST(B-LOC)', '1996-08-28(O)']",BUCHAREST(B-LOC) 1996-08-28(O),"Input: BUCHAREST 1996-08-28
Output: BUCHAREST(B-LOC) 1996-08-28(O)"
11219,"['But' 'Adem' 'Hodzic' ',' 'one' 'of' 'the' 'refugees' 'who' 'signed'
 'the' 'letter' 'of' 'complaint' ',' 'told' 'Reuters' ':']","['O', 'B-PER', 'I-PER', 'O', 'O', 'O', 'O', 'O', 'O', 'O', 'O', 'O', 'O', 'O', 'O', 'O', 'B-ORG', 'O']","But Adem Hodzic , one of the refugees who signed the letter of complaint , told Reuters :","['But(O)', 'Adem(B-PER)', 'Hodzic(I-PER)', ',(O)', 'one(O)', 'of(O)', 'the(O)', 'refugees(O)', 'who(O)', 'signed(O)', 'the(O)', 'letter(O)', 'of(O)', 'complaint(O)', ',(O)', 'told(O)', 'Reuters(B-ORG)', ':(O)']","But(O) Adem(B-PER) Hodzic(I-PER) ,(O) one(O) of(O) the(O) refugees(O) who(O) signed(O) the(O) letter(O) of(O) complaint(O) ,(O) told(O) Reuters(B-ORG) :(O)","Input: But Adem Hodzic , one of the refugees who signed the letter of complaint , told Reuters :
Output: But(O) Adem(B-PER) Hodzic(I-PER) ,(O) one(O) of(O) the(O) refugees(O) who(O) signed(O) the(O) letter(O) of(O) complaint(O) ,(O) told(O) Reuters(B-ORG) :(O)"
5181,['Alaniya' 'Vladikavkaz' '3' 'Zhemchuzhina' 'Sochi' '1'],"['B-ORG', 'I-ORG', 'O', 'B-ORG', 'I-ORG', 'O']",Alaniya Vladikavkaz 3 Zhemchuzhina Sochi 1,"['Alaniya(B-ORG)', 'Vladikavkaz(I-ORG)', '3(O)', 'Zhemchuzhina(B-ORG)', 'Sochi(I-ORG)', '1(O)']",Alaniya(B-ORG) Vladikavkaz(I-ORG) 3(O) Zhemchuzhina(B-ORG) Sochi(I-ORG) 1(O),"Input: Alaniya Vladikavkaz 3 Zhemchuzhina Sochi 1
Output: Alaniya(B-ORG) Vladikavkaz(I-ORG) 3(O) Zhemchuzhina(B-ORG) Sochi(I-ORG) 1(O)"
3991,['Le' 'Havre' '3' '0' '1' '1' '1' '3' '1'],"['B-ORG', 'I-ORG', 'O', 'O', 'O', 'O', 'O', 'O', 'O']",Le Havre 3 0 1 1 1 3 1,"['Le(B-ORG)', 'Havre(I-ORG)', '3(O)', '0(O)', '1(O)', '1(O)', '1(O)', '3(O)', '1(O)']",Le(B-ORG) Havre(I-ORG) 3(O) 0(O) 1(O) 1(O) 1(O) 3(O) 1(O),"Input: Le Havre 3 0 1 1 1 3 1
Output: Le(B-ORG) Havre(I-ORG) 3(O) 0(O) 1(O) 1(O) 1(O) 3(O) 1(O)"
4537,"['(' 'Russia' ')' 'and' 'Handrik' 'Dreekmann' '(' 'Germany' ')' '6-3'
 '7-6' '(' '7-5' ')']","['O', 'B-LOC', 'O', 'O', 'B-PER', 'I-PER', 'O', 'B-LOC', 'O', 'O', 'O', 'O', 'O', 'O']",( Russia ) and Handrik Dreekmann ( Germany ) 6-3 7-6 ( 7-5 ),"['((O)', 'Russia(B-LOC)', ')(O)', 'and(O)', 'Handrik(B-PER)', 'Dreekmann(I-PER)', '((O)', 'Germany(B-LOC)', ')(O)', '6-3(O)', '7-6(O)', '((O)', '7-5(O)', ')(O)']",((O) Russia(B-LOC) )(O) and(O) Handrik(B-PER) Dreekmann(I-PER) ((O) Germany(B-LOC) )(O) 6-3(O) 7-6(O) ((O) 7-5(O) )(O),"Input: ( Russia ) and Handrik Dreekmann ( Germany ) 6-3 7-6 ( 7-5 )
Output: ((O) Russia(B-LOC) )(O) and(O) Handrik(B-PER) Dreekmann(I-PER) ((O) Germany(B-LOC) )(O) 6-3(O) 7-6(O) ((O) 7-5(O) )(O)"
3243,['SEOUL' '1996-08-23'],"['B-LOC', 'O']",SEOUL 1996-08-23,"['SEOUL(B-LOC)', '1996-08-23(O)']",SEOUL(B-LOC) 1996-08-23(O),"Input: SEOUL 1996-08-23
Output: SEOUL(B-LOC) 1996-08-23(O)"
117,"['Israel' ""'s"" 'Channel' 'Two' 'television' 'said' 'Damascus' 'had' 'sent'
 'a' '""' 'calming' 'signal' '""' 'to' 'Israel' '.']","['B-LOC', 'O', 'B-ORG', 'I-ORG', 'O', 'O', 'B-LOC', 'O', 'O', 'O', 'O', 'O', 'O', 'O', 'O', 'B-LOC', 'O']","Israel 's Channel Two television said Damascus had sent a "" calming signal "" to Israel .","['Israel(B-LOC)', ""'s(O)"", 'Channel(B-ORG)', 'Two(I-ORG)', 'television(O)', 'said(O)', 'Damascus(B-LOC)', 'had(O)', 'sent(O)', 'a(O)', '""(O)', 'calming(O)', 'signal(O)', '""(O)', 'to(O)', 'Israel(B-LOC)', '.(O)']","Israel(B-LOC) 's(O) Channel(B-ORG) Two(I-ORG) television(O) said(O) Damascus(B-LOC) had(O) sent(O) a(O) ""(O) calming(O) signal(O) ""(O) to(O) Israel(B-LOC) .(O)","Input: Israel 's Channel Two television said Damascus had sent a "" calming signal "" to Israel .
Output: Israel(B-LOC) 's(O) Channel(B-ORG) Two(I-ORG) television(O) said(O) Damascus(B-LOC) had(O) sent(O) a(O) ""(O) calming(O) signal(O) ""(O) to(O) Israel(B-LOC) .(O)"
3151,"['Lockhart' ',' 'based' 'in' 'Paramount' ',' 'Calif.' ',' 'is' 'a'
 'designer' 'and' 'manufacturer' 'of' 'sophisticated' 'thermal'
 'management' 'products' '.']","['B-ORG', 'O', 'O', 'O', 'B-LOC', 'O', 'B-LOC', 'O', 'O', 'O', 'O', 'O', 'O', 'O', 'O', 'O', 'O', 'O', 'O']","Lockhart , based in Paramount , Calif. , is a designer and manufacturer of sophisticated thermal management products .","['Lockhart(B-ORG)', ',(O)', 'based(O)', 'in(O)', 'Paramount(B-LOC)', ',(O)', 'Calif.(B-LOC)', ',(O)', 'is(O)', 'a(O)', 'designer(O)', 'and(O)', 'manufacturer(O)', 'of(O)', 'sophisticated(O)', 'thermal(O)', 'management(O)', 'products(O)', '.(O)']","Lockhart(B-ORG) ,(O) based(O) in(O) Paramount(B-LOC) ,(O) Calif.(B-LOC) ,(O) is(O) a(O) designer(O) and(O) manufacturer(O) of(O) sophisticated(O) thermal(O) management(O) products(O) .(O)","Input: Lockhart , based in Paramount , Calif. , is a designer and manufacturer of sophisticated thermal management products .
Output: Lockhart(B-ORG) ,(O) based(O) in(O) Paramount(B-LOC) ,(O) Calif.(B-LOC) ,(O) is(O) a(O) designer(O) and(O) manufacturer(O) of(O) sophisticated(O) thermal(O) management(O) products(O) .(O)"
11538,['Swiss' 'bond' 'market' 'closing' 'report' '.'],"['B-MISC', 'O', 'O', 'O', 'O', 'O']",Swiss bond market closing report .,"['Swiss(B-MISC)', 'bond(O)', 'market(O)', 'closing(O)', 'report(O)', '.(O)']",Swiss(B-MISC) bond(O) market(O) closing(O) report(O) .(O),"Input: Swiss bond market closing report .
Output: Swiss(B-MISC) bond(O) market(O) closing(O) report(O) .(O)"
12489,"['Pablo' 'Campana' '(' 'Ecuador' ')' 'beat' 'Mark' 'Knowles' '(' 'Bahamas'
 ')' '7-6' '(' '7-3' ')' '3' '-' '6' '6-3' '6-7' '(' '3-7' ')' '6-3']","['B-PER', 'I-PER', 'O', 'B-LOC', 'O', 'O', 'B-PER', 'I-PER', 'O', 'B-LOC', 'O', 'O', 'O', 'O', 'O', 'O', 'O', 'O', 'O', 'O', 'O', 'O', 'O', 'O']",Pablo Campana ( Ecuador ) beat Mark Knowles ( Bahamas ) 7-6 ( 7-3 ) 3 - 6 6-3 6-7 ( 3-7 ) 6-3,"['Pablo(B-PER)', 'Campana(I-PER)', '((O)', 'Ecuador(B-LOC)', ')(O)', 'beat(O)', 'Mark(B-PER)', 'Knowles(I-PER)', '((O)', 'Bahamas(B-LOC)', ')(O)', '7-6(O)', '((O)', '7-3(O)', ')(O)', '3(O)', '-(O)', '6(O)', '6-3(O)', '6-7(O)', '((O)', '3-7(O)', ')(O)', '6-3(O)']",Pablo(B-PER) Campana(I-PER) ((O) Ecuador(B-LOC) )(O) beat(O) Mark(B-PER) Knowles(I-PER) ((O) Bahamas(B-LOC) )(O) 7-6(O) ((O) 7-3(O) )(O) 3(O) -(O) 6(O) 6-3(O) 6-7(O) ((O) 3-7(O) )(O) 6-3(O),"Input: Pablo Campana ( Ecuador ) beat Mark Knowles ( Bahamas ) 7-6 ( 7-3 ) 3 - 6 6-3 6-7 ( 3-7 ) 6-3
Output: Pablo(B-PER) Campana(I-PER) ((O) Ecuador(B-LOC) )(O) beat(O) Mark(B-PER) Knowles(I-PER) ((O) Bahamas(B-LOC) )(O) 7-6(O) ((O) 7-3(O) )(O) 3(O) -(O) 6(O) 6-3(O) 6-7(O) ((O) 3-7(O) )(O) 6-3(O)"
6654,['division' 'soccer' 'matches' 'at' 'the' 'weekend' ':'],"['O', 'O', 'O', 'O', 'O', 'O', 'O']",division soccer matches at the weekend :,"['division(O)', 'soccer(O)', 'matches(O)', 'at(O)', 'the(O)', 'weekend(O)', ':(O)']",division(O) soccer(O) matches(O) at(O) the(O) weekend(O) :(O),"Input: division soccer matches at the weekend :
Output: division(O) soccer(O) matches(O) at(O) the(O) weekend(O) :(O)"
10982,"['Chile' ""'s"" 'state' 'oil' 'company' 'Empresa' 'Nacional' 'del'
 'Petroleo' '(' 'ENAP' ')' 'bought' 'a' 'second' 'spot' 'cargo' 'of'
 'Oriente' 'and' 'nearly' 'one' 'million' 'barrels' 'of' 'Escravos' 'in'
 'a' 'recent' 'tender' ',' 'traders' 'said' 'Wednesday' '.']","['B-LOC', 'O', 'O', 'O', 'O', 'B-ORG', 'I-ORG', 'I-ORG', 'I-ORG', 'O', 'B-ORG', 'O', 'O', 'O', 'O', 'O', 'O', 'O', 'B-ORG', 'O', 'O', 'O', 'O', 'O', 'O', 'B-ORG', 'O', 'O', 'O', 'O', 'O', 'O', 'O', 'O', 'O']","Chile 's state oil company Empresa Nacional del Petroleo ( ENAP ) bought a second spot cargo of Oriente and nearly one million barrels of Escravos in a recent tender , traders said Wednesday .","['Chile(B-LOC)', ""'s(O)"", 'state(O)', 'oil(O)', 'company(O)', 'Empresa(B-ORG)', 'Nacional(I-ORG)', 'del(I-ORG)', 'Petroleo(I-ORG)', '((O)', 'ENAP(B-ORG)', ')(O)', 'bought(O)', 'a(O)', 'second(O)', 'spot(O)', 'cargo(O)', 'of(O)', 'Oriente(B-ORG)', 'and(O)', 'nearly(O)', 'one(O)', 'million(O)', 'barrels(O)', 'of(O)', 'Escravos(B-ORG)', 'in(O)', 'a(O)', 'recent(O)', 'tender(O)', ',(O)', 'traders(O)', 'said(O)', 'Wednesday(O)', '.(O)']","Chile(B-LOC) 's(O) state(O) oil(O) company(O) Empresa(B-ORG) Nacional(I-ORG) del(I-ORG) Petroleo(I-ORG) ((O) ENAP(B-ORG) )(O) bought(O) a(O) second(O) spot(O) cargo(O) of(O) Oriente(B-ORG) and(O) nearly(O) one(O) million(O) barrels(O) of(O) Escravos(B-ORG) in(O) a(O) recent(O) tender(O) ,(O) traders(O) said(O) Wednesday(O) .(O)","Input: Chile 's state oil company Empresa Nacional del Petroleo ( ENAP ) bought a second spot cargo of Oriente and nearly one million barrels of Escravos in a recent tender , traders said Wednesday .
Output: Chile(B-LOC) 's(O) state(O) oil(O) company(O) Empresa(B-ORG) Nacional(I-ORG) del(I-ORG) Petroleo(I-ORG) ((O) ENAP(B-ORG) )(O) bought(O) a(O) second(O) spot(O) cargo(O) of(O) Oriente(B-ORG) and(O) nearly(O) one(O) million(O) barrels(O) of(O) Escravos(B-ORG) in(O) a(O) recent(O) tender(O) ,(O) traders(O) said(O) Wednesday(O) .(O)"
7521,"['The' 'liquidity' 'at' 'month-end' 'and' 'the' 'next' 'court' 'hearing'
 'scheduled' 'for' 'Thursday' ',' '""' 'the' 'dealer' 'said' '.']","['O', 'O', 'O', 'O', 'O', 'O', 'O', 'O', 'O', 'O', 'O', 'O', 'O', 'O', 'O', 'O', 'O', 'O']","The liquidity at month-end and the next court hearing scheduled for Thursday , "" the dealer said .","['The(O)', 'liquidity(O)', 'at(O)', 'month-end(O)', 'and(O)', 'the(O)', 'next(O)', 'court(O)', 'hearing(O)', 'scheduled(O)', 'for(O)', 'Thursday(O)', ',(O)', '""(O)', 'the(O)', 'dealer(O)', 'said(O)', '.(O)']","The(O) liquidity(O) at(O) month-end(O) and(O) the(O) next(O) court(O) hearing(O) scheduled(O) for(O) Thursday(O) ,(O) ""(O) the(O) dealer(O) said(O) .(O)","Input: The liquidity at month-end and the next court hearing scheduled for Thursday , "" the dealer said .
Output: The(O) liquidity(O) at(O) month-end(O) and(O) the(O) next(O) court(O) hearing(O) scheduled(O) for(O) Thursday(O) ,(O) ""(O) the(O) dealer(O) said(O) .(O)"
2981,"['Magistrates' 'also' 'ordered' 'him' 'to' 'pay' 'compensation' 'of' '182'
 'pounds' '(' '$' '282' ')' '.']","['O', 'O', 'O', 'O', 'O', 'O', 'O', 'O', 'O', 'O', 'O', 'O', 'O', 'O', 'O']",Magistrates also ordered him to pay compensation of 182 pounds ( $ 282 ) .,"['Magistrates(O)', 'also(O)', 'ordered(O)', 'him(O)', 'to(O)', 'pay(O)', 'compensation(O)', 'of(O)', '182(O)', 'pounds(O)', '((O)', '$(O)', '282(O)', ')(O)', '.(O)']",Magistrates(O) also(O) ordered(O) him(O) to(O) pay(O) compensation(O) of(O) 182(O) pounds(O) ((O) $(O) 282(O) )(O) .(O),"Input: Magistrates also ordered him to pay compensation of 182 pounds ( $ 282 ) .
Output: Magistrates(O) also(O) ordered(O) him(O) to(O) pay(O) compensation(O) of(O) 182(O) pounds(O) ((O) $(O) 282(O) )(O) .(O)"
8127,"['Indonesia' ""'s"" 'central' 'bank' 'suffered' 'seven' 'billion' 'rupiah'
 '(' '$' '2.9' 'million' ')' 'in' 'losses' 'resulting' 'from' 'fake'
 'transactions' ',' 'the' 'Jakarta' 'Post' 'reported' 'on' 'Tuesday' '.']","['B-LOC', 'O', 'O', 'O', 'O', 'O', 'O', 'O', 'O', 'O', 'O', 'O', 'O', 'O', 'O', 'O', 'O', 'O', 'O', 'O', 'O', 'B-ORG', 'I-ORG', 'O', 'O', 'O', 'O']","Indonesia 's central bank suffered seven billion rupiah ( $ 2.9 million ) in losses resulting from fake transactions , the Jakarta Post reported on Tuesday .","['Indonesia(B-LOC)', ""'s(O)"", 'central(O)', 'bank(O)', 'suffered(O)', 'seven(O)', 'billion(O)', 'rupiah(O)', '((O)', '$(O)', '2.9(O)', 'million(O)', ')(O)', 'in(O)', 'losses(O)', 'resulting(O)', 'from(O)', 'fake(O)', 'transactions(O)', ',(O)', 'the(O)', 'Jakarta(B-ORG)', 'Post(I-ORG)', 'reported(O)', 'on(O)', 'Tuesday(O)', '.(O)']","Indonesia(B-LOC) 's(O) central(O) bank(O) suffered(O) seven(O) billion(O) rupiah(O) ((O) $(O) 2.9(O) million(O) )(O) in(O) losses(O) resulting(O) from(O) fake(O) transactions(O) ,(O) the(O) Jakarta(B-ORG) Post(I-ORG) reported(O) on(O) Tuesday(O) .(O)","Input: Indonesia 's central bank suffered seven billion rupiah ( $ 2.9 million ) in losses resulting from fake transactions , the Jakarta Post reported on Tuesday .
Output: Indonesia(B-LOC) 's(O) central(O) bank(O) suffered(O) seven(O) billion(O) rupiah(O) ((O) $(O) 2.9(O) million(O) )(O) in(O) losses(O) resulting(O) from(O) fake(O) transactions(O) ,(O) the(O) Jakarta(B-ORG) Post(I-ORG) reported(O) on(O) Tuesday(O) .(O)"
12432,['Suwon' '1' '3' '0' '7' '3' '6'],"['B-ORG', 'O', 'O', 'O', 'O', 'O', 'O']",Suwon 1 3 0 7 3 6,"['Suwon(B-ORG)', '1(O)', '3(O)', '0(O)', '7(O)', '3(O)', '6(O)']",Suwon(B-ORG) 1(O) 3(O) 0(O) 7(O) 3(O) 6(O),"Input: Suwon 1 3 0 7 3 6
Output: Suwon(B-ORG) 1(O) 3(O) 0(O) 7(O) 3(O) 6(O)"
6686,['MTK' '3' 'Ferencvaros' '0'],"['B-ORG', 'O', 'B-ORG', 'O']",MTK 3 Ferencvaros 0,"['MTK(B-ORG)', '3(O)', 'Ferencvaros(B-ORG)', '0(O)']",MTK(B-ORG) 3(O) Ferencvaros(B-ORG) 0(O),"Input: MTK 3 Ferencvaros 0
Output: MTK(B-ORG) 3(O) Ferencvaros(B-ORG) 0(O)"
13584,"['Santa' 'Puglisi' ',' '22' ',' 'and' 'Salvatore' 'Botta' 'were' 'gunned'
 'down' 'in' 'a' 'cemetery' 'in' 'this' 'eastern' 'Sicilian' 'city' 'on'
 'Tuesday' 'in' 'a' 'crime' 'which' 'shocked' 'even' 'hardened'
 'anti-Mafia' 'investigators' '.']","['B-PER', 'I-PER', 'O', 'O', 'O', 'O', 'B-PER', 'I-PER', 'O', 'O', 'O', 'O', 'O', 'O', 'O', 'O', 'O', 'B-MISC', 'O', 'O', 'O', 'O', 'O', 'O', 'O', 'O', 'O', 'O', 'O', 'O', 'O']","Santa Puglisi , 22 , and Salvatore Botta were gunned down in a cemetery in this eastern Sicilian city on Tuesday in a crime which shocked even hardened anti-Mafia investigators .","['Santa(B-PER)', 'Puglisi(I-PER)', ',(O)', '22(O)', ',(O)', 'and(O)', 'Salvatore(B-PER)', 'Botta(I-PER)', 'were(O)', 'gunned(O)', 'down(O)', 'in(O)', 'a(O)', 'cemetery(O)', 'in(O)', 'this(O)', 'eastern(O)', 'Sicilian(B-MISC)', 'city(O)', 'on(O)', 'Tuesday(O)', 'in(O)', 'a(O)', 'crime(O)', 'which(O)', 'shocked(O)', 'even(O)', 'hardened(O)', 'anti-Mafia(O)', 'investigators(O)', '.(O)']","Santa(B-PER) Puglisi(I-PER) ,(O) 22(O) ,(O) and(O) Salvatore(B-PER) Botta(I-PER) were(O) gunned(O) down(O) in(O) a(O) cemetery(O) in(O) this(O) eastern(O) Sicilian(B-MISC) city(O) on(O) Tuesday(O) in(O) a(O) crime(O) which(O) shocked(O) even(O) hardened(O) anti-Mafia(O) investigators(O) .(O)","Input: Santa Puglisi , 22 , and Salvatore Botta were gunned down in a cemetery in this eastern Sicilian city on Tuesday in a crime which shocked even hardened anti-Mafia investigators .
Output: Santa(B-PER) Puglisi(I-PER) ,(O) 22(O) ,(O) and(O) Salvatore(B-PER) Botta(I-PER) were(O) gunned(O) down(O) in(O) a(O) cemetery(O) in(O) this(O) eastern(O) Sicilian(B-MISC) city(O) on(O) Tuesday(O) in(O) a(O) crime(O) which(O) shocked(O) even(O) hardened(O) anti-Mafia(O) investigators(O) .(O)"
10430,['EASTERN' 'DIVISION'],"['B-MISC', 'I-MISC']",EASTERN DIVISION,"['EASTERN(B-MISC)', 'DIVISION(I-MISC)']",EASTERN(B-MISC) DIVISION(I-MISC),"Input: EASTERN DIVISION
Output: EASTERN(B-MISC) DIVISION(I-MISC)"
14024,"['69' '76' '73' ',' 'Mark' 'Roe' '69' '71' '78']","['O', 'O', 'O', 'O', 'B-PER', 'I-PER', 'O', 'O', 'O']","69 76 73 , Mark Roe 69 71 78","['69(O)', '76(O)', '73(O)', ',(O)', 'Mark(B-PER)', 'Roe(I-PER)', '69(O)', '71(O)', '78(O)']","69(O) 76(O) 73(O) ,(O) Mark(B-PER) Roe(I-PER) 69(O) 71(O) 78(O)","Input: 69 76 73 , Mark Roe 69 71 78
Output: 69(O) 76(O) 73(O) ,(O) Mark(B-PER) Roe(I-PER) 69(O) 71(O) 78(O)"
2802,"['The' 'Andean' 'nation' ""'s"" 'population' 'of' '11.4' 'million' 'is' '47'
 'percent' 'indigenous' '.']","['O', 'B-MISC', 'O', 'O', 'O', 'O', 'O', 'O', 'O', 'O', 'O', 'O', 'O']",The Andean nation 's population of 11.4 million is 47 percent indigenous .,"['The(O)', 'Andean(B-MISC)', 'nation(O)', ""'s(O)"", 'population(O)', 'of(O)', '11.4(O)', 'million(O)', 'is(O)', '47(O)', 'percent(O)', 'indigenous(O)', '.(O)']",The(O) Andean(B-MISC) nation(O) 's(O) population(O) of(O) 11.4(O) million(O) is(O) 47(O) percent(O) indigenous(O) .(O),"Input: The Andean nation 's population of 11.4 million is 47 percent indigenous .
Output: The(O) Andean(B-MISC) nation(O) 's(O) population(O) of(O) 11.4(O) million(O) is(O) 47(O) percent(O) indigenous(O) .(O)"
10293,"['""' 'We' 'were' 'not' 'able' 'to' 'consider' 'Jacques' 'Kallis' ','
 'Paul' 'Adams' 'and' 'Shaun' 'Pollock' 'due' 'to' 'injury' 'and' 'the'
 'replacements' 'have' 'all' 'come' 'from' 'the' 'A' 'tour' 'and' 'it'
 ""'s"" 'great' 'that' 'they' 'are' 'all' 'in' 'form' '.' '""']","['O', 'O', 'O', 'O', 'O', 'O', 'O', 'B-PER', 'I-PER', 'O', 'B-PER', 'I-PER', 'O', 'B-PER', 'I-PER', 'O', 'O', 'O', 'O', 'O', 'O', 'O', 'O', 'O', 'O', 'O', 'O', 'O', 'O', 'O', 'O', 'O', 'O', 'O', 'O', 'O', 'O', 'O', 'O', 'O']",""" We were not able to consider Jacques Kallis , Paul Adams and Shaun Pollock due to injury and the replacements have all come from the A tour and it 's great that they are all in form . ""","['""(O)', 'We(O)', 'were(O)', 'not(O)', 'able(O)', 'to(O)', 'consider(O)', 'Jacques(B-PER)', 'Kallis(I-PER)', ',(O)', 'Paul(B-PER)', 'Adams(I-PER)', 'and(O)', 'Shaun(B-PER)', 'Pollock(I-PER)', 'due(O)', 'to(O)', 'injury(O)', 'and(O)', 'the(O)', 'replacements(O)', 'have(O)', 'all(O)', 'come(O)', 'from(O)', 'the(O)', 'A(O)', 'tour(O)', 'and(O)', 'it(O)', ""'s(O)"", 'great(O)', 'that(O)', 'they(O)', 'are(O)', 'all(O)', 'in(O)', 'form(O)', '.(O)', '""(O)']","""(O) We(O) were(O) not(O) able(O) to(O) consider(O) Jacques(B-PER) Kallis(I-PER) ,(O) Paul(B-PER) Adams(I-PER) and(O) Shaun(B-PER) Pollock(I-PER) due(O) to(O) injury(O) and(O) the(O) replacements(O) have(O) all(O) come(O) from(O) the(O) A(O) tour(O) and(O) it(O) 's(O) great(O) that(O) they(O) are(O) all(O) in(O) form(O) .(O) ""(O)","Input: "" We were not able to consider Jacques Kallis , Paul Adams and Shaun Pollock due to injury and the replacements have all come from the A tour and it 's great that they are all in form . ""
Output: ""(O) We(O) were(O) not(O) able(O) to(O) consider(O) Jacques(B-PER) Kallis(I-PER) ,(O) Paul(B-PER) Adams(I-PER) and(O) Shaun(B-PER) Pollock(I-PER) due(O) to(O) injury(O) and(O) the(O) replacements(O) have(O) all(O) come(O) from(O) the(O) A(O) tour(O) and(O) it(O) 's(O) great(O) that(O) they(O) are(O) all(O) in(O) form(O) .(O) ""(O)"
7847,"['--' 'U.S.' 'Municipal' 'Desk' ',' '212-859-1650']","['O', 'B-ORG', 'I-ORG', 'I-ORG', 'O', 'O']","-- U.S. Municipal Desk , 212-859-1650","['--(O)', 'U.S.(B-ORG)', 'Municipal(I-ORG)', 'Desk(I-ORG)', ',(O)', '212-859-1650(O)']","--(O) U.S.(B-ORG) Municipal(I-ORG) Desk(I-ORG) ,(O) 212-859-1650(O)","Input: -- U.S. Municipal Desk , 212-859-1650
Output: --(O) U.S.(B-ORG) Municipal(I-ORG) Desk(I-ORG) ,(O) 212-859-1650(O)"
6431,"['At' 'Northampton' ':' 'Northamptonshire' 'beat' 'Sussex' 'by' '6'
 'wickets' '.']","['O', 'B-LOC', 'O', 'B-ORG', 'O', 'B-ORG', 'O', 'O', 'O', 'O']",At Northampton : Northamptonshire beat Sussex by 6 wickets .,"['At(O)', 'Northampton(B-LOC)', ':(O)', 'Northamptonshire(B-ORG)', 'beat(O)', 'Sussex(B-ORG)', 'by(O)', '6(O)', 'wickets(O)', '.(O)']",At(O) Northampton(B-LOC) :(O) Northamptonshire(B-ORG) beat(O) Sussex(B-ORG) by(O) 6(O) wickets(O) .(O),"Input: At Northampton : Northamptonshire beat Sussex by 6 wickets .
Output: At(O) Northampton(B-LOC) :(O) Northamptonshire(B-ORG) beat(O) Sussex(B-ORG) by(O) 6(O) wickets(O) .(O)"
8709,['1860' 'Munich' '3' '1' '0' '2' '3' '5' '3'],"['B-ORG', 'I-ORG', 'O', 'O', 'O', 'O', 'O', 'O', 'O']",1860 Munich 3 1 0 2 3 5 3,"['1860(B-ORG)', 'Munich(I-ORG)', '3(O)', '1(O)', '0(O)', '2(O)', '3(O)', '5(O)', '3(O)']",1860(B-ORG) Munich(I-ORG) 3(O) 1(O) 0(O) 2(O) 3(O) 5(O) 3(O),"Input: 1860 Munich 3 1 0 2 3 5 3
Output: 1860(B-ORG) Munich(I-ORG) 3(O) 1(O) 0(O) 2(O) 3(O) 5(O) 3(O)"
165,"['Israeli' 'Prime' 'Minister' 'Benjamin' 'Netanyahu' 'has' 'accused'
 'opposition' 'leader' 'Peres' ',' 'who' 'he' 'defeated' 'in' 'May'
 'elections' ',' 'of' 'trying' 'to' 'undermine' 'his' 'Likud' 'government'
 ""'s"" 'authority' 'to' 'conduct' 'peace' 'talks' '.']","['B-MISC', 'O', 'O', 'B-PER', 'I-PER', 'O', 'O', 'O', 'O', 'B-PER', 'O', 'O', 'O', 'O', 'O', 'O', 'O', 'O', 'O', 'O', 'O', 'O', 'O', 'B-ORG', 'O', 'O', 'O', 'O', 'O', 'O', 'O', 'O']","Israeli Prime Minister Benjamin Netanyahu has accused opposition leader Peres , who he defeated in May elections , of trying to undermine his Likud government 's authority to conduct peace talks .","['Israeli(B-MISC)', 'Prime(O)', 'Minister(O)', 'Benjamin(B-PER)', 'Netanyahu(I-PER)', 'has(O)', 'accused(O)', 'opposition(O)', 'leader(O)', 'Peres(B-PER)', ',(O)', 'who(O)', 'he(O)', 'defeated(O)', 'in(O)', 'May(O)', 'elections(O)', ',(O)', 'of(O)', 'trying(O)', 'to(O)', 'undermine(O)', 'his(O)', 'Likud(B-ORG)', 'government(O)', ""'s(O)"", 'authority(O)', 'to(O)', 'conduct(O)', 'peace(O)', 'talks(O)', '.(O)']","Israeli(B-MISC) Prime(O) Minister(O) Benjamin(B-PER) Netanyahu(I-PER) has(O) accused(O) opposition(O) leader(O) Peres(B-PER) ,(O) who(O) he(O) defeated(O) in(O) May(O) elections(O) ,(O) of(O) trying(O) to(O) undermine(O) his(O) Likud(B-ORG) government(O) 's(O) authority(O) to(O) conduct(O) peace(O) talks(O) .(O)","Input: Israeli Prime Minister Benjamin Netanyahu has accused opposition leader Peres , who he defeated in May elections , of trying to undermine his Likud government 's authority to conduct peace talks .
Output: Israeli(B-MISC) Prime(O) Minister(O) Benjamin(B-PER) Netanyahu(I-PER) has(O) accused(O) opposition(O) leader(O) Peres(B-PER) ,(O) who(O) he(O) defeated(O) in(O) May(O) elections(O) ,(O) of(O) trying(O) to(O) undermine(O) his(O) Likud(B-ORG) government(O) 's(O) authority(O) to(O) conduct(O) peace(O) talks(O) .(O)"
13343,"['I' ""'m"" 'not' 'a' 'supermodel' 'you' 'know' ',' '""' 'he' 'said' '.']","['O', 'O', 'O', 'O', 'O', 'O', 'O', 'O', 'O', 'O', 'O', 'O']","I 'm not a supermodel you know , "" he said .","['I(O)', ""'m(O)"", 'not(O)', 'a(O)', 'supermodel(O)', 'you(O)', 'know(O)', ',(O)', '""(O)', 'he(O)', 'said(O)', '.(O)']","I(O) 'm(O) not(O) a(O) supermodel(O) you(O) know(O) ,(O) ""(O) he(O) said(O) .(O)","Input: I 'm not a supermodel you know , "" he said .
Output: I(O) 'm(O) not(O) a(O) supermodel(O) you(O) know(O) ,(O) ""(O) he(O) said(O) .(O)"
6733,['Kaucuk' 'Opava' '3' '1' '2' '0' '2' '1' '5'],"['B-ORG', 'I-ORG', 'O', 'O', 'O', 'O', 'O', 'O', 'O']",Kaucuk Opava 3 1 2 0 2 1 5,"['Kaucuk(B-ORG)', 'Opava(I-ORG)', '3(O)', '1(O)', '2(O)', '0(O)', '2(O)', '1(O)', '5(O)']",Kaucuk(B-ORG) Opava(I-ORG) 3(O) 1(O) 2(O) 0(O) 2(O) 1(O) 5(O),"Input: Kaucuk Opava 3 1 2 0 2 1 5
Output: Kaucuk(B-ORG) Opava(I-ORG) 3(O) 1(O) 2(O) 0(O) 2(O) 1(O) 5(O)"
8852,['CBOE' 'in' 'routine' 'review' 'of' 'MFS' 'options' '.'],"['B-ORG', 'O', 'O', 'O', 'O', 'B-ORG', 'O', 'O']",CBOE in routine review of MFS options .,"['CBOE(B-ORG)', 'in(O)', 'routine(O)', 'review(O)', 'of(O)', 'MFS(B-ORG)', 'options(O)', '.(O)']",CBOE(B-ORG) in(O) routine(O) review(O) of(O) MFS(B-ORG) options(O) .(O),"Input: CBOE in routine review of MFS options .
Output: CBOE(B-ORG) in(O) routine(O) review(O) of(O) MFS(B-ORG) options(O) .(O)"
2732,"['They' 'have' 'not' 'lifted' 'a' 'European' 'Trophy' 'since' '1991'
 'when' 'they' 'beat' 'Barcelona' 'in' 'the' 'Cup' 'Winners' ""'"" 'Cup'
 'final' ',' 'and' 'their' 'one' 'and' 'only' 'European' 'Cup' 'triumph'
 'was' 'way' 'back' 'in' '1968' ',' 'when' 'they' 'beat' 'Benfica' 'of'
 'Portugal' '4-1' 'at' 'Wembley' '.']","['O', 'O', 'O', 'O', 'O', 'B-MISC', 'I-MISC', 'O', 'O', 'O', 'O', 'O', 'B-ORG', 'O', 'O', 'B-MISC', 'I-MISC', 'I-MISC', 'I-MISC', 'O', 'O', 'O', 'O', 'O', 'O', 'O', 'B-MISC', 'I-MISC', 'O', 'O', 'O', 'O', 'O', 'O', 'O', 'O', 'O', 'O', 'B-ORG', 'O', 'B-LOC', 'O', 'O', 'B-LOC', 'O']","They have not lifted a European Trophy since 1991 when they beat Barcelona in the Cup Winners ' Cup final , and their one and only European Cup triumph was way back in 1968 , when they beat Benfica of Portugal 4-1 at Wembley .","['They(O)', 'have(O)', 'not(O)', 'lifted(O)', 'a(O)', 'European(B-MISC)', 'Trophy(I-MISC)', 'since(O)', '1991(O)', 'when(O)', 'they(O)', 'beat(O)', 'Barcelona(B-ORG)', 'in(O)', 'the(O)', 'Cup(B-MISC)', 'Winners(I-MISC)', ""'(I-MISC)"", 'Cup(I-MISC)', 'final(O)', ',(O)', 'and(O)', 'their(O)', 'one(O)', 'and(O)', 'only(O)', 'European(B-MISC)', 'Cup(I-MISC)', 'triumph(O)', 'was(O)', 'way(O)', 'back(O)', 'in(O)', '1968(O)', ',(O)', 'when(O)', 'they(O)', 'beat(O)', 'Benfica(B-ORG)', 'of(O)', 'Portugal(B-LOC)', '4-1(O)', 'at(O)', 'Wembley(B-LOC)', '.(O)']","They(O) have(O) not(O) lifted(O) a(O) European(B-MISC) Trophy(I-MISC) since(O) 1991(O) when(O) they(O) beat(O) Barcelona(B-ORG) in(O) the(O) Cup(B-MISC) Winners(I-MISC) '(I-MISC) Cup(I-MISC) final(O) ,(O) and(O) their(O) one(O) and(O) only(O) European(B-MISC) Cup(I-MISC) triumph(O) was(O) way(O) back(O) in(O) 1968(O) ,(O) when(O) they(O) beat(O) Benfica(B-ORG) of(O) Portugal(B-LOC) 4-1(O) at(O) Wembley(B-LOC) .(O)","Input: They have not lifted a European Trophy since 1991 when they beat Barcelona in the Cup Winners ' Cup final , and their one and only European Cup triumph was way back in 1968 , when they beat Benfica of Portugal 4-1 at Wembley .
Output: They(O) have(O) not(O) lifted(O) a(O) European(B-MISC) Trophy(I-MISC) since(O) 1991(O) when(O) they(O) beat(O) Barcelona(B-ORG) in(O) the(O) Cup(B-MISC) Winners(I-MISC) '(I-MISC) Cup(I-MISC) final(O) ,(O) and(O) their(O) one(O) and(O) only(O) European(B-MISC) Cup(I-MISC) triumph(O) was(O) way(O) back(O) in(O) 1968(O) ,(O) when(O) they(O) beat(O) Benfica(B-ORG) of(O) Portugal(B-LOC) 4-1(O) at(O) Wembley(B-LOC) .(O)"
4641,['GTR'],['B-MISC'],GTR,['GTR(B-MISC)'],GTR(B-MISC),"Input: GTR
Output: GTR(B-MISC)"
8455,"['Tim' 'Henman' '(' 'Britain' ')' 'beat' 'Roberto' 'Jabali' '(' 'Brazil'
 ')' '6-2' '6-3' '6-4']","['B-PER', 'I-PER', 'O', 'B-LOC', 'O', 'O', 'B-PER', 'I-PER', 'O', 'B-LOC', 'O', 'O', 'O', 'O']",Tim Henman ( Britain ) beat Roberto Jabali ( Brazil ) 6-2 6-3 6-4,"['Tim(B-PER)', 'Henman(I-PER)', '((O)', 'Britain(B-LOC)', ')(O)', 'beat(O)', 'Roberto(B-PER)', 'Jabali(I-PER)', '((O)', 'Brazil(B-LOC)', ')(O)', '6-2(O)', '6-3(O)', '6-4(O)']",Tim(B-PER) Henman(I-PER) ((O) Britain(B-LOC) )(O) beat(O) Roberto(B-PER) Jabali(I-PER) ((O) Brazil(B-LOC) )(O) 6-2(O) 6-3(O) 6-4(O),"Input: Tim Henman ( Britain ) beat Roberto Jabali ( Brazil ) 6-2 6-3 6-4
Output: Tim(B-PER) Henman(I-PER) ((O) Britain(B-LOC) )(O) beat(O) Roberto(B-PER) Jabali(I-PER) ((O) Brazil(B-LOC) )(O) 6-2(O) 6-3(O) 6-4(O)"
13591,"['LIMERICK' ',' 'Ireland' '1996-08-29']","['B-LOC', 'O', 'B-LOC', 'O']","LIMERICK , Ireland 1996-08-29","['LIMERICK(B-LOC)', ',(O)', 'Ireland(B-LOC)', '1996-08-29(O)']","LIMERICK(B-LOC) ,(O) Ireland(B-LOC) 1996-08-29(O)","Input: LIMERICK , Ireland 1996-08-29
Output: LIMERICK(B-LOC) ,(O) Ireland(B-LOC) 1996-08-29(O)"
5517,['Molde' '19' '8' '3' '8' '36' '25' '27'],"['B-ORG', 'O', 'O', 'O', 'O', 'O', 'O', 'O']",Molde 19 8 3 8 36 25 27,"['Molde(B-ORG)', '19(O)', '8(O)', '3(O)', '8(O)', '36(O)', '25(O)', '27(O)']",Molde(B-ORG) 19(O) 8(O) 3(O) 8(O) 36(O) 25(O) 27(O),"Input: Molde 19 8 3 8 36 25 27
Output: Molde(B-ORG) 19(O) 8(O) 3(O) 8(O) 36(O) 25(O) 27(O)"
1559,"['Gujral' 'said' 'India' 'would' 're-examine' 'its' 'position' 'if' 'the'
 'treaty' ',' 'particularly' 'a' 'clause' 'providing' 'for' 'its' 'entry'
 'into' 'force' ',' 'was' 'modified' '.']","['B-PER', 'O', 'B-LOC', 'O', 'O', 'O', 'O', 'O', 'O', 'O', 'O', 'O', 'O', 'O', 'O', 'O', 'O', 'O', 'O', 'O', 'O', 'O', 'O', 'O']","Gujral said India would re-examine its position if the treaty , particularly a clause providing for its entry into force , was modified .","['Gujral(B-PER)', 'said(O)', 'India(B-LOC)', 'would(O)', 're-examine(O)', 'its(O)', 'position(O)', 'if(O)', 'the(O)', 'treaty(O)', ',(O)', 'particularly(O)', 'a(O)', 'clause(O)', 'providing(O)', 'for(O)', 'its(O)', 'entry(O)', 'into(O)', 'force(O)', ',(O)', 'was(O)', 'modified(O)', '.(O)']","Gujral(B-PER) said(O) India(B-LOC) would(O) re-examine(O) its(O) position(O) if(O) the(O) treaty(O) ,(O) particularly(O) a(O) clause(O) providing(O) for(O) its(O) entry(O) into(O) force(O) ,(O) was(O) modified(O) .(O)","Input: Gujral said India would re-examine its position if the treaty , particularly a clause providing for its entry into force , was modified .
Output: Gujral(B-PER) said(O) India(B-LOC) would(O) re-examine(O) its(O) position(O) if(O) the(O) treaty(O) ,(O) particularly(O) a(O) clause(O) providing(O) for(O) its(O) entry(O) into(O) force(O) ,(O) was(O) modified(O) .(O)"
7255,['1996-08-26'],['O'],1996-08-26,['1996-08-26(O)'],1996-08-26(O),"Input: 1996-08-26
Output: 1996-08-26(O)"
4178,"['An' 'outbreak' 'of' 'cholera' 'has' 'killed' '21' 'people' 'in' 'a'
 'week' 'at' 'Ubimini' 'in' 'oil-rich' 'southern' 'Nigeria' ',' 'the'
 'News' 'Agency' 'of' 'Nigeria' 'reported' 'on' 'Saturday' '.']","['O', 'O', 'O', 'O', 'O', 'O', 'O', 'O', 'O', 'O', 'O', 'O', 'B-LOC', 'O', 'O', 'O', 'B-LOC', 'O', 'O', 'B-ORG', 'I-ORG', 'I-ORG', 'I-ORG', 'O', 'O', 'O', 'O']","An outbreak of cholera has killed 21 people in a week at Ubimini in oil-rich southern Nigeria , the News Agency of Nigeria reported on Saturday .","['An(O)', 'outbreak(O)', 'of(O)', 'cholera(O)', 'has(O)', 'killed(O)', '21(O)', 'people(O)', 'in(O)', 'a(O)', 'week(O)', 'at(O)', 'Ubimini(B-LOC)', 'in(O)', 'oil-rich(O)', 'southern(O)', 'Nigeria(B-LOC)', ',(O)', 'the(O)', 'News(B-ORG)', 'Agency(I-ORG)', 'of(I-ORG)', 'Nigeria(I-ORG)', 'reported(O)', 'on(O)', 'Saturday(O)', '.(O)']","An(O) outbreak(O) of(O) cholera(O) has(O) killed(O) 21(O) people(O) in(O) a(O) week(O) at(O) Ubimini(B-LOC) in(O) oil-rich(O) southern(O) Nigeria(B-LOC) ,(O) the(O) News(B-ORG) Agency(I-ORG) of(I-ORG) Nigeria(I-ORG) reported(O) on(O) Saturday(O) .(O)","Input: An outbreak of cholera has killed 21 people in a week at Ubimini in oil-rich southern Nigeria , the News Agency of Nigeria reported on Saturday .
Output: An(O) outbreak(O) of(O) cholera(O) has(O) killed(O) 21(O) people(O) in(O) a(O) week(O) at(O) Ubimini(B-LOC) in(O) oil-rich(O) southern(O) Nigeria(B-LOC) ,(O) the(O) News(B-ORG) Agency(I-ORG) of(I-ORG) Nigeria(I-ORG) reported(O) on(O) Saturday(O) .(O)"
715,['Carlos' 'Moya' '(' 'Spain' ')' 'vs.' 'Scott' 'Humphries' '(' 'U.S.' ')'],"['B-PER', 'I-PER', 'O', 'B-LOC', 'O', 'O', 'B-PER', 'I-PER', 'O', 'B-LOC', 'O']",Carlos Moya ( Spain ) vs. Scott Humphries ( U.S. ),"['Carlos(B-PER)', 'Moya(I-PER)', '((O)', 'Spain(B-LOC)', ')(O)', 'vs.(O)', 'Scott(B-PER)', 'Humphries(I-PER)', '((O)', 'U.S.(B-LOC)', ')(O)']",Carlos(B-PER) Moya(I-PER) ((O) Spain(B-LOC) )(O) vs.(O) Scott(B-PER) Humphries(I-PER) ((O) U.S.(B-LOC) )(O),"Input: Carlos Moya ( Spain ) vs. Scott Humphries ( U.S. )
Output: Carlos(B-PER) Moya(I-PER) ((O) Spain(B-LOC) )(O) vs.(O) Scott(B-PER) Humphries(I-PER) ((O) U.S.(B-LOC) )(O)"
10019,"['Martin' 'Gates' ',' 'Anders' 'Haglund' '(' 'Sweden' ')']","['B-PER', 'I-PER', 'O', 'B-PER', 'I-PER', 'O', 'B-LOC', 'O']","Martin Gates , Anders Haglund ( Sweden )","['Martin(B-PER)', 'Gates(I-PER)', ',(O)', 'Anders(B-PER)', 'Haglund(I-PER)', '((O)', 'Sweden(B-LOC)', ')(O)']","Martin(B-PER) Gates(I-PER) ,(O) Anders(B-PER) Haglund(I-PER) ((O) Sweden(B-LOC) )(O)","Input: Martin Gates , Anders Haglund ( Sweden )
Output: Martin(B-PER) Gates(I-PER) ,(O) Anders(B-PER) Haglund(I-PER) ((O) Sweden(B-LOC) )(O)"
12068,"['Shares' 'of' 'Hwa' 'Kay' 'Thai' 'Holdings' 'Ltd' 'plunged' 'to' 'an'
 'all-time' 'low' 'after' 'the' 'company' 'announced' 'a' 'rights' 'issue'
 'plan' 'and' 'also' 'reported' 'a' 'sharp' 'fall' 'in' 'earnings' ','
 'brokers' 'said' '.']","['O', 'O', 'B-ORG', 'I-ORG', 'I-ORG', 'I-ORG', 'I-ORG', 'O', 'O', 'O', 'O', 'O', 'O', 'O', 'O', 'O', 'O', 'O', 'O', 'O', 'O', 'O', 'O', 'O', 'O', 'O', 'O', 'O', 'O', 'O', 'O', 'O']","Shares of Hwa Kay Thai Holdings Ltd plunged to an all-time low after the company announced a rights issue plan and also reported a sharp fall in earnings , brokers said .","['Shares(O)', 'of(O)', 'Hwa(B-ORG)', 'Kay(I-ORG)', 'Thai(I-ORG)', 'Holdings(I-ORG)', 'Ltd(I-ORG)', 'plunged(O)', 'to(O)', 'an(O)', 'all-time(O)', 'low(O)', 'after(O)', 'the(O)', 'company(O)', 'announced(O)', 'a(O)', 'rights(O)', 'issue(O)', 'plan(O)', 'and(O)', 'also(O)', 'reported(O)', 'a(O)', 'sharp(O)', 'fall(O)', 'in(O)', 'earnings(O)', ',(O)', 'brokers(O)', 'said(O)', '.(O)']","Shares(O) of(O) Hwa(B-ORG) Kay(I-ORG) Thai(I-ORG) Holdings(I-ORG) Ltd(I-ORG) plunged(O) to(O) an(O) all-time(O) low(O) after(O) the(O) company(O) announced(O) a(O) rights(O) issue(O) plan(O) and(O) also(O) reported(O) a(O) sharp(O) fall(O) in(O) earnings(O) ,(O) brokers(O) said(O) .(O)","Input: Shares of Hwa Kay Thai Holdings Ltd plunged to an all-time low after the company announced a rights issue plan and also reported a sharp fall in earnings , brokers said .
Output: Shares(O) of(O) Hwa(B-ORG) Kay(I-ORG) Thai(I-ORG) Holdings(I-ORG) Ltd(I-ORG) plunged(O) to(O) an(O) all-time(O) low(O) after(O) the(O) company(O) announced(O) a(O) rights(O) issue(O) plan(O) and(O) also(O) reported(O) a(O) sharp(O) fall(O) in(O) earnings(O) ,(O) brokers(O) said(O) .(O)"
7433,"['This' ',' 'according' 'to' 'the' 'trader' ',' 'was' 'typical' 'of'
 'month-end' 'position-squaring' '--' 'and' 'the' 'fact' 'that' 'a'
 'stronger' 'U.S.' 'currency' 'helps' 'limit' 'some' 'foreign' 'exchange'
 'losses' '.']","['O', 'O', 'O', 'O', 'O', 'O', 'O', 'O', 'O', 'O', 'O', 'O', 'O', 'O', 'O', 'O', 'O', 'O', 'O', 'B-LOC', 'O', 'O', 'O', 'O', 'O', 'O', 'O', 'O']","This , according to the trader , was typical of month-end position-squaring -- and the fact that a stronger U.S. currency helps limit some foreign exchange losses .","['This(O)', ',(O)', 'according(O)', 'to(O)', 'the(O)', 'trader(O)', ',(O)', 'was(O)', 'typical(O)', 'of(O)', 'month-end(O)', 'position-squaring(O)', '--(O)', 'and(O)', 'the(O)', 'fact(O)', 'that(O)', 'a(O)', 'stronger(O)', 'U.S.(B-LOC)', 'currency(O)', 'helps(O)', 'limit(O)', 'some(O)', 'foreign(O)', 'exchange(O)', 'losses(O)', '.(O)']","This(O) ,(O) according(O) to(O) the(O) trader(O) ,(O) was(O) typical(O) of(O) month-end(O) position-squaring(O) --(O) and(O) the(O) fact(O) that(O) a(O) stronger(O) U.S.(B-LOC) currency(O) helps(O) limit(O) some(O) foreign(O) exchange(O) losses(O) .(O)","Input: This , according to the trader , was typical of month-end position-squaring -- and the fact that a stronger U.S. currency helps limit some foreign exchange losses .
Output: This(O) ,(O) according(O) to(O) the(O) trader(O) ,(O) was(O) typical(O) of(O) month-end(O) position-squaring(O) --(O) and(O) the(O) fact(O) that(O) a(O) stronger(O) U.S.(B-LOC) currency(O) helps(O) limit(O) some(O) foreign(O) exchange(O) losses(O) .(O)"
8101,"['""' 'We' 'had' '300' 'Earth' 'First' 'protestors' 'invade' 'and' 'occupy'
 'our' 'site' '.']","['O', 'O', 'O', 'O', 'B-ORG', 'I-ORG', 'O', 'O', 'O', 'O', 'O', 'O', 'O']",""" We had 300 Earth First protestors invade and occupy our site .","['""(O)', 'We(O)', 'had(O)', '300(O)', 'Earth(B-ORG)', 'First(I-ORG)', 'protestors(O)', 'invade(O)', 'and(O)', 'occupy(O)', 'our(O)', 'site(O)', '.(O)']","""(O) We(O) had(O) 300(O) Earth(B-ORG) First(I-ORG) protestors(O) invade(O) and(O) occupy(O) our(O) site(O) .(O)","Input: "" We had 300 Earth First protestors invade and occupy our site .
Output: ""(O) We(O) had(O) 300(O) Earth(B-ORG) First(I-ORG) protestors(O) invade(O) and(O) occupy(O) our(O) site(O) .(O)"
11395,['I' 'was' 'talking' 'about' 'drugs' '.'],"['O', 'O', 'O', 'O', 'O', 'O']",I was talking about drugs .,"['I(O)', 'was(O)', 'talking(O)', 'about(O)', 'drugs(O)', '.(O)']",I(O) was(O) talking(O) about(O) drugs(O) .(O),"Input: I was talking about drugs .
Output: I(O) was(O) talking(O) about(O) drugs(O) .(O)"
3852,['DETROIT' 'AT' 'KANSAS' 'CITY'],"['B-ORG', 'O', 'B-LOC', 'I-LOC']",DETROIT AT KANSAS CITY,"['DETROIT(B-ORG)', 'AT(O)', 'KANSAS(B-LOC)', 'CITY(I-LOC)']",DETROIT(B-ORG) AT(O) KANSAS(B-LOC) CITY(I-LOC),"Input: DETROIT AT KANSAS CITY
Output: DETROIT(B-ORG) AT(O) KANSAS(B-LOC) CITY(I-LOC)"
13717,"['The' 'rate' 'closed' 'at' 'T$' '27.482' 'against' 'Wednesday' ""'s"" 'T$'
 '27.495' '.']","['O', 'O', 'O', 'O', 'B-MISC', 'O', 'O', 'O', 'O', 'B-MISC', 'O', 'O']",The rate closed at T$ 27.482 against Wednesday 's T$ 27.495 .,"['The(O)', 'rate(O)', 'closed(O)', 'at(O)', 'T$(B-MISC)', '27.482(O)', 'against(O)', 'Wednesday(O)', ""'s(O)"", 'T$(B-MISC)', '27.495(O)', '.(O)']",The(O) rate(O) closed(O) at(O) T$(B-MISC) 27.482(O) against(O) Wednesday(O) 's(O) T$(B-MISC) 27.495(O) .(O),"Input: The rate closed at T$ 27.482 against Wednesday 's T$ 27.495 .
Output: The(O) rate(O) closed(O) at(O) T$(B-MISC) 27.482(O) against(O) Wednesday(O) 's(O) T$(B-MISC) 27.495(O) .(O)"
9592,"['We' 'now' 'have' 'the' 'opportunity' 'to' 'realize' 'the' 'potential'
 'of' 'Arequipa' ""'s"" 'excellent' 'assets' ',' '""' 'Barrick' 'chairman'
 'and' 'chief' 'executive' 'Peter' 'Munk' 'said' 'in' 'a' 'statement' '.']","['O', 'O', 'O', 'O', 'O', 'O', 'O', 'O', 'O', 'O', 'B-ORG', 'O', 'O', 'O', 'O', 'O', 'B-ORG', 'O', 'O', 'O', 'O', 'B-PER', 'I-PER', 'O', 'O', 'O', 'O', 'O']","We now have the opportunity to realize the potential of Arequipa 's excellent assets , "" Barrick chairman and chief executive Peter Munk said in a statement .","['We(O)', 'now(O)', 'have(O)', 'the(O)', 'opportunity(O)', 'to(O)', 'realize(O)', 'the(O)', 'potential(O)', 'of(O)', 'Arequipa(B-ORG)', ""'s(O)"", 'excellent(O)', 'assets(O)', ',(O)', '""(O)', 'Barrick(B-ORG)', 'chairman(O)', 'and(O)', 'chief(O)', 'executive(O)', 'Peter(B-PER)', 'Munk(I-PER)', 'said(O)', 'in(O)', 'a(O)', 'statement(O)', '.(O)']","We(O) now(O) have(O) the(O) opportunity(O) to(O) realize(O) the(O) potential(O) of(O) Arequipa(B-ORG) 's(O) excellent(O) assets(O) ,(O) ""(O) Barrick(B-ORG) chairman(O) and(O) chief(O) executive(O) Peter(B-PER) Munk(I-PER) said(O) in(O) a(O) statement(O) .(O)","Input: We now have the opportunity to realize the potential of Arequipa 's excellent assets , "" Barrick chairman and chief executive Peter Munk said in a statement .
Output: We(O) now(O) have(O) the(O) opportunity(O) to(O) realize(O) the(O) potential(O) of(O) Arequipa(B-ORG) 's(O) excellent(O) assets(O) ,(O) ""(O) Barrick(B-ORG) chairman(O) and(O) chief(O) executive(O) Peter(B-PER) Munk(I-PER) said(O) in(O) a(O) statement(O) .(O)"
7720,"['Gephardt' ',' 'a' 'red-haired' 'square-jawed' 'man' ',' 'is' 'a' 'less'
 'than' 'fiery' 'orator' '.']","['B-PER', 'O', 'O', 'O', 'O', 'O', 'O', 'O', 'O', 'O', 'O', 'O', 'O', 'O']","Gephardt , a red-haired square-jawed man , is a less than fiery orator .","['Gephardt(B-PER)', ',(O)', 'a(O)', 'red-haired(O)', 'square-jawed(O)', 'man(O)', ',(O)', 'is(O)', 'a(O)', 'less(O)', 'than(O)', 'fiery(O)', 'orator(O)', '.(O)']","Gephardt(B-PER) ,(O) a(O) red-haired(O) square-jawed(O) man(O) ,(O) is(O) a(O) less(O) than(O) fiery(O) orator(O) .(O)","Input: Gephardt , a red-haired square-jawed man , is a less than fiery orator .
Output: Gephardt(B-PER) ,(O) a(O) red-haired(O) square-jawed(O) man(O) ,(O) is(O) a(O) less(O) than(O) fiery(O) orator(O) .(O)"
5594,"['10.' 'Stephen' 'Ames' '(' 'Trinidad' ')' '211,175']","['O', 'B-PER', 'I-PER', 'O', 'B-LOC', 'O', 'O']","10. Stephen Ames ( Trinidad ) 211,175","['10.(O)', 'Stephen(B-PER)', 'Ames(I-PER)', '((O)', 'Trinidad(B-LOC)', ')(O)', '211,175(O)']","10.(O) Stephen(B-PER) Ames(I-PER) ((O) Trinidad(B-LOC) )(O) 211,175(O)","Input: 10. Stephen Ames ( Trinidad ) 211,175
Output: 10.(O) Stephen(B-PER) Ames(I-PER) ((O) Trinidad(B-LOC) )(O) 211,175(O)"
3385,"['On' 'a' 'weekend' 'overshadowed' 'by' 'Friday' ""'s"" 'fatal' 'accident'
 ',' 'four' 'times' 'world' 'champion' 'Kankunnen' 'emerged' 'from' 'the'
 'first' 'five' 'of' 'Saturday' ""'s"" '10' 'stages' 'with' 'a' 'commanding'
 'advantage' 'over' 'his' 'country' ""'s"" 'latest' 'prospect' ',' 'Marcus'
 'Gronholm' ',' 'also' 'in' 'a' 'Toyota' '.']","['O', 'O', 'O', 'O', 'O', 'O', 'O', 'O', 'O', 'O', 'O', 'O', 'O', 'O', 'B-PER', 'O', 'O', 'O', 'O', 'O', 'O', 'O', 'O', 'O', 'O', 'O', 'O', 'O', 'O', 'O', 'O', 'O', 'O', 'O', 'O', 'O', 'B-PER', 'I-PER', 'O', 'O', 'O', 'O', 'B-ORG', 'O']","On a weekend overshadowed by Friday 's fatal accident , four times world champion Kankunnen emerged from the first five of Saturday 's 10 stages with a commanding advantage over his country 's latest prospect , Marcus Gronholm , also in a Toyota .","['On(O)', 'a(O)', 'weekend(O)', 'overshadowed(O)', 'by(O)', 'Friday(O)', ""'s(O)"", 'fatal(O)', 'accident(O)', ',(O)', 'four(O)', 'times(O)', 'world(O)', 'champion(O)', 'Kankunnen(B-PER)', 'emerged(O)', 'from(O)', 'the(O)', 'first(O)', 'five(O)', 'of(O)', 'Saturday(O)', ""'s(O)"", '10(O)', 'stages(O)', 'with(O)', 'a(O)', 'commanding(O)', 'advantage(O)', 'over(O)', 'his(O)', 'country(O)', ""'s(O)"", 'latest(O)', 'prospect(O)', ',(O)', 'Marcus(B-PER)', 'Gronholm(I-PER)', ',(O)', 'also(O)', 'in(O)', 'a(O)', 'Toyota(B-ORG)', '.(O)']","On(O) a(O) weekend(O) overshadowed(O) by(O) Friday(O) 's(O) fatal(O) accident(O) ,(O) four(O) times(O) world(O) champion(O) Kankunnen(B-PER) emerged(O) from(O) the(O) first(O) five(O) of(O) Saturday(O) 's(O) 10(O) stages(O) with(O) a(O) commanding(O) advantage(O) over(O) his(O) country(O) 's(O) latest(O) prospect(O) ,(O) Marcus(B-PER) Gronholm(I-PER) ,(O) also(O) in(O) a(O) Toyota(B-ORG) .(O)","Input: On a weekend overshadowed by Friday 's fatal accident , four times world champion Kankunnen emerged from the first five of Saturday 's 10 stages with a commanding advantage over his country 's latest prospect , Marcus Gronholm , also in a Toyota .
Output: On(O) a(O) weekend(O) overshadowed(O) by(O) Friday(O) 's(O) fatal(O) accident(O) ,(O) four(O) times(O) world(O) champion(O) Kankunnen(B-PER) emerged(O) from(O) the(O) first(O) five(O) of(O) Saturday(O) 's(O) 10(O) stages(O) with(O) a(O) commanding(O) advantage(O) over(O) his(O) country(O) 's(O) latest(O) prospect(O) ,(O) Marcus(B-PER) Gronholm(I-PER) ,(O) also(O) in(O) a(O) Toyota(B-ORG) .(O)"
3423,['RALLYING' '-' 'BELGIAN' 'SPECTATOR' 'DIES' 'IN' 'FINNISH' 'RALLY' '.'],"['O', 'O', 'B-MISC', 'O', 'O', 'O', 'B-MISC', 'O', 'O']",RALLYING - BELGIAN SPECTATOR DIES IN FINNISH RALLY .,"['RALLYING(O)', '-(O)', 'BELGIAN(B-MISC)', 'SPECTATOR(O)', 'DIES(O)', 'IN(O)', 'FINNISH(B-MISC)', 'RALLY(O)', '.(O)']",RALLYING(O) -(O) BELGIAN(B-MISC) SPECTATOR(O) DIES(O) IN(O) FINNISH(B-MISC) RALLY(O) .(O),"Input: RALLYING - BELGIAN SPECTATOR DIES IN FINNISH RALLY .
Output: RALLYING(O) -(O) BELGIAN(B-MISC) SPECTATOR(O) DIES(O) IN(O) FINNISH(B-MISC) RALLY(O) .(O)"
11933,"['Ninety-day' 'bank' 'bill' 'rates' 'shed' 'five' 'points' 'to' '9.93'
 'percent' 'and' 'September' 'bank' 'bill' 'futures' 'rose' 'four' 'to'
 '90.18' '.']","['O', 'O', 'O', 'O', 'O', 'O', 'O', 'O', 'O', 'O', 'O', 'O', 'O', 'O', 'O', 'O', 'O', 'O', 'O', 'O']",Ninety-day bank bill rates shed five points to 9.93 percent and September bank bill futures rose four to 90.18 .,"['Ninety-day(O)', 'bank(O)', 'bill(O)', 'rates(O)', 'shed(O)', 'five(O)', 'points(O)', 'to(O)', '9.93(O)', 'percent(O)', 'and(O)', 'September(O)', 'bank(O)', 'bill(O)', 'futures(O)', 'rose(O)', 'four(O)', 'to(O)', '90.18(O)', '.(O)']",Ninety-day(O) bank(O) bill(O) rates(O) shed(O) five(O) points(O) to(O) 9.93(O) percent(O) and(O) September(O) bank(O) bill(O) futures(O) rose(O) four(O) to(O) 90.18(O) .(O),"Input: Ninety-day bank bill rates shed five points to 9.93 percent and September bank bill futures rose four to 90.18 .
Output: Ninety-day(O) bank(O) bill(O) rates(O) shed(O) five(O) points(O) to(O) 9.93(O) percent(O) and(O) September(O) bank(O) bill(O) futures(O) rose(O) four(O) to(O) 90.18(O) .(O)"
13140,"['CHARLESTON' ',' 'S.C.' '1996-08-29']","['B-LOC', 'O', 'B-LOC', 'O']","CHARLESTON , S.C. 1996-08-29","['CHARLESTON(B-LOC)', ',(O)', 'S.C.(B-LOC)', '1996-08-29(O)']","CHARLESTON(B-LOC) ,(O) S.C.(B-LOC) 1996-08-29(O)","Input: CHARLESTON , S.C. 1996-08-29
Output: CHARLESTON(B-LOC) ,(O) S.C.(B-LOC) 1996-08-29(O)"
7524,['The' 'hearing' 'is' 'due' 'to' 'resume' 'on' 'Thursday' '.'],"['O', 'O', 'O', 'O', 'O', 'O', 'O', 'O', 'O']",The hearing is due to resume on Thursday .,"['The(O)', 'hearing(O)', 'is(O)', 'due(O)', 'to(O)', 'resume(O)', 'on(O)', 'Thursday(O)', '.(O)']",The(O) hearing(O) is(O) due(O) to(O) resume(O) on(O) Thursday(O) .(O),"Input: The hearing is due to resume on Thursday .
Output: The(O) hearing(O) is(O) due(O) to(O) resume(O) on(O) Thursday(O) .(O)"
10955,"['""' 'We' 'are' 'in' 'the' 'late' 'stages' 'of' 'the' 'weaker' 'period'
 'of' 'the' 'market' ',' 'and' 'as' 'we' 'get' 'to' 'the' 'post' 'Labor'
 'Day' 'market' 'we' 'will' 'start' 'to' 'see' 'more' 'consumer'
 'interest' 'and' 'the' 'demand' 'side' 'of' 'the' 'market' 'will' 'start'
 'to' 'firm' 'prices' 'up' ',' '""' 'said' 'William' ""O'Neill"" 'of'
 'Merrill' 'Lynch' '.']","['O', 'O', 'O', 'O', 'O', 'O', 'O', 'O', 'O', 'O', 'O', 'O', 'O', 'O', 'O', 'O', 'O', 'O', 'O', 'O', 'O', 'O', 'B-MISC', 'I-MISC', 'O', 'O', 'O', 'O', 'O', 'O', 'O', 'O', 'O', 'O', 'O', 'O', 'O', 'O', 'O', 'O', 'O', 'O', 'O', 'O', 'O', 'O', 'O', 'O', 'O', 'B-PER', 'I-PER', 'O', 'B-ORG', 'I-ORG', 'O']",""" We are in the late stages of the weaker period of the market , and as we get to the post Labor Day market we will start to see more consumer interest and the demand side of the market will start to firm prices up , "" said William O'Neill of Merrill Lynch .","['""(O)', 'We(O)', 'are(O)', 'in(O)', 'the(O)', 'late(O)', 'stages(O)', 'of(O)', 'the(O)', 'weaker(O)', 'period(O)', 'of(O)', 'the(O)', 'market(O)', ',(O)', 'and(O)', 'as(O)', 'we(O)', 'get(O)', 'to(O)', 'the(O)', 'post(O)', 'Labor(B-MISC)', 'Day(I-MISC)', 'market(O)', 'we(O)', 'will(O)', 'start(O)', 'to(O)', 'see(O)', 'more(O)', 'consumer(O)', 'interest(O)', 'and(O)', 'the(O)', 'demand(O)', 'side(O)', 'of(O)', 'the(O)', 'market(O)', 'will(O)', 'start(O)', 'to(O)', 'firm(O)', 'prices(O)', 'up(O)', ',(O)', '""(O)', 'said(O)', 'William(B-PER)', ""O'Neill(I-PER)"", 'of(O)', 'Merrill(B-ORG)', 'Lynch(I-ORG)', '.(O)']","""(O) We(O) are(O) in(O) the(O) late(O) stages(O) of(O) the(O) weaker(O) period(O) of(O) the(O) market(O) ,(O) and(O) as(O) we(O) get(O) to(O) the(O) post(O) Labor(B-MISC) Day(I-MISC) market(O) we(O) will(O) start(O) to(O) see(O) more(O) consumer(O) interest(O) and(O) the(O) demand(O) side(O) of(O) the(O) market(O) will(O) start(O) to(O) firm(O) prices(O) up(O) ,(O) ""(O) said(O) William(B-PER) O'Neill(I-PER) of(O) Merrill(B-ORG) Lynch(I-ORG) .(O)","Input: "" We are in the late stages of the weaker period of the market , and as we get to the post Labor Day market we will start to see more consumer interest and the demand side of the market will start to firm prices up , "" said William O'Neill of Merrill Lynch .
Output: ""(O) We(O) are(O) in(O) the(O) late(O) stages(O) of(O) the(O) weaker(O) period(O) of(O) the(O) market(O) ,(O) and(O) as(O) we(O) get(O) to(O) the(O) post(O) Labor(B-MISC) Day(I-MISC) market(O) we(O) will(O) start(O) to(O) see(O) more(O) consumer(O) interest(O) and(O) the(O) demand(O) side(O) of(O) the(O) market(O) will(O) start(O) to(O) firm(O) prices(O) up(O) ,(O) ""(O) said(O) William(B-PER) O'Neill(I-PER) of(O) Merrill(B-ORG) Lynch(I-ORG) .(O)"
1906,['Tranmere' '3' 'Grimsby' '2'],"['B-ORG', 'O', 'B-ORG', 'O']",Tranmere 3 Grimsby 2,"['Tranmere(B-ORG)', '3(O)', 'Grimsby(B-ORG)', '2(O)']",Tranmere(B-ORG) 3(O) Grimsby(B-ORG) 2(O),"Input: Tranmere 3 Grimsby 2
Output: Tranmere(B-ORG) 3(O) Grimsby(B-ORG) 2(O)"
7015,"['Asa' 'Carlsson' '(' 'Sweden' ')' 'beat' 'Gloria' 'Pizzichini' '('
 'Italy' ')' '3-6' '6-1' '7-5']","['B-PER', 'I-PER', 'O', 'B-LOC', 'O', 'O', 'B-PER', 'I-PER', 'O', 'B-LOC', 'O', 'O', 'O', 'O']",Asa Carlsson ( Sweden ) beat Gloria Pizzichini ( Italy ) 3-6 6-1 7-5,"['Asa(B-PER)', 'Carlsson(I-PER)', '((O)', 'Sweden(B-LOC)', ')(O)', 'beat(O)', 'Gloria(B-PER)', 'Pizzichini(I-PER)', '((O)', 'Italy(B-LOC)', ')(O)', '3-6(O)', '6-1(O)', '7-5(O)']",Asa(B-PER) Carlsson(I-PER) ((O) Sweden(B-LOC) )(O) beat(O) Gloria(B-PER) Pizzichini(I-PER) ((O) Italy(B-LOC) )(O) 3-6(O) 6-1(O) 7-5(O),"Input: Asa Carlsson ( Sweden ) beat Gloria Pizzichini ( Italy ) 3-6 6-1 7-5
Output: Asa(B-PER) Carlsson(I-PER) ((O) Sweden(B-LOC) )(O) beat(O) Gloria(B-PER) Pizzichini(I-PER) ((O) Italy(B-LOC) )(O) 3-6(O) 6-1(O) 7-5(O)"
10569,"['SOCCER' '-' 'PARMA' ',' 'ROMA' 'AND' 'UDINESE' 'OUT' 'OF' 'ITALIAN'
 'CUP' '.']","['O', 'O', 'B-ORG', 'O', 'B-ORG', 'O', 'B-ORG', 'O', 'O', 'B-MISC', 'I-MISC', 'O']","SOCCER - PARMA , ROMA AND UDINESE OUT OF ITALIAN CUP .","['SOCCER(O)', '-(O)', 'PARMA(B-ORG)', ',(O)', 'ROMA(B-ORG)', 'AND(O)', 'UDINESE(B-ORG)', 'OUT(O)', 'OF(O)', 'ITALIAN(B-MISC)', 'CUP(I-MISC)', '.(O)']","SOCCER(O) -(O) PARMA(B-ORG) ,(O) ROMA(B-ORG) AND(O) UDINESE(B-ORG) OUT(O) OF(O) ITALIAN(B-MISC) CUP(I-MISC) .(O)","Input: SOCCER - PARMA , ROMA AND UDINESE OUT OF ITALIAN CUP .
Output: SOCCER(O) -(O) PARMA(B-ORG) ,(O) ROMA(B-ORG) AND(O) UDINESE(B-ORG) OUT(O) OF(O) ITALIAN(B-MISC) CUP(I-MISC) .(O)"
6292,"['St' 'Helens' 'secured' 'the' 'two' 'points' 'they' 'needed' 'in' 'the'
 'last' 'game' 'of' 'the' 'season' 'at' 'Knowsley' 'Road' 'to' 'win'
 'their' 'first' 'championship' 'since' '1975' 'and' 'their' 'first'
 'double' 'since' '1966' '.']","['B-ORG', 'I-ORG', 'O', 'O', 'O', 'O', 'O', 'O', 'O', 'O', 'O', 'O', 'O', 'O', 'O', 'O', 'B-LOC', 'I-LOC', 'O', 'O', 'O', 'O', 'O', 'O', 'O', 'O', 'O', 'O', 'O', 'O', 'O', 'O']",St Helens secured the two points they needed in the last game of the season at Knowsley Road to win their first championship since 1975 and their first double since 1966 .,"['St(B-ORG)', 'Helens(I-ORG)', 'secured(O)', 'the(O)', 'two(O)', 'points(O)', 'they(O)', 'needed(O)', 'in(O)', 'the(O)', 'last(O)', 'game(O)', 'of(O)', 'the(O)', 'season(O)', 'at(O)', 'Knowsley(B-LOC)', 'Road(I-LOC)', 'to(O)', 'win(O)', 'their(O)', 'first(O)', 'championship(O)', 'since(O)', '1975(O)', 'and(O)', 'their(O)', 'first(O)', 'double(O)', 'since(O)', '1966(O)', '.(O)']",St(B-ORG) Helens(I-ORG) secured(O) the(O) two(O) points(O) they(O) needed(O) in(O) the(O) last(O) game(O) of(O) the(O) season(O) at(O) Knowsley(B-LOC) Road(I-LOC) to(O) win(O) their(O) first(O) championship(O) since(O) 1975(O) and(O) their(O) first(O) double(O) since(O) 1966(O) .(O),"Input: St Helens secured the two points they needed in the last game of the season at Knowsley Road to win their first championship since 1975 and their first double since 1966 .
Output: St(B-ORG) Helens(I-ORG) secured(O) the(O) two(O) points(O) they(O) needed(O) in(O) the(O) last(O) game(O) of(O) the(O) season(O) at(O) Knowsley(B-LOC) Road(I-LOC) to(O) win(O) their(O) first(O) championship(O) since(O) 1975(O) and(O) their(O) first(O) double(O) since(O) 1966(O) .(O)"
4195,"['The' 'Public' 'Service' 'Commission' '(' 'PSC' ')' 'said' 'in' 'a'
 'statement' 'that' 'the' 'workers' '--' 'including' 'nurses' ',' 'junior'
 'doctors' ',' 'mortuary' 'attendants' ',' 'customs' 'officers' 'and'
 'firefighters' '--' 'would' 'be' 'barred' 'from' 'entering' 'their'
 'workplaces' 'on' 'Monday' '.']","['O', 'B-ORG', 'I-ORG', 'I-ORG', 'O', 'B-ORG', 'O', 'O', 'O', 'O', 'O', 'O', 'O', 'O', 'O', 'O', 'O', 'O', 'O', 'O', 'O', 'O', 'O', 'O', 'O', 'O', 'O', 'O', 'O', 'O', 'O', 'O', 'O', 'O', 'O', 'O', 'O', 'O', 'O']","The Public Service Commission ( PSC ) said in a statement that the workers -- including nurses , junior doctors , mortuary attendants , customs officers and firefighters -- would be barred from entering their workplaces on Monday .","['The(O)', 'Public(B-ORG)', 'Service(I-ORG)', 'Commission(I-ORG)', '((O)', 'PSC(B-ORG)', ')(O)', 'said(O)', 'in(O)', 'a(O)', 'statement(O)', 'that(O)', 'the(O)', 'workers(O)', '--(O)', 'including(O)', 'nurses(O)', ',(O)', 'junior(O)', 'doctors(O)', ',(O)', 'mortuary(O)', 'attendants(O)', ',(O)', 'customs(O)', 'officers(O)', 'and(O)', 'firefighters(O)', '--(O)', 'would(O)', 'be(O)', 'barred(O)', 'from(O)', 'entering(O)', 'their(O)', 'workplaces(O)', 'on(O)', 'Monday(O)', '.(O)']","The(O) Public(B-ORG) Service(I-ORG) Commission(I-ORG) ((O) PSC(B-ORG) )(O) said(O) in(O) a(O) statement(O) that(O) the(O) workers(O) --(O) including(O) nurses(O) ,(O) junior(O) doctors(O) ,(O) mortuary(O) attendants(O) ,(O) customs(O) officers(O) and(O) firefighters(O) --(O) would(O) be(O) barred(O) from(O) entering(O) their(O) workplaces(O) on(O) Monday(O) .(O)","Input: The Public Service Commission ( PSC ) said in a statement that the workers -- including nurses , junior doctors , mortuary attendants , customs officers and firefighters -- would be barred from entering their workplaces on Monday .
Output: The(O) Public(B-ORG) Service(I-ORG) Commission(I-ORG) ((O) PSC(B-ORG) )(O) said(O) in(O) a(O) statement(O) that(O) the(O) workers(O) --(O) including(O) nurses(O) ,(O) junior(O) doctors(O) ,(O) mortuary(O) attendants(O) ,(O) customs(O) officers(O) and(O) firefighters(O) --(O) would(O) be(O) barred(O) from(O) entering(O) their(O) workplaces(O) on(O) Monday(O) .(O)"
13102,"['He' 'said' 'the' 'man' 'on' 'the' 'videotape' 'did' 'not' 'match' 'the'
 'description' 'given' 'by' 'the' 'jewelry' 'store' 'owner' '.']","['O', 'O', 'O', 'O', 'O', 'O', 'O', 'O', 'O', 'O', 'O', 'O', 'O', 'O', 'O', 'O', 'O', 'O', 'O']",He said the man on the videotape did not match the description given by the jewelry store owner .,"['He(O)', 'said(O)', 'the(O)', 'man(O)', 'on(O)', 'the(O)', 'videotape(O)', 'did(O)', 'not(O)', 'match(O)', 'the(O)', 'description(O)', 'given(O)', 'by(O)', 'the(O)', 'jewelry(O)', 'store(O)', 'owner(O)', '.(O)']",He(O) said(O) the(O) man(O) on(O) the(O) videotape(O) did(O) not(O) match(O) the(O) description(O) given(O) by(O) the(O) jewelry(O) store(O) owner(O) .(O),"Input: He said the man on the videotape did not match the description given by the jewelry store owner .
Output: He(O) said(O) the(O) man(O) on(O) the(O) videotape(O) did(O) not(O) match(O) the(O) description(O) given(O) by(O) the(O) jewelry(O) store(O) owner(O) .(O)"
14003,['4.' 'Luca' 'Cadalora' '(' 'Italy' ')' 'Honda' '1:51.006'],"['O', 'B-PER', 'I-PER', 'O', 'B-LOC', 'O', 'B-ORG', 'O']",4. Luca Cadalora ( Italy ) Honda 1:51.006,"['4.(O)', 'Luca(B-PER)', 'Cadalora(I-PER)', '((O)', 'Italy(B-LOC)', ')(O)', 'Honda(B-ORG)', '1:51.006(O)']",4.(O) Luca(B-PER) Cadalora(I-PER) ((O) Italy(B-LOC) )(O) Honda(B-ORG) 1:51.006(O),"Input: 4. Luca Cadalora ( Italy ) Honda 1:51.006
Output: 4.(O) Luca(B-PER) Cadalora(I-PER) ((O) Italy(B-LOC) )(O) Honda(B-ORG) 1:51.006(O)"
12768,"['A' 'meeting' 'of' 'Commonwealth' 'ministers' 'in' 'London' 'on'
 'Wednesday' 'said' 'it' 'planned' 'to' 'send' 'a' 'team' 'of' 'senior'
 'officials' 'to' 'Nigeria' 'as' 'soon' 'as' 'possible' 'to' 'persuade'
 'Abuja' 'to' 'accept' 'a' 'fact-finding' 'mission' '.']","['O', 'O', 'O', 'B-ORG', 'O', 'O', 'B-LOC', 'O', 'O', 'O', 'O', 'O', 'O', 'O', 'O', 'O', 'O', 'O', 'O', 'O', 'B-LOC', 'O', 'O', 'O', 'O', 'O', 'O', 'B-LOC', 'O', 'O', 'O', 'O', 'O', 'O']",A meeting of Commonwealth ministers in London on Wednesday said it planned to send a team of senior officials to Nigeria as soon as possible to persuade Abuja to accept a fact-finding mission .,"['A(O)', 'meeting(O)', 'of(O)', 'Commonwealth(B-ORG)', 'ministers(O)', 'in(O)', 'London(B-LOC)', 'on(O)', 'Wednesday(O)', 'said(O)', 'it(O)', 'planned(O)', 'to(O)', 'send(O)', 'a(O)', 'team(O)', 'of(O)', 'senior(O)', 'officials(O)', 'to(O)', 'Nigeria(B-LOC)', 'as(O)', 'soon(O)', 'as(O)', 'possible(O)', 'to(O)', 'persuade(O)', 'Abuja(B-LOC)', 'to(O)', 'accept(O)', 'a(O)', 'fact-finding(O)', 'mission(O)', '.(O)']",A(O) meeting(O) of(O) Commonwealth(B-ORG) ministers(O) in(O) London(B-LOC) on(O) Wednesday(O) said(O) it(O) planned(O) to(O) send(O) a(O) team(O) of(O) senior(O) officials(O) to(O) Nigeria(B-LOC) as(O) soon(O) as(O) possible(O) to(O) persuade(O) Abuja(B-LOC) to(O) accept(O) a(O) fact-finding(O) mission(O) .(O),"Input: A meeting of Commonwealth ministers in London on Wednesday said it planned to send a team of senior officials to Nigeria as soon as possible to persuade Abuja to accept a fact-finding mission .
Output: A(O) meeting(O) of(O) Commonwealth(B-ORG) ministers(O) in(O) London(B-LOC) on(O) Wednesday(O) said(O) it(O) planned(O) to(O) send(O) a(O) team(O) of(O) senior(O) officials(O) to(O) Nigeria(B-LOC) as(O) soon(O) as(O) possible(O) to(O) persuade(O) Abuja(B-LOC) to(O) accept(O) a(O) fact-finding(O) mission(O) .(O)"
3411,['Add' 'grid' ':'],"['O', 'O', 'O']",Add grid :,"['Add(O)', 'grid(O)', ':(O)']",Add(O) grid(O) :(O),"Input: Add grid :
Output: Add(O) grid(O) :(O)"
3678,['Barnsley' 'v' 'Huddersfield'],"['B-ORG', 'O', 'B-ORG']",Barnsley v Huddersfield,"['Barnsley(B-ORG)', 'v(O)', 'Huddersfield(B-ORG)']",Barnsley(B-ORG) v(O) Huddersfield(B-ORG),"Input: Barnsley v Huddersfield
Output: Barnsley(B-ORG) v(O) Huddersfield(B-ORG)"
5957,"['President' 'Boris' 'Yeltsin' 'signed' 'a' 'decree' 'on' 'fighting'
 'crime' 'in' 'July' 'and' 'handed' 'wide-ranging' 'powers' 'to'
 'security' 'chief' 'Alexander' 'Lebed' ',' 'currently' 'engaged' 'in'
 'making' 'peace' 'in' 'breakaway' 'Chechnya' '.']","['O', 'B-PER', 'I-PER', 'O', 'O', 'O', 'O', 'O', 'O', 'O', 'O', 'O', 'O', 'O', 'O', 'O', 'O', 'O', 'B-PER', 'I-PER', 'O', 'O', 'O', 'O', 'O', 'O', 'O', 'O', 'B-LOC', 'O']","President Boris Yeltsin signed a decree on fighting crime in July and handed wide-ranging powers to security chief Alexander Lebed , currently engaged in making peace in breakaway Chechnya .","['President(O)', 'Boris(B-PER)', 'Yeltsin(I-PER)', 'signed(O)', 'a(O)', 'decree(O)', 'on(O)', 'fighting(O)', 'crime(O)', 'in(O)', 'July(O)', 'and(O)', 'handed(O)', 'wide-ranging(O)', 'powers(O)', 'to(O)', 'security(O)', 'chief(O)', 'Alexander(B-PER)', 'Lebed(I-PER)', ',(O)', 'currently(O)', 'engaged(O)', 'in(O)', 'making(O)', 'peace(O)', 'in(O)', 'breakaway(O)', 'Chechnya(B-LOC)', '.(O)']","President(O) Boris(B-PER) Yeltsin(I-PER) signed(O) a(O) decree(O) on(O) fighting(O) crime(O) in(O) July(O) and(O) handed(O) wide-ranging(O) powers(O) to(O) security(O) chief(O) Alexander(B-PER) Lebed(I-PER) ,(O) currently(O) engaged(O) in(O) making(O) peace(O) in(O) breakaway(O) Chechnya(B-LOC) .(O)","Input: President Boris Yeltsin signed a decree on fighting crime in July and handed wide-ranging powers to security chief Alexander Lebed , currently engaged in making peace in breakaway Chechnya .
Output: President(O) Boris(B-PER) Yeltsin(I-PER) signed(O) a(O) decree(O) on(O) fighting(O) crime(O) in(O) July(O) and(O) handed(O) wide-ranging(O) powers(O) to(O) security(O) chief(O) Alexander(B-PER) Lebed(I-PER) ,(O) currently(O) engaged(O) in(O) making(O) peace(O) in(O) breakaway(O) Chechnya(B-LOC) .(O)"
3887,['Milwaukee' '6' 'CLEVELAND' '5' '(' '11' 'innings' ')'],"['B-ORG', 'O', 'B-ORG', 'O', 'O', 'O', 'O', 'O']",Milwaukee 6 CLEVELAND 5 ( 11 innings ),"['Milwaukee(B-ORG)', '6(O)', 'CLEVELAND(B-ORG)', '5(O)', '((O)', '11(O)', 'innings(O)', ')(O)']",Milwaukee(B-ORG) 6(O) CLEVELAND(B-ORG) 5(O) ((O) 11(O) innings(O) )(O),"Input: Milwaukee 6 CLEVELAND 5 ( 11 innings )
Output: Milwaukee(B-ORG) 6(O) CLEVELAND(B-ORG) 5(O) ((O) 11(O) innings(O) )(O)"
8999,"['But' 'Meri' ',' '67' ',' 'has' 'been' 'accused' 'in' 'parliament' 'of'
 'taking' 'too' 'much' 'power' 'and' 'not' 'always' 'consulting'
 'parliamentarians' 'before' 'making' 'decisions' '.']","['O', 'B-PER', 'O', 'O', 'O', 'O', 'O', 'O', 'O', 'O', 'O', 'O', 'O', 'O', 'O', 'O', 'O', 'O', 'O', 'O', 'O', 'O', 'O', 'O']","But Meri , 67 , has been accused in parliament of taking too much power and not always consulting parliamentarians before making decisions .","['But(O)', 'Meri(B-PER)', ',(O)', '67(O)', ',(O)', 'has(O)', 'been(O)', 'accused(O)', 'in(O)', 'parliament(O)', 'of(O)', 'taking(O)', 'too(O)', 'much(O)', 'power(O)', 'and(O)', 'not(O)', 'always(O)', 'consulting(O)', 'parliamentarians(O)', 'before(O)', 'making(O)', 'decisions(O)', '.(O)']","But(O) Meri(B-PER) ,(O) 67(O) ,(O) has(O) been(O) accused(O) in(O) parliament(O) of(O) taking(O) too(O) much(O) power(O) and(O) not(O) always(O) consulting(O) parliamentarians(O) before(O) making(O) decisions(O) .(O)","Input: But Meri , 67 , has been accused in parliament of taking too much power and not always consulting parliamentarians before making decisions .
Output: But(O) Meri(B-PER) ,(O) 67(O) ,(O) has(O) been(O) accused(O) in(O) parliament(O) of(O) taking(O) too(O) much(O) power(O) and(O) not(O) always(O) consulting(O) parliamentarians(O) before(O) making(O) decisions(O) .(O)"
5931,"['The' 'refugees' ',' 'rallying' 'in' 'Matuzici' 'on' 'government'
 'territory' 'two' 'km' 'from' 'Doboj' 'in' 'northeast' 'Bosnia' ','
 'waved' 'banners' 'calling' 'the' 'polls' 'a' 'farce' 'staged' 'by' 'the'
 'United' 'Nations' 'and' 'the' 'European' 'Union' '.' '""']","['O', 'O', 'O', 'O', 'O', 'B-LOC', 'O', 'O', 'O', 'O', 'O', 'O', 'B-LOC', 'O', 'O', 'B-LOC', 'O', 'O', 'O', 'O', 'O', 'O', 'O', 'O', 'O', 'O', 'O', 'B-ORG', 'I-ORG', 'O', 'O', 'B-ORG', 'I-ORG', 'O', 'O']","The refugees , rallying in Matuzici on government territory two km from Doboj in northeast Bosnia , waved banners calling the polls a farce staged by the United Nations and the European Union . ""","['The(O)', 'refugees(O)', ',(O)', 'rallying(O)', 'in(O)', 'Matuzici(B-LOC)', 'on(O)', 'government(O)', 'territory(O)', 'two(O)', 'km(O)', 'from(O)', 'Doboj(B-LOC)', 'in(O)', 'northeast(O)', 'Bosnia(B-LOC)', ',(O)', 'waved(O)', 'banners(O)', 'calling(O)', 'the(O)', 'polls(O)', 'a(O)', 'farce(O)', 'staged(O)', 'by(O)', 'the(O)', 'United(B-ORG)', 'Nations(I-ORG)', 'and(O)', 'the(O)', 'European(B-ORG)', 'Union(I-ORG)', '.(O)', '""(O)']","The(O) refugees(O) ,(O) rallying(O) in(O) Matuzici(B-LOC) on(O) government(O) territory(O) two(O) km(O) from(O) Doboj(B-LOC) in(O) northeast(O) Bosnia(B-LOC) ,(O) waved(O) banners(O) calling(O) the(O) polls(O) a(O) farce(O) staged(O) by(O) the(O) United(B-ORG) Nations(I-ORG) and(O) the(O) European(B-ORG) Union(I-ORG) .(O) ""(O)","Input: The refugees , rallying in Matuzici on government territory two km from Doboj in northeast Bosnia , waved banners calling the polls a farce staged by the United Nations and the European Union . ""
Output: The(O) refugees(O) ,(O) rallying(O) in(O) Matuzici(B-LOC) on(O) government(O) territory(O) two(O) km(O) from(O) Doboj(B-LOC) in(O) northeast(O) Bosnia(B-LOC) ,(O) waved(O) banners(O) calling(O) the(O) polls(O) a(O) farce(O) staged(O) by(O) the(O) United(B-ORG) Nations(I-ORG) and(O) the(O) European(B-ORG) Union(I-ORG) .(O) ""(O)"
4490,"['AKRON' ',' 'Ohio' '1996-08-24']","['B-LOC', 'O', 'B-LOC', 'O']","AKRON , Ohio 1996-08-24","['AKRON(B-LOC)', ',(O)', 'Ohio(B-LOC)', '1996-08-24(O)']","AKRON(B-LOC) ,(O) Ohio(B-LOC) 1996-08-24(O)","Input: AKRON , Ohio 1996-08-24
Output: AKRON(B-LOC) ,(O) Ohio(B-LOC) 1996-08-24(O)"
5766,['NAC' 'Breda' '2' '1' '0' '1' '1' '1' '3'],"['B-ORG', 'I-ORG', 'O', 'O', 'O', 'O', 'O', 'O', 'O']",NAC Breda 2 1 0 1 1 1 3,"['NAC(B-ORG)', 'Breda(I-ORG)', '2(O)', '1(O)', '0(O)', '1(O)', '1(O)', '1(O)', '3(O)']",NAC(B-ORG) Breda(I-ORG) 2(O) 1(O) 0(O) 1(O) 1(O) 1(O) 3(O),"Input: NAC Breda 2 1 0 1 1 1 3
Output: NAC(B-ORG) Breda(I-ORG) 2(O) 1(O) 0(O) 1(O) 1(O) 1(O) 3(O)"
2773,"['The' 'Russian' 'army' 'said' 'earlier' 'it' 'was' 'preparing' 'to'
 'withdraw' 'from' 'the' 'rebel-dominated' 'southern' 'mountains' 'of'
 'the' 'region' 'as' 'part' 'of' 'the' 'peace' 'deal' 'reached' 'with'
 'separatists' 'on' 'Thursday' '.']","['O', 'B-MISC', 'O', 'O', 'O', 'O', 'O', 'O', 'O', 'O', 'O', 'O', 'O', 'O', 'O', 'O', 'O', 'O', 'O', 'O', 'O', 'O', 'O', 'O', 'O', 'O', 'O', 'O', 'O', 'O']",The Russian army said earlier it was preparing to withdraw from the rebel-dominated southern mountains of the region as part of the peace deal reached with separatists on Thursday .,"['The(O)', 'Russian(B-MISC)', 'army(O)', 'said(O)', 'earlier(O)', 'it(O)', 'was(O)', 'preparing(O)', 'to(O)', 'withdraw(O)', 'from(O)', 'the(O)', 'rebel-dominated(O)', 'southern(O)', 'mountains(O)', 'of(O)', 'the(O)', 'region(O)', 'as(O)', 'part(O)', 'of(O)', 'the(O)', 'peace(O)', 'deal(O)', 'reached(O)', 'with(O)', 'separatists(O)', 'on(O)', 'Thursday(O)', '.(O)']",The(O) Russian(B-MISC) army(O) said(O) earlier(O) it(O) was(O) preparing(O) to(O) withdraw(O) from(O) the(O) rebel-dominated(O) southern(O) mountains(O) of(O) the(O) region(O) as(O) part(O) of(O) the(O) peace(O) deal(O) reached(O) with(O) separatists(O) on(O) Thursday(O) .(O),"Input: The Russian army said earlier it was preparing to withdraw from the rebel-dominated southern mountains of the region as part of the peace deal reached with separatists on Thursday .
Output: The(O) Russian(B-MISC) army(O) said(O) earlier(O) it(O) was(O) preparing(O) to(O) withdraw(O) from(O) the(O) rebel-dominated(O) southern(O) mountains(O) of(O) the(O) region(O) as(O) part(O) of(O) the(O) peace(O) deal(O) reached(O) with(O) separatists(O) on(O) Thursday(O) .(O)"
6578,"['Mauritius' 'now' 'play' 'in' 'group' 'seven' 'of' 'the' 'qualifiers'
 'against' 'Malawi' ',' 'Mozambique' 'and' 'favourites' 'Zambia' '.']","['B-LOC', 'O', 'O', 'O', 'O', 'O', 'O', 'O', 'O', 'O', 'B-LOC', 'O', 'B-LOC', 'O', 'O', 'B-LOC', 'O']","Mauritius now play in group seven of the qualifiers against Malawi , Mozambique and favourites Zambia .","['Mauritius(B-LOC)', 'now(O)', 'play(O)', 'in(O)', 'group(O)', 'seven(O)', 'of(O)', 'the(O)', 'qualifiers(O)', 'against(O)', 'Malawi(B-LOC)', ',(O)', 'Mozambique(B-LOC)', 'and(O)', 'favourites(O)', 'Zambia(B-LOC)', '.(O)']","Mauritius(B-LOC) now(O) play(O) in(O) group(O) seven(O) of(O) the(O) qualifiers(O) against(O) Malawi(B-LOC) ,(O) Mozambique(B-LOC) and(O) favourites(O) Zambia(B-LOC) .(O)","Input: Mauritius now play in group seven of the qualifiers against Malawi , Mozambique and favourites Zambia .
Output: Mauritius(B-LOC) now(O) play(O) in(O) group(O) seven(O) of(O) the(O) qualifiers(O) against(O) Malawi(B-LOC) ,(O) Mozambique(B-LOC) and(O) favourites(O) Zambia(B-LOC) .(O)"
3694,['Cardiff' '1' 'Brighton' '0'],"['B-ORG', 'O', 'B-ORG', 'O']",Cardiff 1 Brighton 0,"['Cardiff(B-ORG)', '1(O)', 'Brighton(B-ORG)', '0(O)']",Cardiff(B-ORG) 1(O) Brighton(B-ORG) 0(O),"Input: Cardiff 1 Brighton 0
Output: Cardiff(B-ORG) 1(O) Brighton(B-ORG) 0(O)"
6234,"['Ingwe' 'Coal' 'Corporation' 'Ltd' 'was' 'hit' 'hard' 'by' 'heavy'
 'rains' '.']","['B-ORG', 'I-ORG', 'I-ORG', 'I-ORG', 'O', 'O', 'O', 'O', 'O', 'O', 'O']",Ingwe Coal Corporation Ltd was hit hard by heavy rains .,"['Ingwe(B-ORG)', 'Coal(I-ORG)', 'Corporation(I-ORG)', 'Ltd(I-ORG)', 'was(O)', 'hit(O)', 'hard(O)', 'by(O)', 'heavy(O)', 'rains(O)', '.(O)']",Ingwe(B-ORG) Coal(I-ORG) Corporation(I-ORG) Ltd(I-ORG) was(O) hit(O) hard(O) by(O) heavy(O) rains(O) .(O),"Input: Ingwe Coal Corporation Ltd was hit hard by heavy rains .
Output: Ingwe(B-ORG) Coal(I-ORG) Corporation(I-ORG) Ltd(I-ORG) was(O) hit(O) hard(O) by(O) heavy(O) rains(O) .(O)"
13259,['SoCal' 'Edison' 'sees' '2' 'power' 'lines' 'back' 'today' '.'],"['B-ORG', 'I-ORG', 'O', 'O', 'O', 'O', 'O', 'O', 'O']",SoCal Edison sees 2 power lines back today .,"['SoCal(B-ORG)', 'Edison(I-ORG)', 'sees(O)', '2(O)', 'power(O)', 'lines(O)', 'back(O)', 'today(O)', '.(O)']",SoCal(B-ORG) Edison(I-ORG) sees(O) 2(O) power(O) lines(O) back(O) today(O) .(O),"Input: SoCal Edison sees 2 power lines back today .
Output: SoCal(B-ORG) Edison(I-ORG) sees(O) 2(O) power(O) lines(O) back(O) today(O) .(O)"
5345,['W' 'L' 'PCT' 'GB'],"['O', 'O', 'O', 'O']",W L PCT GB,"['W(O)', 'L(O)', 'PCT(O)', 'GB(O)']",W(O) L(O) PCT(O) GB(O),"Input: W L PCT GB
Output: W(O) L(O) PCT(O) GB(O)"
2995,"['DOHUK' ',' 'Iraq' '1996-08-23']","['B-LOC', 'O', 'B-LOC', 'O']","DOHUK , Iraq 1996-08-23","['DOHUK(B-LOC)', ',(O)', 'Iraq(B-LOC)', '1996-08-23(O)']","DOHUK(B-LOC) ,(O) Iraq(B-LOC) 1996-08-23(O)","Input: DOHUK , Iraq 1996-08-23
Output: DOHUK(B-LOC) ,(O) Iraq(B-LOC) 1996-08-23(O)"
9787,['Painted' 'parrot' 'scam' 'lands' 'Australian' 'in' 'jail' '.'],"['O', 'O', 'O', 'O', 'B-MISC', 'O', 'O', 'O']",Painted parrot scam lands Australian in jail .,"['Painted(O)', 'parrot(O)', 'scam(O)', 'lands(O)', 'Australian(B-MISC)', 'in(O)', 'jail(O)', '.(O)']",Painted(O) parrot(O) scam(O) lands(O) Australian(B-MISC) in(O) jail(O) .(O),"Input: Painted parrot scam lands Australian in jail .
Output: Painted(O) parrot(O) scam(O) lands(O) Australian(B-MISC) in(O) jail(O) .(O)"
4763,['2.' 'Jacques' 'Villeneuve' '(' 'Canada' ')' '68'],"['O', 'B-PER', 'I-PER', 'O', 'B-LOC', 'O', 'O']",2. Jacques Villeneuve ( Canada ) 68,"['2.(O)', 'Jacques(B-PER)', 'Villeneuve(I-PER)', '((O)', 'Canada(B-LOC)', ')(O)', '68(O)']",2.(O) Jacques(B-PER) Villeneuve(I-PER) ((O) Canada(B-LOC) )(O) 68(O),"Input: 2. Jacques Villeneuve ( Canada ) 68
Output: 2.(O) Jacques(B-PER) Villeneuve(I-PER) ((O) Canada(B-LOC) )(O) 68(O)"
6389,['LONDON' '1996-08-26'],"['B-LOC', 'O']",LONDON 1996-08-26,"['LONDON(B-LOC)', '1996-08-26(O)']",LONDON(B-LOC) 1996-08-26(O),"Input: LONDON 1996-08-26
Output: LONDON(B-LOC) 1996-08-26(O)"
10823,"['The' 'devastating' 'opening' 'pair' 'of' 'Jayasuriya' 'and' 'Romesh'
 'Kaluwitharana' 'shared' 'a' 'fine' 'first' 'wicket' 'stand' 'of' '129'
 'to' 'the' 'delight' 'of' 'the' '25,000' 'fans' '.']","['O', 'O', 'O', 'O', 'O', 'B-PER', 'O', 'B-PER', 'I-PER', 'O', 'O', 'O', 'O', 'O', 'O', 'O', 'O', 'O', 'O', 'O', 'O', 'O', 'O', 'O', 'O']","The devastating opening pair of Jayasuriya and Romesh Kaluwitharana shared a fine first wicket stand of 129 to the delight of the 25,000 fans .","['The(O)', 'devastating(O)', 'opening(O)', 'pair(O)', 'of(O)', 'Jayasuriya(B-PER)', 'and(O)', 'Romesh(B-PER)', 'Kaluwitharana(I-PER)', 'shared(O)', 'a(O)', 'fine(O)', 'first(O)', 'wicket(O)', 'stand(O)', 'of(O)', '129(O)', 'to(O)', 'the(O)', 'delight(O)', 'of(O)', 'the(O)', '25,000(O)', 'fans(O)', '.(O)']","The(O) devastating(O) opening(O) pair(O) of(O) Jayasuriya(B-PER) and(O) Romesh(B-PER) Kaluwitharana(I-PER) shared(O) a(O) fine(O) first(O) wicket(O) stand(O) of(O) 129(O) to(O) the(O) delight(O) of(O) the(O) 25,000(O) fans(O) .(O)","Input: The devastating opening pair of Jayasuriya and Romesh Kaluwitharana shared a fine first wicket stand of 129 to the delight of the 25,000 fans .
Output: The(O) devastating(O) opening(O) pair(O) of(O) Jayasuriya(B-PER) and(O) Romesh(B-PER) Kaluwitharana(I-PER) shared(O) a(O) fine(O) first(O) wicket(O) stand(O) of(O) 129(O) to(O) the(O) delight(O) of(O) the(O) 25,000(O) fans(O) .(O)"
11151,"['Slovak' 'police' ',' 'Interpol' ',' 'and' 'Belgian' 'police' 'have'
 'been' 'following' 'leads' 'on' 'Dutroux' ""'s"" 'activities' 'in'
 'Slovakia' 'and' 'the' 'neighbouring' 'Czech' 'Republic' 'where' 'he'
 'is' 'known' 'to' 'have' 'made' 'frequent' 'visits' '.']","['B-MISC', 'O', 'O', 'B-ORG', 'O', 'O', 'B-MISC', 'O', 'O', 'O', 'O', 'O', 'O', 'B-PER', 'O', 'O', 'O', 'B-LOC', 'O', 'O', 'O', 'B-LOC', 'I-LOC', 'O', 'O', 'O', 'O', 'O', 'O', 'O', 'O', 'O', 'O']","Slovak police , Interpol , and Belgian police have been following leads on Dutroux 's activities in Slovakia and the neighbouring Czech Republic where he is known to have made frequent visits .","['Slovak(B-MISC)', 'police(O)', ',(O)', 'Interpol(B-ORG)', ',(O)', 'and(O)', 'Belgian(B-MISC)', 'police(O)', 'have(O)', 'been(O)', 'following(O)', 'leads(O)', 'on(O)', 'Dutroux(B-PER)', ""'s(O)"", 'activities(O)', 'in(O)', 'Slovakia(B-LOC)', 'and(O)', 'the(O)', 'neighbouring(O)', 'Czech(B-LOC)', 'Republic(I-LOC)', 'where(O)', 'he(O)', 'is(O)', 'known(O)', 'to(O)', 'have(O)', 'made(O)', 'frequent(O)', 'visits(O)', '.(O)']","Slovak(B-MISC) police(O) ,(O) Interpol(B-ORG) ,(O) and(O) Belgian(B-MISC) police(O) have(O) been(O) following(O) leads(O) on(O) Dutroux(B-PER) 's(O) activities(O) in(O) Slovakia(B-LOC) and(O) the(O) neighbouring(O) Czech(B-LOC) Republic(I-LOC) where(O) he(O) is(O) known(O) to(O) have(O) made(O) frequent(O) visits(O) .(O)","Input: Slovak police , Interpol , and Belgian police have been following leads on Dutroux 's activities in Slovakia and the neighbouring Czech Republic where he is known to have made frequent visits .
Output: Slovak(B-MISC) police(O) ,(O) Interpol(B-ORG) ,(O) and(O) Belgian(B-MISC) police(O) have(O) been(O) following(O) leads(O) on(O) Dutroux(B-PER) 's(O) activities(O) in(O) Slovakia(B-LOC) and(O) the(O) neighbouring(O) Czech(B-LOC) Republic(I-LOC) where(O) he(O) is(O) known(O) to(O) have(O) made(O) frequent(O) visits(O) .(O)"
13568,['Jet' 'kero' '15' '15-20' '25'],"['O', 'O', 'O', 'O', 'O']",Jet kero 15 15-20 25,"['Jet(O)', 'kero(O)', '15(O)', '15-20(O)', '25(O)']",Jet(O) kero(O) 15(O) 15-20(O) 25(O),"Input: Jet kero 15 15-20 25
Output: Jet(O) kero(O) 15(O) 15-20(O) 25(O)"
9345,"['The' 'girl' ',' 'Abyss' 'DeJesus' ',' 'suffers' 'from' 'a' '""' 'hairy'
 'nevus' '""' 'on' 'the' 'right' 'side' 'of' 'her' 'face' ',' 'a'
 'condition' 'that' 'has' 'only' 'been' 'reported' 'a' 'few' 'times' 'in'
 'medical' 'journals' ',' 'the' 'St.' 'Christopher' 'Children' ""'s""
 'Hospital' 'said' '.']","['O', 'O', 'O', 'B-PER', 'I-PER', 'O', 'O', 'O', 'O', 'O', 'O', 'O', 'O', 'O', 'O', 'O', 'O', 'O', 'O', 'O', 'O', 'O', 'O', 'O', 'O', 'O', 'O', 'O', 'O', 'O', 'O', 'O', 'O', 'O', 'O', 'O', 'B-LOC', 'I-LOC', 'I-LOC', 'I-LOC', 'I-LOC', 'O', 'O']","The girl , Abyss DeJesus , suffers from a "" hairy nevus "" on the right side of her face , a condition that has only been reported a few times in medical journals , the St. Christopher Children 's Hospital said .","['The(O)', 'girl(O)', ',(O)', 'Abyss(B-PER)', 'DeJesus(I-PER)', ',(O)', 'suffers(O)', 'from(O)', 'a(O)', '""(O)', 'hairy(O)', 'nevus(O)', '""(O)', 'on(O)', 'the(O)', 'right(O)', 'side(O)', 'of(O)', 'her(O)', 'face(O)', ',(O)', 'a(O)', 'condition(O)', 'that(O)', 'has(O)', 'only(O)', 'been(O)', 'reported(O)', 'a(O)', 'few(O)', 'times(O)', 'in(O)', 'medical(O)', 'journals(O)', ',(O)', 'the(O)', 'St.(B-LOC)', 'Christopher(I-LOC)', 'Children(I-LOC)', ""'s(I-LOC)"", 'Hospital(I-LOC)', 'said(O)', '.(O)']","The(O) girl(O) ,(O) Abyss(B-PER) DeJesus(I-PER) ,(O) suffers(O) from(O) a(O) ""(O) hairy(O) nevus(O) ""(O) on(O) the(O) right(O) side(O) of(O) her(O) face(O) ,(O) a(O) condition(O) that(O) has(O) only(O) been(O) reported(O) a(O) few(O) times(O) in(O) medical(O) journals(O) ,(O) the(O) St.(B-LOC) Christopher(I-LOC) Children(I-LOC) 's(I-LOC) Hospital(I-LOC) said(O) .(O)","Input: The girl , Abyss DeJesus , suffers from a "" hairy nevus "" on the right side of her face , a condition that has only been reported a few times in medical journals , the St. Christopher Children 's Hospital said .
Output: The(O) girl(O) ,(O) Abyss(B-PER) DeJesus(I-PER) ,(O) suffers(O) from(O) a(O) ""(O) hairy(O) nevus(O) ""(O) on(O) the(O) right(O) side(O) of(O) her(O) face(O) ,(O) a(O) condition(O) that(O) has(O) only(O) been(O) reported(O) a(O) few(O) times(O) in(O) medical(O) journals(O) ,(O) the(O) St.(B-LOC) Christopher(I-LOC) Children(I-LOC) 's(I-LOC) Hospital(I-LOC) said(O) .(O)"
1922,"['At' 'Colchester' ':' 'Gloucestershire' '280' '(' 'J.' 'Russell' '63' ','
 'A.' 'Symonds']","['O', 'B-LOC', 'O', 'B-ORG', 'O', 'O', 'B-PER', 'I-PER', 'O', 'O', 'B-PER', 'I-PER']","At Colchester : Gloucestershire 280 ( J. Russell 63 , A. Symonds","['At(O)', 'Colchester(B-LOC)', ':(O)', 'Gloucestershire(B-ORG)', '280(O)', '((O)', 'J.(B-PER)', 'Russell(I-PER)', '63(O)', ',(O)', 'A.(B-PER)', 'Symonds(I-PER)']","At(O) Colchester(B-LOC) :(O) Gloucestershire(B-ORG) 280(O) ((O) J.(B-PER) Russell(I-PER) 63(O) ,(O) A.(B-PER) Symonds(I-PER)","Input: At Colchester : Gloucestershire 280 ( J. Russell 63 , A. Symonds
Output: At(O) Colchester(B-LOC) :(O) Gloucestershire(B-ORG) 280(O) ((O) J.(B-PER) Russell(I-PER) 63(O) ,(O) A.(B-PER) Symonds(I-PER)"
5824,"['When' '(' 'halfback' ')' 'Justin' 'Marshall' 'got' 'the' 'ball' 'he'
 'was' 'going' 'to' 'go' 'on' 'the' 'openside' 'where' 'Jon' 'Preston'
 'was' 'so' 'I' 'emptied' 'my' 'lung' 'at' 'him' 'to' 'get' 'the' 'ball'
 'this' 'way' '.']","['O', 'O', 'O', 'O', 'B-PER', 'I-PER', 'O', 'O', 'O', 'O', 'O', 'O', 'O', 'O', 'O', 'O', 'O', 'O', 'B-PER', 'I-PER', 'O', 'O', 'O', 'O', 'O', 'O', 'O', 'O', 'O', 'O', 'O', 'O', 'O', 'O', 'O']",When ( halfback ) Justin Marshall got the ball he was going to go on the openside where Jon Preston was so I emptied my lung at him to get the ball this way .,"['When(O)', '((O)', 'halfback(O)', ')(O)', 'Justin(B-PER)', 'Marshall(I-PER)', 'got(O)', 'the(O)', 'ball(O)', 'he(O)', 'was(O)', 'going(O)', 'to(O)', 'go(O)', 'on(O)', 'the(O)', 'openside(O)', 'where(O)', 'Jon(B-PER)', 'Preston(I-PER)', 'was(O)', 'so(O)', 'I(O)', 'emptied(O)', 'my(O)', 'lung(O)', 'at(O)', 'him(O)', 'to(O)', 'get(O)', 'the(O)', 'ball(O)', 'this(O)', 'way(O)', '.(O)']",When(O) ((O) halfback(O) )(O) Justin(B-PER) Marshall(I-PER) got(O) the(O) ball(O) he(O) was(O) going(O) to(O) go(O) on(O) the(O) openside(O) where(O) Jon(B-PER) Preston(I-PER) was(O) so(O) I(O) emptied(O) my(O) lung(O) at(O) him(O) to(O) get(O) the(O) ball(O) this(O) way(O) .(O),"Input: When ( halfback ) Justin Marshall got the ball he was going to go on the openside where Jon Preston was so I emptied my lung at him to get the ball this way .
Output: When(O) ((O) halfback(O) )(O) Justin(B-PER) Marshall(I-PER) got(O) the(O) ball(O) he(O) was(O) going(O) to(O) go(O) on(O) the(O) openside(O) where(O) Jon(B-PER) Preston(I-PER) was(O) so(O) I(O) emptied(O) my(O) lung(O) at(O) him(O) to(O) get(O) the(O) ball(O) this(O) way(O) .(O)"
11974,"['Australia' ""'s"" 'six' 'states' 'and' 'two' 'territories' 'are'
 'involved' 'in' 'heated' 'debate' 'over' 'the' 'introduction' 'of'
 'tough' 'new' 'firearm' 'laws' ',' 'including' 'the' 'banning' 'rapid'
 'fire' 'weapons' ',' 'after' 'a' 'shooting' 'massacre' 'in' 'the'
 'island' 'state' 'of' 'Tasmania' '.']","['B-LOC', 'O', 'O', 'O', 'O', 'O', 'O', 'O', 'O', 'O', 'O', 'O', 'O', 'O', 'O', 'O', 'O', 'O', 'O', 'O', 'O', 'O', 'O', 'O', 'O', 'O', 'O', 'O', 'O', 'O', 'O', 'O', 'O', 'O', 'O', 'O', 'O', 'B-LOC', 'O']","Australia 's six states and two territories are involved in heated debate over the introduction of tough new firearm laws , including the banning rapid fire weapons , after a shooting massacre in the island state of Tasmania .","['Australia(B-LOC)', ""'s(O)"", 'six(O)', 'states(O)', 'and(O)', 'two(O)', 'territories(O)', 'are(O)', 'involved(O)', 'in(O)', 'heated(O)', 'debate(O)', 'over(O)', 'the(O)', 'introduction(O)', 'of(O)', 'tough(O)', 'new(O)', 'firearm(O)', 'laws(O)', ',(O)', 'including(O)', 'the(O)', 'banning(O)', 'rapid(O)', 'fire(O)', 'weapons(O)', ',(O)', 'after(O)', 'a(O)', 'shooting(O)', 'massacre(O)', 'in(O)', 'the(O)', 'island(O)', 'state(O)', 'of(O)', 'Tasmania(B-LOC)', '.(O)']","Australia(B-LOC) 's(O) six(O) states(O) and(O) two(O) territories(O) are(O) involved(O) in(O) heated(O) debate(O) over(O) the(O) introduction(O) of(O) tough(O) new(O) firearm(O) laws(O) ,(O) including(O) the(O) banning(O) rapid(O) fire(O) weapons(O) ,(O) after(O) a(O) shooting(O) massacre(O) in(O) the(O) island(O) state(O) of(O) Tasmania(B-LOC) .(O)","Input: Australia 's six states and two territories are involved in heated debate over the introduction of tough new firearm laws , including the banning rapid fire weapons , after a shooting massacre in the island state of Tasmania .
Output: Australia(B-LOC) 's(O) six(O) states(O) and(O) two(O) territories(O) are(O) involved(O) in(O) heated(O) debate(O) over(O) the(O) introduction(O) of(O) tough(O) new(O) firearm(O) laws(O) ,(O) including(O) the(O) banning(O) rapid(O) fire(O) weapons(O) ,(O) after(O) a(O) shooting(O) massacre(O) in(O) the(O) island(O) state(O) of(O) Tasmania(B-LOC) .(O)"
13240,"['In' 'the' 'past' 'two' 'months' 'elephants' 'have' 'killed' 'three'
 'people' 'in' 'remote' 'areas' 'of' 'east' 'and' 'central' 'Nepal' '.']","['O', 'O', 'O', 'O', 'O', 'O', 'O', 'O', 'O', 'O', 'O', 'O', 'O', 'O', 'O', 'O', 'O', 'B-LOC', 'O']",In the past two months elephants have killed three people in remote areas of east and central Nepal .,"['In(O)', 'the(O)', 'past(O)', 'two(O)', 'months(O)', 'elephants(O)', 'have(O)', 'killed(O)', 'three(O)', 'people(O)', 'in(O)', 'remote(O)', 'areas(O)', 'of(O)', 'east(O)', 'and(O)', 'central(O)', 'Nepal(B-LOC)', '.(O)']",In(O) the(O) past(O) two(O) months(O) elephants(O) have(O) killed(O) three(O) people(O) in(O) remote(O) areas(O) of(O) east(O) and(O) central(O) Nepal(B-LOC) .(O),"Input: In the past two months elephants have killed three people in remote areas of east and central Nepal .
Output: In(O) the(O) past(O) two(O) months(O) elephants(O) have(O) killed(O) three(O) people(O) in(O) remote(O) areas(O) of(O) east(O) and(O) central(O) Nepal(B-LOC) .(O)"
13047,"['The' 'virus' ',' 'which' 'also' 'was' 'altered' 'to' 'minimise' 'its'
 'susceptibility' 'to' 'the' 'immune' 'system' ',' 'was' 'then' 'injected'
 'into' 'the' 'muscle' 'cells' 'of' 'mice' 'bred' 'to' 'lack' 'dystrophin'
 'genes' '.']","['O', 'O', 'O', 'O', 'O', 'O', 'O', 'O', 'O', 'O', 'O', 'O', 'O', 'O', 'O', 'O', 'O', 'O', 'O', 'O', 'O', 'O', 'O', 'O', 'O', 'O', 'O', 'O', 'O', 'O', 'O']","The virus , which also was altered to minimise its susceptibility to the immune system , was then injected into the muscle cells of mice bred to lack dystrophin genes .","['The(O)', 'virus(O)', ',(O)', 'which(O)', 'also(O)', 'was(O)', 'altered(O)', 'to(O)', 'minimise(O)', 'its(O)', 'susceptibility(O)', 'to(O)', 'the(O)', 'immune(O)', 'system(O)', ',(O)', 'was(O)', 'then(O)', 'injected(O)', 'into(O)', 'the(O)', 'muscle(O)', 'cells(O)', 'of(O)', 'mice(O)', 'bred(O)', 'to(O)', 'lack(O)', 'dystrophin(O)', 'genes(O)', '.(O)']","The(O) virus(O) ,(O) which(O) also(O) was(O) altered(O) to(O) minimise(O) its(O) susceptibility(O) to(O) the(O) immune(O) system(O) ,(O) was(O) then(O) injected(O) into(O) the(O) muscle(O) cells(O) of(O) mice(O) bred(O) to(O) lack(O) dystrophin(O) genes(O) .(O)","Input: The virus , which also was altered to minimise its susceptibility to the immune system , was then injected into the muscle cells of mice bred to lack dystrophin genes .
Output: The(O) virus(O) ,(O) which(O) also(O) was(O) altered(O) to(O) minimise(O) its(O) susceptibility(O) to(O) the(O) immune(O) system(O) ,(O) was(O) then(O) injected(O) into(O) the(O) muscle(O) cells(O) of(O) mice(O) bred(O) to(O) lack(O) dystrophin(O) genes(O) .(O)"
9168,['JAKARTA' '1996-08-27'],"['B-LOC', 'O']",JAKARTA 1996-08-27,"['JAKARTA(B-LOC)', '1996-08-27(O)']",JAKARTA(B-LOC) 1996-08-27(O),"Input: JAKARTA 1996-08-27
Output: JAKARTA(B-LOC) 1996-08-27(O)"
1715,['BANGKOK'],['B-LOC'],BANGKOK,['BANGKOK(B-LOC)'],BANGKOK(B-LOC),"Input: BANGKOK
Output: BANGKOK(B-LOC)"
4174,"['Team' 'members' 'must' 'remain' 'within' '100' 'yards' '(' 'metres' ')'
 'of' 'each' 'other' 'at' 'all' 'times' 'and' 'finish' 'together' '.']","['O', 'O', 'O', 'O', 'O', 'O', 'O', 'O', 'O', 'O', 'O', 'O', 'O', 'O', 'O', 'O', 'O', 'O', 'O', 'O']",Team members must remain within 100 yards ( metres ) of each other at all times and finish together .,"['Team(O)', 'members(O)', 'must(O)', 'remain(O)', 'within(O)', '100(O)', 'yards(O)', '((O)', 'metres(O)', ')(O)', 'of(O)', 'each(O)', 'other(O)', 'at(O)', 'all(O)', 'times(O)', 'and(O)', 'finish(O)', 'together(O)', '.(O)']",Team(O) members(O) must(O) remain(O) within(O) 100(O) yards(O) ((O) metres(O) )(O) of(O) each(O) other(O) at(O) all(O) times(O) and(O) finish(O) together(O) .(O),"Input: Team members must remain within 100 yards ( metres ) of each other at all times and finish together .
Output: Team(O) members(O) must(O) remain(O) within(O) 100(O) yards(O) ((O) metres(O) )(O) of(O) each(O) other(O) at(O) all(O) times(O) and(O) finish(O) together(O) .(O)"
7238,['COLOMBO' '1996-08-26'],"['B-LOC', 'O']",COLOMBO 1996-08-26,"['COLOMBO(B-LOC)', '1996-08-26(O)']",COLOMBO(B-LOC) 1996-08-26(O),"Input: COLOMBO 1996-08-26
Output: COLOMBO(B-LOC) 1996-08-26(O)"
1526,"['Clinton' ""'s"" 'Ballybunion' 'fans' 'invited' 'to' 'Chicago' '.']","['B-PER', 'O', 'B-ORG', 'O', 'O', 'O', 'B-LOC', 'O']",Clinton 's Ballybunion fans invited to Chicago .,"['Clinton(B-PER)', ""'s(O)"", 'Ballybunion(B-ORG)', 'fans(O)', 'invited(O)', 'to(O)', 'Chicago(B-LOC)', '.(O)']",Clinton(B-PER) 's(O) Ballybunion(B-ORG) fans(O) invited(O) to(O) Chicago(B-LOC) .(O),"Input: Clinton 's Ballybunion fans invited to Chicago .
Output: Clinton(B-PER) 's(O) Ballybunion(B-ORG) fans(O) invited(O) to(O) Chicago(B-LOC) .(O)"
9413,"['Bomb' 'blast' 'in' 'TELO' 'office' 'in' 'Trincomalee' 'kills' 'one' ','
 'wounds' 'six' '.']","['O', 'O', 'O', 'B-ORG', 'O', 'O', 'B-LOC', 'O', 'O', 'O', 'O', 'O', 'O']","Bomb blast in TELO office in Trincomalee kills one , wounds six .","['Bomb(O)', 'blast(O)', 'in(O)', 'TELO(B-ORG)', 'office(O)', 'in(O)', 'Trincomalee(B-LOC)', 'kills(O)', 'one(O)', ',(O)', 'wounds(O)', 'six(O)', '.(O)']","Bomb(O) blast(O) in(O) TELO(B-ORG) office(O) in(O) Trincomalee(B-LOC) kills(O) one(O) ,(O) wounds(O) six(O) .(O)","Input: Bomb blast in TELO office in Trincomalee kills one , wounds six .
Output: Bomb(O) blast(O) in(O) TELO(B-ORG) office(O) in(O) Trincomalee(B-LOC) kills(O) one(O) ,(O) wounds(O) six(O) .(O)"
11990,"['For' 'this' 'reason' 'we' 'decided' 'to' 'break' 'away' 'from' 'that'
 'dictatorial' 'group' 'and' 'found' 'a' 'movement' 'named' ""'""
 'Democratic' 'National' 'United' 'Movement' ""'"" ',' '""' 'he' 'said' '.']","['O', 'O', 'O', 'O', 'O', 'O', 'O', 'O', 'O', 'O', 'O', 'O', 'O', 'O', 'O', 'O', 'O', 'O', 'B-ORG', 'I-ORG', 'I-ORG', 'I-ORG', 'O', 'O', 'O', 'O', 'O', 'O']","For this reason we decided to break away from that dictatorial group and found a movement named ' Democratic National United Movement ' , "" he said .","['For(O)', 'this(O)', 'reason(O)', 'we(O)', 'decided(O)', 'to(O)', 'break(O)', 'away(O)', 'from(O)', 'that(O)', 'dictatorial(O)', 'group(O)', 'and(O)', 'found(O)', 'a(O)', 'movement(O)', 'named(O)', ""'(O)"", 'Democratic(B-ORG)', 'National(I-ORG)', 'United(I-ORG)', 'Movement(I-ORG)', ""'(O)"", ',(O)', '""(O)', 'he(O)', 'said(O)', '.(O)']","For(O) this(O) reason(O) we(O) decided(O) to(O) break(O) away(O) from(O) that(O) dictatorial(O) group(O) and(O) found(O) a(O) movement(O) named(O) '(O) Democratic(B-ORG) National(I-ORG) United(I-ORG) Movement(I-ORG) '(O) ,(O) ""(O) he(O) said(O) .(O)","Input: For this reason we decided to break away from that dictatorial group and found a movement named ' Democratic National United Movement ' , "" he said .
Output: For(O) this(O) reason(O) we(O) decided(O) to(O) break(O) away(O) from(O) that(O) dictatorial(O) group(O) and(O) found(O) a(O) movement(O) named(O) '(O) Democratic(B-ORG) National(I-ORG) United(I-ORG) Movement(I-ORG) '(O) ,(O) ""(O) he(O) said(O) .(O)"
10203,"['At' 'Portsmouth' ':' 'Middlesex' '199' 'in' '60' 'overs' '(' 'K.'
 'Brown' '57' ';']","['O', 'B-LOC', 'O', 'B-ORG', 'O', 'O', 'O', 'O', 'O', 'B-PER', 'I-PER', 'O', 'O']",At Portsmouth : Middlesex 199 in 60 overs ( K. Brown 57 ;,"['At(O)', 'Portsmouth(B-LOC)', ':(O)', 'Middlesex(B-ORG)', '199(O)', 'in(O)', '60(O)', 'overs(O)', '((O)', 'K.(B-PER)', 'Brown(I-PER)', '57(O)', ';(O)']",At(O) Portsmouth(B-LOC) :(O) Middlesex(B-ORG) 199(O) in(O) 60(O) overs(O) ((O) K.(B-PER) Brown(I-PER) 57(O) ;(O),"Input: At Portsmouth : Middlesex 199 in 60 overs ( K. Brown 57 ;
Output: At(O) Portsmouth(B-LOC) :(O) Middlesex(B-ORG) 199(O) in(O) 60(O) overs(O) ((O) K.(B-PER) Brown(I-PER) 57(O) ;(O)"
10656,"['Spurred' 'by' 'Foe' ""'s"" 'leveller' 'five' 'minutes' 'before' ',' 'Lens'
 'pressed' 'hard' 'and' 'Foe' 'hit' 'the' 'crossbar' 'in' 'the' 'dying'
 'seconds' 'on' 'another' 'header' '.']","['O', 'O', 'B-PER', 'O', 'O', 'O', 'O', 'O', 'O', 'B-ORG', 'O', 'O', 'O', 'B-PER', 'O', 'O', 'O', 'O', 'O', 'O', 'O', 'O', 'O', 'O', 'O']","Spurred by Foe 's leveller five minutes before , Lens pressed hard and Foe hit the crossbar in the dying seconds on another header .","['Spurred(O)', 'by(O)', 'Foe(B-PER)', ""'s(O)"", 'leveller(O)', 'five(O)', 'minutes(O)', 'before(O)', ',(O)', 'Lens(B-ORG)', 'pressed(O)', 'hard(O)', 'and(O)', 'Foe(B-PER)', 'hit(O)', 'the(O)', 'crossbar(O)', 'in(O)', 'the(O)', 'dying(O)', 'seconds(O)', 'on(O)', 'another(O)', 'header(O)', '.(O)']","Spurred(O) by(O) Foe(B-PER) 's(O) leveller(O) five(O) minutes(O) before(O) ,(O) Lens(B-ORG) pressed(O) hard(O) and(O) Foe(B-PER) hit(O) the(O) crossbar(O) in(O) the(O) dying(O) seconds(O) on(O) another(O) header(O) .(O)","Input: Spurred by Foe 's leveller five minutes before , Lens pressed hard and Foe hit the crossbar in the dying seconds on another header .
Output: Spurred(O) by(O) Foe(B-PER) 's(O) leveller(O) five(O) minutes(O) before(O) ,(O) Lens(B-ORG) pressed(O) hard(O) and(O) Foe(B-PER) hit(O) the(O) crossbar(O) in(O) the(O) dying(O) seconds(O) on(O) another(O) header(O) .(O)"
11139,"['The' 'CRP' 'said' 'the' 'four' 'were' 'arrested' 'on' 'Monday' 'night'
 'at' 'the' 'northeastern' 'Tafawa' 'Balewa' 'University' '.']","['O', 'B-ORG', 'O', 'O', 'O', 'O', 'O', 'O', 'O', 'O', 'O', 'O', 'O', 'B-ORG', 'I-ORG', 'I-ORG', 'O']",The CRP said the four were arrested on Monday night at the northeastern Tafawa Balewa University .,"['The(O)', 'CRP(B-ORG)', 'said(O)', 'the(O)', 'four(O)', 'were(O)', 'arrested(O)', 'on(O)', 'Monday(O)', 'night(O)', 'at(O)', 'the(O)', 'northeastern(O)', 'Tafawa(B-ORG)', 'Balewa(I-ORG)', 'University(I-ORG)', '.(O)']",The(O) CRP(B-ORG) said(O) the(O) four(O) were(O) arrested(O) on(O) Monday(O) night(O) at(O) the(O) northeastern(O) Tafawa(B-ORG) Balewa(I-ORG) University(I-ORG) .(O),"Input: The CRP said the four were arrested on Monday night at the northeastern Tafawa Balewa University .
Output: The(O) CRP(B-ORG) said(O) the(O) four(O) were(O) arrested(O) on(O) Monday(O) night(O) at(O) the(O) northeastern(O) Tafawa(B-ORG) Balewa(I-ORG) University(I-ORG) .(O)"
13777,"['He' 'said' 'police' 'were' 'investigating' 'the' 'incident' 'and'
 'patrols' 'around' 'diplomatic' 'offices' 'in' 'Surabaya' 'would' 'be'
 'stepped' 'up' '.']","['O', 'O', 'O', 'O', 'O', 'O', 'O', 'O', 'O', 'O', 'O', 'O', 'O', 'B-LOC', 'O', 'O', 'O', 'O', 'O']",He said police were investigating the incident and patrols around diplomatic offices in Surabaya would be stepped up .,"['He(O)', 'said(O)', 'police(O)', 'were(O)', 'investigating(O)', 'the(O)', 'incident(O)', 'and(O)', 'patrols(O)', 'around(O)', 'diplomatic(O)', 'offices(O)', 'in(O)', 'Surabaya(B-LOC)', 'would(O)', 'be(O)', 'stepped(O)', 'up(O)', '.(O)']",He(O) said(O) police(O) were(O) investigating(O) the(O) incident(O) and(O) patrols(O) around(O) diplomatic(O) offices(O) in(O) Surabaya(B-LOC) would(O) be(O) stepped(O) up(O) .(O),"Input: He said police were investigating the incident and patrols around diplomatic offices in Surabaya would be stepped up .
Output: He(O) said(O) police(O) were(O) investigating(O) the(O) incident(O) and(O) patrols(O) around(O) diplomatic(O) offices(O) in(O) Surabaya(B-LOC) would(O) be(O) stepped(O) up(O) .(O)"
549,"['In' 'Bergen' ':' 'Brann' '(' 'Norway' ')' '2' 'Shelbourne' '(' 'Ireland'
 ')' '1' '(' '1-1' ')']","['O', 'B-LOC', 'O', 'B-ORG', 'O', 'B-LOC', 'O', 'O', 'B-ORG', 'O', 'B-LOC', 'O', 'O', 'O', 'O', 'O']",In Bergen : Brann ( Norway ) 2 Shelbourne ( Ireland ) 1 ( 1-1 ),"['In(O)', 'Bergen(B-LOC)', ':(O)', 'Brann(B-ORG)', '((O)', 'Norway(B-LOC)', ')(O)', '2(O)', 'Shelbourne(B-ORG)', '((O)', 'Ireland(B-LOC)', ')(O)', '1(O)', '((O)', '1-1(O)', ')(O)']",In(O) Bergen(B-LOC) :(O) Brann(B-ORG) ((O) Norway(B-LOC) )(O) 2(O) Shelbourne(B-ORG) ((O) Ireland(B-LOC) )(O) 1(O) ((O) 1-1(O) )(O),"Input: In Bergen : Brann ( Norway ) 2 Shelbourne ( Ireland ) 1 ( 1-1 )
Output: In(O) Bergen(B-LOC) :(O) Brann(B-ORG) ((O) Norway(B-LOC) )(O) 2(O) Shelbourne(B-ORG) ((O) Ireland(B-LOC) )(O) 1(O) ((O) 1-1(O) )(O)"
12733,['London' 'LIFFE' 'futures' 'APT' 'closing' 'prices' '.'],"['B-LOC', 'B-ORG', 'O', 'O', 'O', 'O', 'O']",London LIFFE futures APT closing prices .,"['London(B-LOC)', 'LIFFE(B-ORG)', 'futures(O)', 'APT(O)', 'closing(O)', 'prices(O)', '.(O)']",London(B-LOC) LIFFE(B-ORG) futures(O) APT(O) closing(O) prices(O) .(O),"Input: London LIFFE futures APT closing prices .
Output: London(B-LOC) LIFFE(B-ORG) futures(O) APT(O) closing(O) prices(O) .(O)"
12539,['EASTERN' 'DIVISION'],"['B-MISC', 'I-MISC']",EASTERN DIVISION,"['EASTERN(B-MISC)', 'DIVISION(I-MISC)']",EASTERN(B-MISC) DIVISION(I-MISC),"Input: EASTERN DIVISION
Output: EASTERN(B-MISC) DIVISION(I-MISC)"
2251,['BRUSSELS' '1996-08-23'],"['B-LOC', 'O']",BRUSSELS 1996-08-23,"['BRUSSELS(B-LOC)', '1996-08-23(O)']",BRUSSELS(B-LOC) 1996-08-23(O),"Input: BRUSSELS 1996-08-23
Output: BRUSSELS(B-LOC) 1996-08-23(O)"
1572,"['A' 'post-mortem' 'report' 'suggested' 'he' 'might' 'have' 'been'
 'tortured' '.']","['O', 'O', 'O', 'O', 'O', 'O', 'O', 'O', 'O', 'O']",A post-mortem report suggested he might have been tortured .,"['A(O)', 'post-mortem(O)', 'report(O)', 'suggested(O)', 'he(O)', 'might(O)', 'have(O)', 'been(O)', 'tortured(O)', '.(O)']",A(O) post-mortem(O) report(O) suggested(O) he(O) might(O) have(O) been(O) tortured(O) .(O),"Input: A post-mortem report suggested he might have been tortured .
Output: A(O) post-mortem(O) report(O) suggested(O) he(O) might(O) have(O) been(O) tortured(O) .(O)"
10439,['CHICAGO' '70' '64' '.522' '10'],"['B-ORG', 'O', 'O', 'O', 'O']",CHICAGO 70 64 .522 10,"['CHICAGO(B-ORG)', '70(O)', '64(O)', '.522(O)', '10(O)']",CHICAGO(B-ORG) 70(O) 64(O) .522(O) 10(O),"Input: CHICAGO 70 64 .522 10
Output: CHICAGO(B-ORG) 70(O) 64(O) .522(O) 10(O)"
115,"['We' 'do' 'not' 'want' 'a' 'war' ',' 'God' 'forbid' '.']","['O', 'O', 'O', 'O', 'O', 'O', 'O', 'B-PER', 'O', 'O']","We do not want a war , God forbid .","['We(O)', 'do(O)', 'not(O)', 'want(O)', 'a(O)', 'war(O)', ',(O)', 'God(B-PER)', 'forbid(O)', '.(O)']","We(O) do(O) not(O) want(O) a(O) war(O) ,(O) God(B-PER) forbid(O) .(O)","Input: We do not want a war , God forbid .
Output: We(O) do(O) not(O) want(O) a(O) war(O) ,(O) God(B-PER) forbid(O) .(O)"
10466,['ST' 'LOUIS' '69' '63' '.523' '1' '1/2'],"['B-ORG', 'I-ORG', 'O', 'O', 'O', 'O', 'O']",ST LOUIS 69 63 .523 1 1/2,"['ST(B-ORG)', 'LOUIS(I-ORG)', '69(O)', '63(O)', '.523(O)', '1(O)', '1/2(O)']",ST(B-ORG) LOUIS(I-ORG) 69(O) 63(O) .523(O) 1(O) 1/2(O),"Input: ST LOUIS 69 63 .523 1 1/2
Output: ST(B-ORG) LOUIS(I-ORG) 69(O) 63(O) .523(O) 1(O) 1/2(O)"
9577,"['were' 'largely' 'unchanged' 'at' 'the' 'Bank' 'of' 'Finland' ""'s""
 'daily' 'fixing' 'on']","['O', 'O', 'O', 'O', 'O', 'B-ORG', 'I-ORG', 'I-ORG', 'O', 'O', 'O', 'O']",were largely unchanged at the Bank of Finland 's daily fixing on,"['were(O)', 'largely(O)', 'unchanged(O)', 'at(O)', 'the(O)', 'Bank(B-ORG)', 'of(I-ORG)', 'Finland(I-ORG)', ""'s(O)"", 'daily(O)', 'fixing(O)', 'on(O)']",were(O) largely(O) unchanged(O) at(O) the(O) Bank(B-ORG) of(I-ORG) Finland(I-ORG) 's(O) daily(O) fixing(O) on(O),"Input: were largely unchanged at the Bank of Finland 's daily fixing on
Output: were(O) largely(O) unchanged(O) at(O) the(O) Bank(B-ORG) of(I-ORG) Finland(I-ORG) 's(O) daily(O) fixing(O) on(O)"
13179,"['EU' 'barley' 'sale' 'worth' '$' '145' '/' 'T' ',' 'for' 'Saudi' '-'
 'sources' '.']","['B-ORG', 'O', 'O', 'O', 'O', 'O', 'O', 'O', 'O', 'O', 'B-MISC', 'O', 'O', 'O']","EU barley sale worth $ 145 / T , for Saudi - sources .","['EU(B-ORG)', 'barley(O)', 'sale(O)', 'worth(O)', '$(O)', '145(O)', '/(O)', 'T(O)', ',(O)', 'for(O)', 'Saudi(B-MISC)', '-(O)', 'sources(O)', '.(O)']","EU(B-ORG) barley(O) sale(O) worth(O) $(O) 145(O) /(O) T(O) ,(O) for(O) Saudi(B-MISC) -(O) sources(O) .(O)","Input: EU barley sale worth $ 145 / T , for Saudi - sources .
Output: EU(B-ORG) barley(O) sale(O) worth(O) $(O) 145(O) /(O) T(O) ,(O) for(O) Saudi(B-MISC) -(O) sources(O) .(O)"
10637,['Leading' 'scorers' 'in' 'the' 'French'],"['O', 'O', 'O', 'O', 'B-MISC']",Leading scorers in the French,"['Leading(O)', 'scorers(O)', 'in(O)', 'the(O)', 'French(B-MISC)']",Leading(O) scorers(O) in(O) the(O) French(B-MISC),"Input: Leading scorers in the French
Output: Leading(O) scorers(O) in(O) the(O) French(B-MISC)"
2980,"['Stenning' ',' 'who' 'has' 'previous' 'convictions' ',' 'is' 'expected'
 'to' 'appeal' 'against' 'the' 'sentence' '.']","['B-PER', 'O', 'O', 'O', 'O', 'O', 'O', 'O', 'O', 'O', 'O', 'O', 'O', 'O', 'O']","Stenning , who has previous convictions , is expected to appeal against the sentence .","['Stenning(B-PER)', ',(O)', 'who(O)', 'has(O)', 'previous(O)', 'convictions(O)', ',(O)', 'is(O)', 'expected(O)', 'to(O)', 'appeal(O)', 'against(O)', 'the(O)', 'sentence(O)', '.(O)']","Stenning(B-PER) ,(O) who(O) has(O) previous(O) convictions(O) ,(O) is(O) expected(O) to(O) appeal(O) against(O) the(O) sentence(O) .(O)","Input: Stenning , who has previous convictions , is expected to appeal against the sentence .
Output: Stenning(B-PER) ,(O) who(O) has(O) previous(O) convictions(O) ,(O) is(O) expected(O) to(O) appeal(O) against(O) the(O) sentence(O) .(O)"
7683,"['The' 'environment' 'would' 'be' 'at' 'risk' 'from' 'the' 'polluters'
 'that' 'control' 'that' 'coalition' ',' '""' 'he' 'said' '.']","['O', 'O', 'O', 'O', 'O', 'O', 'O', 'O', 'O', 'O', 'O', 'O', 'O', 'O', 'O', 'O', 'O', 'O']","The environment would be at risk from the polluters that control that coalition , "" he said .","['The(O)', 'environment(O)', 'would(O)', 'be(O)', 'at(O)', 'risk(O)', 'from(O)', 'the(O)', 'polluters(O)', 'that(O)', 'control(O)', 'that(O)', 'coalition(O)', ',(O)', '""(O)', 'he(O)', 'said(O)', '.(O)']","The(O) environment(O) would(O) be(O) at(O) risk(O) from(O) the(O) polluters(O) that(O) control(O) that(O) coalition(O) ,(O) ""(O) he(O) said(O) .(O)","Input: The environment would be at risk from the polluters that control that coalition , "" he said .
Output: The(O) environment(O) would(O) be(O) at(O) risk(O) from(O) the(O) polluters(O) that(O) control(O) that(O) coalition(O) ,(O) ""(O) he(O) said(O) .(O)"
3582,['Essex' '532-8'],"['B-ORG', 'O']",Essex 532-8,"['Essex(B-ORG)', '532-8(O)']",Essex(B-ORG) 532-8(O),"Input: Essex 532-8
Output: Essex(B-ORG) 532-8(O)"
9743,['Elect' 'Res' 'April' '20' '43.0' '32.0' '6.0' '12.0' '4.0'],"['B-ORG', 'I-ORG', 'O', 'O', 'O', 'O', 'O', 'O', 'O']",Elect Res April 20 43.0 32.0 6.0 12.0 4.0,"['Elect(B-ORG)', 'Res(I-ORG)', 'April(O)', '20(O)', '43.0(O)', '32.0(O)', '6.0(O)', '12.0(O)', '4.0(O)']",Elect(B-ORG) Res(I-ORG) April(O) 20(O) 43.0(O) 32.0(O) 6.0(O) 12.0(O) 4.0(O),"Input: Elect Res April 20 43.0 32.0 6.0 12.0 4.0
Output: Elect(B-ORG) Res(I-ORG) April(O) 20(O) 43.0(O) 32.0(O) 6.0(O) 12.0(O) 4.0(O)"
9989,['2.' 'Natalya' 'Shikolenko' '(' 'Belarus' ')' '57.44'],"['O', 'B-PER', 'I-PER', 'O', 'B-LOC', 'O', 'O']",2. Natalya Shikolenko ( Belarus ) 57.44,"['2.(O)', 'Natalya(B-PER)', 'Shikolenko(I-PER)', '((O)', 'Belarus(B-LOC)', ')(O)', '57.44(O)']",2.(O) Natalya(B-PER) Shikolenko(I-PER) ((O) Belarus(B-LOC) )(O) 57.44(O),"Input: 2. Natalya Shikolenko ( Belarus ) 57.44
Output: 2.(O) Natalya(B-PER) Shikolenko(I-PER) ((O) Belarus(B-LOC) )(O) 57.44(O)"
7548,"['Kurds' 'clash' 'again' 'in' 'Iraq' ',' 'dozens' 'reported' 'dead' '.']","['B-MISC', 'O', 'O', 'O', 'B-LOC', 'O', 'O', 'O', 'O', 'O']","Kurds clash again in Iraq , dozens reported dead .","['Kurds(B-MISC)', 'clash(O)', 'again(O)', 'in(O)', 'Iraq(B-LOC)', ',(O)', 'dozens(O)', 'reported(O)', 'dead(O)', '.(O)']","Kurds(B-MISC) clash(O) again(O) in(O) Iraq(B-LOC) ,(O) dozens(O) reported(O) dead(O) .(O)","Input: Kurds clash again in Iraq , dozens reported dead .
Output: Kurds(B-MISC) clash(O) again(O) in(O) Iraq(B-LOC) ,(O) dozens(O) reported(O) dead(O) .(O)"
7367,"['The' 'director' 'general' 'of' 'the' 'air' 'traffic' 'service'
 'Valentin' 'Valkov' 'said' 'last' 'Friday' 'that' 'a' 'controllers' ""'""
 'strike' 'would' 'be' 'illegal' '.']","['O', 'O', 'O', 'O', 'O', 'O', 'O', 'O', 'B-PER', 'I-PER', 'O', 'O', 'O', 'O', 'O', 'O', 'O', 'O', 'O', 'O', 'O', 'O']",The director general of the air traffic service Valentin Valkov said last Friday that a controllers ' strike would be illegal .,"['The(O)', 'director(O)', 'general(O)', 'of(O)', 'the(O)', 'air(O)', 'traffic(O)', 'service(O)', 'Valentin(B-PER)', 'Valkov(I-PER)', 'said(O)', 'last(O)', 'Friday(O)', 'that(O)', 'a(O)', 'controllers(O)', ""'(O)"", 'strike(O)', 'would(O)', 'be(O)', 'illegal(O)', '.(O)']",The(O) director(O) general(O) of(O) the(O) air(O) traffic(O) service(O) Valentin(B-PER) Valkov(I-PER) said(O) last(O) Friday(O) that(O) a(O) controllers(O) '(O) strike(O) would(O) be(O) illegal(O) .(O),"Input: The director general of the air traffic service Valentin Valkov said last Friday that a controllers ' strike would be illegal .
Output: The(O) director(O) general(O) of(O) the(O) air(O) traffic(O) service(O) Valentin(B-PER) Valkov(I-PER) said(O) last(O) Friday(O) that(O) a(O) controllers(O) '(O) strike(O) would(O) be(O) illegal(O) .(O)"
13559,['Amsterdam-Rotterdam-Antwerp' 'oil' 'stock' 'levels' 'fall' '.'],"['B-LOC', 'O', 'O', 'O', 'O', 'O']",Amsterdam-Rotterdam-Antwerp oil stock levels fall .,"['Amsterdam-Rotterdam-Antwerp(B-LOC)', 'oil(O)', 'stock(O)', 'levels(O)', 'fall(O)', '.(O)']",Amsterdam-Rotterdam-Antwerp(B-LOC) oil(O) stock(O) levels(O) fall(O) .(O),"Input: Amsterdam-Rotterdam-Antwerp oil stock levels fall .
Output: Amsterdam-Rotterdam-Antwerp(B-LOC) oil(O) stock(O) levels(O) fall(O) .(O)"
5759,['PSV' 'Eindhoven' '2' '2' '0' '0' '8' '2' '6'],"['B-ORG', 'I-ORG', 'O', 'O', 'O', 'O', 'O', 'O', 'O']",PSV Eindhoven 2 2 0 0 8 2 6,"['PSV(B-ORG)', 'Eindhoven(I-ORG)', '2(O)', '2(O)', '0(O)', '0(O)', '8(O)', '2(O)', '6(O)']",PSV(B-ORG) Eindhoven(I-ORG) 2(O) 2(O) 0(O) 0(O) 8(O) 2(O) 6(O),"Input: PSV Eindhoven 2 2 0 0 8 2 6
Output: PSV(B-ORG) Eindhoven(I-ORG) 2(O) 2(O) 0(O) 0(O) 8(O) 2(O) 6(O)"
8416,"['The' 'women' ""'s"" 'draw' 'lost' 'another' 'seed' 'when' 'Austrian'
 'Judith' 'Wiesner' 'overcame' 'Iva' 'Majoli' 'of' 'Croatia' '2-6' '6-3'
 '6-1' '.']","['O', 'O', 'O', 'O', 'O', 'O', 'O', 'O', 'B-MISC', 'B-PER', 'I-PER', 'O', 'B-PER', 'I-PER', 'O', 'B-LOC', 'O', 'O', 'O', 'O']",The women 's draw lost another seed when Austrian Judith Wiesner overcame Iva Majoli of Croatia 2-6 6-3 6-1 .,"['The(O)', 'women(O)', ""'s(O)"", 'draw(O)', 'lost(O)', 'another(O)', 'seed(O)', 'when(O)', 'Austrian(B-MISC)', 'Judith(B-PER)', 'Wiesner(I-PER)', 'overcame(O)', 'Iva(B-PER)', 'Majoli(I-PER)', 'of(O)', 'Croatia(B-LOC)', '2-6(O)', '6-3(O)', '6-1(O)', '.(O)']",The(O) women(O) 's(O) draw(O) lost(O) another(O) seed(O) when(O) Austrian(B-MISC) Judith(B-PER) Wiesner(I-PER) overcame(O) Iva(B-PER) Majoli(I-PER) of(O) Croatia(B-LOC) 2-6(O) 6-3(O) 6-1(O) .(O),"Input: The women 's draw lost another seed when Austrian Judith Wiesner overcame Iva Majoli of Croatia 2-6 6-3 6-1 .
Output: The(O) women(O) 's(O) draw(O) lost(O) another(O) seed(O) when(O) Austrian(B-MISC) Judith(B-PER) Wiesner(I-PER) overcame(O) Iva(B-PER) Majoli(I-PER) of(O) Croatia(B-LOC) 2-6(O) 6-3(O) 6-1(O) .(O)"
12927,"['Maturing' 'credits' 'are' 'seen' 'at' '2.209' 'billion' 'pesos' ','
 'and' 'there' 'is' 'an' 'oversupply' 'of' '684' 'billion' 'pesos' 'from'
 'the' 'primary' 'auction' '.']","['O', 'O', 'O', 'O', 'O', 'O', 'O', 'O', 'O', 'O', 'O', 'O', 'O', 'O', 'O', 'O', 'O', 'O', 'O', 'O', 'O', 'O', 'O']","Maturing credits are seen at 2.209 billion pesos , and there is an oversupply of 684 billion pesos from the primary auction .","['Maturing(O)', 'credits(O)', 'are(O)', 'seen(O)', 'at(O)', '2.209(O)', 'billion(O)', 'pesos(O)', ',(O)', 'and(O)', 'there(O)', 'is(O)', 'an(O)', 'oversupply(O)', 'of(O)', '684(O)', 'billion(O)', 'pesos(O)', 'from(O)', 'the(O)', 'primary(O)', 'auction(O)', '.(O)']","Maturing(O) credits(O) are(O) seen(O) at(O) 2.209(O) billion(O) pesos(O) ,(O) and(O) there(O) is(O) an(O) oversupply(O) of(O) 684(O) billion(O) pesos(O) from(O) the(O) primary(O) auction(O) .(O)","Input: Maturing credits are seen at 2.209 billion pesos , and there is an oversupply of 684 billion pesos from the primary auction .
Output: Maturing(O) credits(O) are(O) seen(O) at(O) 2.209(O) billion(O) pesos(O) ,(O) and(O) there(O) is(O) an(O) oversupply(O) of(O) 684(O) billion(O) pesos(O) from(O) the(O) primary(O) auction(O) .(O)"
908,['BRUSSELS' '1996-08-22'],"['B-LOC', 'O']",BRUSSELS 1996-08-22,"['BRUSSELS(B-LOC)', '1996-08-22(O)']",BRUSSELS(B-LOC) 1996-08-22(O),"Input: BRUSSELS 1996-08-22
Output: BRUSSELS(B-LOC) 1996-08-22(O)"
9463,"['Islamists' 'can' 'meet' 'in' 'London' ',' 'minister' '.']","['B-MISC', 'O', 'O', 'O', 'B-LOC', 'O', 'O', 'O']","Islamists can meet in London , minister .","['Islamists(B-MISC)', 'can(O)', 'meet(O)', 'in(O)', 'London(B-LOC)', ',(O)', 'minister(O)', '.(O)']","Islamists(B-MISC) can(O) meet(O) in(O) London(B-LOC) ,(O) minister(O) .(O)","Input: Islamists can meet in London , minister .
Output: Islamists(B-MISC) can(O) meet(O) in(O) London(B-LOC) ,(O) minister(O) .(O)"
13868,"['Government' 'budget' 'figures' 'relate' 'to' 'central' 'government'
 'finances' 'only' '.']","['O', 'O', 'O', 'O', 'O', 'O', 'O', 'O', 'O', 'O']",Government budget figures relate to central government finances only .,"['Government(O)', 'budget(O)', 'figures(O)', 'relate(O)', 'to(O)', 'central(O)', 'government(O)', 'finances(O)', 'only(O)', '.(O)']",Government(O) budget(O) figures(O) relate(O) to(O) central(O) government(O) finances(O) only(O) .(O),"Input: Government budget figures relate to central government finances only .
Output: Government(O) budget(O) figures(O) relate(O) to(O) central(O) government(O) finances(O) only(O) .(O)"
3558,['Aamir' 'Sohail' 'c' 'Cork' 'b' 'Croft' '46'],"['B-PER', 'I-PER', 'O', 'B-PER', 'O', 'B-PER', 'O']",Aamir Sohail c Cork b Croft 46,"['Aamir(B-PER)', 'Sohail(I-PER)', 'c(O)', 'Cork(B-PER)', 'b(O)', 'Croft(B-PER)', '46(O)']",Aamir(B-PER) Sohail(I-PER) c(O) Cork(B-PER) b(O) Croft(B-PER) 46(O),"Input: Aamir Sohail c Cork b Croft 46
Output: Aamir(B-PER) Sohail(I-PER) c(O) Cork(B-PER) b(O) Croft(B-PER) 46(O)"
5386,['LOS' 'ANGELES' '69' '60' '.535' '1'],"['B-ORG', 'I-ORG', 'O', 'O', 'O', 'O']",LOS ANGELES 69 60 .535 1,"['LOS(B-ORG)', 'ANGELES(I-ORG)', '69(O)', '60(O)', '.535(O)', '1(O)']",LOS(B-ORG) ANGELES(I-ORG) 69(O) 60(O) .535(O) 1(O),"Input: LOS ANGELES 69 60 .535 1
Output: LOS(B-ORG) ANGELES(I-ORG) 69(O) 60(O) .535(O) 1(O)"
9130,"['Under' 'the' 'plan' ',' 'the' 'federal' 'government' 'would' 'provide'
 '100' 'percent' 'of' 'the' 'financing' 'needed' 'to' 'restructure' 'debt'
 'of' 'state' 'banks' 'being' 'privatized' ',' 'liquidated' 'or' 'turned'
 'into' 'development' 'banks' '.']","['O', 'O', 'O', 'O', 'O', 'O', 'O', 'O', 'O', 'O', 'O', 'O', 'O', 'O', 'O', 'O', 'O', 'O', 'O', 'O', 'O', 'O', 'O', 'O', 'O', 'O', 'O', 'O', 'O', 'O', 'O']","Under the plan , the federal government would provide 100 percent of the financing needed to restructure debt of state banks being privatized , liquidated or turned into development banks .","['Under(O)', 'the(O)', 'plan(O)', ',(O)', 'the(O)', 'federal(O)', 'government(O)', 'would(O)', 'provide(O)', '100(O)', 'percent(O)', 'of(O)', 'the(O)', 'financing(O)', 'needed(O)', 'to(O)', 'restructure(O)', 'debt(O)', 'of(O)', 'state(O)', 'banks(O)', 'being(O)', 'privatized(O)', ',(O)', 'liquidated(O)', 'or(O)', 'turned(O)', 'into(O)', 'development(O)', 'banks(O)', '.(O)']","Under(O) the(O) plan(O) ,(O) the(O) federal(O) government(O) would(O) provide(O) 100(O) percent(O) of(O) the(O) financing(O) needed(O) to(O) restructure(O) debt(O) of(O) state(O) banks(O) being(O) privatized(O) ,(O) liquidated(O) or(O) turned(O) into(O) development(O) banks(O) .(O)","Input: Under the plan , the federal government would provide 100 percent of the financing needed to restructure debt of state banks being privatized , liquidated or turned into development banks .
Output: Under(O) the(O) plan(O) ,(O) the(O) federal(O) government(O) would(O) provide(O) 100(O) percent(O) of(O) the(O) financing(O) needed(O) to(O) restructure(O) debt(O) of(O) state(O) banks(O) being(O) privatized(O) ,(O) liquidated(O) or(O) turned(O) into(O) development(O) banks(O) .(O)"
7276,"['Bosnia' ""'s"" 'election' 'organisers' 'will' 'decide' 'on' 'Tuesday'
 'whether' 'or' 'not' 'to' 'postpone' 'municipal' 'elections' 'scheduled'
 'as' 'part' 'of' 'nationwide' 'balloting' ',' 'an' 'OSCE' 'spokeswoman'
 'said' 'on' 'Monday' '.']","['B-LOC', 'O', 'O', 'O', 'O', 'O', 'O', 'O', 'O', 'O', 'O', 'O', 'O', 'O', 'O', 'O', 'O', 'O', 'O', 'O', 'O', 'O', 'O', 'B-ORG', 'O', 'O', 'O', 'O', 'O']","Bosnia 's election organisers will decide on Tuesday whether or not to postpone municipal elections scheduled as part of nationwide balloting , an OSCE spokeswoman said on Monday .","['Bosnia(B-LOC)', ""'s(O)"", 'election(O)', 'organisers(O)', 'will(O)', 'decide(O)', 'on(O)', 'Tuesday(O)', 'whether(O)', 'or(O)', 'not(O)', 'to(O)', 'postpone(O)', 'municipal(O)', 'elections(O)', 'scheduled(O)', 'as(O)', 'part(O)', 'of(O)', 'nationwide(O)', 'balloting(O)', ',(O)', 'an(O)', 'OSCE(B-ORG)', 'spokeswoman(O)', 'said(O)', 'on(O)', 'Monday(O)', '.(O)']","Bosnia(B-LOC) 's(O) election(O) organisers(O) will(O) decide(O) on(O) Tuesday(O) whether(O) or(O) not(O) to(O) postpone(O) municipal(O) elections(O) scheduled(O) as(O) part(O) of(O) nationwide(O) balloting(O) ,(O) an(O) OSCE(B-ORG) spokeswoman(O) said(O) on(O) Monday(O) .(O)","Input: Bosnia 's election organisers will decide on Tuesday whether or not to postpone municipal elections scheduled as part of nationwide balloting , an OSCE spokeswoman said on Monday .
Output: Bosnia(B-LOC) 's(O) election(O) organisers(O) will(O) decide(O) on(O) Tuesday(O) whether(O) or(O) not(O) to(O) postpone(O) municipal(O) elections(O) scheduled(O) as(O) part(O) of(O) nationwide(O) balloting(O) ,(O) an(O) OSCE(B-ORG) spokeswoman(O) said(O) on(O) Monday(O) .(O)"
6130,['The' 'other' 'was' 'insurer' 'Thierry' 'Dehaan' '.'],"['O', 'O', 'O', 'O', 'B-PER', 'I-PER', 'O']",The other was insurer Thierry Dehaan .,"['The(O)', 'other(O)', 'was(O)', 'insurer(O)', 'Thierry(B-PER)', 'Dehaan(I-PER)', '.(O)']",The(O) other(O) was(O) insurer(O) Thierry(B-PER) Dehaan(I-PER) .(O),"Input: The other was insurer Thierry Dehaan .
Output: The(O) other(O) was(O) insurer(O) Thierry(B-PER) Dehaan(I-PER) .(O)"
3610,['Premier' 'division'],"['O', 'O']",Premier division,"['Premier(O)', 'division(O)']",Premier(O) division(O),"Input: Premier division
Output: Premier(O) division(O)"
12331,"['Total' '(' 'for' '5' 'wickets' ',' '46.4' 'overs' ')' '226']","['O', 'O', 'O', 'O', 'O', 'O', 'O', 'O', 'O', 'O']","Total ( for 5 wickets , 46.4 overs ) 226","['Total(O)', '((O)', 'for(O)', '5(O)', 'wickets(O)', ',(O)', '46.4(O)', 'overs(O)', ')(O)', '226(O)']","Total(O) ((O) for(O) 5(O) wickets(O) ,(O) 46.4(O) overs(O) )(O) 226(O)","Input: Total ( for 5 wickets , 46.4 overs ) 226
Output: Total(O) ((O) for(O) 5(O) wickets(O) ,(O) 46.4(O) overs(O) )(O) 226(O)"
8719,['Dutch' 'first' 'division' 'summary' 'on'],"['B-MISC', 'O', 'O', 'O', 'O']",Dutch first division summary on,"['Dutch(B-MISC)', 'first(O)', 'division(O)', 'summary(O)', 'on(O)']",Dutch(B-MISC) first(O) division(O) summary(O) on(O),"Input: Dutch first division summary on
Output: Dutch(B-MISC) first(O) division(O) summary(O) on(O)"
4755,['race' 'on' 'Sunday' '.'],"['O', 'O', 'O', 'O']",race on Sunday .,"['race(O)', 'on(O)', 'Sunday(O)', '.(O)']",race(O) on(O) Sunday(O) .(O),"Input: race on Sunday .
Output: race(O) on(O) Sunday(O) .(O)"
12460,['OB' '42' '6' '61' '.413' '20'],"['B-ORG', 'O', 'O', 'O', 'O', 'O']",OB 42 6 61 .413 20,"['OB(B-ORG)', '42(O)', '6(O)', '61(O)', '.413(O)', '20(O)']",OB(B-ORG) 42(O) 6(O) 61(O) .413(O) 20(O),"Input: OB 42 6 61 .413 20
Output: OB(B-ORG) 42(O) 6(O) 61(O) .413(O) 20(O)"
13709,"['The' 'government' 'would' 'put' 'land' 'on' 'the' 'market' 'to' 'stop'
 'rentals' '""' 'going' 'through' 'the' 'roof' '""' ',' 'but' 'this' 'would'
 'mean' 'reclamation' ',' 'with' 'possible' 'environmental' 'problems' '.']","['O', 'O', 'O', 'O', 'O', 'O', 'O', 'O', 'O', 'O', 'O', 'O', 'O', 'O', 'O', 'O', 'O', 'O', 'O', 'O', 'O', 'O', 'O', 'O', 'O', 'O', 'O', 'O', 'O']","The government would put land on the market to stop rentals "" going through the roof "" , but this would mean reclamation , with possible environmental problems .","['The(O)', 'government(O)', 'would(O)', 'put(O)', 'land(O)', 'on(O)', 'the(O)', 'market(O)', 'to(O)', 'stop(O)', 'rentals(O)', '""(O)', 'going(O)', 'through(O)', 'the(O)', 'roof(O)', '""(O)', ',(O)', 'but(O)', 'this(O)', 'would(O)', 'mean(O)', 'reclamation(O)', ',(O)', 'with(O)', 'possible(O)', 'environmental(O)', 'problems(O)', '.(O)']","The(O) government(O) would(O) put(O) land(O) on(O) the(O) market(O) to(O) stop(O) rentals(O) ""(O) going(O) through(O) the(O) roof(O) ""(O) ,(O) but(O) this(O) would(O) mean(O) reclamation(O) ,(O) with(O) possible(O) environmental(O) problems(O) .(O)","Input: The government would put land on the market to stop rentals "" going through the roof "" , but this would mean reclamation , with possible environmental problems .
Output: The(O) government(O) would(O) put(O) land(O) on(O) the(O) market(O) to(O) stop(O) rentals(O) ""(O) going(O) through(O) the(O) roof(O) ""(O) ,(O) but(O) this(O) would(O) mean(O) reclamation(O) ,(O) with(O) possible(O) environmental(O) problems(O) .(O)"
2156,"['""' 'Things' 'fell' 'in' 'for' 'us' ',' '""' 'said' 'Sorrento' ',' 'who'
 'has' 'six' 'career' 'grand' 'slams' 'and' 'hit' 'the' 'ninth' 'of' 'the'
 'season' 'for' 'the' 'Mariners' '.']","['O', 'O', 'O', 'O', 'O', 'O', 'O', 'O', 'O', 'B-PER', 'O', 'O', 'O', 'O', 'O', 'O', 'O', 'O', 'O', 'O', 'O', 'O', 'O', 'O', 'O', 'O', 'B-ORG', 'O']",""" Things fell in for us , "" said Sorrento , who has six career grand slams and hit the ninth of the season for the Mariners .","['""(O)', 'Things(O)', 'fell(O)', 'in(O)', 'for(O)', 'us(O)', ',(O)', '""(O)', 'said(O)', 'Sorrento(B-PER)', ',(O)', 'who(O)', 'has(O)', 'six(O)', 'career(O)', 'grand(O)', 'slams(O)', 'and(O)', 'hit(O)', 'the(O)', 'ninth(O)', 'of(O)', 'the(O)', 'season(O)', 'for(O)', 'the(O)', 'Mariners(B-ORG)', '.(O)']","""(O) Things(O) fell(O) in(O) for(O) us(O) ,(O) ""(O) said(O) Sorrento(B-PER) ,(O) who(O) has(O) six(O) career(O) grand(O) slams(O) and(O) hit(O) the(O) ninth(O) of(O) the(O) season(O) for(O) the(O) Mariners(B-ORG) .(O)","Input: "" Things fell in for us , "" said Sorrento , who has six career grand slams and hit the ninth of the season for the Mariners .
Output: ""(O) Things(O) fell(O) in(O) for(O) us(O) ,(O) ""(O) said(O) Sorrento(B-PER) ,(O) who(O) has(O) six(O) career(O) grand(O) slams(O) and(O) hit(O) the(O) ninth(O) of(O) the(O) season(O) for(O) the(O) Mariners(B-ORG) .(O)"
5823,"['The' 'maul' 'was' 'there' 'and' 'I' 'was' 'going' 'to' 'go' 'in' 'but'
 'I' 'thought' 'I' 'should' 'hold' 'off' 'because' 'we' 'had' 'the' 'ball'
 '.']","['O', 'O', 'O', 'O', 'O', 'O', 'O', 'O', 'O', 'O', 'O', 'O', 'O', 'O', 'O', 'O', 'O', 'O', 'O', 'O', 'O', 'O', 'O', 'O']",The maul was there and I was going to go in but I thought I should hold off because we had the ball .,"['The(O)', 'maul(O)', 'was(O)', 'there(O)', 'and(O)', 'I(O)', 'was(O)', 'going(O)', 'to(O)', 'go(O)', 'in(O)', 'but(O)', 'I(O)', 'thought(O)', 'I(O)', 'should(O)', 'hold(O)', 'off(O)', 'because(O)', 'we(O)', 'had(O)', 'the(O)', 'ball(O)', '.(O)']",The(O) maul(O) was(O) there(O) and(O) I(O) was(O) going(O) to(O) go(O) in(O) but(O) I(O) thought(O) I(O) should(O) hold(O) off(O) because(O) we(O) had(O) the(O) ball(O) .(O),"Input: The maul was there and I was going to go in but I thought I should hold off because we had the ball .
Output: The(O) maul(O) was(O) there(O) and(O) I(O) was(O) going(O) to(O) go(O) in(O) but(O) I(O) thought(O) I(O) should(O) hold(O) off(O) because(O) we(O) had(O) the(O) ball(O) .(O)"
7212,"['Fall' 'of' 'wickets' ':' '1-48' '2-92' '3-167' '4-230' '5-240' '6-242'
 '7-263']","['O', 'O', 'O', 'O', 'O', 'O', 'O', 'O', 'O', 'O', 'O']",Fall of wickets : 1-48 2-92 3-167 4-230 5-240 6-242 7-263,"['Fall(O)', 'of(O)', 'wickets(O)', ':(O)', '1-48(O)', '2-92(O)', '3-167(O)', '4-230(O)', '5-240(O)', '6-242(O)', '7-263(O)']",Fall(O) of(O) wickets(O) :(O) 1-48(O) 2-92(O) 3-167(O) 4-230(O) 5-240(O) 6-242(O) 7-263(O),"Input: Fall of wickets : 1-48 2-92 3-167 4-230 5-240 6-242 7-263
Output: Fall(O) of(O) wickets(O) :(O) 1-48(O) 2-92(O) 3-167(O) 4-230(O) 5-240(O) 6-242(O) 7-263(O)"
4757,"['and' 'Mika' 'Hakkinen' 'of' 'Finland' 'was' 'third' 'in' 'a' 'McLaren'
 '.']","['O', 'B-PER', 'I-PER', 'O', 'B-LOC', 'O', 'O', 'O', 'O', 'B-ORG', 'O']",and Mika Hakkinen of Finland was third in a McLaren .,"['and(O)', 'Mika(B-PER)', 'Hakkinen(I-PER)', 'of(O)', 'Finland(B-LOC)', 'was(O)', 'third(O)', 'in(O)', 'a(O)', 'McLaren(B-ORG)', '.(O)']",and(O) Mika(B-PER) Hakkinen(I-PER) of(O) Finland(B-LOC) was(O) third(O) in(O) a(O) McLaren(B-ORG) .(O),"Input: and Mika Hakkinen of Finland was third in a McLaren .
Output: and(O) Mika(B-PER) Hakkinen(I-PER) of(O) Finland(B-LOC) was(O) third(O) in(O) a(O) McLaren(B-ORG) .(O)"
4578,['1.' 'Martens' '30' 'points'],"['O', 'B-PER', 'O', 'O']",1. Martens 30 points,"['1.(O)', 'Martens(B-PER)', '30(O)', 'points(O)']",1.(O) Martens(B-PER) 30(O) points(O),"Input: 1. Martens 30 points
Output: 1.(O) Martens(B-PER) 30(O) points(O)"
12869,['Illness' 'from' 'viral' 'meningitis' 'lasts' 'around' 'a' 'week' '.'],"['O', 'O', 'O', 'O', 'O', 'O', 'O', 'O', 'O']",Illness from viral meningitis lasts around a week .,"['Illness(O)', 'from(O)', 'viral(O)', 'meningitis(O)', 'lasts(O)', 'around(O)', 'a(O)', 'week(O)', '.(O)']",Illness(O) from(O) viral(O) meningitis(O) lasts(O) around(O) a(O) week(O) .(O),"Input: Illness from viral meningitis lasts around a week .
Output: Illness(O) from(O) viral(O) meningitis(O) lasts(O) around(O) a(O) week(O) .(O)"
3315,['TOKYO' '1996-08-23'],"['B-LOC', 'O']",TOKYO 1996-08-23,"['TOKYO(B-LOC)', '1996-08-23(O)']",TOKYO(B-LOC) 1996-08-23(O),"Input: TOKYO 1996-08-23
Output: TOKYO(B-LOC) 1996-08-23(O)"
139,"['Mujahideen' 'Khalq' 'said' 'Iranian' 'troops' 'had' 'also' 'been'
 'shelling' 'KDP' 'positions' 'in' 'Qasri' 'region' 'in' 'Suleimaniya'
 'province' 'near' 'the' 'Iranian' 'border' 'over' 'the' 'last' 'two'
 'days' '.']","['B-ORG', 'I-ORG', 'O', 'B-MISC', 'O', 'O', 'O', 'O', 'O', 'B-ORG', 'O', 'O', 'B-LOC', 'O', 'O', 'B-LOC', 'O', 'O', 'O', 'B-MISC', 'O', 'O', 'O', 'O', 'O', 'O', 'O']",Mujahideen Khalq said Iranian troops had also been shelling KDP positions in Qasri region in Suleimaniya province near the Iranian border over the last two days .,"['Mujahideen(B-ORG)', 'Khalq(I-ORG)', 'said(O)', 'Iranian(B-MISC)', 'troops(O)', 'had(O)', 'also(O)', 'been(O)', 'shelling(O)', 'KDP(B-ORG)', 'positions(O)', 'in(O)', 'Qasri(B-LOC)', 'region(O)', 'in(O)', 'Suleimaniya(B-LOC)', 'province(O)', 'near(O)', 'the(O)', 'Iranian(B-MISC)', 'border(O)', 'over(O)', 'the(O)', 'last(O)', 'two(O)', 'days(O)', '.(O)']",Mujahideen(B-ORG) Khalq(I-ORG) said(O) Iranian(B-MISC) troops(O) had(O) also(O) been(O) shelling(O) KDP(B-ORG) positions(O) in(O) Qasri(B-LOC) region(O) in(O) Suleimaniya(B-LOC) province(O) near(O) the(O) Iranian(B-MISC) border(O) over(O) the(O) last(O) two(O) days(O) .(O),"Input: Mujahideen Khalq said Iranian troops had also been shelling KDP positions in Qasri region in Suleimaniya province near the Iranian border over the last two days .
Output: Mujahideen(B-ORG) Khalq(I-ORG) said(O) Iranian(B-MISC) troops(O) had(O) also(O) been(O) shelling(O) KDP(B-ORG) positions(O) in(O) Qasri(B-LOC) region(O) in(O) Suleimaniya(B-LOC) province(O) near(O) the(O) Iranian(B-MISC) border(O) over(O) the(O) last(O) two(O) days(O) .(O)"
7165,"['Defenders' '-' 'Frank' 'de' 'Boer' '(' 'Ajax' ')' ',' 'John' 'Veldman'
 '(' 'Ajax' ')' ',' 'Jaap' 'Stam' '(' 'PSV' ')' ',' 'Arthur' 'Numan' '('
 'PSV' ')' ',' 'Michael' 'Reiziger' '(' 'AC' 'Milan' ')' ',' 'Johan' 'de'
 'Kock' '(' 'Schalke' ""'"" '04' ')' '.']","['O', 'O', 'B-PER', 'I-PER', 'I-PER', 'O', 'B-ORG', 'O', 'O', 'B-PER', 'I-PER', 'O', 'B-ORG', 'O', 'O', 'B-PER', 'I-PER', 'O', 'B-ORG', 'O', 'O', 'B-PER', 'I-PER', 'O', 'B-ORG', 'O', 'O', 'B-PER', 'I-PER', 'O', 'B-ORG', 'I-ORG', 'O', 'O', 'B-PER', 'I-PER', 'I-PER', 'O', 'B-ORG', 'O', 'O', 'O', 'O']","Defenders - Frank de Boer ( Ajax ) , John Veldman ( Ajax ) , Jaap Stam ( PSV ) , Arthur Numan ( PSV ) , Michael Reiziger ( AC Milan ) , Johan de Kock ( Schalke ' 04 ) .","['Defenders(O)', '-(O)', 'Frank(B-PER)', 'de(I-PER)', 'Boer(I-PER)', '((O)', 'Ajax(B-ORG)', ')(O)', ',(O)', 'John(B-PER)', 'Veldman(I-PER)', '((O)', 'Ajax(B-ORG)', ')(O)', ',(O)', 'Jaap(B-PER)', 'Stam(I-PER)', '((O)', 'PSV(B-ORG)', ')(O)', ',(O)', 'Arthur(B-PER)', 'Numan(I-PER)', '((O)', 'PSV(B-ORG)', ')(O)', ',(O)', 'Michael(B-PER)', 'Reiziger(I-PER)', '((O)', 'AC(B-ORG)', 'Milan(I-ORG)', ')(O)', ',(O)', 'Johan(B-PER)', 'de(I-PER)', 'Kock(I-PER)', '((O)', 'Schalke(B-ORG)', ""'(O)"", '04(O)', ')(O)', '.(O)']","Defenders(O) -(O) Frank(B-PER) de(I-PER) Boer(I-PER) ((O) Ajax(B-ORG) )(O) ,(O) John(B-PER) Veldman(I-PER) ((O) Ajax(B-ORG) )(O) ,(O) Jaap(B-PER) Stam(I-PER) ((O) PSV(B-ORG) )(O) ,(O) Arthur(B-PER) Numan(I-PER) ((O) PSV(B-ORG) )(O) ,(O) Michael(B-PER) Reiziger(I-PER) ((O) AC(B-ORG) Milan(I-ORG) )(O) ,(O) Johan(B-PER) de(I-PER) Kock(I-PER) ((O) Schalke(B-ORG) '(O) 04(O) )(O) .(O)","Input: Defenders - Frank de Boer ( Ajax ) , John Veldman ( Ajax ) , Jaap Stam ( PSV ) , Arthur Numan ( PSV ) , Michael Reiziger ( AC Milan ) , Johan de Kock ( Schalke ' 04 ) .
Output: Defenders(O) -(O) Frank(B-PER) de(I-PER) Boer(I-PER) ((O) Ajax(B-ORG) )(O) ,(O) John(B-PER) Veldman(I-PER) ((O) Ajax(B-ORG) )(O) ,(O) Jaap(B-PER) Stam(I-PER) ((O) PSV(B-ORG) )(O) ,(O) Arthur(B-PER) Numan(I-PER) ((O) PSV(B-ORG) )(O) ,(O) Michael(B-PER) Reiziger(I-PER) ((O) AC(B-ORG) Milan(I-ORG) )(O) ,(O) Johan(B-PER) de(I-PER) Kock(I-PER) ((O) Schalke(B-ORG) '(O) 04(O) )(O) .(O)"
3142,"['The' 'company' 'said' 'in' 'a' 'statement' 'on' 'Friday' 'the' 'deal'
 'was' 'expected' 'to' 'be' 'finalized' 'in' 'September' '.']","['O', 'O', 'O', 'O', 'O', 'O', 'O', 'O', 'O', 'O', 'O', 'O', 'O', 'O', 'O', 'O', 'O', 'O']",The company said in a statement on Friday the deal was expected to be finalized in September .,"['The(O)', 'company(O)', 'said(O)', 'in(O)', 'a(O)', 'statement(O)', 'on(O)', 'Friday(O)', 'the(O)', 'deal(O)', 'was(O)', 'expected(O)', 'to(O)', 'be(O)', 'finalized(O)', 'in(O)', 'September(O)', '.(O)']",The(O) company(O) said(O) in(O) a(O) statement(O) on(O) Friday(O) the(O) deal(O) was(O) expected(O) to(O) be(O) finalized(O) in(O) September(O) .(O),"Input: The company said in a statement on Friday the deal was expected to be finalized in September .
Output: The(O) company(O) said(O) in(O) a(O) statement(O) on(O) Friday(O) the(O) deal(O) was(O) expected(O) to(O) be(O) finalized(O) in(O) September(O) .(O)"
9946,['international' 'athletics' 'meeting' 'on' 'Wednesday' ':'],"['O', 'O', 'O', 'O', 'O', 'O']",international athletics meeting on Wednesday :,"['international(O)', 'athletics(O)', 'meeting(O)', 'on(O)', 'Wednesday(O)', ':(O)']",international(O) athletics(O) meeting(O) on(O) Wednesday(O) :(O),"Input: international athletics meeting on Wednesday :
Output: international(O) athletics(O) meeting(O) on(O) Wednesday(O) :(O)"
3235,['SEOUL' '1996-08-23'],"['B-LOC', 'O']",SEOUL 1996-08-23,"['SEOUL(B-LOC)', '1996-08-23(O)']",SEOUL(B-LOC) 1996-08-23(O),"Input: SEOUL 1996-08-23
Output: SEOUL(B-LOC) 1996-08-23(O)"
12512,"['standings' 'after' 'games' 'played' 'on' 'Wednesday' '(' 'tabulate'
 'under' 'won' ',']","['O', 'O', 'O', 'O', 'O', 'O', 'O', 'O', 'O', 'O', 'O']","standings after games played on Wednesday ( tabulate under won ,","['standings(O)', 'after(O)', 'games(O)', 'played(O)', 'on(O)', 'Wednesday(O)', '((O)', 'tabulate(O)', 'under(O)', 'won(O)', ',(O)']","standings(O) after(O) games(O) played(O) on(O) Wednesday(O) ((O) tabulate(O) under(O) won(O) ,(O)","Input: standings after games played on Wednesday ( tabulate under won ,
Output: standings(O) after(O) games(O) played(O) on(O) Wednesday(O) ((O) tabulate(O) under(O) won(O) ,(O)"
9116,"['Heavy' 'drinkers' 'in' 'a' 'Nicaraguan' 'city' 'were' 'searching' 'for'
 'someone' 'who' 'has' 'covered' 'them' 'in' '""' 'lovebites' '""' 'while'
 'they' 'were' 'passed' 'out' 'in' 'a' 'drunken' 'stupor' ',' 'a' 'local'
 'newspaper' 'reported' 'on' 'Tuesday' '.']","['O', 'O', 'O', 'O', 'B-MISC', 'O', 'O', 'O', 'O', 'O', 'O', 'O', 'O', 'O', 'O', 'O', 'O', 'O', 'O', 'O', 'O', 'O', 'O', 'O', 'O', 'O', 'O', 'O', 'O', 'O', 'O', 'O', 'O', 'O', 'O']","Heavy drinkers in a Nicaraguan city were searching for someone who has covered them in "" lovebites "" while they were passed out in a drunken stupor , a local newspaper reported on Tuesday .","['Heavy(O)', 'drinkers(O)', 'in(O)', 'a(O)', 'Nicaraguan(B-MISC)', 'city(O)', 'were(O)', 'searching(O)', 'for(O)', 'someone(O)', 'who(O)', 'has(O)', 'covered(O)', 'them(O)', 'in(O)', '""(O)', 'lovebites(O)', '""(O)', 'while(O)', 'they(O)', 'were(O)', 'passed(O)', 'out(O)', 'in(O)', 'a(O)', 'drunken(O)', 'stupor(O)', ',(O)', 'a(O)', 'local(O)', 'newspaper(O)', 'reported(O)', 'on(O)', 'Tuesday(O)', '.(O)']","Heavy(O) drinkers(O) in(O) a(O) Nicaraguan(B-MISC) city(O) were(O) searching(O) for(O) someone(O) who(O) has(O) covered(O) them(O) in(O) ""(O) lovebites(O) ""(O) while(O) they(O) were(O) passed(O) out(O) in(O) a(O) drunken(O) stupor(O) ,(O) a(O) local(O) newspaper(O) reported(O) on(O) Tuesday(O) .(O)","Input: Heavy drinkers in a Nicaraguan city were searching for someone who has covered them in "" lovebites "" while they were passed out in a drunken stupor , a local newspaper reported on Tuesday .
Output: Heavy(O) drinkers(O) in(O) a(O) Nicaraguan(B-MISC) city(O) were(O) searching(O) for(O) someone(O) who(O) has(O) covered(O) them(O) in(O) ""(O) lovebites(O) ""(O) while(O) they(O) were(O) passed(O) out(O) in(O) a(O) drunken(O) stupor(O) ,(O) a(O) local(O) newspaper(O) reported(O) on(O) Tuesday(O) .(O)"
10294,"['Spin-bowling' 'all-rounders' 'Nicky' 'Boje' 'and' 'Derek' 'Crookes'
 'replace' 'Pollock' 'and' 'Adams' ',' 'while' 'Gibbs' 'comes' 'in' 'for'
 'his' 'Western' 'Province' 'colleague' 'Kallis' '.']","['O', 'O', 'B-PER', 'I-PER', 'O', 'B-PER', 'I-PER', 'O', 'B-PER', 'O', 'B-PER', 'O', 'O', 'B-PER', 'O', 'O', 'O', 'O', 'B-ORG', 'I-ORG', 'O', 'B-PER', 'O']","Spin-bowling all-rounders Nicky Boje and Derek Crookes replace Pollock and Adams , while Gibbs comes in for his Western Province colleague Kallis .","['Spin-bowling(O)', 'all-rounders(O)', 'Nicky(B-PER)', 'Boje(I-PER)', 'and(O)', 'Derek(B-PER)', 'Crookes(I-PER)', 'replace(O)', 'Pollock(B-PER)', 'and(O)', 'Adams(B-PER)', ',(O)', 'while(O)', 'Gibbs(B-PER)', 'comes(O)', 'in(O)', 'for(O)', 'his(O)', 'Western(B-ORG)', 'Province(I-ORG)', 'colleague(O)', 'Kallis(B-PER)', '.(O)']","Spin-bowling(O) all-rounders(O) Nicky(B-PER) Boje(I-PER) and(O) Derek(B-PER) Crookes(I-PER) replace(O) Pollock(B-PER) and(O) Adams(B-PER) ,(O) while(O) Gibbs(B-PER) comes(O) in(O) for(O) his(O) Western(B-ORG) Province(I-ORG) colleague(O) Kallis(B-PER) .(O)","Input: Spin-bowling all-rounders Nicky Boje and Derek Crookes replace Pollock and Adams , while Gibbs comes in for his Western Province colleague Kallis .
Output: Spin-bowling(O) all-rounders(O) Nicky(B-PER) Boje(I-PER) and(O) Derek(B-PER) Crookes(I-PER) replace(O) Pollock(B-PER) and(O) Adams(B-PER) ,(O) while(O) Gibbs(B-PER) comes(O) in(O) for(O) his(O) Western(B-ORG) Province(I-ORG) colleague(O) Kallis(B-PER) .(O)"
1921,['Second' 'day'],"['O', 'O']",Second day,"['Second(O)', 'day(O)']",Second(O) day(O),"Input: Second day
Output: Second(O) day(O)"
7183,['SV' 'Salzburg' '6' '4' '2' '0' '8' '1' '14'],"['B-ORG', 'I-ORG', 'O', 'O', 'O', 'O', 'O', 'O', 'O']",SV Salzburg 6 4 2 0 8 1 14,"['SV(B-ORG)', 'Salzburg(I-ORG)', '6(O)', '4(O)', '2(O)', '0(O)', '8(O)', '1(O)', '14(O)']",SV(B-ORG) Salzburg(I-ORG) 6(O) 4(O) 2(O) 0(O) 8(O) 1(O) 14(O),"Input: SV Salzburg 6 4 2 0 8 1 14
Output: SV(B-ORG) Salzburg(I-ORG) 6(O) 4(O) 2(O) 0(O) 8(O) 1(O) 14(O)"
7924,['--' 'World' 'steel' 'market' 'shows' 'signs' 'of' 'upturn' '.'],"['O', 'O', 'O', 'O', 'O', 'O', 'O', 'O', 'O']",-- World steel market shows signs of upturn .,"['--(O)', 'World(O)', 'steel(O)', 'market(O)', 'shows(O)', 'signs(O)', 'of(O)', 'upturn(O)', '.(O)']",--(O) World(O) steel(O) market(O) shows(O) signs(O) of(O) upturn(O) .(O),"Input: -- World steel market shows signs of upturn .
Output: --(O) World(O) steel(O) market(O) shows(O) signs(O) of(O) upturn(O) .(O)"
3078,['U.S.' 'says' 'still' 'committed' 'to' 'Cuba' 'migration' 'pacts' '.'],"['B-LOC', 'O', 'O', 'O', 'O', 'B-LOC', 'O', 'O', 'O']",U.S. says still committed to Cuba migration pacts .,"['U.S.(B-LOC)', 'says(O)', 'still(O)', 'committed(O)', 'to(O)', 'Cuba(B-LOC)', 'migration(O)', 'pacts(O)', '.(O)']",U.S.(B-LOC) says(O) still(O) committed(O) to(O) Cuba(B-LOC) migration(O) pacts(O) .(O),"Input: U.S. says still committed to Cuba migration pacts .
Output: U.S.(B-LOC) says(O) still(O) committed(O) to(O) Cuba(B-LOC) migration(O) pacts(O) .(O)"
13183,"['Saudi' 'Arabia' 'provisionally' 'bought' '800,000' 'tonnes' 'of'
 'optional-origin' 'barley' 'at' 'an' 'August' '21' 'tender' 'at' 'prices'
 'between' '$' '160' 'and' '$' '162' 'including' 'cost' ',' 'insurance'
 'and' 'freight' ',' 'traders' 'said' 'last' 'week' '.']","['B-LOC', 'I-LOC', 'O', 'O', 'O', 'O', 'O', 'O', 'O', 'O', 'O', 'O', 'O', 'O', 'O', 'O', 'O', 'O', 'O', 'O', 'O', 'O', 'O', 'O', 'O', 'O', 'O', 'O', 'O', 'O', 'O', 'O', 'O', 'O']","Saudi Arabia provisionally bought 800,000 tonnes of optional-origin barley at an August 21 tender at prices between $ 160 and $ 162 including cost , insurance and freight , traders said last week .","['Saudi(B-LOC)', 'Arabia(I-LOC)', 'provisionally(O)', 'bought(O)', '800,000(O)', 'tonnes(O)', 'of(O)', 'optional-origin(O)', 'barley(O)', 'at(O)', 'an(O)', 'August(O)', '21(O)', 'tender(O)', 'at(O)', 'prices(O)', 'between(O)', '$(O)', '160(O)', 'and(O)', '$(O)', '162(O)', 'including(O)', 'cost(O)', ',(O)', 'insurance(O)', 'and(O)', 'freight(O)', ',(O)', 'traders(O)', 'said(O)', 'last(O)', 'week(O)', '.(O)']","Saudi(B-LOC) Arabia(I-LOC) provisionally(O) bought(O) 800,000(O) tonnes(O) of(O) optional-origin(O) barley(O) at(O) an(O) August(O) 21(O) tender(O) at(O) prices(O) between(O) $(O) 160(O) and(O) $(O) 162(O) including(O) cost(O) ,(O) insurance(O) and(O) freight(O) ,(O) traders(O) said(O) last(O) week(O) .(O)","Input: Saudi Arabia provisionally bought 800,000 tonnes of optional-origin barley at an August 21 tender at prices between $ 160 and $ 162 including cost , insurance and freight , traders said last week .
Output: Saudi(B-LOC) Arabia(I-LOC) provisionally(O) bought(O) 800,000(O) tonnes(O) of(O) optional-origin(O) barley(O) at(O) an(O) August(O) 21(O) tender(O) at(O) prices(O) between(O) $(O) 160(O) and(O) $(O) 162(O) including(O) cost(O) ,(O) insurance(O) and(O) freight(O) ,(O) traders(O) said(O) last(O) week(O) .(O)"
5303,"['1' '-' 'Yap' 'Kim' 'Hock' '/' 'Cheah' 'Soon' 'Kit' '(' 'Malaysia' ')'
 'beat' 'Lee' 'Wan' 'Wah' '/' 'Chong']","['O', 'O', 'B-PER', 'I-PER', 'I-PER', 'O', 'B-PER', 'I-PER', 'I-PER', 'O', 'B-LOC', 'O', 'O', 'B-PER', 'I-PER', 'I-PER', 'O', 'B-PER']",1 - Yap Kim Hock / Cheah Soon Kit ( Malaysia ) beat Lee Wan Wah / Chong,"['1(O)', '-(O)', 'Yap(B-PER)', 'Kim(I-PER)', 'Hock(I-PER)', '/(O)', 'Cheah(B-PER)', 'Soon(I-PER)', 'Kit(I-PER)', '((O)', 'Malaysia(B-LOC)', ')(O)', 'beat(O)', 'Lee(B-PER)', 'Wan(I-PER)', 'Wah(I-PER)', '/(O)', 'Chong(B-PER)']",1(O) -(O) Yap(B-PER) Kim(I-PER) Hock(I-PER) /(O) Cheah(B-PER) Soon(I-PER) Kit(I-PER) ((O) Malaysia(B-LOC) )(O) beat(O) Lee(B-PER) Wan(I-PER) Wah(I-PER) /(O) Chong(B-PER),"Input: 1 - Yap Kim Hock / Cheah Soon Kit ( Malaysia ) beat Lee Wan Wah / Chong
Output: 1(O) -(O) Yap(B-PER) Kim(I-PER) Hock(I-PER) /(O) Cheah(B-PER) Soon(I-PER) Kit(I-PER) ((O) Malaysia(B-LOC) )(O) beat(O) Lee(B-PER) Wan(I-PER) Wah(I-PER) /(O) Chong(B-PER)"
12436,['Chonnam' '0' '2' '1' '4' '5' '2'],"['B-ORG', 'O', 'O', 'O', 'O', 'O', 'O']",Chonnam 0 2 1 4 5 2,"['Chonnam(B-ORG)', '0(O)', '2(O)', '1(O)', '4(O)', '5(O)', '2(O)']",Chonnam(B-ORG) 0(O) 2(O) 1(O) 4(O) 5(O) 2(O),"Input: Chonnam 0 2 1 4 5 2
Output: Chonnam(B-ORG) 0(O) 2(O) 1(O) 4(O) 5(O) 2(O)"
3319,['Shanghai' 'Post' 'and' 'Telecomm' 'net' 'down' '.'],"['B-ORG', 'I-ORG', 'I-ORG', 'I-ORG', 'O', 'O', 'O']",Shanghai Post and Telecomm net down .,"['Shanghai(B-ORG)', 'Post(I-ORG)', 'and(I-ORG)', 'Telecomm(I-ORG)', 'net(O)', 'down(O)', '.(O)']",Shanghai(B-ORG) Post(I-ORG) and(I-ORG) Telecomm(I-ORG) net(O) down(O) .(O),"Input: Shanghai Post and Telecomm net down .
Output: Shanghai(B-ORG) Post(I-ORG) and(I-ORG) Telecomm(I-ORG) net(O) down(O) .(O)"
10749,"['15,000' '.']","['O', 'O']","15,000 .","['15,000(O)', '.(O)']","15,000(O) .(O)","Input: 15,000 .
Output: 15,000(O) .(O)"
1446,['Rating' ':' 'Baa1'],"['O', 'O', 'O']",Rating : Baa1,"['Rating(O)', ':(O)', 'Baa1(O)']",Rating(O) :(O) Baa1(O),"Input: Rating : Baa1
Output: Rating(O) :(O) Baa1(O)"
12847,"['The' 'company' 'has' 'organised' 'regular' 'auctions' 'of' 'its'
 'shares' 'to' 'create' 'an' 'orderly' 'market' 'in' 'the' 'paper' '.']","['O', 'O', 'O', 'O', 'O', 'O', 'O', 'O', 'O', 'O', 'O', 'O', 'O', 'O', 'O', 'O', 'O', 'O']",The company has organised regular auctions of its shares to create an orderly market in the paper .,"['The(O)', 'company(O)', 'has(O)', 'organised(O)', 'regular(O)', 'auctions(O)', 'of(O)', 'its(O)', 'shares(O)', 'to(O)', 'create(O)', 'an(O)', 'orderly(O)', 'market(O)', 'in(O)', 'the(O)', 'paper(O)', '.(O)']",The(O) company(O) has(O) organised(O) regular(O) auctions(O) of(O) its(O) shares(O) to(O) create(O) an(O) orderly(O) market(O) in(O) the(O) paper(O) .(O),"Input: The company has organised regular auctions of its shares to create an orderly market in the paper .
Output: The(O) company(O) has(O) organised(O) regular(O) auctions(O) of(O) its(O) shares(O) to(O) create(O) an(O) orderly(O) market(O) in(O) the(O) paper(O) .(O)"
8893,"['The' 'main' 'rebel' 'group' 'in' 'south' 'Sudan' 'said' 'on' 'Tuesday'
 'it' 'was' 'trying' 'to' 'arrange' 'the' 'release' 'of' 'six' 'Roman'
 'Catholic' 'missionaries' ',' 'including' 'three' 'Australian' 'nuns' ','
 'held' 'for' 'nearly' 'two' 'weeks' '.']","['O', 'O', 'O', 'O', 'O', 'O', 'B-LOC', 'O', 'O', 'O', 'O', 'O', 'O', 'O', 'O', 'O', 'O', 'O', 'O', 'B-MISC', 'I-MISC', 'O', 'O', 'O', 'O', 'B-MISC', 'O', 'O', 'O', 'O', 'O', 'O', 'O', 'O']","The main rebel group in south Sudan said on Tuesday it was trying to arrange the release of six Roman Catholic missionaries , including three Australian nuns , held for nearly two weeks .","['The(O)', 'main(O)', 'rebel(O)', 'group(O)', 'in(O)', 'south(O)', 'Sudan(B-LOC)', 'said(O)', 'on(O)', 'Tuesday(O)', 'it(O)', 'was(O)', 'trying(O)', 'to(O)', 'arrange(O)', 'the(O)', 'release(O)', 'of(O)', 'six(O)', 'Roman(B-MISC)', 'Catholic(I-MISC)', 'missionaries(O)', ',(O)', 'including(O)', 'three(O)', 'Australian(B-MISC)', 'nuns(O)', ',(O)', 'held(O)', 'for(O)', 'nearly(O)', 'two(O)', 'weeks(O)', '.(O)']","The(O) main(O) rebel(O) group(O) in(O) south(O) Sudan(B-LOC) said(O) on(O) Tuesday(O) it(O) was(O) trying(O) to(O) arrange(O) the(O) release(O) of(O) six(O) Roman(B-MISC) Catholic(I-MISC) missionaries(O) ,(O) including(O) three(O) Australian(B-MISC) nuns(O) ,(O) held(O) for(O) nearly(O) two(O) weeks(O) .(O)","Input: The main rebel group in south Sudan said on Tuesday it was trying to arrange the release of six Roman Catholic missionaries , including three Australian nuns , held for nearly two weeks .
Output: The(O) main(O) rebel(O) group(O) in(O) south(O) Sudan(B-LOC) said(O) on(O) Tuesday(O) it(O) was(O) trying(O) to(O) arrange(O) the(O) release(O) of(O) six(O) Roman(B-MISC) Catholic(I-MISC) missionaries(O) ,(O) including(O) three(O) Australian(B-MISC) nuns(O) ,(O) held(O) for(O) nearly(O) two(O) weeks(O) .(O)"
9952,['1.' 'Emilio' 'Valle' '(' 'Cuba' ')' '13.42' 'seconds'],"['O', 'B-PER', 'I-PER', 'O', 'B-LOC', 'O', 'O', 'O']",1. Emilio Valle ( Cuba ) 13.42 seconds,"['1.(O)', 'Emilio(B-PER)', 'Valle(I-PER)', '((O)', 'Cuba(B-LOC)', ')(O)', '13.42(O)', 'seconds(O)']",1.(O) Emilio(B-PER) Valle(I-PER) ((O) Cuba(B-LOC) )(O) 13.42(O) seconds(O),"Input: 1. Emilio Valle ( Cuba ) 13.42 seconds
Output: 1.(O) Emilio(B-PER) Valle(I-PER) ((O) Cuba(B-LOC) )(O) 13.42(O) seconds(O)"
5649,['(' 'Spain' ')' '66' '66' '68' '.'],"['O', 'B-LOC', 'O', 'O', 'O', 'O', 'O']",( Spain ) 66 66 68 .,"['((O)', 'Spain(B-LOC)', ')(O)', '66(O)', '66(O)', '68(O)', '.(O)']",((O) Spain(B-LOC) )(O) 66(O) 66(O) 68(O) .(O),"Input: ( Spain ) 66 66 68 .
Output: ((O) Spain(B-LOC) )(O) 66(O) 66(O) 68(O) .(O)"
4899,['Workington' '22' '2' '1' '19' '325' '1021' '5'],"['B-ORG', 'O', 'O', 'O', 'O', 'O', 'O', 'O']",Workington 22 2 1 19 325 1021 5,"['Workington(B-ORG)', '22(O)', '2(O)', '1(O)', '19(O)', '325(O)', '1021(O)', '5(O)']",Workington(B-ORG) 22(O) 2(O) 1(O) 19(O) 325(O) 1021(O) 5(O),"Input: Workington 22 2 1 19 325 1021 5
Output: Workington(B-ORG) 22(O) 2(O) 1(O) 19(O) 325(O) 1021(O) 5(O)"
13297,"['Sierra' ""'s"" 'stock' 'has' 'fallen' 'from' 'a' 'high' 'of' 'nearly' '$'
 '25' 'this' 'year' 'as' 'the' 'computer' 'chip' 'sector' 'has' 'been'
 'battered' 'by' 'falling' 'prices' 'and' 'concern' 'about' 'slowing'
 'demand' '.']","['B-ORG', 'O', 'O', 'O', 'O', 'O', 'O', 'O', 'O', 'O', 'O', 'O', 'O', 'O', 'O', 'O', 'O', 'O', 'O', 'O', 'O', 'O', 'O', 'O', 'O', 'O', 'O', 'O', 'O', 'O', 'O']",Sierra 's stock has fallen from a high of nearly $ 25 this year as the computer chip sector has been battered by falling prices and concern about slowing demand .,"['Sierra(B-ORG)', ""'s(O)"", 'stock(O)', 'has(O)', 'fallen(O)', 'from(O)', 'a(O)', 'high(O)', 'of(O)', 'nearly(O)', '$(O)', '25(O)', 'this(O)', 'year(O)', 'as(O)', 'the(O)', 'computer(O)', 'chip(O)', 'sector(O)', 'has(O)', 'been(O)', 'battered(O)', 'by(O)', 'falling(O)', 'prices(O)', 'and(O)', 'concern(O)', 'about(O)', 'slowing(O)', 'demand(O)', '.(O)']",Sierra(B-ORG) 's(O) stock(O) has(O) fallen(O) from(O) a(O) high(O) of(O) nearly(O) $(O) 25(O) this(O) year(O) as(O) the(O) computer(O) chip(O) sector(O) has(O) been(O) battered(O) by(O) falling(O) prices(O) and(O) concern(O) about(O) slowing(O) demand(O) .(O),"Input: Sierra 's stock has fallen from a high of nearly $ 25 this year as the computer chip sector has been battered by falling prices and concern about slowing demand .
Output: Sierra(B-ORG) 's(O) stock(O) has(O) fallen(O) from(O) a(O) high(O) of(O) nearly(O) $(O) 25(O) this(O) year(O) as(O) the(O) computer(O) chip(O) sector(O) has(O) been(O) battered(O) by(O) falling(O) prices(O) and(O) concern(O) about(O) slowing(O) demand(O) .(O)"
8398,"['Dan' 'Jensen' '(' 'Australia' ')' 'beat' 'Anders' 'Thoren' '(' 'Sweden'
 ')' '8-15' '15-12']","['B-PER', 'I-PER', 'O', 'B-LOC', 'O', 'O', 'B-PER', 'I-PER', 'O', 'B-LOC', 'O', 'O', 'O']",Dan Jensen ( Australia ) beat Anders Thoren ( Sweden ) 8-15 15-12,"['Dan(B-PER)', 'Jensen(I-PER)', '((O)', 'Australia(B-LOC)', ')(O)', 'beat(O)', 'Anders(B-PER)', 'Thoren(I-PER)', '((O)', 'Sweden(B-LOC)', ')(O)', '8-15(O)', '15-12(O)']",Dan(B-PER) Jensen(I-PER) ((O) Australia(B-LOC) )(O) beat(O) Anders(B-PER) Thoren(I-PER) ((O) Sweden(B-LOC) )(O) 8-15(O) 15-12(O),"Input: Dan Jensen ( Australia ) beat Anders Thoren ( Sweden ) 8-15 15-12
Output: Dan(B-PER) Jensen(I-PER) ((O) Australia(B-LOC) )(O) beat(O) Anders(B-PER) Thoren(I-PER) ((O) Sweden(B-LOC) )(O) 8-15(O) 15-12(O)"
2468,['1.' 'Jonathan' 'Edwards' '(' 'Britain' ')' '17.50' 'metres'],"['O', 'B-PER', 'I-PER', 'O', 'B-LOC', 'O', 'O', 'O']",1. Jonathan Edwards ( Britain ) 17.50 metres,"['1.(O)', 'Jonathan(B-PER)', 'Edwards(I-PER)', '((O)', 'Britain(B-LOC)', ')(O)', '17.50(O)', 'metres(O)']",1.(O) Jonathan(B-PER) Edwards(I-PER) ((O) Britain(B-LOC) )(O) 17.50(O) metres(O),"Input: 1. Jonathan Edwards ( Britain ) 17.50 metres
Output: 1.(O) Jonathan(B-PER) Edwards(I-PER) ((O) Britain(B-LOC) )(O) 17.50(O) metres(O)"
7427,"['Colombian' 'peso' 'closes' 'lower' ',' 'importers' 'buy' 'dlrs' '.']","['B-MISC', 'O', 'O', 'O', 'O', 'O', 'O', 'O', 'O']","Colombian peso closes lower , importers buy dlrs .","['Colombian(B-MISC)', 'peso(O)', 'closes(O)', 'lower(O)', ',(O)', 'importers(O)', 'buy(O)', 'dlrs(O)', '.(O)']","Colombian(B-MISC) peso(O) closes(O) lower(O) ,(O) importers(O) buy(O) dlrs(O) .(O)","Input: Colombian peso closes lower , importers buy dlrs .
Output: Colombian(B-MISC) peso(O) closes(O) lower(O) ,(O) importers(O) buy(O) dlrs(O) .(O)"
5798,['Sydney' 'City' '20' '14' '1' '5' '487' '293' '29'],"['B-ORG', 'I-ORG', 'O', 'O', 'O', 'O', 'O', 'O', 'O']",Sydney City 20 14 1 5 487 293 29,"['Sydney(B-ORG)', 'City(I-ORG)', '20(O)', '14(O)', '1(O)', '5(O)', '487(O)', '293(O)', '29(O)']",Sydney(B-ORG) City(I-ORG) 20(O) 14(O) 1(O) 5(O) 487(O) 293(O) 29(O),"Input: Sydney City 20 14 1 5 487 293 29
Output: Sydney(B-ORG) City(I-ORG) 20(O) 14(O) 1(O) 5(O) 487(O) 293(O) 29(O)"
1676,"['News' 'said' 'dramatically' 'lower' 'earnings' 'from' 'the' 'British'
 'arm' 'of' 'its' 'Harper-Collins' 'publishing' 'division' 'more' 'than'
 'offset' 'healthy' 'results' 'from' 'its' 'U.S.' 'operation' '.']","['B-ORG', 'O', 'O', 'O', 'O', 'O', 'O', 'B-MISC', 'O', 'O', 'O', 'B-ORG', 'O', 'O', 'O', 'O', 'O', 'O', 'O', 'O', 'O', 'B-LOC', 'O', 'O']",News said dramatically lower earnings from the British arm of its Harper-Collins publishing division more than offset healthy results from its U.S. operation .,"['News(B-ORG)', 'said(O)', 'dramatically(O)', 'lower(O)', 'earnings(O)', 'from(O)', 'the(O)', 'British(B-MISC)', 'arm(O)', 'of(O)', 'its(O)', 'Harper-Collins(B-ORG)', 'publishing(O)', 'division(O)', 'more(O)', 'than(O)', 'offset(O)', 'healthy(O)', 'results(O)', 'from(O)', 'its(O)', 'U.S.(B-LOC)', 'operation(O)', '.(O)']",News(B-ORG) said(O) dramatically(O) lower(O) earnings(O) from(O) the(O) British(B-MISC) arm(O) of(O) its(O) Harper-Collins(B-ORG) publishing(O) division(O) more(O) than(O) offset(O) healthy(O) results(O) from(O) its(O) U.S.(B-LOC) operation(O) .(O),"Input: News said dramatically lower earnings from the British arm of its Harper-Collins publishing division more than offset healthy results from its U.S. operation .
Output: News(B-ORG) said(O) dramatically(O) lower(O) earnings(O) from(O) the(O) British(B-MISC) arm(O) of(O) its(O) Harper-Collins(B-ORG) publishing(O) division(O) more(O) than(O) offset(O) healthy(O) results(O) from(O) its(O) U.S.(B-LOC) operation(O) .(O)"
2477,"['1.' 'Hicham' 'El' 'Guerrouj' '(' 'Morocco' ')' 'three' 'minutes' '29.05'
 'seconds']","['O', 'B-PER', 'I-PER', 'I-PER', 'O', 'B-LOC', 'O', 'O', 'O', 'O', 'O']",1. Hicham El Guerrouj ( Morocco ) three minutes 29.05 seconds,"['1.(O)', 'Hicham(B-PER)', 'El(I-PER)', 'Guerrouj(I-PER)', '((O)', 'Morocco(B-LOC)', ')(O)', 'three(O)', 'minutes(O)', '29.05(O)', 'seconds(O)']",1.(O) Hicham(B-PER) El(I-PER) Guerrouj(I-PER) ((O) Morocco(B-LOC) )(O) three(O) minutes(O) 29.05(O) seconds(O),"Input: 1. Hicham El Guerrouj ( Morocco ) three minutes 29.05 seconds
Output: 1.(O) Hicham(B-PER) El(I-PER) Guerrouj(I-PER) ((O) Morocco(B-LOC) )(O) three(O) minutes(O) 29.05(O) seconds(O)"
11769,['Lamm' 'will' 'not' 'endorse' 'Perot' 'for' 'Reform' 'ticket-CNN' '.'],"['B-PER', 'O', 'O', 'O', 'B-PER', 'O', 'B-MISC', 'I-MISC', 'O']",Lamm will not endorse Perot for Reform ticket-CNN .,"['Lamm(B-PER)', 'will(O)', 'not(O)', 'endorse(O)', 'Perot(B-PER)', 'for(O)', 'Reform(B-MISC)', 'ticket-CNN(I-MISC)', '.(O)']",Lamm(B-PER) will(O) not(O) endorse(O) Perot(B-PER) for(O) Reform(B-MISC) ticket-CNN(I-MISC) .(O),"Input: Lamm will not endorse Perot for Reform ticket-CNN .
Output: Lamm(B-PER) will(O) not(O) endorse(O) Perot(B-PER) for(O) Reform(B-MISC) ticket-CNN(I-MISC) .(O)"
4177,['LAGOS' '1996-05-28'],"['B-LOC', 'O']",LAGOS 1996-05-28,"['LAGOS(B-LOC)', '1996-05-28(O)']",LAGOS(B-LOC) 1996-05-28(O),"Input: LAGOS 1996-05-28
Output: LAGOS(B-LOC) 1996-05-28(O)"
13435,"['Egypt' '199,900' 'Nil']","['B-LOC', 'O', 'O']","Egypt 199,900 Nil","['Egypt(B-LOC)', '199,900(O)', 'Nil(O)']","Egypt(B-LOC) 199,900(O) Nil(O)","Input: Egypt 199,900 Nil
Output: Egypt(B-LOC) 199,900(O) Nil(O)"
9554,['DHAKA' '1996-08-27'],"['B-LOC', 'O']",DHAKA 1996-08-27,"['DHAKA(B-LOC)', '1996-08-27(O)']",DHAKA(B-LOC) 1996-08-27(O),"Input: DHAKA 1996-08-27
Output: DHAKA(B-LOC) 1996-08-27(O)"
10411,"['Michael' 'Tebbutt' '(' 'Australia' ')' 'beat' 'Richey' 'Reneberg' '('
 'U.S.' ')' '3-6']","['B-PER', 'I-PER', 'O', 'B-LOC', 'O', 'O', 'B-PER', 'I-PER', 'O', 'B-LOC', 'O', 'O']",Michael Tebbutt ( Australia ) beat Richey Reneberg ( U.S. ) 3-6,"['Michael(B-PER)', 'Tebbutt(I-PER)', '((O)', 'Australia(B-LOC)', ')(O)', 'beat(O)', 'Richey(B-PER)', 'Reneberg(I-PER)', '((O)', 'U.S.(B-LOC)', ')(O)', '3-6(O)']",Michael(B-PER) Tebbutt(I-PER) ((O) Australia(B-LOC) )(O) beat(O) Richey(B-PER) Reneberg(I-PER) ((O) U.S.(B-LOC) )(O) 3-6(O),"Input: Michael Tebbutt ( Australia ) beat Richey Reneberg ( U.S. ) 3-6
Output: Michael(B-PER) Tebbutt(I-PER) ((O) Australia(B-LOC) )(O) beat(O) Richey(B-PER) Reneberg(I-PER) ((O) U.S.(B-LOC) )(O) 3-6(O)"
6003,"['""' 'A' 'U.S.' 'F-14' 'military' 'plane' 'while' 'landing' 'at' 'Ben'
 'Gurion' 'airport' 'blew' 'a' 'wheel' 'and' 'a' 'fire' 'broke' 'out' ','
 '""' 'said' 'spokesman' 'Yehiel' 'Amitai' ',' 'adding' 'that' 'the' 'two'
 'pilots' 'on' 'board' 'were' 'not' 'injured' '.']","['O', 'O', 'B-LOC', 'B-MISC', 'O', 'O', 'O', 'O', 'O', 'B-LOC', 'I-LOC', 'O', 'O', 'O', 'O', 'O', 'O', 'O', 'O', 'O', 'O', 'O', 'O', 'O', 'B-PER', 'I-PER', 'O', 'O', 'O', 'O', 'O', 'O', 'O', 'O', 'O', 'O', 'O', 'O']",""" A U.S. F-14 military plane while landing at Ben Gurion airport blew a wheel and a fire broke out , "" said spokesman Yehiel Amitai , adding that the two pilots on board were not injured .","['""(O)', 'A(O)', 'U.S.(B-LOC)', 'F-14(B-MISC)', 'military(O)', 'plane(O)', 'while(O)', 'landing(O)', 'at(O)', 'Ben(B-LOC)', 'Gurion(I-LOC)', 'airport(O)', 'blew(O)', 'a(O)', 'wheel(O)', 'and(O)', 'a(O)', 'fire(O)', 'broke(O)', 'out(O)', ',(O)', '""(O)', 'said(O)', 'spokesman(O)', 'Yehiel(B-PER)', 'Amitai(I-PER)', ',(O)', 'adding(O)', 'that(O)', 'the(O)', 'two(O)', 'pilots(O)', 'on(O)', 'board(O)', 'were(O)', 'not(O)', 'injured(O)', '.(O)']","""(O) A(O) U.S.(B-LOC) F-14(B-MISC) military(O) plane(O) while(O) landing(O) at(O) Ben(B-LOC) Gurion(I-LOC) airport(O) blew(O) a(O) wheel(O) and(O) a(O) fire(O) broke(O) out(O) ,(O) ""(O) said(O) spokesman(O) Yehiel(B-PER) Amitai(I-PER) ,(O) adding(O) that(O) the(O) two(O) pilots(O) on(O) board(O) were(O) not(O) injured(O) .(O)","Input: "" A U.S. F-14 military plane while landing at Ben Gurion airport blew a wheel and a fire broke out , "" said spokesman Yehiel Amitai , adding that the two pilots on board were not injured .
Output: ""(O) A(O) U.S.(B-LOC) F-14(B-MISC) military(O) plane(O) while(O) landing(O) at(O) Ben(B-LOC) Gurion(I-LOC) airport(O) blew(O) a(O) wheel(O) and(O) a(O) fire(O) broke(O) out(O) ,(O) ""(O) said(O) spokesman(O) Yehiel(B-PER) Amitai(I-PER) ,(O) adding(O) that(O) the(O) two(O) pilots(O) on(O) board(O) were(O) not(O) injured(O) .(O)"
1258,"['The' 'final' 'contents' 'of' 'the' 'document' 'negotiated' 'in' 'this'
 'village' 'south' 'of' 'the' 'Chechen' 'capital' 'Grozny' 'have' 'not'
 'been' 'officially' 'disclosed' '.']","['O', 'O', 'O', 'O', 'O', 'O', 'O', 'O', 'O', 'O', 'O', 'O', 'O', 'B-MISC', 'O', 'B-LOC', 'O', 'O', 'O', 'O', 'O', 'O']",The final contents of the document negotiated in this village south of the Chechen capital Grozny have not been officially disclosed .,"['The(O)', 'final(O)', 'contents(O)', 'of(O)', 'the(O)', 'document(O)', 'negotiated(O)', 'in(O)', 'this(O)', 'village(O)', 'south(O)', 'of(O)', 'the(O)', 'Chechen(B-MISC)', 'capital(O)', 'Grozny(B-LOC)', 'have(O)', 'not(O)', 'been(O)', 'officially(O)', 'disclosed(O)', '.(O)']",The(O) final(O) contents(O) of(O) the(O) document(O) negotiated(O) in(O) this(O) village(O) south(O) of(O) the(O) Chechen(B-MISC) capital(O) Grozny(B-LOC) have(O) not(O) been(O) officially(O) disclosed(O) .(O),"Input: The final contents of the document negotiated in this village south of the Chechen capital Grozny have not been officially disclosed .
Output: The(O) final(O) contents(O) of(O) the(O) document(O) negotiated(O) in(O) this(O) village(O) south(O) of(O) the(O) Chechen(B-MISC) capital(O) Grozny(B-LOC) have(O) not(O) been(O) officially(O) disclosed(O) .(O)"
8089,"['But' 'they' 'are' 'also' 'campaigning' 'on' 'broader' 'issue' 'such'
 'as' 'stopping' 'the' 'government' 'road' 'building' 'programme' 'and'
 'out-of-town' 'superstores' 'which' 'they' 'say' 'create' 'more'
 'traffic' ',' 'pollution' 'and' 'damage' 'local' 'communities' '.']","['O', 'O', 'O', 'O', 'O', 'O', 'O', 'O', 'O', 'O', 'O', 'O', 'O', 'O', 'O', 'O', 'O', 'O', 'O', 'O', 'O', 'O', 'O', 'O', 'O', 'O', 'O', 'O', 'O', 'O', 'O', 'O']","But they are also campaigning on broader issue such as stopping the government road building programme and out-of-town superstores which they say create more traffic , pollution and damage local communities .","['But(O)', 'they(O)', 'are(O)', 'also(O)', 'campaigning(O)', 'on(O)', 'broader(O)', 'issue(O)', 'such(O)', 'as(O)', 'stopping(O)', 'the(O)', 'government(O)', 'road(O)', 'building(O)', 'programme(O)', 'and(O)', 'out-of-town(O)', 'superstores(O)', 'which(O)', 'they(O)', 'say(O)', 'create(O)', 'more(O)', 'traffic(O)', ',(O)', 'pollution(O)', 'and(O)', 'damage(O)', 'local(O)', 'communities(O)', '.(O)']","But(O) they(O) are(O) also(O) campaigning(O) on(O) broader(O) issue(O) such(O) as(O) stopping(O) the(O) government(O) road(O) building(O) programme(O) and(O) out-of-town(O) superstores(O) which(O) they(O) say(O) create(O) more(O) traffic(O) ,(O) pollution(O) and(O) damage(O) local(O) communities(O) .(O)","Input: But they are also campaigning on broader issue such as stopping the government road building programme and out-of-town superstores which they say create more traffic , pollution and damage local communities .
Output: But(O) they(O) are(O) also(O) campaigning(O) on(O) broader(O) issue(O) such(O) as(O) stopping(O) the(O) government(O) road(O) building(O) programme(O) and(O) out-of-town(O) superstores(O) which(O) they(O) say(O) create(O) more(O) traffic(O) ,(O) pollution(O) and(O) damage(O) local(O) communities(O) .(O)"
262,"['Shareholders' ""'"" 'Equity' '5,951' '(' '1,461' ')']","['O', 'O', 'O', 'O', 'O', 'O', 'O']","Shareholders ' Equity 5,951 ( 1,461 )","['Shareholders(O)', ""'(O)"", 'Equity(O)', '5,951(O)', '((O)', '1,461(O)', ')(O)']","Shareholders(O) '(O) Equity(O) 5,951(O) ((O) 1,461(O) )(O)","Input: Shareholders ' Equity 5,951 ( 1,461 )
Output: Shareholders(O) '(O) Equity(O) 5,951(O) ((O) 1,461(O) )(O)"
12867,"['Some' '170' 'middle-aged' 'and' 'elderly' 'people' 'with' 'the'
 'disease' 'were' 'being' 'treated' 'in' 'hospital' ',' 'doctors' 'said'
 '.']","['O', 'O', 'O', 'O', 'O', 'O', 'O', 'O', 'O', 'O', 'O', 'O', 'O', 'O', 'O', 'O', 'O', 'O']","Some 170 middle-aged and elderly people with the disease were being treated in hospital , doctors said .","['Some(O)', '170(O)', 'middle-aged(O)', 'and(O)', 'elderly(O)', 'people(O)', 'with(O)', 'the(O)', 'disease(O)', 'were(O)', 'being(O)', 'treated(O)', 'in(O)', 'hospital(O)', ',(O)', 'doctors(O)', 'said(O)', '.(O)']","Some(O) 170(O) middle-aged(O) and(O) elderly(O) people(O) with(O) the(O) disease(O) were(O) being(O) treated(O) in(O) hospital(O) ,(O) doctors(O) said(O) .(O)","Input: Some 170 middle-aged and elderly people with the disease were being treated in hospital , doctors said .
Output: Some(O) 170(O) middle-aged(O) and(O) elderly(O) people(O) with(O) the(O) disease(O) were(O) being(O) treated(O) in(O) hospital(O) ,(O) doctors(O) said(O) .(O)"
11,['.'],['O'],.,['.(O)'],.(O),"Input: .
Output: .(O)"
10542,['SOCCER' '-' 'ROBSON' 'WINS' 'FIRST' 'TROPHY' 'WITH' 'BARCELONA' '.'],"['O', 'O', 'B-PER', 'O', 'O', 'O', 'O', 'B-ORG', 'O']",SOCCER - ROBSON WINS FIRST TROPHY WITH BARCELONA .,"['SOCCER(O)', '-(O)', 'ROBSON(B-PER)', 'WINS(O)', 'FIRST(O)', 'TROPHY(O)', 'WITH(O)', 'BARCELONA(B-ORG)', '.(O)']",SOCCER(O) -(O) ROBSON(B-PER) WINS(O) FIRST(O) TROPHY(O) WITH(O) BARCELONA(B-ORG) .(O),"Input: SOCCER - ROBSON WINS FIRST TROPHY WITH BARCELONA .
Output: SOCCER(O) -(O) ROBSON(B-PER) WINS(O) FIRST(O) TROPHY(O) WITH(O) BARCELONA(B-ORG) .(O)"
4045,['1-2' '.'],"['O', 'O']",1-2 .,"['1-2(O)', '.(O)']",1-2(O) .(O),"Input: 1-2 .
Output: 1-2(O) .(O)"
12344,['29' 'seconds'],"['O', 'O']",29 seconds,"['29(O)', 'seconds(O)']",29(O) seconds(O),"Input: 29 seconds
Output: 29(O) seconds(O)"
1411,"['She' ""'s"" 'fantastic' ',' '""' 'said' 'Nikki' 'Campbell' ',' '28' ','
 'who' 'went' 'to' 'the' 'pageant' '.' '""']","['O', 'O', 'O', 'O', 'O', 'O', 'B-PER', 'I-PER', 'O', 'O', 'O', 'O', 'O', 'O', 'O', 'O', 'O', 'O']","She 's fantastic , "" said Nikki Campbell , 28 , who went to the pageant . ""","['She(O)', ""'s(O)"", 'fantastic(O)', ',(O)', '""(O)', 'said(O)', 'Nikki(B-PER)', 'Campbell(I-PER)', ',(O)', '28(O)', ',(O)', 'who(O)', 'went(O)', 'to(O)', 'the(O)', 'pageant(O)', '.(O)', '""(O)']","She(O) 's(O) fantastic(O) ,(O) ""(O) said(O) Nikki(B-PER) Campbell(I-PER) ,(O) 28(O) ,(O) who(O) went(O) to(O) the(O) pageant(O) .(O) ""(O)","Input: She 's fantastic , "" said Nikki Campbell , 28 , who went to the pageant . ""
Output: She(O) 's(O) fantastic(O) ,(O) ""(O) said(O) Nikki(B-PER) Campbell(I-PER) ,(O) 28(O) ,(O) who(O) went(O) to(O) the(O) pageant(O) .(O) ""(O)"
5534,['Result' 'of' 'German' 'first' 'division'],"['O', 'O', 'B-MISC', 'O', 'O']",Result of German first division,"['Result(O)', 'of(O)', 'German(B-MISC)', 'first(O)', 'division(O)']",Result(O) of(O) German(B-MISC) first(O) division(O),"Input: Result of German first division
Output: Result(O) of(O) German(B-MISC) first(O) division(O)"
11035,"['The' 'number' 'of' 'monitors' 'will' 'be' 'increased' 'and' 'some'
 'will' 'be' 'repositioned' 'to' 'detect' 'noisy' 'planes' '.']","['O', 'O', 'O', 'O', 'O', 'O', 'O', 'O', 'O', 'O', 'O', 'O', 'O', 'O', 'O', 'O', 'O']",The number of monitors will be increased and some will be repositioned to detect noisy planes .,"['The(O)', 'number(O)', 'of(O)', 'monitors(O)', 'will(O)', 'be(O)', 'increased(O)', 'and(O)', 'some(O)', 'will(O)', 'be(O)', 'repositioned(O)', 'to(O)', 'detect(O)', 'noisy(O)', 'planes(O)', '.(O)']",The(O) number(O) of(O) monitors(O) will(O) be(O) increased(O) and(O) some(O) will(O) be(O) repositioned(O) to(O) detect(O) noisy(O) planes(O) .(O),"Input: The number of monitors will be increased and some will be repositioned to detect noisy planes .
Output: The(O) number(O) of(O) monitors(O) will(O) be(O) increased(O) and(O) some(O) will(O) be(O) repositioned(O) to(O) detect(O) noisy(O) planes(O) .(O)"
11362,"['The' 'official' 'Iraqi' 'News' 'Agency' '(' 'INA' ')' 'quoted' 'Iraq'
 ""'s"" 'ambassador' 'in' 'Khartoum' 'as' 'saying' 'that' 'Iraq' ""'s""
 'embassy' 'in' 'the' 'Sudanese' 'capital' 'had' 'nothing' 'to' 'do'
 'with' 'the' 'Monday' 'night' 'hijacking' '.']","['O', 'O', 'B-ORG', 'I-ORG', 'I-ORG', 'O', 'B-ORG', 'O', 'O', 'B-LOC', 'O', 'O', 'O', 'B-LOC', 'O', 'O', 'O', 'B-LOC', 'O', 'O', 'O', 'O', 'B-MISC', 'O', 'O', 'O', 'O', 'O', 'O', 'O', 'O', 'O', 'O', 'O']",The official Iraqi News Agency ( INA ) quoted Iraq 's ambassador in Khartoum as saying that Iraq 's embassy in the Sudanese capital had nothing to do with the Monday night hijacking .,"['The(O)', 'official(O)', 'Iraqi(B-ORG)', 'News(I-ORG)', 'Agency(I-ORG)', '((O)', 'INA(B-ORG)', ')(O)', 'quoted(O)', 'Iraq(B-LOC)', ""'s(O)"", 'ambassador(O)', 'in(O)', 'Khartoum(B-LOC)', 'as(O)', 'saying(O)', 'that(O)', 'Iraq(B-LOC)', ""'s(O)"", 'embassy(O)', 'in(O)', 'the(O)', 'Sudanese(B-MISC)', 'capital(O)', 'had(O)', 'nothing(O)', 'to(O)', 'do(O)', 'with(O)', 'the(O)', 'Monday(O)', 'night(O)', 'hijacking(O)', '.(O)']",The(O) official(O) Iraqi(B-ORG) News(I-ORG) Agency(I-ORG) ((O) INA(B-ORG) )(O) quoted(O) Iraq(B-LOC) 's(O) ambassador(O) in(O) Khartoum(B-LOC) as(O) saying(O) that(O) Iraq(B-LOC) 's(O) embassy(O) in(O) the(O) Sudanese(B-MISC) capital(O) had(O) nothing(O) to(O) do(O) with(O) the(O) Monday(O) night(O) hijacking(O) .(O),"Input: The official Iraqi News Agency ( INA ) quoted Iraq 's ambassador in Khartoum as saying that Iraq 's embassy in the Sudanese capital had nothing to do with the Monday night hijacking .
Output: The(O) official(O) Iraqi(B-ORG) News(I-ORG) Agency(I-ORG) ((O) INA(B-ORG) )(O) quoted(O) Iraq(B-LOC) 's(O) ambassador(O) in(O) Khartoum(B-LOC) as(O) saying(O) that(O) Iraq(B-LOC) 's(O) embassy(O) in(O) the(O) Sudanese(B-MISC) capital(O) had(O) nothing(O) to(O) do(O) with(O) the(O) Monday(O) night(O) hijacking(O) .(O)"
9537,['Barnagar' 'n.a' 'Yellow' '-' '-'],"['B-LOC', 'O', 'O', 'O', 'O']",Barnagar n.a Yellow - -,"['Barnagar(B-LOC)', 'n.a(O)', 'Yellow(O)', '-(O)', '-(O)']",Barnagar(B-LOC) n.a(O) Yellow(O) -(O) -(O),"Input: Barnagar n.a Yellow - -
Output: Barnagar(B-LOC) n.a(O) Yellow(O) -(O) -(O)"
5333,['California' '13' 'BALTIMORE' '0'],"['B-ORG', 'O', 'B-ORG', 'O']",California 13 BALTIMORE 0,"['California(B-ORG)', '13(O)', 'BALTIMORE(B-ORG)', '0(O)']",California(B-ORG) 13(O) BALTIMORE(B-ORG) 0(O),"Input: California 13 BALTIMORE 0
Output: California(B-ORG) 13(O) BALTIMORE(B-ORG) 0(O)"
3992,['Caen' '3' '0' '1' '2' '1' '5' '1'],"['B-ORG', 'O', 'O', 'O', 'O', 'O', 'O', 'O']",Caen 3 0 1 2 1 5 1,"['Caen(B-ORG)', '3(O)', '0(O)', '1(O)', '2(O)', '1(O)', '5(O)', '1(O)']",Caen(B-ORG) 3(O) 0(O) 1(O) 2(O) 1(O) 5(O) 1(O),"Input: Caen 3 0 1 2 1 5 1
Output: Caen(B-ORG) 3(O) 0(O) 1(O) 2(O) 1(O) 5(O) 1(O)"
9709,"['Today' ',' 'and' 'every' 'day' ',' 'the' 'Brady' 'Law' 'is' 'stopping'
 'an' 'estimated' '85' 'felons' 'from' 'buying' 'a' 'handgun' ',' '""'
 'Mrs.' 'Brady' 'said' '.']","['O', 'O', 'O', 'O', 'O', 'O', 'O', 'B-MISC', 'I-MISC', 'O', 'O', 'O', 'O', 'O', 'O', 'O', 'O', 'O', 'O', 'O', 'O', 'O', 'B-PER', 'O', 'O']","Today , and every day , the Brady Law is stopping an estimated 85 felons from buying a handgun , "" Mrs. Brady said .","['Today(O)', ',(O)', 'and(O)', 'every(O)', 'day(O)', ',(O)', 'the(O)', 'Brady(B-MISC)', 'Law(I-MISC)', 'is(O)', 'stopping(O)', 'an(O)', 'estimated(O)', '85(O)', 'felons(O)', 'from(O)', 'buying(O)', 'a(O)', 'handgun(O)', ',(O)', '""(O)', 'Mrs.(O)', 'Brady(B-PER)', 'said(O)', '.(O)']","Today(O) ,(O) and(O) every(O) day(O) ,(O) the(O) Brady(B-MISC) Law(I-MISC) is(O) stopping(O) an(O) estimated(O) 85(O) felons(O) from(O) buying(O) a(O) handgun(O) ,(O) ""(O) Mrs.(O) Brady(B-PER) said(O) .(O)","Input: Today , and every day , the Brady Law is stopping an estimated 85 felons from buying a handgun , "" Mrs. Brady said .
Output: Today(O) ,(O) and(O) every(O) day(O) ,(O) the(O) Brady(B-MISC) Law(I-MISC) is(O) stopping(O) an(O) estimated(O) 85(O) felons(O) from(O) buying(O) a(O) handgun(O) ,(O) ""(O) Mrs.(O) Brady(B-PER) said(O) .(O)"
8643,"['He' 'died' 'slumped' 'against' 'Oncins' ',' 'who' 'subsequently' 'lost'
 'interest' 'in' 'tennis' '.']","['O', 'O', 'O', 'O', 'B-PER', 'O', 'O', 'O', 'O', 'O', 'O', 'O', 'O']","He died slumped against Oncins , who subsequently lost interest in tennis .","['He(O)', 'died(O)', 'slumped(O)', 'against(O)', 'Oncins(B-PER)', ',(O)', 'who(O)', 'subsequently(O)', 'lost(O)', 'interest(O)', 'in(O)', 'tennis(O)', '.(O)']","He(O) died(O) slumped(O) against(O) Oncins(B-PER) ,(O) who(O) subsequently(O) lost(O) interest(O) in(O) tennis(O) .(O)","Input: He died slumped against Oncins , who subsequently lost interest in tennis .
Output: He(O) died(O) slumped(O) against(O) Oncins(B-PER) ,(O) who(O) subsequently(O) lost(O) interest(O) in(O) tennis(O) .(O)"
2369,['6.' 'Dusan' 'Kovacs' '(' 'Hungary' ')' '49.31'],"['O', 'B-PER', 'I-PER', 'O', 'B-LOC', 'O', 'O']",6. Dusan Kovacs ( Hungary ) 49.31,"['6.(O)', 'Dusan(B-PER)', 'Kovacs(I-PER)', '((O)', 'Hungary(B-LOC)', ')(O)', '49.31(O)']",6.(O) Dusan(B-PER) Kovacs(I-PER) ((O) Hungary(B-LOC) )(O) 49.31(O),"Input: 6. Dusan Kovacs ( Hungary ) 49.31
Output: 6.(O) Dusan(B-PER) Kovacs(I-PER) ((O) Hungary(B-LOC) )(O) 49.31(O)"
317,"['It' 'brought' 'in' '4,275' 'tonnes' 'of' 'British' 'mutton' ',' 'some'
 '10' 'percent' 'of' 'overall' 'imports' '.']","['O', 'O', 'O', 'O', 'O', 'O', 'B-MISC', 'O', 'O', 'O', 'O', 'O', 'O', 'O', 'O', 'O']","It brought in 4,275 tonnes of British mutton , some 10 percent of overall imports .","['It(O)', 'brought(O)', 'in(O)', '4,275(O)', 'tonnes(O)', 'of(O)', 'British(B-MISC)', 'mutton(O)', ',(O)', 'some(O)', '10(O)', 'percent(O)', 'of(O)', 'overall(O)', 'imports(O)', '.(O)']","It(O) brought(O) in(O) 4,275(O) tonnes(O) of(O) British(B-MISC) mutton(O) ,(O) some(O) 10(O) percent(O) of(O) overall(O) imports(O) .(O)","Input: It brought in 4,275 tonnes of British mutton , some 10 percent of overall imports .
Output: It(O) brought(O) in(O) 4,275(O) tonnes(O) of(O) British(B-MISC) mutton(O) ,(O) some(O) 10(O) percent(O) of(O) overall(O) imports(O) .(O)"
11000,"['1870' '-' 'In' 'France' ',' 'the' 'Second' 'Empire' 'was' 'ended' 'and'
 'Napoleon' 'III' 'was' 'deposed' 'after' 'his' 'surrender' 'two' 'days'
 'earlier' 'in' 'the' 'Franco-Prussian' 'war' '.']","['O', 'O', 'O', 'B-LOC', 'O', 'O', 'B-MISC', 'I-MISC', 'O', 'O', 'O', 'B-PER', 'I-PER', 'O', 'O', 'O', 'O', 'O', 'O', 'O', 'O', 'O', 'O', 'B-MISC', 'O', 'O']","1870 - In France , the Second Empire was ended and Napoleon III was deposed after his surrender two days earlier in the Franco-Prussian war .","['1870(O)', '-(O)', 'In(O)', 'France(B-LOC)', ',(O)', 'the(O)', 'Second(B-MISC)', 'Empire(I-MISC)', 'was(O)', 'ended(O)', 'and(O)', 'Napoleon(B-PER)', 'III(I-PER)', 'was(O)', 'deposed(O)', 'after(O)', 'his(O)', 'surrender(O)', 'two(O)', 'days(O)', 'earlier(O)', 'in(O)', 'the(O)', 'Franco-Prussian(B-MISC)', 'war(O)', '.(O)']","1870(O) -(O) In(O) France(B-LOC) ,(O) the(O) Second(B-MISC) Empire(I-MISC) was(O) ended(O) and(O) Napoleon(B-PER) III(I-PER) was(O) deposed(O) after(O) his(O) surrender(O) two(O) days(O) earlier(O) in(O) the(O) Franco-Prussian(B-MISC) war(O) .(O)","Input: 1870 - In France , the Second Empire was ended and Napoleon III was deposed after his surrender two days earlier in the Franco-Prussian war .
Output: 1870(O) -(O) In(O) France(B-LOC) ,(O) the(O) Second(B-MISC) Empire(I-MISC) was(O) ended(O) and(O) Napoleon(B-PER) III(I-PER) was(O) deposed(O) after(O) his(O) surrender(O) two(O) days(O) earlier(O) in(O) the(O) Franco-Prussian(B-MISC) war(O) .(O)"
11119,"['Toure' ',' 'who' 'took' 'office' 'last' 'month' ',' 'has' 'said' 'he'
 'plans' 'to' 'cut' 'public' 'service' 'spending' 'by' '30' 'percent' 'by'
 'the' 'end' 'of' 'the' 'year' 'as' 'part' 'of' 'measures' 'to' 'revive'
 'the' 'economy' '.']","['B-PER', 'O', 'O', 'O', 'O', 'O', 'O', 'O', 'O', 'O', 'O', 'O', 'O', 'O', 'O', 'O', 'O', 'O', 'O', 'O', 'O', 'O', 'O', 'O', 'O', 'O', 'O', 'O', 'O', 'O', 'O', 'O', 'O', 'O', 'O']","Toure , who took office last month , has said he plans to cut public service spending by 30 percent by the end of the year as part of measures to revive the economy .","['Toure(B-PER)', ',(O)', 'who(O)', 'took(O)', 'office(O)', 'last(O)', 'month(O)', ',(O)', 'has(O)', 'said(O)', 'he(O)', 'plans(O)', 'to(O)', 'cut(O)', 'public(O)', 'service(O)', 'spending(O)', 'by(O)', '30(O)', 'percent(O)', 'by(O)', 'the(O)', 'end(O)', 'of(O)', 'the(O)', 'year(O)', 'as(O)', 'part(O)', 'of(O)', 'measures(O)', 'to(O)', 'revive(O)', 'the(O)', 'economy(O)', '.(O)']","Toure(B-PER) ,(O) who(O) took(O) office(O) last(O) month(O) ,(O) has(O) said(O) he(O) plans(O) to(O) cut(O) public(O) service(O) spending(O) by(O) 30(O) percent(O) by(O) the(O) end(O) of(O) the(O) year(O) as(O) part(O) of(O) measures(O) to(O) revive(O) the(O) economy(O) .(O)","Input: Toure , who took office last month , has said he plans to cut public service spending by 30 percent by the end of the year as part of measures to revive the economy .
Output: Toure(B-PER) ,(O) who(O) took(O) office(O) last(O) month(O) ,(O) has(O) said(O) he(O) plans(O) to(O) cut(O) public(O) service(O) spending(O) by(O) 30(O) percent(O) by(O) the(O) end(O) of(O) the(O) year(O) as(O) part(O) of(O) measures(O) to(O) revive(O) the(O) economy(O) .(O)"
1010,['*'],['O'],*,['*(O)'],*(O),"Input: *
Output: *(O)"
2289,['Adrian' 'Warner'],"['B-PER', 'I-PER']",Adrian Warner,"['Adrian(B-PER)', 'Warner(I-PER)']",Adrian(B-PER) Warner(I-PER),"Input: Adrian Warner
Output: Adrian(B-PER) Warner(I-PER)"
1021,"['The' 'company' 'said' 'it' 'continues' 'to' 'believe' 'the' 'majority'
 'of' 'the' 'community' 'liaison' 'costs' 'are' 'coverable' 'under' 'the'
 'terms' 'of' 'the' 'Medicare' 'program' '.']","['O', 'O', 'O', 'O', 'O', 'O', 'O', 'O', 'O', 'O', 'O', 'O', 'O', 'O', 'O', 'O', 'O', 'O', 'O', 'O', 'O', 'B-MISC', 'O', 'O']",The company said it continues to believe the majority of the community liaison costs are coverable under the terms of the Medicare program .,"['The(O)', 'company(O)', 'said(O)', 'it(O)', 'continues(O)', 'to(O)', 'believe(O)', 'the(O)', 'majority(O)', 'of(O)', 'the(O)', 'community(O)', 'liaison(O)', 'costs(O)', 'are(O)', 'coverable(O)', 'under(O)', 'the(O)', 'terms(O)', 'of(O)', 'the(O)', 'Medicare(B-MISC)', 'program(O)', '.(O)']",The(O) company(O) said(O) it(O) continues(O) to(O) believe(O) the(O) majority(O) of(O) the(O) community(O) liaison(O) costs(O) are(O) coverable(O) under(O) the(O) terms(O) of(O) the(O) Medicare(B-MISC) program(O) .(O),"Input: The company said it continues to believe the majority of the community liaison costs are coverable under the terms of the Medicare program .
Output: The(O) company(O) said(O) it(O) continues(O) to(O) believe(O) the(O) majority(O) of(O) the(O) community(O) liaison(O) costs(O) are(O) coverable(O) under(O) the(O) terms(O) of(O) the(O) Medicare(B-MISC) program(O) .(O)"
7750,"['""' 'There' 'is' 'no' 'market' 'at' 'the' 'moment' ',' '""' 'one'
 'Rotterdam' 'trader' 'said' '.' '""']","['O', 'O', 'O', 'O', 'O', 'O', 'O', 'O', 'O', 'O', 'O', 'B-LOC', 'O', 'O', 'O', 'O']",""" There is no market at the moment , "" one Rotterdam trader said . ""","['""(O)', 'There(O)', 'is(O)', 'no(O)', 'market(O)', 'at(O)', 'the(O)', 'moment(O)', ',(O)', '""(O)', 'one(O)', 'Rotterdam(B-LOC)', 'trader(O)', 'said(O)', '.(O)', '""(O)']","""(O) There(O) is(O) no(O) market(O) at(O) the(O) moment(O) ,(O) ""(O) one(O) Rotterdam(B-LOC) trader(O) said(O) .(O) ""(O)","Input: "" There is no market at the moment , "" one Rotterdam trader said . ""
Output: ""(O) There(O) is(O) no(O) market(O) at(O) the(O) moment(O) ,(O) ""(O) one(O) Rotterdam(B-LOC) trader(O) said(O) .(O) ""(O)"
12248,['3.' 'Ekimov' '1' 'minute' '7' 'seconds'],"['O', 'B-PER', 'O', 'O', 'O', 'O']",3. Ekimov 1 minute 7 seconds,"['3.(O)', 'Ekimov(B-PER)', '1(O)', 'minute(O)', '7(O)', 'seconds(O)']",3.(O) Ekimov(B-PER) 1(O) minute(O) 7(O) seconds(O),"Input: 3. Ekimov 1 minute 7 seconds
Output: 3.(O) Ekimov(B-PER) 1(O) minute(O) 7(O) seconds(O)"
5302,"['Men' ""'s"" 'doubles']","['O', 'O', 'O']",Men 's doubles,"['Men(O)', ""'s(O)"", 'doubles(O)']",Men(O) 's(O) doubles(O),"Input: Men 's doubles
Output: Men(O) 's(O) doubles(O)"
13487,"['A' 'person' 'walking' 'on' 'the' 'shore' 'at' 'Island' 'Beach' 'State'
 'Park' 'found' 'the' 'debris' 'and' 'alerted' 'police' 'who' 'forwarded'
 'it' 'to' 'Long' 'Island' ',' 'New' 'York' ',' 'where' 'the' 'National'
 'Transportation' 'Safety' 'Board' 'and' 'the' 'FBI' 'are' 'conducting'
 'an' 'investigation' '.']","['O', 'O', 'O', 'O', 'O', 'O', 'O', 'B-LOC', 'I-LOC', 'I-LOC', 'I-LOC', 'O', 'O', 'O', 'O', 'O', 'O', 'O', 'O', 'O', 'O', 'B-LOC', 'I-LOC', 'O', 'B-LOC', 'I-LOC', 'O', 'O', 'O', 'B-ORG', 'I-ORG', 'I-ORG', 'I-ORG', 'O', 'O', 'B-ORG', 'O', 'O', 'O', 'O', 'O']","A person walking on the shore at Island Beach State Park found the debris and alerted police who forwarded it to Long Island , New York , where the National Transportation Safety Board and the FBI are conducting an investigation .","['A(O)', 'person(O)', 'walking(O)', 'on(O)', 'the(O)', 'shore(O)', 'at(O)', 'Island(B-LOC)', 'Beach(I-LOC)', 'State(I-LOC)', 'Park(I-LOC)', 'found(O)', 'the(O)', 'debris(O)', 'and(O)', 'alerted(O)', 'police(O)', 'who(O)', 'forwarded(O)', 'it(O)', 'to(O)', 'Long(B-LOC)', 'Island(I-LOC)', ',(O)', 'New(B-LOC)', 'York(I-LOC)', ',(O)', 'where(O)', 'the(O)', 'National(B-ORG)', 'Transportation(I-ORG)', 'Safety(I-ORG)', 'Board(I-ORG)', 'and(O)', 'the(O)', 'FBI(B-ORG)', 'are(O)', 'conducting(O)', 'an(O)', 'investigation(O)', '.(O)']","A(O) person(O) walking(O) on(O) the(O) shore(O) at(O) Island(B-LOC) Beach(I-LOC) State(I-LOC) Park(I-LOC) found(O) the(O) debris(O) and(O) alerted(O) police(O) who(O) forwarded(O) it(O) to(O) Long(B-LOC) Island(I-LOC) ,(O) New(B-LOC) York(I-LOC) ,(O) where(O) the(O) National(B-ORG) Transportation(I-ORG) Safety(I-ORG) Board(I-ORG) and(O) the(O) FBI(B-ORG) are(O) conducting(O) an(O) investigation(O) .(O)","Input: A person walking on the shore at Island Beach State Park found the debris and alerted police who forwarded it to Long Island , New York , where the National Transportation Safety Board and the FBI are conducting an investigation .
Output: A(O) person(O) walking(O) on(O) the(O) shore(O) at(O) Island(B-LOC) Beach(I-LOC) State(I-LOC) Park(I-LOC) found(O) the(O) debris(O) and(O) alerted(O) police(O) who(O) forwarded(O) it(O) to(O) Long(B-LOC) Island(I-LOC) ,(O) New(B-LOC) York(I-LOC) ,(O) where(O) the(O) National(B-ORG) Transportation(I-ORG) Safety(I-ORG) Board(I-ORG) and(O) the(O) FBI(B-ORG) are(O) conducting(O) an(O) investigation(O) .(O)"
4576,['6.' 'Claus' 'Manne' 'Nielsen' '(' 'Denmark' ')' 'KTM'],"['O', 'B-PER', 'I-PER', 'I-PER', 'O', 'B-LOC', 'O', 'B-ORG']",6. Claus Manne Nielsen ( Denmark ) KTM,"['6.(O)', 'Claus(B-PER)', 'Manne(I-PER)', 'Nielsen(I-PER)', '((O)', 'Denmark(B-LOC)', ')(O)', 'KTM(B-ORG)']",6.(O) Claus(B-PER) Manne(I-PER) Nielsen(I-PER) ((O) Denmark(B-LOC) )(O) KTM(B-ORG),"Input: 6. Claus Manne Nielsen ( Denmark ) KTM
Output: 6.(O) Claus(B-PER) Manne(I-PER) Nielsen(I-PER) ((O) Denmark(B-LOC) )(O) KTM(B-ORG)"
3859,['NEW' 'YORK' '59' '70' '.457' '22'],"['B-ORG', 'I-ORG', 'O', 'O', 'O', 'O']",NEW YORK 59 70 .457 22,"['NEW(B-ORG)', 'YORK(I-ORG)', '59(O)', '70(O)', '.457(O)', '22(O)']",NEW(B-ORG) YORK(I-ORG) 59(O) 70(O) .457(O) 22(O),"Input: NEW YORK 59 70 .457 22
Output: NEW(B-ORG) YORK(I-ORG) 59(O) 70(O) .457(O) 22(O)"
11909,"['--' 'Government' 'defends' '""' 'hard' 'drachma' '""' 'policy' ',' 'says'
 'it' 'will' 'continue' 'unchanged' 'after' 'the' 'elections']","['O', 'O', 'O', 'O', 'O', 'O', 'O', 'O', 'O', 'O', 'O', 'O', 'O', 'O', 'O', 'O', 'O']","-- Government defends "" hard drachma "" policy , says it will continue unchanged after the elections","['--(O)', 'Government(O)', 'defends(O)', '""(O)', 'hard(O)', 'drachma(O)', '""(O)', 'policy(O)', ',(O)', 'says(O)', 'it(O)', 'will(O)', 'continue(O)', 'unchanged(O)', 'after(O)', 'the(O)', 'elections(O)']","--(O) Government(O) defends(O) ""(O) hard(O) drachma(O) ""(O) policy(O) ,(O) says(O) it(O) will(O) continue(O) unchanged(O) after(O) the(O) elections(O)","Input: -- Government defends "" hard drachma "" policy , says it will continue unchanged after the elections
Output: --(O) Government(O) defends(O) ""(O) hard(O) drachma(O) ""(O) policy(O) ,(O) says(O) it(O) will(O) continue(O) unchanged(O) after(O) the(O) elections(O)"
1642,"['She' 'attended' 'a' 'government' 'school' 'and' 'was' 'already' 'deeply'
 'religious' 'by' 'the' 'time' 'she' 'was' '12' '.']","['O', 'O', 'O', 'O', 'O', 'O', 'O', 'O', 'O', 'O', 'O', 'O', 'O', 'O', 'O', 'O', 'O']",She attended a government school and was already deeply religious by the time she was 12 .,"['She(O)', 'attended(O)', 'a(O)', 'government(O)', 'school(O)', 'and(O)', 'was(O)', 'already(O)', 'deeply(O)', 'religious(O)', 'by(O)', 'the(O)', 'time(O)', 'she(O)', 'was(O)', '12(O)', '.(O)']",She(O) attended(O) a(O) government(O) school(O) and(O) was(O) already(O) deeply(O) religious(O) by(O) the(O) time(O) she(O) was(O) 12(O) .(O),"Input: She attended a government school and was already deeply religious by the time she was 12 .
Output: She(O) attended(O) a(O) government(O) school(O) and(O) was(O) already(O) deeply(O) religious(O) by(O) the(O) time(O) she(O) was(O) 12(O) .(O)"
10958,"['The' 'August' 'contract' 'expired' 'at' '0.85' 'cent' 'down' 'at'
 '90.85' 'cents' '.']","['O', 'O', 'O', 'O', 'O', 'O', 'O', 'O', 'O', 'O', 'O', 'O']",The August contract expired at 0.85 cent down at 90.85 cents .,"['The(O)', 'August(O)', 'contract(O)', 'expired(O)', 'at(O)', '0.85(O)', 'cent(O)', 'down(O)', 'at(O)', '90.85(O)', 'cents(O)', '.(O)']",The(O) August(O) contract(O) expired(O) at(O) 0.85(O) cent(O) down(O) at(O) 90.85(O) cents(O) .(O),"Input: The August contract expired at 0.85 cent down at 90.85 cents .
Output: The(O) August(O) contract(O) expired(O) at(O) 0.85(O) cent(O) down(O) at(O) 90.85(O) cents(O) .(O)"
6170,"['They' 'renewed' 'their' 'call' 'for' 'the' 'resignation' 'of' 'Home' '('
 'Interior' ')' 'Minister' 'Rafiqul' 'Islam' '.']","['O', 'O', 'O', 'O', 'O', 'O', 'O', 'O', 'O', 'O', 'O', 'O', 'O', 'B-PER', 'I-PER', 'O']",They renewed their call for the resignation of Home ( Interior ) Minister Rafiqul Islam .,"['They(O)', 'renewed(O)', 'their(O)', 'call(O)', 'for(O)', 'the(O)', 'resignation(O)', 'of(O)', 'Home(O)', '((O)', 'Interior(O)', ')(O)', 'Minister(O)', 'Rafiqul(B-PER)', 'Islam(I-PER)', '.(O)']",They(O) renewed(O) their(O) call(O) for(O) the(O) resignation(O) of(O) Home(O) ((O) Interior(O) )(O) Minister(O) Rafiqul(B-PER) Islam(I-PER) .(O),"Input: They renewed their call for the resignation of Home ( Interior ) Minister Rafiqul Islam .
Output: They(O) renewed(O) their(O) call(O) for(O) the(O) resignation(O) of(O) Home(O) ((O) Interior(O) )(O) Minister(O) Rafiqul(B-PER) Islam(I-PER) .(O)"
8442,"['Women' ""'s"" 'singles']","['O', 'O', 'O']",Women 's singles,"['Women(O)', ""'s(O)"", 'singles(O)']",Women(O) 's(O) singles(O),"Input: Women 's singles
Output: Women(O) 's(O) singles(O)"
4155,['England' '326' 'all' 'out'],"['B-LOC', 'O', 'O', 'O']",England 326 all out,"['England(B-LOC)', '326(O)', 'all(O)', 'out(O)']",England(B-LOC) 326(O) all(O) out(O),"Input: England 326 all out
Output: England(B-LOC) 326(O) all(O) out(O)"
896,['SOCCER' '-' 'SHARPSHOOTER' 'KNUP' 'BACK' 'IN' 'SWISS' 'SQUAD' '.'],"['O', 'O', 'O', 'B-PER', 'O', 'O', 'B-MISC', 'O', 'O']",SOCCER - SHARPSHOOTER KNUP BACK IN SWISS SQUAD .,"['SOCCER(O)', '-(O)', 'SHARPSHOOTER(O)', 'KNUP(B-PER)', 'BACK(O)', 'IN(O)', 'SWISS(B-MISC)', 'SQUAD(O)', '.(O)']",SOCCER(O) -(O) SHARPSHOOTER(O) KNUP(B-PER) BACK(O) IN(O) SWISS(B-MISC) SQUAD(O) .(O),"Input: SOCCER - SHARPSHOOTER KNUP BACK IN SWISS SQUAD .
Output: SOCCER(O) -(O) SHARPSHOOTER(O) KNUP(B-PER) BACK(O) IN(O) SWISS(B-MISC) SQUAD(O) .(O)"
3517,['Paris' '14' 'Bradford' '27'],"['B-ORG', 'O', 'B-ORG', 'O']",Paris 14 Bradford 27,"['Paris(B-ORG)', '14(O)', 'Bradford(B-ORG)', '27(O)']",Paris(B-ORG) 14(O) Bradford(B-ORG) 27(O),"Input: Paris 14 Bradford 27
Output: Paris(B-ORG) 14(O) Bradford(B-ORG) 27(O)"
12264,"['Individual' 'pursuit' 'semifinals' '(' 'over' '4,000' 'metres' ')' ':']","['O', 'O', 'O', 'O', 'O', 'O', 'O', 'O', 'O']","Individual pursuit semifinals ( over 4,000 metres ) :","['Individual(O)', 'pursuit(O)', 'semifinals(O)', '((O)', 'over(O)', '4,000(O)', 'metres(O)', ')(O)', ':(O)']","Individual(O) pursuit(O) semifinals(O) ((O) over(O) 4,000(O) metres(O) )(O) :(O)","Input: Individual pursuit semifinals ( over 4,000 metres ) :
Output: Individual(O) pursuit(O) semifinals(O) ((O) over(O) 4,000(O) metres(O) )(O) :(O)"
7014,"['Henrietta' 'Nagyova' '(' 'Slovakia' ')' 'beat' 'Gala' 'Leon' 'Garcia'
 '(' 'Spain' ')' '6-1' '4-6' '6-3']","['B-PER', 'I-PER', 'O', 'B-LOC', 'O', 'O', 'B-PER', 'I-PER', 'I-PER', 'O', 'B-LOC', 'O', 'O', 'O', 'O']",Henrietta Nagyova ( Slovakia ) beat Gala Leon Garcia ( Spain ) 6-1 4-6 6-3,"['Henrietta(B-PER)', 'Nagyova(I-PER)', '((O)', 'Slovakia(B-LOC)', ')(O)', 'beat(O)', 'Gala(B-PER)', 'Leon(I-PER)', 'Garcia(I-PER)', '((O)', 'Spain(B-LOC)', ')(O)', '6-1(O)', '4-6(O)', '6-3(O)']",Henrietta(B-PER) Nagyova(I-PER) ((O) Slovakia(B-LOC) )(O) beat(O) Gala(B-PER) Leon(I-PER) Garcia(I-PER) ((O) Spain(B-LOC) )(O) 6-1(O) 4-6(O) 6-3(O),"Input: Henrietta Nagyova ( Slovakia ) beat Gala Leon Garcia ( Spain ) 6-1 4-6 6-3
Output: Henrietta(B-PER) Nagyova(I-PER) ((O) Slovakia(B-LOC) )(O) beat(O) Gala(B-PER) Leon(I-PER) Garcia(I-PER) ((O) Spain(B-LOC) )(O) 6-1(O) 4-6(O) 6-3(O)"
6863,['number' 'of' 'games' 'won' '.'],"['O', 'O', 'O', 'O', 'O']",number of games won .,"['number(O)', 'of(O)', 'games(O)', 'won(O)', '.(O)']",number(O) of(O) games(O) won(O) .(O),"Input: number of games won .
Output: number(O) of(O) games(O) won(O) .(O)"
12158,"['Saeed' 'in' 'his' 'comments' 'did' 'not' 'threaten' 'to' 'call' 'off'
 'the' 'deal' 'and' 'the' 'U.N.' 'officials' 'said' 'they' 'expected' 'it'
 'to' 'go' 'into' 'force' 'next' 'month' 'after' 'Secretary-General'
 'Boutros' 'Boutros-Ghali' 'reports' 'that' 'arrangements' 'are' 'in'
 'place' '.']","['B-PER', 'O', 'O', 'O', 'O', 'O', 'O', 'O', 'O', 'O', 'O', 'O', 'O', 'O', 'B-ORG', 'O', 'O', 'O', 'O', 'O', 'O', 'O', 'O', 'O', 'O', 'O', 'O', 'O', 'B-PER', 'I-PER', 'O', 'O', 'O', 'O', 'O', 'O', 'O']",Saeed in his comments did not threaten to call off the deal and the U.N. officials said they expected it to go into force next month after Secretary-General Boutros Boutros-Ghali reports that arrangements are in place .,"['Saeed(B-PER)', 'in(O)', 'his(O)', 'comments(O)', 'did(O)', 'not(O)', 'threaten(O)', 'to(O)', 'call(O)', 'off(O)', 'the(O)', 'deal(O)', 'and(O)', 'the(O)', 'U.N.(B-ORG)', 'officials(O)', 'said(O)', 'they(O)', 'expected(O)', 'it(O)', 'to(O)', 'go(O)', 'into(O)', 'force(O)', 'next(O)', 'month(O)', 'after(O)', 'Secretary-General(O)', 'Boutros(B-PER)', 'Boutros-Ghali(I-PER)', 'reports(O)', 'that(O)', 'arrangements(O)', 'are(O)', 'in(O)', 'place(O)', '.(O)']",Saeed(B-PER) in(O) his(O) comments(O) did(O) not(O) threaten(O) to(O) call(O) off(O) the(O) deal(O) and(O) the(O) U.N.(B-ORG) officials(O) said(O) they(O) expected(O) it(O) to(O) go(O) into(O) force(O) next(O) month(O) after(O) Secretary-General(O) Boutros(B-PER) Boutros-Ghali(I-PER) reports(O) that(O) arrangements(O) are(O) in(O) place(O) .(O),"Input: Saeed in his comments did not threaten to call off the deal and the U.N. officials said they expected it to go into force next month after Secretary-General Boutros Boutros-Ghali reports that arrangements are in place .
Output: Saeed(B-PER) in(O) his(O) comments(O) did(O) not(O) threaten(O) to(O) call(O) off(O) the(O) deal(O) and(O) the(O) U.N.(B-ORG) officials(O) said(O) they(O) expected(O) it(O) to(O) go(O) into(O) force(O) next(O) month(O) after(O) Secretary-General(O) Boutros(B-PER) Boutros-Ghali(I-PER) reports(O) that(O) arrangements(O) are(O) in(O) place(O) .(O)"
11528,"['-' 'BOLSWESSANEN' '4,420' '705' '6.17']","['O', 'B-ORG', 'O', 'O', 'O']","- BOLSWESSANEN 4,420 705 6.17","['-(O)', 'BOLSWESSANEN(B-ORG)', '4,420(O)', '705(O)', '6.17(O)']","-(O) BOLSWESSANEN(B-ORG) 4,420(O) 705(O) 6.17(O)","Input: - BOLSWESSANEN 4,420 705 6.17
Output: -(O) BOLSWESSANEN(B-ORG) 4,420(O) 705(O) 6.17(O)"
13676,"['And' 'we' 'feel' 'very' 'confident' 'that' 'we' ""'re"" 'doing' 'all'
 'the' 'right' 'things' ',' '""' 'Hope' 'said' '.']","['O', 'O', 'O', 'O', 'O', 'O', 'O', 'O', 'O', 'O', 'O', 'O', 'O', 'O', 'O', 'B-PER', 'O', 'O']","And we feel very confident that we 're doing all the right things , "" Hope said .","['And(O)', 'we(O)', 'feel(O)', 'very(O)', 'confident(O)', 'that(O)', 'we(O)', ""'re(O)"", 'doing(O)', 'all(O)', 'the(O)', 'right(O)', 'things(O)', ',(O)', '""(O)', 'Hope(B-PER)', 'said(O)', '.(O)']","And(O) we(O) feel(O) very(O) confident(O) that(O) we(O) 're(O) doing(O) all(O) the(O) right(O) things(O) ,(O) ""(O) Hope(B-PER) said(O) .(O)","Input: And we feel very confident that we 're doing all the right things , "" Hope said .
Output: And(O) we(O) feel(O) very(O) confident(O) that(O) we(O) 're(O) doing(O) all(O) the(O) right(O) things(O) ,(O) ""(O) Hope(B-PER) said(O) .(O)"
5611,['3.' 'Johan' 'Museeuw' '(' 'Belgium' ')'],"['O', 'B-PER', 'I-PER', 'O', 'B-LOC', 'O']",3. Johan Museeuw ( Belgium ),"['3.(O)', 'Johan(B-PER)', 'Museeuw(I-PER)', '((O)', 'Belgium(B-LOC)', ')(O)']",3.(O) Johan(B-PER) Museeuw(I-PER) ((O) Belgium(B-LOC) )(O),"Input: 3. Johan Museeuw ( Belgium )
Output: 3.(O) Johan(B-PER) Museeuw(I-PER) ((O) Belgium(B-LOC) )(O)"
11108,"['Zambia' ""'s"" 'Chiluba' 'shuffles' 'cabinet' 'to' 'fill' 'vacancy' '.']","['B-LOC', 'O', 'B-PER', 'O', 'O', 'O', 'O', 'O', 'O']",Zambia 's Chiluba shuffles cabinet to fill vacancy .,"['Zambia(B-LOC)', ""'s(O)"", 'Chiluba(B-PER)', 'shuffles(O)', 'cabinet(O)', 'to(O)', 'fill(O)', 'vacancy(O)', '.(O)']",Zambia(B-LOC) 's(O) Chiluba(B-PER) shuffles(O) cabinet(O) to(O) fill(O) vacancy(O) .(O),"Input: Zambia 's Chiluba shuffles cabinet to fill vacancy .
Output: Zambia(B-LOC) 's(O) Chiluba(B-PER) shuffles(O) cabinet(O) to(O) fill(O) vacancy(O) .(O)"
695,"['Scott' 'Draper' '(' 'Australia' ')' 'vs.' 'Galo' 'Blanco' '(' 'Spain'
 ')']","['B-PER', 'I-PER', 'O', 'B-LOC', 'O', 'O', 'B-PER', 'I-PER', 'O', 'B-LOC', 'O']",Scott Draper ( Australia ) vs. Galo Blanco ( Spain ),"['Scott(B-PER)', 'Draper(I-PER)', '((O)', 'Australia(B-LOC)', ')(O)', 'vs.(O)', 'Galo(B-PER)', 'Blanco(I-PER)', '((O)', 'Spain(B-LOC)', ')(O)']",Scott(B-PER) Draper(I-PER) ((O) Australia(B-LOC) )(O) vs.(O) Galo(B-PER) Blanco(I-PER) ((O) Spain(B-LOC) )(O),"Input: Scott Draper ( Australia ) vs. Galo Blanco ( Spain )
Output: Scott(B-PER) Draper(I-PER) ((O) Australia(B-LOC) )(O) vs.(O) Galo(B-PER) Blanco(I-PER) ((O) Spain(B-LOC) )(O)"
6304,"['1.' 'Tommi' 'Makinen' '(' 'Finland' ')' 'Mitsubishi' 'Lancer' '4'
 'hours' '4' 'minutes']","['O', 'B-PER', 'I-PER', 'O', 'B-LOC', 'O', 'B-MISC', 'I-MISC', 'O', 'O', 'O', 'O']",1. Tommi Makinen ( Finland ) Mitsubishi Lancer 4 hours 4 minutes,"['1.(O)', 'Tommi(B-PER)', 'Makinen(I-PER)', '((O)', 'Finland(B-LOC)', ')(O)', 'Mitsubishi(B-MISC)', 'Lancer(I-MISC)', '4(O)', 'hours(O)', '4(O)', 'minutes(O)']",1.(O) Tommi(B-PER) Makinen(I-PER) ((O) Finland(B-LOC) )(O) Mitsubishi(B-MISC) Lancer(I-MISC) 4(O) hours(O) 4(O) minutes(O),"Input: 1. Tommi Makinen ( Finland ) Mitsubishi Lancer 4 hours 4 minutes
Output: 1.(O) Tommi(B-PER) Makinen(I-PER) ((O) Finland(B-LOC) )(O) Mitsubishi(B-MISC) Lancer(I-MISC) 4(O) hours(O) 4(O) minutes(O)"
1070,['-' 'output' 'expectations' '*' '+22' '+22' '+12' '+16'],"['O', 'O', 'O', 'O', 'O', 'O', 'O', 'O']",- output expectations * +22 +22 +12 +16,"['-(O)', 'output(O)', 'expectations(O)', '*(O)', '+22(O)', '+22(O)', '+12(O)', '+16(O)']",-(O) output(O) expectations(O) *(O) +22(O) +22(O) +12(O) +16(O),"Input: - output expectations * +22 +22 +12 +16
Output: -(O) output(O) expectations(O) *(O) +22(O) +22(O) +12(O) +16(O)"
13706,"['""' 'You' 'know' ',' 'we' 'went' 'through' 'a' 'little' 'climb' 'and' 'a'
 'little' 'trough' 'over' 'the' 'last' 'few' 'years' '.']","['O', 'O', 'O', 'O', 'O', 'O', 'O', 'O', 'O', 'O', 'O', 'O', 'O', 'O', 'O', 'O', 'O', 'O', 'O', 'O']",""" You know , we went through a little climb and a little trough over the last few years .","['""(O)', 'You(O)', 'know(O)', ',(O)', 'we(O)', 'went(O)', 'through(O)', 'a(O)', 'little(O)', 'climb(O)', 'and(O)', 'a(O)', 'little(O)', 'trough(O)', 'over(O)', 'the(O)', 'last(O)', 'few(O)', 'years(O)', '.(O)']","""(O) You(O) know(O) ,(O) we(O) went(O) through(O) a(O) little(O) climb(O) and(O) a(O) little(O) trough(O) over(O) the(O) last(O) few(O) years(O) .(O)","Input: "" You know , we went through a little climb and a little trough over the last few years .
Output: ""(O) You(O) know(O) ,(O) we(O) went(O) through(O) a(O) little(O) climb(O) and(O) a(O) little(O) trough(O) over(O) the(O) last(O) few(O) years(O) .(O)"
13138,"['It' 'was' 'distributed' 'to' 'reporters' 'at' 'the' 'press' 'centre'
 'of' 'Clinton' ""'s"" 'Democratic' 'convention' 'headquarters' 'just'
 'hours' 'before' 'the' 'president' 'was' 'to' 'address' 'the' 'delegates'
 'accepting' 'the' 'party' ""'s"" 'nomination' 'for' 'a' 'second'
 'four-year' 'term' 'in' 'the' 'White' 'House' '.']","['O', 'O', 'O', 'O', 'O', 'O', 'O', 'O', 'O', 'O', 'B-PER', 'O', 'B-MISC', 'O', 'O', 'O', 'O', 'O', 'O', 'O', 'O', 'O', 'O', 'O', 'O', 'O', 'O', 'O', 'O', 'O', 'O', 'O', 'O', 'O', 'O', 'O', 'O', 'B-LOC', 'I-LOC', 'O']",It was distributed to reporters at the press centre of Clinton 's Democratic convention headquarters just hours before the president was to address the delegates accepting the party 's nomination for a second four-year term in the White House .,"['It(O)', 'was(O)', 'distributed(O)', 'to(O)', 'reporters(O)', 'at(O)', 'the(O)', 'press(O)', 'centre(O)', 'of(O)', 'Clinton(B-PER)', ""'s(O)"", 'Democratic(B-MISC)', 'convention(O)', 'headquarters(O)', 'just(O)', 'hours(O)', 'before(O)', 'the(O)', 'president(O)', 'was(O)', 'to(O)', 'address(O)', 'the(O)', 'delegates(O)', 'accepting(O)', 'the(O)', 'party(O)', ""'s(O)"", 'nomination(O)', 'for(O)', 'a(O)', 'second(O)', 'four-year(O)', 'term(O)', 'in(O)', 'the(O)', 'White(B-LOC)', 'House(I-LOC)', '.(O)']",It(O) was(O) distributed(O) to(O) reporters(O) at(O) the(O) press(O) centre(O) of(O) Clinton(B-PER) 's(O) Democratic(B-MISC) convention(O) headquarters(O) just(O) hours(O) before(O) the(O) president(O) was(O) to(O) address(O) the(O) delegates(O) accepting(O) the(O) party(O) 's(O) nomination(O) for(O) a(O) second(O) four-year(O) term(O) in(O) the(O) White(B-LOC) House(I-LOC) .(O),"Input: It was distributed to reporters at the press centre of Clinton 's Democratic convention headquarters just hours before the president was to address the delegates accepting the party 's nomination for a second four-year term in the White House .
Output: It(O) was(O) distributed(O) to(O) reporters(O) at(O) the(O) press(O) centre(O) of(O) Clinton(B-PER) 's(O) Democratic(B-MISC) convention(O) headquarters(O) just(O) hours(O) before(O) the(O) president(O) was(O) to(O) address(O) the(O) delegates(O) accepting(O) the(O) party(O) 's(O) nomination(O) for(O) a(O) second(O) four-year(O) term(O) in(O) the(O) White(B-LOC) House(I-LOC) .(O)"
9662,"['DBRS' 'said' 'it' 'also' 'confirmed' 'Power' 'Financial' 'Corp' ""'s""
 'senior' 'debentures' ',' 'cumulative' 'preferred' 'shares' 'and'
 'non-cumulative' 'first' 'preferred' 'shares' ',' 'series' 'B' ',' 'at'
 'AA' '(' 'low' ')' ',' 'Pfd-1' 'and' 'Pfd-1' '(' 'low' ')' ',' 'all'
 'with' 'stable' 'trends' '.']","['B-ORG', 'O', 'O', 'O', 'O', 'B-ORG', 'I-ORG', 'I-ORG', 'O', 'O', 'O', 'O', 'O', 'O', 'O', 'O', 'O', 'O', 'O', 'O', 'O', 'O', 'O', 'O', 'O', 'O', 'O', 'O', 'O', 'O', 'O', 'O', 'O', 'O', 'O', 'O', 'O', 'O', 'O', 'O', 'O', 'O']","DBRS said it also confirmed Power Financial Corp 's senior debentures , cumulative preferred shares and non-cumulative first preferred shares , series B , at AA ( low ) , Pfd-1 and Pfd-1 ( low ) , all with stable trends .","['DBRS(B-ORG)', 'said(O)', 'it(O)', 'also(O)', 'confirmed(O)', 'Power(B-ORG)', 'Financial(I-ORG)', 'Corp(I-ORG)', ""'s(O)"", 'senior(O)', 'debentures(O)', ',(O)', 'cumulative(O)', 'preferred(O)', 'shares(O)', 'and(O)', 'non-cumulative(O)', 'first(O)', 'preferred(O)', 'shares(O)', ',(O)', 'series(O)', 'B(O)', ',(O)', 'at(O)', 'AA(O)', '((O)', 'low(O)', ')(O)', ',(O)', 'Pfd-1(O)', 'and(O)', 'Pfd-1(O)', '((O)', 'low(O)', ')(O)', ',(O)', 'all(O)', 'with(O)', 'stable(O)', 'trends(O)', '.(O)']","DBRS(B-ORG) said(O) it(O) also(O) confirmed(O) Power(B-ORG) Financial(I-ORG) Corp(I-ORG) 's(O) senior(O) debentures(O) ,(O) cumulative(O) preferred(O) shares(O) and(O) non-cumulative(O) first(O) preferred(O) shares(O) ,(O) series(O) B(O) ,(O) at(O) AA(O) ((O) low(O) )(O) ,(O) Pfd-1(O) and(O) Pfd-1(O) ((O) low(O) )(O) ,(O) all(O) with(O) stable(O) trends(O) .(O)","Input: DBRS said it also confirmed Power Financial Corp 's senior debentures , cumulative preferred shares and non-cumulative first preferred shares , series B , at AA ( low ) , Pfd-1 and Pfd-1 ( low ) , all with stable trends .
Output: DBRS(B-ORG) said(O) it(O) also(O) confirmed(O) Power(B-ORG) Financial(I-ORG) Corp(I-ORG) 's(O) senior(O) debentures(O) ,(O) cumulative(O) preferred(O) shares(O) and(O) non-cumulative(O) first(O) preferred(O) shares(O) ,(O) series(O) B(O) ,(O) at(O) AA(O) ((O) low(O) )(O) ,(O) Pfd-1(O) and(O) Pfd-1(O) ((O) low(O) )(O) ,(O) all(O) with(O) stable(O) trends(O) .(O)"
11631,['Adelt' 'did' 'not' 'give' 'a' 'concrete' 'forecast' '.'],"['B-PER', 'O', 'O', 'O', 'O', 'O', 'O', 'O']",Adelt did not give a concrete forecast .,"['Adelt(B-PER)', 'did(O)', 'not(O)', 'give(O)', 'a(O)', 'concrete(O)', 'forecast(O)', '.(O)']",Adelt(B-PER) did(O) not(O) give(O) a(O) concrete(O) forecast(O) .(O),"Input: Adelt did not give a concrete forecast .
Output: Adelt(B-PER) did(O) not(O) give(O) a(O) concrete(O) forecast(O) .(O)"
2434,['3.' 'Irina' 'Privalova' '(' 'Russia' ')' '22.68'],"['O', 'B-PER', 'I-PER', 'O', 'B-LOC', 'O', 'O']",3. Irina Privalova ( Russia ) 22.68,"['3.(O)', 'Irina(B-PER)', 'Privalova(I-PER)', '((O)', 'Russia(B-LOC)', ')(O)', '22.68(O)']",3.(O) Irina(B-PER) Privalova(I-PER) ((O) Russia(B-LOC) )(O) 22.68(O),"Input: 3. Irina Privalova ( Russia ) 22.68
Output: 3.(O) Irina(B-PER) Privalova(I-PER) ((O) Russia(B-LOC) )(O) 22.68(O)"
5137,['Universitatea' 'Craiova' '4' '1' '1' '2' '8' '6' '4'],"['B-ORG', 'I-ORG', 'O', 'O', 'O', 'O', 'O', 'O', 'O']",Universitatea Craiova 4 1 1 2 8 6 4,"['Universitatea(B-ORG)', 'Craiova(I-ORG)', '4(O)', '1(O)', '1(O)', '2(O)', '8(O)', '6(O)', '4(O)']",Universitatea(B-ORG) Craiova(I-ORG) 4(O) 1(O) 1(O) 2(O) 8(O) 6(O) 4(O),"Input: Universitatea Craiova 4 1 1 2 8 6 4
Output: Universitatea(B-ORG) Craiova(I-ORG) 4(O) 1(O) 1(O) 2(O) 8(O) 6(O) 4(O)"
6755,['Santos' '2' 'Morelia' '1'],"['B-ORG', 'O', 'B-ORG', 'O']",Santos 2 Morelia 1,"['Santos(B-ORG)', '2(O)', 'Morelia(B-ORG)', '1(O)']",Santos(B-ORG) 2(O) Morelia(B-ORG) 1(O),"Input: Santos 2 Morelia 1
Output: Santos(B-ORG) 2(O) Morelia(B-ORG) 1(O)"
7892,"['The' 'French' 'procedure' 'was' 'expected' 'to' 'be' 'completed'
 'before' 'October' '2' ',' 'when' 'the' 'National' 'Assembly' 'is' 'to'
 'reconvene' 'after' 'a' 'summer' 'break' ',' 'but' 'the' 'European'
 'procedure' 'was' 'expected' 'to' 'take' 'longer' '.']","['O', 'B-MISC', 'O', 'O', 'O', 'O', 'O', 'O', 'O', 'O', 'O', 'O', 'O', 'O', 'B-ORG', 'I-ORG', 'O', 'O', 'O', 'O', 'O', 'O', 'O', 'O', 'O', 'O', 'B-MISC', 'O', 'O', 'O', 'O', 'O', 'O', 'O']","The French procedure was expected to be completed before October 2 , when the National Assembly is to reconvene after a summer break , but the European procedure was expected to take longer .","['The(O)', 'French(B-MISC)', 'procedure(O)', 'was(O)', 'expected(O)', 'to(O)', 'be(O)', 'completed(O)', 'before(O)', 'October(O)', '2(O)', ',(O)', 'when(O)', 'the(O)', 'National(B-ORG)', 'Assembly(I-ORG)', 'is(O)', 'to(O)', 'reconvene(O)', 'after(O)', 'a(O)', 'summer(O)', 'break(O)', ',(O)', 'but(O)', 'the(O)', 'European(B-MISC)', 'procedure(O)', 'was(O)', 'expected(O)', 'to(O)', 'take(O)', 'longer(O)', '.(O)']","The(O) French(B-MISC) procedure(O) was(O) expected(O) to(O) be(O) completed(O) before(O) October(O) 2(O) ,(O) when(O) the(O) National(B-ORG) Assembly(I-ORG) is(O) to(O) reconvene(O) after(O) a(O) summer(O) break(O) ,(O) but(O) the(O) European(B-MISC) procedure(O) was(O) expected(O) to(O) take(O) longer(O) .(O)","Input: The French procedure was expected to be completed before October 2 , when the National Assembly is to reconvene after a summer break , but the European procedure was expected to take longer .
Output: The(O) French(B-MISC) procedure(O) was(O) expected(O) to(O) be(O) completed(O) before(O) October(O) 2(O) ,(O) when(O) the(O) National(B-ORG) Assembly(I-ORG) is(O) to(O) reconvene(O) after(O) a(O) summer(O) break(O) ,(O) but(O) the(O) European(B-MISC) procedure(O) was(O) expected(O) to(O) take(O) longer(O) .(O)"
13261,"['Southern' 'California' 'Edison' 'Co' 'said' 'it' 'expected' 'two' '220'
 'kilovolt' '(' 'KV' ')' 'power' 'lines' 'in' 'southern' 'California' 'to'
 'resume' 'service' 'later' 'today' 'after' 'being' 'shut' 'late'
 'Wednesday' 'because' 'of' 'a' 'wildfire' 'raging' 'north' 'of' 'Los'
 'Angeles' '.']","['B-ORG', 'I-ORG', 'I-ORG', 'I-ORG', 'O', 'O', 'O', 'O', 'O', 'O', 'O', 'O', 'O', 'O', 'O', 'O', 'O', 'B-LOC', 'O', 'O', 'O', 'O', 'O', 'O', 'O', 'O', 'O', 'O', 'O', 'O', 'O', 'O', 'O', 'O', 'O', 'B-LOC', 'I-LOC', 'O']",Southern California Edison Co said it expected two 220 kilovolt ( KV ) power lines in southern California to resume service later today after being shut late Wednesday because of a wildfire raging north of Los Angeles .,"['Southern(B-ORG)', 'California(I-ORG)', 'Edison(I-ORG)', 'Co(I-ORG)', 'said(O)', 'it(O)', 'expected(O)', 'two(O)', '220(O)', 'kilovolt(O)', '((O)', 'KV(O)', ')(O)', 'power(O)', 'lines(O)', 'in(O)', 'southern(O)', 'California(B-LOC)', 'to(O)', 'resume(O)', 'service(O)', 'later(O)', 'today(O)', 'after(O)', 'being(O)', 'shut(O)', 'late(O)', 'Wednesday(O)', 'because(O)', 'of(O)', 'a(O)', 'wildfire(O)', 'raging(O)', 'north(O)', 'of(O)', 'Los(B-LOC)', 'Angeles(I-LOC)', '.(O)']",Southern(B-ORG) California(I-ORG) Edison(I-ORG) Co(I-ORG) said(O) it(O) expected(O) two(O) 220(O) kilovolt(O) ((O) KV(O) )(O) power(O) lines(O) in(O) southern(O) California(B-LOC) to(O) resume(O) service(O) later(O) today(O) after(O) being(O) shut(O) late(O) Wednesday(O) because(O) of(O) a(O) wildfire(O) raging(O) north(O) of(O) Los(B-LOC) Angeles(I-LOC) .(O),"Input: Southern California Edison Co said it expected two 220 kilovolt ( KV ) power lines in southern California to resume service later today after being shut late Wednesday because of a wildfire raging north of Los Angeles .
Output: Southern(B-ORG) California(I-ORG) Edison(I-ORG) Co(I-ORG) said(O) it(O) expected(O) two(O) 220(O) kilovolt(O) ((O) KV(O) )(O) power(O) lines(O) in(O) southern(O) California(B-LOC) to(O) resume(O) service(O) later(O) today(O) after(O) being(O) shut(O) late(O) Wednesday(O) because(O) of(O) a(O) wildfire(O) raging(O) north(O) of(O) Los(B-LOC) Angeles(I-LOC) .(O)"
5480,"['Sweden' ""'s"" 'Stefan' 'Schwarz' 'picked' 'him' 'out' 'with' 'a' 'lob'
 'to' 'the' 'edge' 'of' 'the' 'box' 'and' 'Batistuta' 'did' 'the' 'rest'
 ',' 'chipping' 'veteran' 'defender' 'Franco' 'Baresi' 'and' 'scoring'
 'at' 'the' 'near' 'post' '.']","['B-LOC', 'O', 'B-PER', 'I-PER', 'O', 'O', 'O', 'O', 'O', 'O', 'O', 'O', 'O', 'O', 'O', 'O', 'O', 'B-PER', 'O', 'O', 'O', 'O', 'O', 'O', 'O', 'B-PER', 'I-PER', 'O', 'O', 'O', 'O', 'O', 'O', 'O']","Sweden 's Stefan Schwarz picked him out with a lob to the edge of the box and Batistuta did the rest , chipping veteran defender Franco Baresi and scoring at the near post .","['Sweden(B-LOC)', ""'s(O)"", 'Stefan(B-PER)', 'Schwarz(I-PER)', 'picked(O)', 'him(O)', 'out(O)', 'with(O)', 'a(O)', 'lob(O)', 'to(O)', 'the(O)', 'edge(O)', 'of(O)', 'the(O)', 'box(O)', 'and(O)', 'Batistuta(B-PER)', 'did(O)', 'the(O)', 'rest(O)', ',(O)', 'chipping(O)', 'veteran(O)', 'defender(O)', 'Franco(B-PER)', 'Baresi(I-PER)', 'and(O)', 'scoring(O)', 'at(O)', 'the(O)', 'near(O)', 'post(O)', '.(O)']","Sweden(B-LOC) 's(O) Stefan(B-PER) Schwarz(I-PER) picked(O) him(O) out(O) with(O) a(O) lob(O) to(O) the(O) edge(O) of(O) the(O) box(O) and(O) Batistuta(B-PER) did(O) the(O) rest(O) ,(O) chipping(O) veteran(O) defender(O) Franco(B-PER) Baresi(I-PER) and(O) scoring(O) at(O) the(O) near(O) post(O) .(O)","Input: Sweden 's Stefan Schwarz picked him out with a lob to the edge of the box and Batistuta did the rest , chipping veteran defender Franco Baresi and scoring at the near post .
Output: Sweden(B-LOC) 's(O) Stefan(B-PER) Schwarz(I-PER) picked(O) him(O) out(O) with(O) a(O) lob(O) to(O) the(O) edge(O) of(O) the(O) box(O) and(O) Batistuta(B-PER) did(O) the(O) rest(O) ,(O) chipping(O) veteran(O) defender(O) Franco(B-PER) Baresi(I-PER) and(O) scoring(O) at(O) the(O) near(O) post(O) .(O)"
6642,"['Doctors' 'operated' 'on' 'Popov' ',' '24' ',' 'for' 'three' 'hours' '.']","['O', 'O', 'O', 'B-PER', 'O', 'O', 'O', 'O', 'O', 'O', 'O']","Doctors operated on Popov , 24 , for three hours .","['Doctors(O)', 'operated(O)', 'on(O)', 'Popov(B-PER)', ',(O)', '24(O)', ',(O)', 'for(O)', 'three(O)', 'hours(O)', '.(O)']","Doctors(O) operated(O) on(O) Popov(B-PER) ,(O) 24(O) ,(O) for(O) three(O) hours(O) .(O)","Input: Doctors operated on Popov , 24 , for three hours .
Output: Doctors(O) operated(O) on(O) Popov(B-PER) ,(O) 24(O) ,(O) for(O) three(O) hours(O) .(O)"
4780,"['Constructors' ""'"" 'championship' ':']","['O', 'O', 'O', 'O']",Constructors ' championship :,"['Constructors(O)', ""'(O)"", 'championship(O)', ':(O)']",Constructors(O) '(O) championship(O) :(O),"Input: Constructors ' championship :
Output: Constructors(O) '(O) championship(O) :(O)"
4123,"['""' 'The' 'worst' 'period' 'of' 'physical' 'manhandling' 'was' 'during'
 'that' 'time' 'when' 'we' 'were' 'beaten' 'with' 'Kalashnikovs' 'and'
 'at' 'one' 'point' 'I' 'had' 'a' 'Kalashnikov' 'held' 'to' 'the' 'back'
 'of' 'my' 'throat' '--' 'cocked' ',' '""' 'he' 'said' '.']","['O', 'O', 'O', 'O', 'O', 'O', 'O', 'O', 'O', 'O', 'O', 'O', 'O', 'O', 'O', 'O', 'B-MISC', 'O', 'O', 'O', 'O', 'O', 'O', 'O', 'B-MISC', 'O', 'O', 'O', 'O', 'O', 'O', 'O', 'O', 'O', 'O', 'O', 'O', 'O', 'O']",""" The worst period of physical manhandling was during that time when we were beaten with Kalashnikovs and at one point I had a Kalashnikov held to the back of my throat -- cocked , "" he said .","['""(O)', 'The(O)', 'worst(O)', 'period(O)', 'of(O)', 'physical(O)', 'manhandling(O)', 'was(O)', 'during(O)', 'that(O)', 'time(O)', 'when(O)', 'we(O)', 'were(O)', 'beaten(O)', 'with(O)', 'Kalashnikovs(B-MISC)', 'and(O)', 'at(O)', 'one(O)', 'point(O)', 'I(O)', 'had(O)', 'a(O)', 'Kalashnikov(B-MISC)', 'held(O)', 'to(O)', 'the(O)', 'back(O)', 'of(O)', 'my(O)', 'throat(O)', '--(O)', 'cocked(O)', ',(O)', '""(O)', 'he(O)', 'said(O)', '.(O)']","""(O) The(O) worst(O) period(O) of(O) physical(O) manhandling(O) was(O) during(O) that(O) time(O) when(O) we(O) were(O) beaten(O) with(O) Kalashnikovs(B-MISC) and(O) at(O) one(O) point(O) I(O) had(O) a(O) Kalashnikov(B-MISC) held(O) to(O) the(O) back(O) of(O) my(O) throat(O) --(O) cocked(O) ,(O) ""(O) he(O) said(O) .(O)","Input: "" The worst period of physical manhandling was during that time when we were beaten with Kalashnikovs and at one point I had a Kalashnikov held to the back of my throat -- cocked , "" he said .
Output: ""(O) The(O) worst(O) period(O) of(O) physical(O) manhandling(O) was(O) during(O) that(O) time(O) when(O) we(O) were(O) beaten(O) with(O) Kalashnikovs(B-MISC) and(O) at(O) one(O) point(O) I(O) had(O) a(O) Kalashnikov(B-MISC) held(O) to(O) the(O) back(O) of(O) my(O) throat(O) --(O) cocked(O) ,(O) ""(O) he(O) said(O) .(O)"
1460,"['""' 'He' 'set' 'up' 'a' 'propaganda' 'cannon' 'and' 'fired' 'it' 'at'
 'Germany' '.' '""']","['O', 'O', 'O', 'O', 'O', 'O', 'O', 'O', 'O', 'O', 'O', 'B-LOC', 'O', 'O']",""" He set up a propaganda cannon and fired it at Germany . ""","['""(O)', 'He(O)', 'set(O)', 'up(O)', 'a(O)', 'propaganda(O)', 'cannon(O)', 'and(O)', 'fired(O)', 'it(O)', 'at(O)', 'Germany(B-LOC)', '.(O)', '""(O)']","""(O) He(O) set(O) up(O) a(O) propaganda(O) cannon(O) and(O) fired(O) it(O) at(O) Germany(B-LOC) .(O) ""(O)","Input: "" He set up a propaganda cannon and fired it at Germany . ""
Output: ""(O) He(O) set(O) up(O) a(O) propaganda(O) cannon(O) and(O) fired(O) it(O) at(O) Germany(B-LOC) .(O) ""(O)"
779,['SEATTLE' '64' '61' '.512' '8'],"['B-ORG', 'O', 'O', 'O', 'O']",SEATTLE 64 61 .512 8,"['SEATTLE(B-ORG)', '64(O)', '61(O)', '.512(O)', '8(O)']",SEATTLE(B-ORG) 64(O) 61(O) .512(O) 8(O),"Input: SEATTLE 64 61 .512 8
Output: SEATTLE(B-ORG) 64(O) 61(O) .512(O) 8(O)"
4297,['Iran' 'accuses' 'Iraq' 'of' 'ceasefire' 'violations' '.'],"['B-LOC', 'O', 'B-LOC', 'O', 'O', 'O', 'O']",Iran accuses Iraq of ceasefire violations .,"['Iran(B-LOC)', 'accuses(O)', 'Iraq(B-LOC)', 'of(O)', 'ceasefire(O)', 'violations(O)', '.(O)']",Iran(B-LOC) accuses(O) Iraq(B-LOC) of(O) ceasefire(O) violations(O) .(O),"Input: Iran accuses Iraq of ceasefire violations .
Output: Iran(B-LOC) accuses(O) Iraq(B-LOC) of(O) ceasefire(O) violations(O) .(O)"
11600,"['Indian' 'fishermen' 'said' 'on' 'Wednesday' 'they' 'had' 'been' 'forced'
 'at' 'gunpoint' 'to' 'ferry' 'refugees' 'fleeing' 'the' 'ethnic' 'war'
 'in' 'Sri' 'Lanka' 'to' 'India' ',' 'as' 'a' 'protest' 'strike' 'by'
 'more' 'than' '30,000' 'fishermen' 'entered' 'its' 'ninth' 'day' '.']","['B-MISC', 'O', 'O', 'O', 'O', 'O', 'O', 'O', 'O', 'O', 'O', 'O', 'O', 'O', 'O', 'O', 'O', 'O', 'O', 'B-LOC', 'I-LOC', 'O', 'B-LOC', 'O', 'O', 'O', 'O', 'O', 'O', 'O', 'O', 'O', 'O', 'O', 'O', 'O', 'O', 'O']","Indian fishermen said on Wednesday they had been forced at gunpoint to ferry refugees fleeing the ethnic war in Sri Lanka to India , as a protest strike by more than 30,000 fishermen entered its ninth day .","['Indian(B-MISC)', 'fishermen(O)', 'said(O)', 'on(O)', 'Wednesday(O)', 'they(O)', 'had(O)', 'been(O)', 'forced(O)', 'at(O)', 'gunpoint(O)', 'to(O)', 'ferry(O)', 'refugees(O)', 'fleeing(O)', 'the(O)', 'ethnic(O)', 'war(O)', 'in(O)', 'Sri(B-LOC)', 'Lanka(I-LOC)', 'to(O)', 'India(B-LOC)', ',(O)', 'as(O)', 'a(O)', 'protest(O)', 'strike(O)', 'by(O)', 'more(O)', 'than(O)', '30,000(O)', 'fishermen(O)', 'entered(O)', 'its(O)', 'ninth(O)', 'day(O)', '.(O)']","Indian(B-MISC) fishermen(O) said(O) on(O) Wednesday(O) they(O) had(O) been(O) forced(O) at(O) gunpoint(O) to(O) ferry(O) refugees(O) fleeing(O) the(O) ethnic(O) war(O) in(O) Sri(B-LOC) Lanka(I-LOC) to(O) India(B-LOC) ,(O) as(O) a(O) protest(O) strike(O) by(O) more(O) than(O) 30,000(O) fishermen(O) entered(O) its(O) ninth(O) day(O) .(O)","Input: Indian fishermen said on Wednesday they had been forced at gunpoint to ferry refugees fleeing the ethnic war in Sri Lanka to India , as a protest strike by more than 30,000 fishermen entered its ninth day .
Output: Indian(B-MISC) fishermen(O) said(O) on(O) Wednesday(O) they(O) had(O) been(O) forced(O) at(O) gunpoint(O) to(O) ferry(O) refugees(O) fleeing(O) the(O) ethnic(O) war(O) in(O) Sri(B-LOC) Lanka(I-LOC) to(O) India(B-LOC) ,(O) as(O) a(O) protest(O) strike(O) by(O) more(O) than(O) 30,000(O) fishermen(O) entered(O) its(O) ninth(O) day(O) .(O)"
6338,['Leeds' '1' '(' 'Sharpe' '58th' 'minute' ')' 'Wimbledon' '0' '.'],"['B-ORG', 'O', 'O', 'B-PER', 'O', 'O', 'O', 'B-ORG', 'O', 'O']",Leeds 1 ( Sharpe 58th minute ) Wimbledon 0 .,"['Leeds(B-ORG)', '1(O)', '((O)', 'Sharpe(B-PER)', '58th(O)', 'minute(O)', ')(O)', 'Wimbledon(B-ORG)', '0(O)', '.(O)']",Leeds(B-ORG) 1(O) ((O) Sharpe(B-PER) 58th(O) minute(O) )(O) Wimbledon(B-ORG) 0(O) .(O),"Input: Leeds 1 ( Sharpe 58th minute ) Wimbledon 0 .
Output: Leeds(B-ORG) 1(O) ((O) Sharpe(B-PER) 58th(O) minute(O) )(O) Wimbledon(B-ORG) 0(O) .(O)"
10696,['Played' 'on' 'Tuesday' '.'],"['O', 'O', 'O', 'O']",Played on Tuesday .,"['Played(O)', 'on(O)', 'Tuesday(O)', '.(O)']",Played(O) on(O) Tuesday(O) .(O),"Input: Played on Tuesday .
Output: Played(O) on(O) Tuesday(O) .(O)"
6197,"['""' 'The' 'temperature' 'on' 'the' 'ground' 'reached' '62' 'decrees'
 'Celsius' '(' '143.60' 'Fahrenheit' ')' 'this' 'summer' '.']","['O', 'O', 'O', 'O', 'O', 'O', 'O', 'O', 'O', 'B-MISC', 'O', 'O', 'O', 'O', 'O', 'O', 'O']",""" The temperature on the ground reached 62 decrees Celsius ( 143.60 Fahrenheit ) this summer .","['""(O)', 'The(O)', 'temperature(O)', 'on(O)', 'the(O)', 'ground(O)', 'reached(O)', '62(O)', 'decrees(O)', 'Celsius(B-MISC)', '((O)', '143.60(O)', 'Fahrenheit(O)', ')(O)', 'this(O)', 'summer(O)', '.(O)']","""(O) The(O) temperature(O) on(O) the(O) ground(O) reached(O) 62(O) decrees(O) Celsius(B-MISC) ((O) 143.60(O) Fahrenheit(O) )(O) this(O) summer(O) .(O)","Input: "" The temperature on the ground reached 62 decrees Celsius ( 143.60 Fahrenheit ) this summer .
Output: ""(O) The(O) temperature(O) on(O) the(O) ground(O) reached(O) 62(O) decrees(O) Celsius(B-MISC) ((O) 143.60(O) Fahrenheit(O) )(O) this(O) summer(O) .(O)"
12825,"['But' 'he' 'said' 'the' 'United' 'States' 'still' 'believed' 'it' 'was'
 'important' 'to' 'go' 'ahead' 'with' 'national' 'elections' 'in' 'Bosnia'
 'as' 'scheduled' 'on' 'September' '14' 'to' 'bolster' 'the' 'peace'
 'process' '.']","['O', 'O', 'O', 'O', 'B-LOC', 'I-LOC', 'O', 'O', 'O', 'O', 'O', 'O', 'O', 'O', 'O', 'O', 'O', 'O', 'B-LOC', 'O', 'O', 'O', 'O', 'O', 'O', 'O', 'O', 'O', 'O', 'O']",But he said the United States still believed it was important to go ahead with national elections in Bosnia as scheduled on September 14 to bolster the peace process .,"['But(O)', 'he(O)', 'said(O)', 'the(O)', 'United(B-LOC)', 'States(I-LOC)', 'still(O)', 'believed(O)', 'it(O)', 'was(O)', 'important(O)', 'to(O)', 'go(O)', 'ahead(O)', 'with(O)', 'national(O)', 'elections(O)', 'in(O)', 'Bosnia(B-LOC)', 'as(O)', 'scheduled(O)', 'on(O)', 'September(O)', '14(O)', 'to(O)', 'bolster(O)', 'the(O)', 'peace(O)', 'process(O)', '.(O)']",But(O) he(O) said(O) the(O) United(B-LOC) States(I-LOC) still(O) believed(O) it(O) was(O) important(O) to(O) go(O) ahead(O) with(O) national(O) elections(O) in(O) Bosnia(B-LOC) as(O) scheduled(O) on(O) September(O) 14(O) to(O) bolster(O) the(O) peace(O) process(O) .(O),"Input: But he said the United States still believed it was important to go ahead with national elections in Bosnia as scheduled on September 14 to bolster the peace process .
Output: But(O) he(O) said(O) the(O) United(B-LOC) States(I-LOC) still(O) believed(O) it(O) was(O) important(O) to(O) go(O) ahead(O) with(O) national(O) elections(O) in(O) Bosnia(B-LOC) as(O) scheduled(O) on(O) September(O) 14(O) to(O) bolster(O) the(O) peace(O) process(O) .(O)"
8369,['SOCCER' '-' 'ROMANIA' 'CLUB' 'BOSS' 'BANNED' 'FOR' 'HEADBUTT' '.'],"['O', 'O', 'B-LOC', 'O', 'O', 'O', 'O', 'O', 'O']",SOCCER - ROMANIA CLUB BOSS BANNED FOR HEADBUTT .,"['SOCCER(O)', '-(O)', 'ROMANIA(B-LOC)', 'CLUB(O)', 'BOSS(O)', 'BANNED(O)', 'FOR(O)', 'HEADBUTT(O)', '.(O)']",SOCCER(O) -(O) ROMANIA(B-LOC) CLUB(O) BOSS(O) BANNED(O) FOR(O) HEADBUTT(O) .(O),"Input: SOCCER - ROMANIA CLUB BOSS BANNED FOR HEADBUTT .
Output: SOCCER(O) -(O) ROMANIA(B-LOC) CLUB(O) BOSS(O) BANNED(O) FOR(O) HEADBUTT(O) .(O)"
3478,['-' '1' 'John' 'Cook' 'through' '5'],"['O', 'O', 'B-PER', 'I-PER', 'O', 'O']",- 1 John Cook through 5,"['-(O)', '1(O)', 'John(B-PER)', 'Cook(I-PER)', 'through(O)', '5(O)']",-(O) 1(O) John(B-PER) Cook(I-PER) through(O) 5(O),"Input: - 1 John Cook through 5
Output: -(O) 1(O) John(B-PER) Cook(I-PER) through(O) 5(O)"
790,['EASTERN' 'DIVISION'],"['B-MISC', 'I-MISC']",EASTERN DIVISION,"['EASTERN(B-MISC)', 'DIVISION(I-MISC)']",EASTERN(B-MISC) DIVISION(I-MISC),"Input: EASTERN DIVISION
Output: EASTERN(B-MISC) DIVISION(I-MISC)"
13340,"['Liam' 'Gallagher' ',' 'singer' 'of' 'Britain' ""'s"" 'top' 'rock' 'group'
 'Oasis' ',' 'flew' 'out' 'on' 'Thursday' 'to' 'join' 'the' 'band' 'three'
 'days' 'after' 'the' 'start' 'of' 'its' 'U.S.' 'tour' '.']","['B-PER', 'I-PER', 'O', 'O', 'O', 'B-LOC', 'O', 'O', 'O', 'O', 'B-ORG', 'O', 'O', 'O', 'O', 'O', 'O', 'O', 'O', 'O', 'O', 'O', 'O', 'O', 'O', 'O', 'O', 'B-LOC', 'O', 'O']","Liam Gallagher , singer of Britain 's top rock group Oasis , flew out on Thursday to join the band three days after the start of its U.S. tour .","['Liam(B-PER)', 'Gallagher(I-PER)', ',(O)', 'singer(O)', 'of(O)', 'Britain(B-LOC)', ""'s(O)"", 'top(O)', 'rock(O)', 'group(O)', 'Oasis(B-ORG)', ',(O)', 'flew(O)', 'out(O)', 'on(O)', 'Thursday(O)', 'to(O)', 'join(O)', 'the(O)', 'band(O)', 'three(O)', 'days(O)', 'after(O)', 'the(O)', 'start(O)', 'of(O)', 'its(O)', 'U.S.(B-LOC)', 'tour(O)', '.(O)']","Liam(B-PER) Gallagher(I-PER) ,(O) singer(O) of(O) Britain(B-LOC) 's(O) top(O) rock(O) group(O) Oasis(B-ORG) ,(O) flew(O) out(O) on(O) Thursday(O) to(O) join(O) the(O) band(O) three(O) days(O) after(O) the(O) start(O) of(O) its(O) U.S.(B-LOC) tour(O) .(O)","Input: Liam Gallagher , singer of Britain 's top rock group Oasis , flew out on Thursday to join the band three days after the start of its U.S. tour .
Output: Liam(B-PER) Gallagher(I-PER) ,(O) singer(O) of(O) Britain(B-LOC) 's(O) top(O) rock(O) group(O) Oasis(B-ORG) ,(O) flew(O) out(O) on(O) Thursday(O) to(O) join(O) the(O) band(O) three(O) days(O) after(O) the(O) start(O) of(O) its(O) U.S.(B-LOC) tour(O) .(O)"
5248,['Adelaide' '21' '8' '0' '13' '2158' '2183' '98.9' '32'],"['B-ORG', 'O', 'O', 'O', 'O', 'O', 'O', 'O', 'O']",Adelaide 21 8 0 13 2158 2183 98.9 32,"['Adelaide(B-ORG)', '21(O)', '8(O)', '0(O)', '13(O)', '2158(O)', '2183(O)', '98.9(O)', '32(O)']",Adelaide(B-ORG) 21(O) 8(O) 0(O) 13(O) 2158(O) 2183(O) 98.9(O) 32(O),"Input: Adelaide 21 8 0 13 2158 2183 98.9 32
Output: Adelaide(B-ORG) 21(O) 8(O) 0(O) 13(O) 2158(O) 2183(O) 98.9(O) 32(O)"
5315,"['Standings' 'after' 'games' 'played' 'on' 'Saturday' '(' 'won' ','
 'drawn' ',' 'lost' ',']","['O', 'O', 'O', 'O', 'O', 'O', 'O', 'O', 'O', 'O', 'O', 'O', 'O']","Standings after games played on Saturday ( won , drawn , lost ,","['Standings(O)', 'after(O)', 'games(O)', 'played(O)', 'on(O)', 'Saturday(O)', '((O)', 'won(O)', ',(O)', 'drawn(O)', ',(O)', 'lost(O)', ',(O)']","Standings(O) after(O) games(O) played(O) on(O) Saturday(O) ((O) won(O) ,(O) drawn(O) ,(O) lost(O) ,(O)","Input: Standings after games played on Saturday ( won , drawn , lost ,
Output: Standings(O) after(O) games(O) played(O) on(O) Saturday(O) ((O) won(O) ,(O) drawn(O) ,(O) lost(O) ,(O)"
3365,['(' '$' '1' '=' '8.3' 'yuan' ')'],"['O', 'O', 'O', 'O', 'O', 'O', 'O']",( $ 1 = 8.3 yuan ),"['((O)', '$(O)', '1(O)', '=(O)', '8.3(O)', 'yuan(O)', ')(O)']",((O) $(O) 1(O) =(O) 8.3(O) yuan(O) )(O),"Input: ( $ 1 = 8.3 yuan )
Output: ((O) $(O) 1(O) =(O) 8.3(O) yuan(O) )(O)"
4013,['Willem' 'II' 'Tilburg' '0' 'Fortuna' 'Sittard' '1'],"['B-ORG', 'I-ORG', 'I-ORG', 'O', 'B-ORG', 'I-ORG', 'O']",Willem II Tilburg 0 Fortuna Sittard 1,"['Willem(B-ORG)', 'II(I-ORG)', 'Tilburg(I-ORG)', '0(O)', 'Fortuna(B-ORG)', 'Sittard(I-ORG)', '1(O)']",Willem(B-ORG) II(I-ORG) Tilburg(I-ORG) 0(O) Fortuna(B-ORG) Sittard(I-ORG) 1(O),"Input: Willem II Tilburg 0 Fortuna Sittard 1
Output: Willem(B-ORG) II(I-ORG) Tilburg(I-ORG) 0(O) Fortuna(B-ORG) Sittard(I-ORG) 1(O)"
8143,"['BELCHATOW' ',' 'Poland' '1996-08-27']","['B-LOC', 'O', 'B-LOC', 'O']","BELCHATOW , Poland 1996-08-27","['BELCHATOW(B-LOC)', ',(O)', 'Poland(B-LOC)', '1996-08-27(O)']","BELCHATOW(B-LOC) ,(O) Poland(B-LOC) 1996-08-27(O)","Input: BELCHATOW , Poland 1996-08-27
Output: BELCHATOW(B-LOC) ,(O) Poland(B-LOC) 1996-08-27(O)"
6142,"['The' 'budget' 'had' 'been' 'widely' 'expected' 'a' 'week' 'or' 'so'
 'later' '.']","['O', 'O', 'O', 'O', 'O', 'O', 'O', 'O', 'O', 'O', 'O', 'O']",The budget had been widely expected a week or so later .,"['The(O)', 'budget(O)', 'had(O)', 'been(O)', 'widely(O)', 'expected(O)', 'a(O)', 'week(O)', 'or(O)', 'so(O)', 'later(O)', '.(O)']",The(O) budget(O) had(O) been(O) widely(O) expected(O) a(O) week(O) or(O) so(O) later(O) .(O),"Input: The budget had been widely expected a week or so later .
Output: The(O) budget(O) had(O) been(O) widely(O) expected(O) a(O) week(O) or(O) so(O) later(O) .(O)"
13045,"['Individuals' 'with' 'the' 'disease' 'have' 'a' 'non-working' 'version'
 'of' 'a' 'gene' 'responsible' 'for' 'producing' 'a' 'crucial' 'muscle'
 'protein' 'called' 'dystrophin' '.']","['O', 'O', 'O', 'O', 'O', 'O', 'O', 'O', 'O', 'O', 'O', 'O', 'O', 'O', 'O', 'O', 'O', 'O', 'O', 'O', 'O']",Individuals with the disease have a non-working version of a gene responsible for producing a crucial muscle protein called dystrophin .,"['Individuals(O)', 'with(O)', 'the(O)', 'disease(O)', 'have(O)', 'a(O)', 'non-working(O)', 'version(O)', 'of(O)', 'a(O)', 'gene(O)', 'responsible(O)', 'for(O)', 'producing(O)', 'a(O)', 'crucial(O)', 'muscle(O)', 'protein(O)', 'called(O)', 'dystrophin(O)', '.(O)']",Individuals(O) with(O) the(O) disease(O) have(O) a(O) non-working(O) version(O) of(O) a(O) gene(O) responsible(O) for(O) producing(O) a(O) crucial(O) muscle(O) protein(O) called(O) dystrophin(O) .(O),"Input: Individuals with the disease have a non-working version of a gene responsible for producing a crucial muscle protein called dystrophin .
Output: Individuals(O) with(O) the(O) disease(O) have(O) a(O) non-working(O) version(O) of(O) a(O) gene(O) responsible(O) for(O) producing(O) a(O) crucial(O) muscle(O) protein(O) called(O) dystrophin(O) .(O)"
7938,['BANGKOK' '1996-08-26'],"['B-LOC', 'O']",BANGKOK 1996-08-26,"['BANGKOK(B-LOC)', '1996-08-26(O)']",BANGKOK(B-LOC) 1996-08-26(O),"Input: BANGKOK 1996-08-26
Output: BANGKOK(B-LOC) 1996-08-26(O)"
2494,['Olga' 'Boshova' '(' 'Moldova' ')' '1.85'],"['B-PER', 'I-PER', 'O', 'B-LOC', 'O', 'O']",Olga Boshova ( Moldova ) 1.85,"['Olga(B-PER)', 'Boshova(I-PER)', '((O)', 'Moldova(B-LOC)', ')(O)', '1.85(O)']",Olga(B-PER) Boshova(I-PER) ((O) Moldova(B-LOC) )(O) 1.85(O),"Input: Olga Boshova ( Moldova ) 1.85
Output: Olga(B-PER) Boshova(I-PER) ((O) Moldova(B-LOC) )(O) 1.85(O)"
2602,"['Revs' '20,167' '18,623']","['O', 'O', 'O']","Revs 20,167 18,623","['Revs(O)', '20,167(O)', '18,623(O)']","Revs(O) 20,167(O) 18,623(O)","Input: Revs 20,167 18,623
Output: Revs(O) 20,167(O) 18,623(O)"
6287,"['New' 'York' 'Stock' 'Exchange' 'advances' 'lagged' 'declines' 'by'
 '476/698' 'while' 'NASDAQ' 'advances' 'led' 'declines' '837/763' '.']","['B-ORG', 'I-ORG', 'I-ORG', 'I-ORG', 'O', 'O', 'O', 'O', 'O', 'O', 'B-MISC', 'O', 'O', 'O', 'O', 'O']",New York Stock Exchange advances lagged declines by 476/698 while NASDAQ advances led declines 837/763 .,"['New(B-ORG)', 'York(I-ORG)', 'Stock(I-ORG)', 'Exchange(I-ORG)', 'advances(O)', 'lagged(O)', 'declines(O)', 'by(O)', '476/698(O)', 'while(O)', 'NASDAQ(B-MISC)', 'advances(O)', 'led(O)', 'declines(O)', '837/763(O)', '.(O)']",New(B-ORG) York(I-ORG) Stock(I-ORG) Exchange(I-ORG) advances(O) lagged(O) declines(O) by(O) 476/698(O) while(O) NASDAQ(B-MISC) advances(O) led(O) declines(O) 837/763(O) .(O),"Input: New York Stock Exchange advances lagged declines by 476/698 while NASDAQ advances led declines 837/763 .
Output: New(B-ORG) York(I-ORG) Stock(I-ORG) Exchange(I-ORG) advances(O) lagged(O) declines(O) by(O) 476/698(O) while(O) NASDAQ(B-MISC) advances(O) led(O) declines(O) 837/763(O) .(O)"
9171,"['""' 'We' 'have' 'to' 'revised' 'down' 'our' 'target' 'due' 'to' 'weak'
 'sales' 'performance' 'in' 'the' 'third' 'quarter' ',' '""' 'said'
 'Komala' '.']","['O', 'O', 'O', 'O', 'O', 'O', 'O', 'O', 'O', 'O', 'O', 'O', 'O', 'O', 'O', 'O', 'O', 'O', 'O', 'O', 'B-PER', 'O']",""" We have to revised down our target due to weak sales performance in the third quarter , "" said Komala .","['""(O)', 'We(O)', 'have(O)', 'to(O)', 'revised(O)', 'down(O)', 'our(O)', 'target(O)', 'due(O)', 'to(O)', 'weak(O)', 'sales(O)', 'performance(O)', 'in(O)', 'the(O)', 'third(O)', 'quarter(O)', ',(O)', '""(O)', 'said(O)', 'Komala(B-PER)', '.(O)']","""(O) We(O) have(O) to(O) revised(O) down(O) our(O) target(O) due(O) to(O) weak(O) sales(O) performance(O) in(O) the(O) third(O) quarter(O) ,(O) ""(O) said(O) Komala(B-PER) .(O)","Input: "" We have to revised down our target due to weak sales performance in the third quarter , "" said Komala .
Output: ""(O) We(O) have(O) to(O) revised(O) down(O) our(O) target(O) due(O) to(O) weak(O) sales(O) performance(O) in(O) the(O) third(O) quarter(O) ,(O) ""(O) said(O) Komala(B-PER) .(O)"
2288,"['ATHLETICS' '-' 'MITCHELL' 'UPSTAGES' 'TRIO' 'OF' 'OLYMPIC' 'SPRINT'
 'CHAMPIONS' '.']","['O', 'O', 'B-PER', 'O', 'O', 'O', 'B-MISC', 'O', 'O', 'O']",ATHLETICS - MITCHELL UPSTAGES TRIO OF OLYMPIC SPRINT CHAMPIONS .,"['ATHLETICS(O)', '-(O)', 'MITCHELL(B-PER)', 'UPSTAGES(O)', 'TRIO(O)', 'OF(O)', 'OLYMPIC(B-MISC)', 'SPRINT(O)', 'CHAMPIONS(O)', '.(O)']",ATHLETICS(O) -(O) MITCHELL(B-PER) UPSTAGES(O) TRIO(O) OF(O) OLYMPIC(B-MISC) SPRINT(O) CHAMPIONS(O) .(O),"Input: ATHLETICS - MITCHELL UPSTAGES TRIO OF OLYMPIC SPRINT CHAMPIONS .
Output: ATHLETICS(O) -(O) MITCHELL(B-PER) UPSTAGES(O) TRIO(O) OF(O) OLYMPIC(B-MISC) SPRINT(O) CHAMPIONS(O) .(O)"
13277,['Record' 'Sept' '13'],"['O', 'O', 'O']",Record Sept 13,"['Record(O)', 'Sept(O)', '13(O)']",Record(O) Sept(O) 13(O),"Input: Record Sept 13
Output: Record(O) Sept(O) 13(O)"
5660,"['(' 'Spain' ')' '67' '67' '69' ',' 'Jonathan' 'Lomas' '67' '67' '69' ','
 'Paul' 'Eales']","['O', 'B-LOC', 'O', 'O', 'O', 'O', 'O', 'B-PER', 'I-PER', 'O', 'O', 'O', 'O', 'B-PER', 'I-PER']","( Spain ) 67 67 69 , Jonathan Lomas 67 67 69 , Paul Eales","['((O)', 'Spain(B-LOC)', ')(O)', '67(O)', '67(O)', '69(O)', ',(O)', 'Jonathan(B-PER)', 'Lomas(I-PER)', '67(O)', '67(O)', '69(O)', ',(O)', 'Paul(B-PER)', 'Eales(I-PER)']","((O) Spain(B-LOC) )(O) 67(O) 67(O) 69(O) ,(O) Jonathan(B-PER) Lomas(I-PER) 67(O) 67(O) 69(O) ,(O) Paul(B-PER) Eales(I-PER)","Input: ( Spain ) 67 67 69 , Jonathan Lomas 67 67 69 , Paul Eales
Output: ((O) Spain(B-LOC) )(O) 67(O) 67(O) 69(O) ,(O) Jonathan(B-PER) Lomas(I-PER) 67(O) 67(O) 69(O) ,(O) Paul(B-PER) Eales(I-PER)"
1936,"['At' 'Worcester' ':' 'Warwickshire' '310' '(' 'A.' 'Giles' '83' ',' 'T.'
 'Munton' '54' 'not']","['O', 'B-LOC', 'O', 'B-ORG', 'O', 'O', 'B-PER', 'I-PER', 'O', 'O', 'B-PER', 'I-PER', 'O', 'O']","At Worcester : Warwickshire 310 ( A. Giles 83 , T. Munton 54 not","['At(O)', 'Worcester(B-LOC)', ':(O)', 'Warwickshire(B-ORG)', '310(O)', '((O)', 'A.(B-PER)', 'Giles(I-PER)', '83(O)', ',(O)', 'T.(B-PER)', 'Munton(I-PER)', '54(O)', 'not(O)']","At(O) Worcester(B-LOC) :(O) Warwickshire(B-ORG) 310(O) ((O) A.(B-PER) Giles(I-PER) 83(O) ,(O) T.(B-PER) Munton(I-PER) 54(O) not(O)","Input: At Worcester : Warwickshire 310 ( A. Giles 83 , T. Munton 54 not
Output: At(O) Worcester(B-LOC) :(O) Warwickshire(B-ORG) 310(O) ((O) A.(B-PER) Giles(I-PER) 83(O) ,(O) T.(B-PER) Munton(I-PER) 54(O) not(O)"
9539,['Ashoknagar' 'n.a' 'Yellow' '-' '-'],"['B-LOC', 'O', 'O', 'O', 'O']",Ashoknagar n.a Yellow - -,"['Ashoknagar(B-LOC)', 'n.a(O)', 'Yellow(O)', '-(O)', '-(O)']",Ashoknagar(B-LOC) n.a(O) Yellow(O) -(O) -(O),"Input: Ashoknagar n.a Yellow - -
Output: Ashoknagar(B-LOC) n.a(O) Yellow(O) -(O) -(O)"
10558,['(' 'Barcelona' 'win' '6-5' 'on' 'aggregate' ')' '.'],"['O', 'B-ORG', 'O', 'O', 'O', 'O', 'O', 'O']",( Barcelona win 6-5 on aggregate ) .,"['((O)', 'Barcelona(B-ORG)', 'win(O)', '6-5(O)', 'on(O)', 'aggregate(O)', ')(O)', '.(O)']",((O) Barcelona(B-ORG) win(O) 6-5(O) on(O) aggregate(O) )(O) .(O),"Input: ( Barcelona win 6-5 on aggregate ) .
Output: ((O) Barcelona(B-ORG) win(O) 6-5(O) on(O) aggregate(O) )(O) .(O)"
4056,['0-0' '.'],"['O', 'O']",0-0 .,"['0-0(O)', '.(O)']",0-0(O) .(O),"Input: 0-0 .
Output: 0-0(O) .(O)"
3438,"['1' '-' 'Arantxa' 'Sanchez' 'Vicario' '(' 'Spain' ')' 'beat' 'Katarina'
 'Studenikova']","['O', 'O', 'B-PER', 'I-PER', 'I-PER', 'O', 'B-LOC', 'O', 'O', 'B-PER', 'I-PER']",1 - Arantxa Sanchez Vicario ( Spain ) beat Katarina Studenikova,"['1(O)', '-(O)', 'Arantxa(B-PER)', 'Sanchez(I-PER)', 'Vicario(I-PER)', '((O)', 'Spain(B-LOC)', ')(O)', 'beat(O)', 'Katarina(B-PER)', 'Studenikova(I-PER)']",1(O) -(O) Arantxa(B-PER) Sanchez(I-PER) Vicario(I-PER) ((O) Spain(B-LOC) )(O) beat(O) Katarina(B-PER) Studenikova(I-PER),"Input: 1 - Arantxa Sanchez Vicario ( Spain ) beat Katarina Studenikova
Output: 1(O) -(O) Arantxa(B-PER) Sanchez(I-PER) Vicario(I-PER) ((O) Spain(B-LOC) )(O) beat(O) Katarina(B-PER) Studenikova(I-PER)"
8820,['AGROTONZ' 'TLUMACOV' '336.47' '336.47' '59440' '19999.777'],"['B-ORG', 'I-ORG', 'O', 'O', 'O', 'O']",AGROTONZ TLUMACOV 336.47 336.47 59440 19999.777,"['AGROTONZ(B-ORG)', 'TLUMACOV(I-ORG)', '336.47(O)', '336.47(O)', '59440(O)', '19999.777(O)']",AGROTONZ(B-ORG) TLUMACOV(I-ORG) 336.47(O) 336.47(O) 59440(O) 19999.777(O),"Input: AGROTONZ TLUMACOV 336.47 336.47 59440 19999.777
Output: AGROTONZ(B-ORG) TLUMACOV(I-ORG) 336.47(O) 336.47(O) 59440(O) 19999.777(O)"
3989,['Nancy' '3' '0' '1' '2' '2' '5' '1'],"['B-ORG', 'O', 'O', 'O', 'O', 'O', 'O', 'O']",Nancy 3 0 1 2 2 5 1,"['Nancy(B-ORG)', '3(O)', '0(O)', '1(O)', '2(O)', '2(O)', '5(O)', '1(O)']",Nancy(B-ORG) 3(O) 0(O) 1(O) 2(O) 2(O) 5(O) 1(O),"Input: Nancy 3 0 1 2 2 5 1
Output: Nancy(B-ORG) 3(O) 0(O) 1(O) 2(O) 2(O) 5(O) 1(O)"
13378,"['Jomhuri' 'Eslami' 'quoted' 'the' 'West' 'Azerbaijan' 'province'
 'security' 'chief' 'as' 'saying' 'those' 'held' 'confessed' 'to'
 'gathering' 'confidential' 'information' ',' 'photographing' 'strategic'
 'sites' ',' 'doing' 'propaganda' 'against' 'state' 'officials' 'and' '""'
 'spreading' 'pan-Turkism' '""' '.']","['B-ORG', 'I-ORG', 'O', 'O', 'B-LOC', 'I-LOC', 'O', 'O', 'O', 'O', 'O', 'O', 'O', 'O', 'O', 'O', 'O', 'O', 'O', 'O', 'O', 'O', 'O', 'O', 'O', 'O', 'O', 'O', 'O', 'O', 'O', 'B-MISC', 'O', 'O']","Jomhuri Eslami quoted the West Azerbaijan province security chief as saying those held confessed to gathering confidential information , photographing strategic sites , doing propaganda against state officials and "" spreading pan-Turkism "" .","['Jomhuri(B-ORG)', 'Eslami(I-ORG)', 'quoted(O)', 'the(O)', 'West(B-LOC)', 'Azerbaijan(I-LOC)', 'province(O)', 'security(O)', 'chief(O)', 'as(O)', 'saying(O)', 'those(O)', 'held(O)', 'confessed(O)', 'to(O)', 'gathering(O)', 'confidential(O)', 'information(O)', ',(O)', 'photographing(O)', 'strategic(O)', 'sites(O)', ',(O)', 'doing(O)', 'propaganda(O)', 'against(O)', 'state(O)', 'officials(O)', 'and(O)', '""(O)', 'spreading(O)', 'pan-Turkism(B-MISC)', '""(O)', '.(O)']","Jomhuri(B-ORG) Eslami(I-ORG) quoted(O) the(O) West(B-LOC) Azerbaijan(I-LOC) province(O) security(O) chief(O) as(O) saying(O) those(O) held(O) confessed(O) to(O) gathering(O) confidential(O) information(O) ,(O) photographing(O) strategic(O) sites(O) ,(O) doing(O) propaganda(O) against(O) state(O) officials(O) and(O) ""(O) spreading(O) pan-Turkism(B-MISC) ""(O) .(O)","Input: Jomhuri Eslami quoted the West Azerbaijan province security chief as saying those held confessed to gathering confidential information , photographing strategic sites , doing propaganda against state officials and "" spreading pan-Turkism "" .
Output: Jomhuri(B-ORG) Eslami(I-ORG) quoted(O) the(O) West(B-LOC) Azerbaijan(I-LOC) province(O) security(O) chief(O) as(O) saying(O) those(O) held(O) confessed(O) to(O) gathering(O) confidential(O) information(O) ,(O) photographing(O) strategic(O) sites(O) ,(O) doing(O) propaganda(O) against(O) state(O) officials(O) and(O) ""(O) spreading(O) pan-Turkism(B-MISC) ""(O) .(O)"
10279,"['15' '-' 'Christian' 'Cullen' ',' '14' '-' 'Jeff' 'Wilson' ',' '13' '-'
 'Walter' 'Little' ',' '12' '-' 'Frank' 'Bunce' ',' '11' '-' 'Glen'
 'Osborne' ';' '10' '-' 'Andrew' 'Mehrtens' ',' '9' '-' 'Justin'
 'Marshall' ';' '8' '-' 'Zinzan' 'Brooke' ',' '7' '-' 'Josh' 'Kronfeld'
 ',' '6' '-' 'Michael' 'Jones' ',' '5' '-' 'Ian' 'Jones' ',' '4' '-'
 'Robin' 'Brooke' ',' '3' '-' 'Olo' 'Brown' ',' '2' '-' 'Sean'
 'Fitzpatrick' '(' 'captain' ')' ',' '1' '-' 'Craig' 'Dowd' '.']","['O', 'O', 'B-PER', 'I-PER', 'O', 'O', 'O', 'B-PER', 'I-PER', 'O', 'O', 'O', 'B-PER', 'I-PER', 'O', 'O', 'O', 'B-PER', 'I-PER', 'O', 'O', 'O', 'B-PER', 'I-PER', 'O', 'O', 'O', 'B-PER', 'I-PER', 'O', 'O', 'O', 'B-PER', 'I-PER', 'O', 'O', 'O', 'B-PER', 'I-PER', 'O', 'O', 'O', 'B-PER', 'I-PER', 'O', 'O', 'O', 'B-PER', 'I-PER', 'O', 'O', 'O', 'B-PER', 'I-PER', 'O', 'O', 'O', 'B-PER', 'I-PER', 'O', 'O', 'O', 'B-PER', 'I-PER', 'O', 'O', 'O', 'B-PER', 'I-PER', 'O', 'O', 'O', 'O', 'O', 'O', 'B-PER', 'I-PER', 'O']","15 - Christian Cullen , 14 - Jeff Wilson , 13 - Walter Little , 12 - Frank Bunce , 11 - Glen Osborne ; 10 - Andrew Mehrtens , 9 - Justin Marshall ; 8 - Zinzan Brooke , 7 - Josh Kronfeld , 6 - Michael Jones , 5 - Ian Jones , 4 - Robin Brooke , 3 - Olo Brown , 2 - Sean Fitzpatrick ( captain ) , 1 - Craig Dowd .","['15(O)', '-(O)', 'Christian(B-PER)', 'Cullen(I-PER)', ',(O)', '14(O)', '-(O)', 'Jeff(B-PER)', 'Wilson(I-PER)', ',(O)', '13(O)', '-(O)', 'Walter(B-PER)', 'Little(I-PER)', ',(O)', '12(O)', '-(O)', 'Frank(B-PER)', 'Bunce(I-PER)', ',(O)', '11(O)', '-(O)', 'Glen(B-PER)', 'Osborne(I-PER)', ';(O)', '10(O)', '-(O)', 'Andrew(B-PER)', 'Mehrtens(I-PER)', ',(O)', '9(O)', '-(O)', 'Justin(B-PER)', 'Marshall(I-PER)', ';(O)', '8(O)', '-(O)', 'Zinzan(B-PER)', 'Brooke(I-PER)', ',(O)', '7(O)', '-(O)', 'Josh(B-PER)', 'Kronfeld(I-PER)', ',(O)', '6(O)', '-(O)', 'Michael(B-PER)', 'Jones(I-PER)', ',(O)', '5(O)', '-(O)', 'Ian(B-PER)', 'Jones(I-PER)', ',(O)', '4(O)', '-(O)', 'Robin(B-PER)', 'Brooke(I-PER)', ',(O)', '3(O)', '-(O)', 'Olo(B-PER)', 'Brown(I-PER)', ',(O)', '2(O)', '-(O)', 'Sean(B-PER)', 'Fitzpatrick(I-PER)', '((O)', 'captain(O)', ')(O)', ',(O)', '1(O)', '-(O)', 'Craig(B-PER)', 'Dowd(I-PER)', '.(O)']","15(O) -(O) Christian(B-PER) Cullen(I-PER) ,(O) 14(O) -(O) Jeff(B-PER) Wilson(I-PER) ,(O) 13(O) -(O) Walter(B-PER) Little(I-PER) ,(O) 12(O) -(O) Frank(B-PER) Bunce(I-PER) ,(O) 11(O) -(O) Glen(B-PER) Osborne(I-PER) ;(O) 10(O) -(O) Andrew(B-PER) Mehrtens(I-PER) ,(O) 9(O) -(O) Justin(B-PER) Marshall(I-PER) ;(O) 8(O) -(O) Zinzan(B-PER) Brooke(I-PER) ,(O) 7(O) -(O) Josh(B-PER) Kronfeld(I-PER) ,(O) 6(O) -(O) Michael(B-PER) Jones(I-PER) ,(O) 5(O) -(O) Ian(B-PER) Jones(I-PER) ,(O) 4(O) -(O) Robin(B-PER) Brooke(I-PER) ,(O) 3(O) -(O) Olo(B-PER) Brown(I-PER) ,(O) 2(O) -(O) Sean(B-PER) Fitzpatrick(I-PER) ((O) captain(O) )(O) ,(O) 1(O) -(O) Craig(B-PER) Dowd(I-PER) .(O)","Input: 15 - Christian Cullen , 14 - Jeff Wilson , 13 - Walter Little , 12 - Frank Bunce , 11 - Glen Osborne ; 10 - Andrew Mehrtens , 9 - Justin Marshall ; 8 - Zinzan Brooke , 7 - Josh Kronfeld , 6 - Michael Jones , 5 - Ian Jones , 4 - Robin Brooke , 3 - Olo Brown , 2 - Sean Fitzpatrick ( captain ) , 1 - Craig Dowd .
Output: 15(O) -(O) Christian(B-PER) Cullen(I-PER) ,(O) 14(O) -(O) Jeff(B-PER) Wilson(I-PER) ,(O) 13(O) -(O) Walter(B-PER) Little(I-PER) ,(O) 12(O) -(O) Frank(B-PER) Bunce(I-PER) ,(O) 11(O) -(O) Glen(B-PER) Osborne(I-PER) ;(O) 10(O) -(O) Andrew(B-PER) Mehrtens(I-PER) ,(O) 9(O) -(O) Justin(B-PER) Marshall(I-PER) ;(O) 8(O) -(O) Zinzan(B-PER) Brooke(I-PER) ,(O) 7(O) -(O) Josh(B-PER) Kronfeld(I-PER) ,(O) 6(O) -(O) Michael(B-PER) Jones(I-PER) ,(O) 5(O) -(O) Ian(B-PER) Jones(I-PER) ,(O) 4(O) -(O) Robin(B-PER) Brooke(I-PER) ,(O) 3(O) -(O) Olo(B-PER) Brown(I-PER) ,(O) 2(O) -(O) Sean(B-PER) Fitzpatrick(I-PER) ((O) captain(O) )(O) ,(O) 1(O) -(O) Craig(B-PER) Dowd(I-PER) .(O)"
2150,"['Former' 'Oriole' 'Jamie' 'Moyer' 'allowed' 'two' 'hits' 'over' 'eight'
 'scoreless' 'innings' 'before' 'tiring' 'in' 'the' 'ninth' 'and' 'Paul'
 'Sorrento' 'added' 'his' 'third' 'grand' 'slam' 'of' 'the' 'season' 'as'
 'the' 'Seattle' 'Mariners' 'routed' 'Baltimore' '10-3' 'Thursday' '.']","['O', 'B-MISC', 'B-PER', 'I-PER', 'O', 'O', 'O', 'O', 'O', 'O', 'O', 'O', 'O', 'O', 'O', 'O', 'O', 'B-PER', 'I-PER', 'O', 'O', 'O', 'O', 'O', 'O', 'O', 'O', 'O', 'O', 'B-ORG', 'I-ORG', 'O', 'B-ORG', 'O', 'O', 'O']",Former Oriole Jamie Moyer allowed two hits over eight scoreless innings before tiring in the ninth and Paul Sorrento added his third grand slam of the season as the Seattle Mariners routed Baltimore 10-3 Thursday .,"['Former(O)', 'Oriole(B-MISC)', 'Jamie(B-PER)', 'Moyer(I-PER)', 'allowed(O)', 'two(O)', 'hits(O)', 'over(O)', 'eight(O)', 'scoreless(O)', 'innings(O)', 'before(O)', 'tiring(O)', 'in(O)', 'the(O)', 'ninth(O)', 'and(O)', 'Paul(B-PER)', 'Sorrento(I-PER)', 'added(O)', 'his(O)', 'third(O)', 'grand(O)', 'slam(O)', 'of(O)', 'the(O)', 'season(O)', 'as(O)', 'the(O)', 'Seattle(B-ORG)', 'Mariners(I-ORG)', 'routed(O)', 'Baltimore(B-ORG)', '10-3(O)', 'Thursday(O)', '.(O)']",Former(O) Oriole(B-MISC) Jamie(B-PER) Moyer(I-PER) allowed(O) two(O) hits(O) over(O) eight(O) scoreless(O) innings(O) before(O) tiring(O) in(O) the(O) ninth(O) and(O) Paul(B-PER) Sorrento(I-PER) added(O) his(O) third(O) grand(O) slam(O) of(O) the(O) season(O) as(O) the(O) Seattle(B-ORG) Mariners(I-ORG) routed(O) Baltimore(B-ORG) 10-3(O) Thursday(O) .(O),"Input: Former Oriole Jamie Moyer allowed two hits over eight scoreless innings before tiring in the ninth and Paul Sorrento added his third grand slam of the season as the Seattle Mariners routed Baltimore 10-3 Thursday .
Output: Former(O) Oriole(B-MISC) Jamie(B-PER) Moyer(I-PER) allowed(O) two(O) hits(O) over(O) eight(O) scoreless(O) innings(O) before(O) tiring(O) in(O) the(O) ninth(O) and(O) Paul(B-PER) Sorrento(I-PER) added(O) his(O) third(O) grand(O) slam(O) of(O) the(O) season(O) as(O) the(O) Seattle(B-ORG) Mariners(I-ORG) routed(O) Baltimore(B-ORG) 10-3(O) Thursday(O) .(O)"
1049,['It' 'currently' 'operates' '169' 'stores' 'in' '23' 'states' '.'],"['O', 'O', 'O', 'O', 'O', 'O', 'O', 'O', 'O']",It currently operates 169 stores in 23 states .,"['It(O)', 'currently(O)', 'operates(O)', '169(O)', 'stores(O)', 'in(O)', '23(O)', 'states(O)', '.(O)']",It(O) currently(O) operates(O) 169(O) stores(O) in(O) 23(O) states(O) .(O),"Input: It currently operates 169 stores in 23 states .
Output: It(O) currently(O) operates(O) 169(O) stores(O) in(O) 23(O) states(O) .(O)"
1343,"['A' 'West' 'Bank' 'bookseller' 'charged' 'on' 'Thursday' 'that' 'the'
 'Palestinian' 'Information' 'Ministry' 'has' 'forced' 'him' 'to' 'sign'
 'an' 'undertaking' 'not' 'to' 'distribute' 'books' 'written' 'by'
 'critics' 'of' 'Israeli-PLO' 'self-rule' 'deals' '.']","['O', 'B-LOC', 'I-LOC', 'O', 'O', 'O', 'O', 'O', 'O', 'B-ORG', 'I-ORG', 'I-ORG', 'O', 'O', 'O', 'O', 'O', 'O', 'O', 'O', 'O', 'O', 'O', 'O', 'O', 'O', 'O', 'B-MISC', 'O', 'O', 'O']",A West Bank bookseller charged on Thursday that the Palestinian Information Ministry has forced him to sign an undertaking not to distribute books written by critics of Israeli-PLO self-rule deals .,"['A(O)', 'West(B-LOC)', 'Bank(I-LOC)', 'bookseller(O)', 'charged(O)', 'on(O)', 'Thursday(O)', 'that(O)', 'the(O)', 'Palestinian(B-ORG)', 'Information(I-ORG)', 'Ministry(I-ORG)', 'has(O)', 'forced(O)', 'him(O)', 'to(O)', 'sign(O)', 'an(O)', 'undertaking(O)', 'not(O)', 'to(O)', 'distribute(O)', 'books(O)', 'written(O)', 'by(O)', 'critics(O)', 'of(O)', 'Israeli-PLO(B-MISC)', 'self-rule(O)', 'deals(O)', '.(O)']",A(O) West(B-LOC) Bank(I-LOC) bookseller(O) charged(O) on(O) Thursday(O) that(O) the(O) Palestinian(B-ORG) Information(I-ORG) Ministry(I-ORG) has(O) forced(O) him(O) to(O) sign(O) an(O) undertaking(O) not(O) to(O) distribute(O) books(O) written(O) by(O) critics(O) of(O) Israeli-PLO(B-MISC) self-rule(O) deals(O) .(O),"Input: A West Bank bookseller charged on Thursday that the Palestinian Information Ministry has forced him to sign an undertaking not to distribute books written by critics of Israeli-PLO self-rule deals .
Output: A(O) West(B-LOC) Bank(I-LOC) bookseller(O) charged(O) on(O) Thursday(O) that(O) the(O) Palestinian(B-ORG) Information(I-ORG) Ministry(I-ORG) has(O) forced(O) him(O) to(O) sign(O) an(O) undertaking(O) not(O) to(O) distribute(O) books(O) written(O) by(O) critics(O) of(O) Israeli-PLO(B-MISC) self-rule(O) deals(O) .(O)"
10491,['San' 'Diego' '4' 'NEW' 'YORK' '3'],"['B-ORG', 'I-ORG', 'O', 'B-ORG', 'I-ORG', 'O']",San Diego 4 NEW YORK 3,"['San(B-ORG)', 'Diego(I-ORG)', '4(O)', 'NEW(B-ORG)', 'YORK(I-ORG)', '3(O)']",San(B-ORG) Diego(I-ORG) 4(O) NEW(B-ORG) YORK(I-ORG) 3(O),"Input: San Diego 4 NEW YORK 3
Output: San(B-ORG) Diego(I-ORG) 4(O) NEW(B-ORG) YORK(I-ORG) 3(O)"
12878,"['And' 'that' 'is' 'impossible' '.' '""']","['O', 'O', 'O', 'O', 'O', 'O']","And that is impossible . ""","['And(O)', 'that(O)', 'is(O)', 'impossible(O)', '.(O)', '""(O)']","And(O) that(O) is(O) impossible(O) .(O) ""(O)","Input: And that is impossible . ""
Output: And(O) that(O) is(O) impossible(O) .(O) ""(O)"
9072,"['The' 'talks' 'had' 'been' 'postponed' 'while' 'the' 'Russians' 'waited'
 'for' 'the' 'rebels' 'to' 'return' 'arms' 'and' 'ammunition' 'seized'
 'from' 'Russian' 'soldiers' 'at' 'the' 'weekend' '.']","['O', 'O', 'O', 'O', 'O', 'O', 'O', 'B-MISC', 'O', 'O', 'O', 'O', 'O', 'O', 'O', 'O', 'O', 'O', 'O', 'B-MISC', 'O', 'O', 'O', 'O', 'O']",The talks had been postponed while the Russians waited for the rebels to return arms and ammunition seized from Russian soldiers at the weekend .,"['The(O)', 'talks(O)', 'had(O)', 'been(O)', 'postponed(O)', 'while(O)', 'the(O)', 'Russians(B-MISC)', 'waited(O)', 'for(O)', 'the(O)', 'rebels(O)', 'to(O)', 'return(O)', 'arms(O)', 'and(O)', 'ammunition(O)', 'seized(O)', 'from(O)', 'Russian(B-MISC)', 'soldiers(O)', 'at(O)', 'the(O)', 'weekend(O)', '.(O)']",The(O) talks(O) had(O) been(O) postponed(O) while(O) the(O) Russians(B-MISC) waited(O) for(O) the(O) rebels(O) to(O) return(O) arms(O) and(O) ammunition(O) seized(O) from(O) Russian(B-MISC) soldiers(O) at(O) the(O) weekend(O) .(O),"Input: The talks had been postponed while the Russians waited for the rebels to return arms and ammunition seized from Russian soldiers at the weekend .
Output: The(O) talks(O) had(O) been(O) postponed(O) while(O) the(O) Russians(B-MISC) waited(O) for(O) the(O) rebels(O) to(O) return(O) arms(O) and(O) ammunition(O) seized(O) from(O) Russian(B-MISC) soldiers(O) at(O) the(O) weekend(O) .(O)"
1333,['Australia' 'foreign' 'minister' 'arrives' 'in' 'China' '.'],"['B-LOC', 'O', 'O', 'O', 'O', 'B-LOC', 'O']",Australia foreign minister arrives in China .,"['Australia(B-LOC)', 'foreign(O)', 'minister(O)', 'arrives(O)', 'in(O)', 'China(B-LOC)', '.(O)']",Australia(B-LOC) foreign(O) minister(O) arrives(O) in(O) China(B-LOC) .(O),"Input: Australia foreign minister arrives in China .
Output: Australia(B-LOC) foreign(O) minister(O) arrives(O) in(O) China(B-LOC) .(O)"
6911,['Jeunesse' 'Massira' '0' 'Widad' 'Casablanca' '2'],"['B-ORG', 'I-ORG', 'O', 'B-ORG', 'I-ORG', 'O']",Jeunesse Massira 0 Widad Casablanca 2,"['Jeunesse(B-ORG)', 'Massira(I-ORG)', '0(O)', 'Widad(B-ORG)', 'Casablanca(I-ORG)', '2(O)']",Jeunesse(B-ORG) Massira(I-ORG) 0(O) Widad(B-ORG) Casablanca(I-ORG) 2(O),"Input: Jeunesse Massira 0 Widad Casablanca 2
Output: Jeunesse(B-ORG) Massira(I-ORG) 0(O) Widad(B-ORG) Casablanca(I-ORG) 2(O)"
290,"['Imports' '10,663' '10,725' '43,430' '40,989']","['O', 'O', 'O', 'O', 'O']","Imports 10,663 10,725 43,430 40,989","['Imports(O)', '10,663(O)', '10,725(O)', '43,430(O)', '40,989(O)']","Imports(O) 10,663(O) 10,725(O) 43,430(O) 40,989(O)","Input: Imports 10,663 10,725 43,430 40,989
Output: Imports(O) 10,663(O) 10,725(O) 43,430(O) 40,989(O)"
4370,"['Italian' 'comics' 'hope' 'independence-joke' ""'s"" 'on' 'Bossi' '.']","['B-MISC', 'O', 'O', 'O', 'O', 'O', 'B-PER', 'O']",Italian comics hope independence-joke 's on Bossi .,"['Italian(B-MISC)', 'comics(O)', 'hope(O)', 'independence-joke(O)', ""'s(O)"", 'on(O)', 'Bossi(B-PER)', '.(O)']",Italian(B-MISC) comics(O) hope(O) independence-joke(O) 's(O) on(O) Bossi(B-PER) .(O),"Input: Italian comics hope independence-joke 's on Bossi .
Output: Italian(B-MISC) comics(O) hope(O) independence-joke(O) 's(O) on(O) Bossi(B-PER) .(O)"
2673,['Hemina' '33' '05/09' 'Eleusis' '/' 'UKCM' 'W155' 'CNR' '.'],"['B-ORG', 'O', 'O', 'B-ORG', 'O', 'B-ORG', 'O', 'B-ORG', 'O']",Hemina 33 05/09 Eleusis / UKCM W155 CNR .,"['Hemina(B-ORG)', '33(O)', '05/09(O)', 'Eleusis(B-ORG)', '/(O)', 'UKCM(B-ORG)', 'W155(O)', 'CNR(B-ORG)', '.(O)']",Hemina(B-ORG) 33(O) 05/09(O) Eleusis(B-ORG) /(O) UKCM(B-ORG) W155(O) CNR(B-ORG) .(O),"Input: Hemina 33 05/09 Eleusis / UKCM W155 CNR .
Output: Hemina(B-ORG) 33(O) 05/09(O) Eleusis(B-ORG) /(O) UKCM(B-ORG) W155(O) CNR(B-ORG) .(O)"
6505,"['England' 'were' 'dismissed' 'for' '242' 'in' 'their' 'second' 'innings'
 'on' 'the' 'fifth' 'day' 'of' 'the' 'third' 'and' 'final' 'test' 'at'
 'The' 'Oval' 'on' 'Monday' 'leaving' 'Pakistan' 'requiring' '48' 'runs'
 'to' 'win' '.']","['B-LOC', 'O', 'O', 'O', 'O', 'O', 'O', 'O', 'O', 'O', 'O', 'O', 'O', 'O', 'O', 'O', 'O', 'O', 'O', 'O', 'B-LOC', 'I-LOC', 'O', 'O', 'O', 'B-LOC', 'O', 'O', 'O', 'O', 'O', 'O']",England were dismissed for 242 in their second innings on the fifth day of the third and final test at The Oval on Monday leaving Pakistan requiring 48 runs to win .,"['England(B-LOC)', 'were(O)', 'dismissed(O)', 'for(O)', '242(O)', 'in(O)', 'their(O)', 'second(O)', 'innings(O)', 'on(O)', 'the(O)', 'fifth(O)', 'day(O)', 'of(O)', 'the(O)', 'third(O)', 'and(O)', 'final(O)', 'test(O)', 'at(O)', 'The(B-LOC)', 'Oval(I-LOC)', 'on(O)', 'Monday(O)', 'leaving(O)', 'Pakistan(B-LOC)', 'requiring(O)', '48(O)', 'runs(O)', 'to(O)', 'win(O)', '.(O)']",England(B-LOC) were(O) dismissed(O) for(O) 242(O) in(O) their(O) second(O) innings(O) on(O) the(O) fifth(O) day(O) of(O) the(O) third(O) and(O) final(O) test(O) at(O) The(B-LOC) Oval(I-LOC) on(O) Monday(O) leaving(O) Pakistan(B-LOC) requiring(O) 48(O) runs(O) to(O) win(O) .(O),"Input: England were dismissed for 242 in their second innings on the fifth day of the third and final test at The Oval on Monday leaving Pakistan requiring 48 runs to win .
Output: England(B-LOC) were(O) dismissed(O) for(O) 242(O) in(O) their(O) second(O) innings(O) on(O) the(O) fifth(O) day(O) of(O) the(O) third(O) and(O) final(O) test(O) at(O) The(B-LOC) Oval(I-LOC) on(O) Monday(O) leaving(O) Pakistan(B-LOC) requiring(O) 48(O) runs(O) to(O) win(O) .(O)"
4423,"['The' 'security' 'forces' 'also' 'said' 'a' 'man' 'carrying' 'an'
 'explosive' 'device' 'also' 'died' 'after' 'it' 'went' 'off'
 'prematurely' '.']","['O', 'O', 'O', 'O', 'O', 'O', 'O', 'O', 'O', 'O', 'O', 'O', 'O', 'O', 'O', 'O', 'O', 'O', 'O']",The security forces also said a man carrying an explosive device also died after it went off prematurely .,"['The(O)', 'security(O)', 'forces(O)', 'also(O)', 'said(O)', 'a(O)', 'man(O)', 'carrying(O)', 'an(O)', 'explosive(O)', 'device(O)', 'also(O)', 'died(O)', 'after(O)', 'it(O)', 'went(O)', 'off(O)', 'prematurely(O)', '.(O)']",The(O) security(O) forces(O) also(O) said(O) a(O) man(O) carrying(O) an(O) explosive(O) device(O) also(O) died(O) after(O) it(O) went(O) off(O) prematurely(O) .(O),"Input: The security forces also said a man carrying an explosive device also died after it went off prematurely .
Output: The(O) security(O) forces(O) also(O) said(O) a(O) man(O) carrying(O) an(O) explosive(O) device(O) also(O) died(O) after(O) it(O) went(O) off(O) prematurely(O) .(O)"
5196,"['the' 'side' 'with' 'the' 'most' 'successful' 'record' 'against' 'the'
 'others' ')' '.']","['O', 'O', 'O', 'O', 'O', 'O', 'O', 'O', 'O', 'O', 'O', 'O']",the side with the most successful record against the others ) .,"['the(O)', 'side(O)', 'with(O)', 'the(O)', 'most(O)', 'successful(O)', 'record(O)', 'against(O)', 'the(O)', 'others(O)', ')(O)', '.(O)']",the(O) side(O) with(O) the(O) most(O) successful(O) record(O) against(O) the(O) others(O) )(O) .(O),"Input: the side with the most successful record against the others ) .
Output: the(O) side(O) with(O) the(O) most(O) successful(O) record(O) against(O) the(O) others(O) )(O) .(O)"
4320,"['-' 'Blaming' 'Iraq' 'for' 'riots' 'in' 'Jordan' 'is' 'a' 'dirty' 'game'
 '.']","['O', 'O', 'B-LOC', 'O', 'O', 'O', 'B-LOC', 'O', 'O', 'O', 'O', 'O']",- Blaming Iraq for riots in Jordan is a dirty game .,"['-(O)', 'Blaming(O)', 'Iraq(B-LOC)', 'for(O)', 'riots(O)', 'in(O)', 'Jordan(B-LOC)', 'is(O)', 'a(O)', 'dirty(O)', 'game(O)', '.(O)']",-(O) Blaming(O) Iraq(B-LOC) for(O) riots(O) in(O) Jordan(B-LOC) is(O) a(O) dirty(O) game(O) .(O),"Input: - Blaming Iraq for riots in Jordan is a dirty game .
Output: -(O) Blaming(O) Iraq(B-LOC) for(O) riots(O) in(O) Jordan(B-LOC) is(O) a(O) dirty(O) game(O) .(O)"
3263,"['Year' 'to' 'May' '31' ',' '1996']","['O', 'O', 'O', 'O', 'O', 'O']","Year to May 31 , 1996","['Year(O)', 'to(O)', 'May(O)', '31(O)', ',(O)', '1996(O)']","Year(O) to(O) May(O) 31(O) ,(O) 1996(O)","Input: Year to May 31 , 1996
Output: Year(O) to(O) May(O) 31(O) ,(O) 1996(O)"
6209,"['The' 'average' 'family' 'earns' '160-200' 'million' 'karbovanets' 'a'
 'year' '(' '$' '800' '-' '$' '1,000' ')' '--' 'but' 'many' 'have' 'not'
 'been' 'paid' 'in' 'months' ',' 'Soprun' 'said' '.' '""']","['O', 'O', 'O', 'O', 'O', 'O', 'O', 'O', 'O', 'O', 'O', 'O', 'O', 'O', 'O', 'O', 'O', 'O', 'O', 'O', 'O', 'O', 'O', 'O', 'O', 'O', 'B-PER', 'O', 'O', 'O']","The average family earns 160-200 million karbovanets a year ( $ 800 - $ 1,000 ) -- but many have not been paid in months , Soprun said . ""","['The(O)', 'average(O)', 'family(O)', 'earns(O)', '160-200(O)', 'million(O)', 'karbovanets(O)', 'a(O)', 'year(O)', '((O)', '$(O)', '800(O)', '-(O)', '$(O)', '1,000(O)', ')(O)', '--(O)', 'but(O)', 'many(O)', 'have(O)', 'not(O)', 'been(O)', 'paid(O)', 'in(O)', 'months(O)', ',(O)', 'Soprun(B-PER)', 'said(O)', '.(O)', '""(O)']","The(O) average(O) family(O) earns(O) 160-200(O) million(O) karbovanets(O) a(O) year(O) ((O) $(O) 800(O) -(O) $(O) 1,000(O) )(O) --(O) but(O) many(O) have(O) not(O) been(O) paid(O) in(O) months(O) ,(O) Soprun(B-PER) said(O) .(O) ""(O)","Input: The average family earns 160-200 million karbovanets a year ( $ 800 - $ 1,000 ) -- but many have not been paid in months , Soprun said . ""
Output: The(O) average(O) family(O) earns(O) 160-200(O) million(O) karbovanets(O) a(O) year(O) ((O) $(O) 800(O) -(O) $(O) 1,000(O) )(O) --(O) but(O) many(O) have(O) not(O) been(O) paid(O) in(O) months(O) ,(O) Soprun(B-PER) said(O) .(O) ""(O)"
13715,"['The' 'Taiwan' 'dollar' 'fell' 'in' 'early' 'trade' 'on' 'month-end'
 'U.S.' 'dollar' 'demand' ',' 'but' 'the' 'downtrend' 'was' 'later'
 'reversed' 'as' 'Taiwan' 'dollar' 'liquidity' 'tightened' '.' '""']","['O', 'B-LOC', 'O', 'O', 'O', 'O', 'O', 'O', 'O', 'B-LOC', 'O', 'O', 'O', 'O', 'O', 'O', 'O', 'O', 'O', 'O', 'B-LOC', 'O', 'O', 'O', 'O', 'O']","The Taiwan dollar fell in early trade on month-end U.S. dollar demand , but the downtrend was later reversed as Taiwan dollar liquidity tightened . ""","['The(O)', 'Taiwan(B-LOC)', 'dollar(O)', 'fell(O)', 'in(O)', 'early(O)', 'trade(O)', 'on(O)', 'month-end(O)', 'U.S.(B-LOC)', 'dollar(O)', 'demand(O)', ',(O)', 'but(O)', 'the(O)', 'downtrend(O)', 'was(O)', 'later(O)', 'reversed(O)', 'as(O)', 'Taiwan(B-LOC)', 'dollar(O)', 'liquidity(O)', 'tightened(O)', '.(O)', '""(O)']","The(O) Taiwan(B-LOC) dollar(O) fell(O) in(O) early(O) trade(O) on(O) month-end(O) U.S.(B-LOC) dollar(O) demand(O) ,(O) but(O) the(O) downtrend(O) was(O) later(O) reversed(O) as(O) Taiwan(B-LOC) dollar(O) liquidity(O) tightened(O) .(O) ""(O)","Input: The Taiwan dollar fell in early trade on month-end U.S. dollar demand , but the downtrend was later reversed as Taiwan dollar liquidity tightened . ""
Output: The(O) Taiwan(B-LOC) dollar(O) fell(O) in(O) early(O) trade(O) on(O) month-end(O) U.S.(B-LOC) dollar(O) demand(O) ,(O) but(O) the(O) downtrend(O) was(O) later(O) reversed(O) as(O) Taiwan(B-LOC) dollar(O) liquidity(O) tightened(O) .(O) ""(O)"
12231,['Affleck' '74' '73' '.'],"['B-PER', 'O', 'O', 'O']",Affleck 74 73 .,"['Affleck(B-PER)', '74(O)', '73(O)', '.(O)']",Affleck(B-PER) 74(O) 73(O) .(O),"Input: Affleck 74 73 .
Output: Affleck(B-PER) 74(O) 73(O) .(O)"
2794,"['Western' 'powers' 'regard' 'diplomatic' 'normalisation' 'between'
 'Croatia' 'and' 'Serbia' ',' 'twin' 'pillars' 'of' 'the' 'old'
 'multinational' 'federal' 'Yugoslavia' ',' 'as' 'a' 'crucial' 'step'
 'towards' 'a' 'lasting' 'peace' 'in' 'the' 'Balkans' '.']","['B-MISC', 'O', 'O', 'O', 'O', 'O', 'B-LOC', 'O', 'B-LOC', 'O', 'O', 'O', 'O', 'O', 'O', 'O', 'O', 'B-LOC', 'O', 'O', 'O', 'O', 'O', 'O', 'O', 'O', 'O', 'O', 'O', 'B-LOC', 'O']","Western powers regard diplomatic normalisation between Croatia and Serbia , twin pillars of the old multinational federal Yugoslavia , as a crucial step towards a lasting peace in the Balkans .","['Western(B-MISC)', 'powers(O)', 'regard(O)', 'diplomatic(O)', 'normalisation(O)', 'between(O)', 'Croatia(B-LOC)', 'and(O)', 'Serbia(B-LOC)', ',(O)', 'twin(O)', 'pillars(O)', 'of(O)', 'the(O)', 'old(O)', 'multinational(O)', 'federal(O)', 'Yugoslavia(B-LOC)', ',(O)', 'as(O)', 'a(O)', 'crucial(O)', 'step(O)', 'towards(O)', 'a(O)', 'lasting(O)', 'peace(O)', 'in(O)', 'the(O)', 'Balkans(B-LOC)', '.(O)']","Western(B-MISC) powers(O) regard(O) diplomatic(O) normalisation(O) between(O) Croatia(B-LOC) and(O) Serbia(B-LOC) ,(O) twin(O) pillars(O) of(O) the(O) old(O) multinational(O) federal(O) Yugoslavia(B-LOC) ,(O) as(O) a(O) crucial(O) step(O) towards(O) a(O) lasting(O) peace(O) in(O) the(O) Balkans(B-LOC) .(O)","Input: Western powers regard diplomatic normalisation between Croatia and Serbia , twin pillars of the old multinational federal Yugoslavia , as a crucial step towards a lasting peace in the Balkans .
Output: Western(B-MISC) powers(O) regard(O) diplomatic(O) normalisation(O) between(O) Croatia(B-LOC) and(O) Serbia(B-LOC) ,(O) twin(O) pillars(O) of(O) the(O) old(O) multinational(O) federal(O) Yugoslavia(B-LOC) ,(O) as(O) a(O) crucial(O) step(O) towards(O) a(O) lasting(O) peace(O) in(O) the(O) Balkans(B-LOC) .(O)"
13974,['3.' 'Goulnara' 'Fatkoullina' '(' 'Russia' ')' '16'],"['O', 'B-PER', 'I-PER', 'O', 'B-LOC', 'O', 'O']",3. Goulnara Fatkoullina ( Russia ) 16,"['3.(O)', 'Goulnara(B-PER)', 'Fatkoullina(I-PER)', '((O)', 'Russia(B-LOC)', ')(O)', '16(O)']",3.(O) Goulnara(B-PER) Fatkoullina(I-PER) ((O) Russia(B-LOC) )(O) 16(O),"Input: 3. Goulnara Fatkoullina ( Russia ) 16
Output: 3.(O) Goulnara(B-PER) Fatkoullina(I-PER) ((O) Russia(B-LOC) )(O) 16(O)"
497,"['Petr' 'Korda' '(' 'Czech' 'Republic' ')' 'beat' '12' '-' 'Francisco'
 'Clavet' '(' 'Spain' ')']","['B-PER', 'I-PER', 'O', 'B-LOC', 'I-LOC', 'O', 'O', 'O', 'O', 'B-PER', 'I-PER', 'O', 'B-LOC', 'O']",Petr Korda ( Czech Republic ) beat 12 - Francisco Clavet ( Spain ),"['Petr(B-PER)', 'Korda(I-PER)', '((O)', 'Czech(B-LOC)', 'Republic(I-LOC)', ')(O)', 'beat(O)', '12(O)', '-(O)', 'Francisco(B-PER)', 'Clavet(I-PER)', '((O)', 'Spain(B-LOC)', ')(O)']",Petr(B-PER) Korda(I-PER) ((O) Czech(B-LOC) Republic(I-LOC) )(O) beat(O) 12(O) -(O) Francisco(B-PER) Clavet(I-PER) ((O) Spain(B-LOC) )(O),"Input: Petr Korda ( Czech Republic ) beat 12 - Francisco Clavet ( Spain )
Output: Petr(B-PER) Korda(I-PER) ((O) Czech(B-LOC) Republic(I-LOC) )(O) beat(O) 12(O) -(O) Francisco(B-PER) Clavet(I-PER) ((O) Spain(B-LOC) )(O)"
3301,['HONG' 'KONG' '1996-08-23'],"['B-LOC', 'I-LOC', 'O']",HONG KONG 1996-08-23,"['HONG(B-LOC)', 'KONG(I-LOC)', '1996-08-23(O)']",HONG(B-LOC) KONG(I-LOC) 1996-08-23(O),"Input: HONG KONG 1996-08-23
Output: HONG(B-LOC) KONG(I-LOC) 1996-08-23(O)"
2974,"['A' 'British' 'photographer' 'branded' 'a' 'stalker' 'by' 'Princess'
 'Diana' 'has' 'been' 'forced' 'to' 'postpone' 'a' 'legal' 'challenge'
 'to' 'a' 'ban' 'on' 'approaching' 'her' 'because' 'he' ""'s"" 'been'
 'jailed' 'for' 'criminal' 'damage' ',' 'his' 'lawyer' 'said' 'on'
 'Friday' '.']","['O', 'B-MISC', 'O', 'O', 'O', 'O', 'O', 'O', 'B-PER', 'O', 'O', 'O', 'O', 'O', 'O', 'O', 'O', 'O', 'O', 'O', 'O', 'O', 'O', 'O', 'O', 'O', 'O', 'O', 'O', 'O', 'O', 'O', 'O', 'O', 'O', 'O', 'O', 'O']","A British photographer branded a stalker by Princess Diana has been forced to postpone a legal challenge to a ban on approaching her because he 's been jailed for criminal damage , his lawyer said on Friday .","['A(O)', 'British(B-MISC)', 'photographer(O)', 'branded(O)', 'a(O)', 'stalker(O)', 'by(O)', 'Princess(O)', 'Diana(B-PER)', 'has(O)', 'been(O)', 'forced(O)', 'to(O)', 'postpone(O)', 'a(O)', 'legal(O)', 'challenge(O)', 'to(O)', 'a(O)', 'ban(O)', 'on(O)', 'approaching(O)', 'her(O)', 'because(O)', 'he(O)', ""'s(O)"", 'been(O)', 'jailed(O)', 'for(O)', 'criminal(O)', 'damage(O)', ',(O)', 'his(O)', 'lawyer(O)', 'said(O)', 'on(O)', 'Friday(O)', '.(O)']","A(O) British(B-MISC) photographer(O) branded(O) a(O) stalker(O) by(O) Princess(O) Diana(B-PER) has(O) been(O) forced(O) to(O) postpone(O) a(O) legal(O) challenge(O) to(O) a(O) ban(O) on(O) approaching(O) her(O) because(O) he(O) 's(O) been(O) jailed(O) for(O) criminal(O) damage(O) ,(O) his(O) lawyer(O) said(O) on(O) Friday(O) .(O)","Input: A British photographer branded a stalker by Princess Diana has been forced to postpone a legal challenge to a ban on approaching her because he 's been jailed for criminal damage , his lawyer said on Friday .
Output: A(O) British(B-MISC) photographer(O) branded(O) a(O) stalker(O) by(O) Princess(O) Diana(B-PER) has(O) been(O) forced(O) to(O) postpone(O) a(O) legal(O) challenge(O) to(O) a(O) ban(O) on(O) approaching(O) her(O) because(O) he(O) 's(O) been(O) jailed(O) for(O) criminal(O) damage(O) ,(O) his(O) lawyer(O) said(O) on(O) Friday(O) .(O)"
11186,"['--' 'Julie' 'Tolkacheva' ',' 'Moscow' 'Newsroom' ',' '+7095' '941'
 '8520']","['O', 'B-PER', 'I-PER', 'O', 'B-ORG', 'I-ORG', 'O', 'O', 'O', 'O']","-- Julie Tolkacheva , Moscow Newsroom , +7095 941 8520","['--(O)', 'Julie(B-PER)', 'Tolkacheva(I-PER)', ',(O)', 'Moscow(B-ORG)', 'Newsroom(I-ORG)', ',(O)', '+7095(O)', '941(O)', '8520(O)']","--(O) Julie(B-PER) Tolkacheva(I-PER) ,(O) Moscow(B-ORG) Newsroom(I-ORG) ,(O) +7095(O) 941(O) 8520(O)","Input: -- Julie Tolkacheva , Moscow Newsroom , +7095 941 8520
Output: --(O) Julie(B-PER) Tolkacheva(I-PER) ,(O) Moscow(B-ORG) Newsroom(I-ORG) ,(O) +7095(O) 941(O) 8520(O)"
2972,['Legal' 'challenge' 'to' 'Diana' 'delayed' 'by' 'jail' 'term' '.'],"['O', 'O', 'O', 'B-PER', 'O', 'O', 'O', 'O', 'O']",Legal challenge to Diana delayed by jail term .,"['Legal(O)', 'challenge(O)', 'to(O)', 'Diana(B-PER)', 'delayed(O)', 'by(O)', 'jail(O)', 'term(O)', '.(O)']",Legal(O) challenge(O) to(O) Diana(B-PER) delayed(O) by(O) jail(O) term(O) .(O),"Input: Legal challenge to Diana delayed by jail term .
Output: Legal(O) challenge(O) to(O) Diana(B-PER) delayed(O) by(O) jail(O) term(O) .(O)"
7201,['Australia'],['B-LOC'],Australia,['Australia(B-LOC)'],Australia(B-LOC),"Input: Australia
Output: Australia(B-LOC)"
10961,"['""' 'Salvador' 'is' 'a' 'small' 'facility' ',' 'and' 'the' 'prospects'
 'are' 'that' 'if' 'there' 'will' 'be' 'a' 'strike' ',' 'it' 'will' 'not'
 'be' 'a' 'long' 'strike' ',' '""' ""O'Neill"" 'said' '.']","['O', 'B-LOC', 'O', 'O', 'O', 'O', 'O', 'O', 'O', 'O', 'O', 'O', 'O', 'O', 'O', 'O', 'O', 'O', 'O', 'O', 'O', 'O', 'O', 'O', 'O', 'O', 'O', 'O', 'B-PER', 'O', 'O']",""" Salvador is a small facility , and the prospects are that if there will be a strike , it will not be a long strike , "" O'Neill said .","['""(O)', 'Salvador(B-LOC)', 'is(O)', 'a(O)', 'small(O)', 'facility(O)', ',(O)', 'and(O)', 'the(O)', 'prospects(O)', 'are(O)', 'that(O)', 'if(O)', 'there(O)', 'will(O)', 'be(O)', 'a(O)', 'strike(O)', ',(O)', 'it(O)', 'will(O)', 'not(O)', 'be(O)', 'a(O)', 'long(O)', 'strike(O)', ',(O)', '""(O)', ""O'Neill(B-PER)"", 'said(O)', '.(O)']","""(O) Salvador(B-LOC) is(O) a(O) small(O) facility(O) ,(O) and(O) the(O) prospects(O) are(O) that(O) if(O) there(O) will(O) be(O) a(O) strike(O) ,(O) it(O) will(O) not(O) be(O) a(O) long(O) strike(O) ,(O) ""(O) O'Neill(B-PER) said(O) .(O)","Input: "" Salvador is a small facility , and the prospects are that if there will be a strike , it will not be a long strike , "" O'Neill said .
Output: ""(O) Salvador(B-LOC) is(O) a(O) small(O) facility(O) ,(O) and(O) the(O) prospects(O) are(O) that(O) if(O) there(O) will(O) be(O) a(O) strike(O) ,(O) it(O) will(O) not(O) be(O) a(O) long(O) strike(O) ,(O) ""(O) O'Neill(B-PER) said(O) .(O)"
3881,['BASEBALL' '-' 'MAJOR' 'LEAGUE' 'RESULTS' 'FRIDAY' '.'],"['O', 'O', 'B-MISC', 'I-MISC', 'O', 'O', 'O']",BASEBALL - MAJOR LEAGUE RESULTS FRIDAY .,"['BASEBALL(O)', '-(O)', 'MAJOR(B-MISC)', 'LEAGUE(I-MISC)', 'RESULTS(O)', 'FRIDAY(O)', '.(O)']",BASEBALL(O) -(O) MAJOR(B-MISC) LEAGUE(I-MISC) RESULTS(O) FRIDAY(O) .(O),"Input: BASEBALL - MAJOR LEAGUE RESULTS FRIDAY .
Output: BASEBALL(O) -(O) MAJOR(B-MISC) LEAGUE(I-MISC) RESULTS(O) FRIDAY(O) .(O)"
14030,"['Martin' 'Gates' '71' '77' '72' ',' 'Bradley' 'Hughes' '(' 'Australia'
 ')' '73' '75' '72' ',']","['B-PER', 'I-PER', 'O', 'O', 'O', 'O', 'B-PER', 'I-PER', 'O', 'B-LOC', 'O', 'O', 'O', 'O', 'O']","Martin Gates 71 77 72 , Bradley Hughes ( Australia ) 73 75 72 ,","['Martin(B-PER)', 'Gates(I-PER)', '71(O)', '77(O)', '72(O)', ',(O)', 'Bradley(B-PER)', 'Hughes(I-PER)', '((O)', 'Australia(B-LOC)', ')(O)', '73(O)', '75(O)', '72(O)', ',(O)']","Martin(B-PER) Gates(I-PER) 71(O) 77(O) 72(O) ,(O) Bradley(B-PER) Hughes(I-PER) ((O) Australia(B-LOC) )(O) 73(O) 75(O) 72(O) ,(O)","Input: Martin Gates 71 77 72 , Bradley Hughes ( Australia ) 73 75 72 ,
Output: Martin(B-PER) Gates(I-PER) 71(O) 77(O) 72(O) ,(O) Bradley(B-PER) Hughes(I-PER) ((O) Australia(B-LOC) )(O) 73(O) 75(O) 72(O) ,(O)"
2770,"['Russians' ',' 'Chechens' 'say' 'observing' 'Grozny' 'ceasefire' '.']","['B-MISC', 'O', 'B-MISC', 'O', 'O', 'B-LOC', 'O', 'O']","Russians , Chechens say observing Grozny ceasefire .","['Russians(B-MISC)', ',(O)', 'Chechens(B-MISC)', 'say(O)', 'observing(O)', 'Grozny(B-LOC)', 'ceasefire(O)', '.(O)']","Russians(B-MISC) ,(O) Chechens(B-MISC) say(O) observing(O) Grozny(B-LOC) ceasefire(O) .(O)","Input: Russians , Chechens say observing Grozny ceasefire .
Output: Russians(B-MISC) ,(O) Chechens(B-MISC) say(O) observing(O) Grozny(B-LOC) ceasefire(O) .(O)"
6213,"['Planted' 'in' 'late' 'summer' 'and' 'early' 'autumn' ',' 'the' 'grain'
 'is' 'Ukraine' ""'s"" 'largest' 'export' 'item' 'and' 'traditionally'
 'grows' 'better' 'than' 'summer' 'wheat' 'in' 'Ukraine' ""'s"" 'soil' '.']","['O', 'O', 'O', 'O', 'O', 'O', 'O', 'O', 'O', 'O', 'O', 'B-LOC', 'O', 'O', 'O', 'O', 'O', 'O', 'O', 'O', 'O', 'O', 'O', 'O', 'B-LOC', 'O', 'O', 'O']","Planted in late summer and early autumn , the grain is Ukraine 's largest export item and traditionally grows better than summer wheat in Ukraine 's soil .","['Planted(O)', 'in(O)', 'late(O)', 'summer(O)', 'and(O)', 'early(O)', 'autumn(O)', ',(O)', 'the(O)', 'grain(O)', 'is(O)', 'Ukraine(B-LOC)', ""'s(O)"", 'largest(O)', 'export(O)', 'item(O)', 'and(O)', 'traditionally(O)', 'grows(O)', 'better(O)', 'than(O)', 'summer(O)', 'wheat(O)', 'in(O)', 'Ukraine(B-LOC)', ""'s(O)"", 'soil(O)', '.(O)']","Planted(O) in(O) late(O) summer(O) and(O) early(O) autumn(O) ,(O) the(O) grain(O) is(O) Ukraine(B-LOC) 's(O) largest(O) export(O) item(O) and(O) traditionally(O) grows(O) better(O) than(O) summer(O) wheat(O) in(O) Ukraine(B-LOC) 's(O) soil(O) .(O)","Input: Planted in late summer and early autumn , the grain is Ukraine 's largest export item and traditionally grows better than summer wheat in Ukraine 's soil .
Output: Planted(O) in(O) late(O) summer(O) and(O) early(O) autumn(O) ,(O) the(O) grain(O) is(O) Ukraine(B-LOC) 's(O) largest(O) export(O) item(O) and(O) traditionally(O) grows(O) better(O) than(O) summer(O) wheat(O) in(O) Ukraine(B-LOC) 's(O) soil(O) .(O)"
4236,"['Eritrea' 'cut' 'diplomatic' 'ties' 'with' 'Sudan' 'in' '1994' ','
 'accusing' 'it' 'of' 'training' 'rebels' 'to' 'make' 'raids' 'into'
 'Eritrea' '.']","['B-LOC', 'O', 'O', 'O', 'O', 'B-LOC', 'O', 'O', 'O', 'O', 'O', 'O', 'O', 'O', 'O', 'O', 'O', 'O', 'B-LOC', 'O']","Eritrea cut diplomatic ties with Sudan in 1994 , accusing it of training rebels to make raids into Eritrea .","['Eritrea(B-LOC)', 'cut(O)', 'diplomatic(O)', 'ties(O)', 'with(O)', 'Sudan(B-LOC)', 'in(O)', '1994(O)', ',(O)', 'accusing(O)', 'it(O)', 'of(O)', 'training(O)', 'rebels(O)', 'to(O)', 'make(O)', 'raids(O)', 'into(O)', 'Eritrea(B-LOC)', '.(O)']","Eritrea(B-LOC) cut(O) diplomatic(O) ties(O) with(O) Sudan(B-LOC) in(O) 1994(O) ,(O) accusing(O) it(O) of(O) training(O) rebels(O) to(O) make(O) raids(O) into(O) Eritrea(B-LOC) .(O)","Input: Eritrea cut diplomatic ties with Sudan in 1994 , accusing it of training rebels to make raids into Eritrea .
Output: Eritrea(B-LOC) cut(O) diplomatic(O) ties(O) with(O) Sudan(B-LOC) in(O) 1994(O) ,(O) accusing(O) it(O) of(O) training(O) rebels(O) to(O) make(O) raids(O) into(O) Eritrea(B-LOC) .(O)"
10573,"['Pescara' ""'s"" 'Ottavio' 'Palladini' 'shattered' 'Parma' 'with' 'goals'
 'in' 'the' 'second' 'and' 'fourth' 'minutes' '.']","['B-ORG', 'O', 'B-PER', 'I-PER', 'O', 'B-ORG', 'O', 'O', 'O', 'O', 'O', 'O', 'O', 'O', 'O']",Pescara 's Ottavio Palladini shattered Parma with goals in the second and fourth minutes .,"['Pescara(B-ORG)', ""'s(O)"", 'Ottavio(B-PER)', 'Palladini(I-PER)', 'shattered(O)', 'Parma(B-ORG)', 'with(O)', 'goals(O)', 'in(O)', 'the(O)', 'second(O)', 'and(O)', 'fourth(O)', 'minutes(O)', '.(O)']",Pescara(B-ORG) 's(O) Ottavio(B-PER) Palladini(I-PER) shattered(O) Parma(B-ORG) with(O) goals(O) in(O) the(O) second(O) and(O) fourth(O) minutes(O) .(O),"Input: Pescara 's Ottavio Palladini shattered Parma with goals in the second and fourth minutes .
Output: Pescara(B-ORG) 's(O) Ottavio(B-PER) Palladini(I-PER) shattered(O) Parma(B-ORG) with(O) goals(O) in(O) the(O) second(O) and(O) fourth(O) minutes(O) .(O)"
3900,['Philadelphia' '7' 'SAN' 'DIEGO' '4'],"['B-ORG', 'O', 'B-ORG', 'I-ORG', 'O']",Philadelphia 7 SAN DIEGO 4,"['Philadelphia(B-ORG)', '7(O)', 'SAN(B-ORG)', 'DIEGO(I-ORG)', '4(O)']",Philadelphia(B-ORG) 7(O) SAN(B-ORG) DIEGO(I-ORG) 4(O),"Input: Philadelphia 7 SAN DIEGO 4
Output: Philadelphia(B-ORG) 7(O) SAN(B-ORG) DIEGO(I-ORG) 4(O)"
5146,['Results' 'of' 'Polish' 'first' 'division'],"['O', 'O', 'B-MISC', 'O', 'O']",Results of Polish first division,"['Results(O)', 'of(O)', 'Polish(B-MISC)', 'first(O)', 'division(O)']",Results(O) of(O) Polish(B-MISC) first(O) division(O),"Input: Results of Polish first division
Output: Results(O) of(O) Polish(B-MISC) first(O) division(O)"
171,"['Their' 'return' 'to' 'Afghanistan' 'will' 'take' 'place' 'in' 'two' 'or'
 'three' 'days' ',' '""' 'an' 'embassy' 'official' 'said' '.']","['O', 'O', 'O', 'B-LOC', 'O', 'O', 'O', 'O', 'O', 'O', 'O', 'O', 'O', 'O', 'O', 'O', 'O', 'O', 'O']","Their return to Afghanistan will take place in two or three days , "" an embassy official said .","['Their(O)', 'return(O)', 'to(O)', 'Afghanistan(B-LOC)', 'will(O)', 'take(O)', 'place(O)', 'in(O)', 'two(O)', 'or(O)', 'three(O)', 'days(O)', ',(O)', '""(O)', 'an(O)', 'embassy(O)', 'official(O)', 'said(O)', '.(O)']","Their(O) return(O) to(O) Afghanistan(B-LOC) will(O) take(O) place(O) in(O) two(O) or(O) three(O) days(O) ,(O) ""(O) an(O) embassy(O) official(O) said(O) .(O)","Input: Their return to Afghanistan will take place in two or three days , "" an embassy official said .
Output: Their(O) return(O) to(O) Afghanistan(B-LOC) will(O) take(O) place(O) in(O) two(O) or(O) three(O) days(O) ,(O) ""(O) an(O) embassy(O) official(O) said(O) .(O)"
2449,"['Men' ""'s"" '3,000' 'metres']","['O', 'O', 'O', 'O']","Men 's 3,000 metres","['Men(O)', ""'s(O)"", '3,000(O)', 'metres(O)']","Men(O) 's(O) 3,000(O) metres(O)","Input: Men 's 3,000 metres
Output: Men(O) 's(O) 3,000(O) metres(O)"
4890,['Bradford' '22' '17' '0' '5' '767' '409' '34'],"['B-ORG', 'O', 'O', 'O', 'O', 'O', 'O', 'O']",Bradford 22 17 0 5 767 409 34,"['Bradford(B-ORG)', '22(O)', '17(O)', '0(O)', '5(O)', '767(O)', '409(O)', '34(O)']",Bradford(B-ORG) 22(O) 17(O) 0(O) 5(O) 767(O) 409(O) 34(O),"Input: Bradford 22 17 0 5 767 409 34
Output: Bradford(B-ORG) 22(O) 17(O) 0(O) 5(O) 767(O) 409(O) 34(O)"
5337,['Detroit' '7' 'KANSAS' 'CITY' '4'],"['B-ORG', 'O', 'B-ORG', 'I-ORG', 'O']",Detroit 7 KANSAS CITY 4,"['Detroit(B-ORG)', '7(O)', 'KANSAS(B-ORG)', 'CITY(I-ORG)', '4(O)']",Detroit(B-ORG) 7(O) KANSAS(B-ORG) CITY(I-ORG) 4(O),"Input: Detroit 7 KANSAS CITY 4
Output: Detroit(B-ORG) 7(O) KANSAS(B-ORG) CITY(I-ORG) 4(O)"
8478,"['Petra' 'Langrova' '(' 'Czech' 'Republic' ')' 'beat' 'Karina' 'Adams' '('
 'U.S.' ')' '6-4' '6-2']","['B-PER', 'I-PER', 'O', 'B-LOC', 'I-LOC', 'O', 'O', 'B-PER', 'I-PER', 'O', 'B-LOC', 'O', 'O', 'O']",Petra Langrova ( Czech Republic ) beat Karina Adams ( U.S. ) 6-4 6-2,"['Petra(B-PER)', 'Langrova(I-PER)', '((O)', 'Czech(B-LOC)', 'Republic(I-LOC)', ')(O)', 'beat(O)', 'Karina(B-PER)', 'Adams(I-PER)', '((O)', 'U.S.(B-LOC)', ')(O)', '6-4(O)', '6-2(O)']",Petra(B-PER) Langrova(I-PER) ((O) Czech(B-LOC) Republic(I-LOC) )(O) beat(O) Karina(B-PER) Adams(I-PER) ((O) U.S.(B-LOC) )(O) 6-4(O) 6-2(O),"Input: Petra Langrova ( Czech Republic ) beat Karina Adams ( U.S. ) 6-4 6-2
Output: Petra(B-PER) Langrova(I-PER) ((O) Czech(B-LOC) Republic(I-LOC) )(O) beat(O) Karina(B-PER) Adams(I-PER) ((O) U.S.(B-LOC) )(O) 6-4(O) 6-2(O)"
8205,['Sheffield' 'United' '2' '0' '1' '1' '4' '5' '1'],"['B-ORG', 'I-ORG', 'O', 'O', 'O', 'O', 'O', 'O', 'O']",Sheffield United 2 0 1 1 4 5 1,"['Sheffield(B-ORG)', 'United(I-ORG)', '2(O)', '0(O)', '1(O)', '1(O)', '4(O)', '5(O)', '1(O)']",Sheffield(B-ORG) United(I-ORG) 2(O) 0(O) 1(O) 1(O) 4(O) 5(O) 1(O),"Input: Sheffield United 2 0 1 1 4 5 1
Output: Sheffield(B-ORG) United(I-ORG) 2(O) 0(O) 1(O) 1(O) 4(O) 5(O) 1(O)"
813,['MONTREAL' 'AT' 'SAN' 'FRANCISCO'],"['B-ORG', 'O', 'B-LOC', 'I-LOC']",MONTREAL AT SAN FRANCISCO,"['MONTREAL(B-ORG)', 'AT(O)', 'SAN(B-LOC)', 'FRANCISCO(I-LOC)']",MONTREAL(B-ORG) AT(O) SAN(B-LOC) FRANCISCO(I-LOC),"Input: MONTREAL AT SAN FRANCISCO
Output: MONTREAL(B-ORG) AT(O) SAN(B-LOC) FRANCISCO(I-LOC)"
5060,"['3' '-' 'Wayne' 'Ferreira' '(' 'South' 'Africa' ')' 'beat' 'Todd'
 'Woodbridge']","['O', 'O', 'B-PER', 'I-PER', 'O', 'B-LOC', 'I-LOC', 'O', 'O', 'B-PER', 'I-PER']",3 - Wayne Ferreira ( South Africa ) beat Todd Woodbridge,"['3(O)', '-(O)', 'Wayne(B-PER)', 'Ferreira(I-PER)', '((O)', 'South(B-LOC)', 'Africa(I-LOC)', ')(O)', 'beat(O)', 'Todd(B-PER)', 'Woodbridge(I-PER)']",3(O) -(O) Wayne(B-PER) Ferreira(I-PER) ((O) South(B-LOC) Africa(I-LOC) )(O) beat(O) Todd(B-PER) Woodbridge(I-PER),"Input: 3 - Wayne Ferreira ( South Africa ) beat Todd Woodbridge
Output: 3(O) -(O) Wayne(B-PER) Ferreira(I-PER) ((O) South(B-LOC) Africa(I-LOC) )(O) beat(O) Todd(B-PER) Woodbridge(I-PER)"
382,['Second' 'round'],"['O', 'O']",Second round,"['Second(O)', 'round(O)']",Second(O) round(O),"Input: Second round
Output: Second(O) round(O)"
873,"['He' 'allowed' 'two' 'runs' '--' 'one' 'earned' '--' 'and' 'lowered'
 'his' 'ERA' 'to' '2.99' '.']","['O', 'O', 'O', 'O', 'O', 'O', 'O', 'O', 'O', 'O', 'O', 'B-MISC', 'O', 'O', 'O']",He allowed two runs -- one earned -- and lowered his ERA to 2.99 .,"['He(O)', 'allowed(O)', 'two(O)', 'runs(O)', '--(O)', 'one(O)', 'earned(O)', '--(O)', 'and(O)', 'lowered(O)', 'his(O)', 'ERA(B-MISC)', 'to(O)', '2.99(O)', '.(O)']",He(O) allowed(O) two(O) runs(O) --(O) one(O) earned(O) --(O) and(O) lowered(O) his(O) ERA(B-MISC) to(O) 2.99(O) .(O),"Input: He allowed two runs -- one earned -- and lowered his ERA to 2.99 .
Output: He(O) allowed(O) two(O) runs(O) --(O) one(O) earned(O) --(O) and(O) lowered(O) his(O) ERA(B-MISC) to(O) 2.99(O) .(O)"
5578,['Lugano' '9' '1' '4' '4' '6' '15' '7'],"['B-ORG', 'O', 'O', 'O', 'O', 'O', 'O', 'O']",Lugano 9 1 4 4 6 15 7,"['Lugano(B-ORG)', '9(O)', '1(O)', '4(O)', '4(O)', '6(O)', '15(O)', '7(O)']",Lugano(B-ORG) 9(O) 1(O) 4(O) 4(O) 6(O) 15(O) 7(O),"Input: Lugano 9 1 4 4 6 15 7
Output: Lugano(B-ORG) 9(O) 1(O) 4(O) 4(O) 6(O) 15(O) 7(O)"
5644,['193' 'Ian' 'Woosnam' '64' '64' '65' '.'],"['O', 'B-PER', 'I-PER', 'O', 'O', 'O', 'O']",193 Ian Woosnam 64 64 65 .,"['193(O)', 'Ian(B-PER)', 'Woosnam(I-PER)', '64(O)', '64(O)', '65(O)', '.(O)']",193(O) Ian(B-PER) Woosnam(I-PER) 64(O) 64(O) 65(O) .(O),"Input: 193 Ian Woosnam 64 64 65 .
Output: 193(O) Ian(B-PER) Woosnam(I-PER) 64(O) 64(O) 65(O) .(O)"
3164,"['Dutch' 'PTT' 'earlier' 'on' 'Friday' 'repeated' 'a' 'forecast' 'it'
 'would' 'improve' 'on' '1995' ""'s"" '2.26' 'billion' 'guilder' 'net'
 'profit' 'for' 'the' 'whole' 'year' 'of' '1996' '.']","['B-ORG', 'I-ORG', 'O', 'O', 'O', 'O', 'O', 'O', 'O', 'O', 'O', 'O', 'O', 'O', 'O', 'O', 'O', 'O', 'O', 'O', 'O', 'O', 'O', 'O', 'O', 'O']",Dutch PTT earlier on Friday repeated a forecast it would improve on 1995 's 2.26 billion guilder net profit for the whole year of 1996 .,"['Dutch(B-ORG)', 'PTT(I-ORG)', 'earlier(O)', 'on(O)', 'Friday(O)', 'repeated(O)', 'a(O)', 'forecast(O)', 'it(O)', 'would(O)', 'improve(O)', 'on(O)', '1995(O)', ""'s(O)"", '2.26(O)', 'billion(O)', 'guilder(O)', 'net(O)', 'profit(O)', 'for(O)', 'the(O)', 'whole(O)', 'year(O)', 'of(O)', '1996(O)', '.(O)']",Dutch(B-ORG) PTT(I-ORG) earlier(O) on(O) Friday(O) repeated(O) a(O) forecast(O) it(O) would(O) improve(O) on(O) 1995(O) 's(O) 2.26(O) billion(O) guilder(O) net(O) profit(O) for(O) the(O) whole(O) year(O) of(O) 1996(O) .(O),"Input: Dutch PTT earlier on Friday repeated a forecast it would improve on 1995 's 2.26 billion guilder net profit for the whole year of 1996 .
Output: Dutch(B-ORG) PTT(I-ORG) earlier(O) on(O) Friday(O) repeated(O) a(O) forecast(O) it(O) would(O) improve(O) on(O) 1995(O) 's(O) 2.26(O) billion(O) guilder(O) net(O) profit(O) for(O) the(O) whole(O) year(O) of(O) 1996(O) .(O)"
13805,"['But' 'nothing' 'has' 'been' 'decided' 'as' 'they' 'are' 'still'
 'waiting' 'for' 'an' 'X-ray' 'machine' 'to' 'determine' 'the' 'problem'
 '.' '""']","['O', 'O', 'O', 'O', 'O', 'O', 'O', 'O', 'O', 'O', 'O', 'O', 'O', 'O', 'O', 'O', 'O', 'O', 'O', 'O']","But nothing has been decided as they are still waiting for an X-ray machine to determine the problem . ""","['But(O)', 'nothing(O)', 'has(O)', 'been(O)', 'decided(O)', 'as(O)', 'they(O)', 'are(O)', 'still(O)', 'waiting(O)', 'for(O)', 'an(O)', 'X-ray(O)', 'machine(O)', 'to(O)', 'determine(O)', 'the(O)', 'problem(O)', '.(O)', '""(O)']","But(O) nothing(O) has(O) been(O) decided(O) as(O) they(O) are(O) still(O) waiting(O) for(O) an(O) X-ray(O) machine(O) to(O) determine(O) the(O) problem(O) .(O) ""(O)","Input: But nothing has been decided as they are still waiting for an X-ray machine to determine the problem . ""
Output: But(O) nothing(O) has(O) been(O) decided(O) as(O) they(O) are(O) still(O) waiting(O) for(O) an(O) X-ray(O) machine(O) to(O) determine(O) the(O) problem(O) .(O) ""(O)"
4415,"['They' 'show' 'that' 'the' 'gendarmes' 'were' 'aware' 'that' 'Dutroux'
 'was' 'building' 'cells' 'in' 'some' 'of' 'his' 'houses' 'for' 'holding'
 'children' ',' 'yet' 'this' 'information' 'was' 'either' 'not' 'passed'
 'on' 'to' 'other' 'police' 'forces' 'searching' 'for' 'the' 'missing'
 'girls' 'or' 'was' 'overlooked' 'when' 'it' 'was' '.']","['O', 'O', 'O', 'O', 'O', 'O', 'O', 'O', 'B-PER', 'O', 'O', 'O', 'O', 'O', 'O', 'O', 'O', 'O', 'O', 'O', 'O', 'O', 'O', 'O', 'O', 'O', 'O', 'O', 'O', 'O', 'O', 'O', 'O', 'O', 'O', 'O', 'O', 'O', 'O', 'O', 'O', 'O', 'O', 'O', 'O']","They show that the gendarmes were aware that Dutroux was building cells in some of his houses for holding children , yet this information was either not passed on to other police forces searching for the missing girls or was overlooked when it was .","['They(O)', 'show(O)', 'that(O)', 'the(O)', 'gendarmes(O)', 'were(O)', 'aware(O)', 'that(O)', 'Dutroux(B-PER)', 'was(O)', 'building(O)', 'cells(O)', 'in(O)', 'some(O)', 'of(O)', 'his(O)', 'houses(O)', 'for(O)', 'holding(O)', 'children(O)', ',(O)', 'yet(O)', 'this(O)', 'information(O)', 'was(O)', 'either(O)', 'not(O)', 'passed(O)', 'on(O)', 'to(O)', 'other(O)', 'police(O)', 'forces(O)', 'searching(O)', 'for(O)', 'the(O)', 'missing(O)', 'girls(O)', 'or(O)', 'was(O)', 'overlooked(O)', 'when(O)', 'it(O)', 'was(O)', '.(O)']","They(O) show(O) that(O) the(O) gendarmes(O) were(O) aware(O) that(O) Dutroux(B-PER) was(O) building(O) cells(O) in(O) some(O) of(O) his(O) houses(O) for(O) holding(O) children(O) ,(O) yet(O) this(O) information(O) was(O) either(O) not(O) passed(O) on(O) to(O) other(O) police(O) forces(O) searching(O) for(O) the(O) missing(O) girls(O) or(O) was(O) overlooked(O) when(O) it(O) was(O) .(O)","Input: They show that the gendarmes were aware that Dutroux was building cells in some of his houses for holding children , yet this information was either not passed on to other police forces searching for the missing girls or was overlooked when it was .
Output: They(O) show(O) that(O) the(O) gendarmes(O) were(O) aware(O) that(O) Dutroux(B-PER) was(O) building(O) cells(O) in(O) some(O) of(O) his(O) houses(O) for(O) holding(O) children(O) ,(O) yet(O) this(O) information(O) was(O) either(O) not(O) passed(O) on(O) to(O) other(O) police(O) forces(O) searching(O) for(O) the(O) missing(O) girls(O) or(O) was(O) overlooked(O) when(O) it(O) was(O) .(O)"
11098,"['Sewa' 'said' 'the' 'rebels' 'overran' 'Foindu' 'despite' 'the'
 'presence' 'of' 'government' 'troops' 'in' 'the' 'village' 'on' 'the'
 'highway' 'between' 'Mano' 'Junction' 'and' 'the' 'diamond' 'town' 'of'
 'Tongo' 'Field' '.']","['B-PER', 'O', 'O', 'O', 'O', 'B-LOC', 'O', 'O', 'O', 'O', 'O', 'O', 'O', 'O', 'O', 'O', 'O', 'O', 'O', 'B-LOC', 'I-LOC', 'O', 'O', 'O', 'O', 'O', 'B-LOC', 'I-LOC', 'O']",Sewa said the rebels overran Foindu despite the presence of government troops in the village on the highway between Mano Junction and the diamond town of Tongo Field .,"['Sewa(B-PER)', 'said(O)', 'the(O)', 'rebels(O)', 'overran(O)', 'Foindu(B-LOC)', 'despite(O)', 'the(O)', 'presence(O)', 'of(O)', 'government(O)', 'troops(O)', 'in(O)', 'the(O)', 'village(O)', 'on(O)', 'the(O)', 'highway(O)', 'between(O)', 'Mano(B-LOC)', 'Junction(I-LOC)', 'and(O)', 'the(O)', 'diamond(O)', 'town(O)', 'of(O)', 'Tongo(B-LOC)', 'Field(I-LOC)', '.(O)']",Sewa(B-PER) said(O) the(O) rebels(O) overran(O) Foindu(B-LOC) despite(O) the(O) presence(O) of(O) government(O) troops(O) in(O) the(O) village(O) on(O) the(O) highway(O) between(O) Mano(B-LOC) Junction(I-LOC) and(O) the(O) diamond(O) town(O) of(O) Tongo(B-LOC) Field(I-LOC) .(O),"Input: Sewa said the rebels overran Foindu despite the presence of government troops in the village on the highway between Mano Junction and the diamond town of Tongo Field .
Output: Sewa(B-PER) said(O) the(O) rebels(O) overran(O) Foindu(B-LOC) despite(O) the(O) presence(O) of(O) government(O) troops(O) in(O) the(O) village(O) on(O) the(O) highway(O) between(O) Mano(B-LOC) Junction(I-LOC) and(O) the(O) diamond(O) town(O) of(O) Tongo(B-LOC) Field(I-LOC) .(O)"
9977,['2.' 'Letitia' 'Vriesde' '(' 'Surinam' ')' '2:00.39'],"['O', 'B-PER', 'I-PER', 'O', 'B-LOC', 'O', 'O']",2. Letitia Vriesde ( Surinam ) 2:00.39,"['2.(O)', 'Letitia(B-PER)', 'Vriesde(I-PER)', '((O)', 'Surinam(B-LOC)', ')(O)', '2:00.39(O)']",2.(O) Letitia(B-PER) Vriesde(I-PER) ((O) Surinam(B-LOC) )(O) 2:00.39(O),"Input: 2. Letitia Vriesde ( Surinam ) 2:00.39
Output: 2.(O) Letitia(B-PER) Vriesde(I-PER) ((O) Surinam(B-LOC) )(O) 2:00.39(O)"
6233,"['Nor' 'was' 'Implats' 'the' 'only' 'operation' 'to' 'fail' 'output'
 'targets' '.']","['O', 'O', 'B-ORG', 'O', 'O', 'O', 'O', 'O', 'O', 'O', 'O']",Nor was Implats the only operation to fail output targets .,"['Nor(O)', 'was(O)', 'Implats(B-ORG)', 'the(O)', 'only(O)', 'operation(O)', 'to(O)', 'fail(O)', 'output(O)', 'targets(O)', '.(O)']",Nor(O) was(O) Implats(B-ORG) the(O) only(O) operation(O) to(O) fail(O) output(O) targets(O) .(O),"Input: Nor was Implats the only operation to fail output targets .
Output: Nor(O) was(O) Implats(B-ORG) the(O) only(O) operation(O) to(O) fail(O) output(O) targets(O) .(O)"
8146,['Tuesday' '.'],"['O', 'O']",Tuesday .,"['Tuesday(O)', '.(O)']",Tuesday(O) .(O),"Input: Tuesday .
Output: Tuesday(O) .(O)"
11978,"['Shanghai-Ek' 'Chor' 'Motorcycle' 'Co' ',' 'a' 'Sino-Thai' 'joint'
 'venture' ',' 'opened' 'a' 'new' 'plant' 'to' 'produce' 'gasoline'
 'engines' 'in' 'the' 'Pudong' 'New' 'Area' 'of' 'Shanghai' ',' 'the'
 'Xinhua' 'news' 'agency' 'reported' 'on' 'Wednesday' '.']","['B-ORG', 'I-ORG', 'I-ORG', 'I-ORG', 'O', 'O', 'B-ORG', 'O', 'O', 'O', 'O', 'O', 'O', 'O', 'O', 'O', 'O', 'O', 'O', 'O', 'B-LOC', 'I-LOC', 'I-LOC', 'O', 'B-LOC', 'O', 'O', 'B-ORG', 'O', 'O', 'O', 'O', 'O', 'O']","Shanghai-Ek Chor Motorcycle Co , a Sino-Thai joint venture , opened a new plant to produce gasoline engines in the Pudong New Area of Shanghai , the Xinhua news agency reported on Wednesday .","['Shanghai-Ek(B-ORG)', 'Chor(I-ORG)', 'Motorcycle(I-ORG)', 'Co(I-ORG)', ',(O)', 'a(O)', 'Sino-Thai(B-ORG)', 'joint(O)', 'venture(O)', ',(O)', 'opened(O)', 'a(O)', 'new(O)', 'plant(O)', 'to(O)', 'produce(O)', 'gasoline(O)', 'engines(O)', 'in(O)', 'the(O)', 'Pudong(B-LOC)', 'New(I-LOC)', 'Area(I-LOC)', 'of(O)', 'Shanghai(B-LOC)', ',(O)', 'the(O)', 'Xinhua(B-ORG)', 'news(O)', 'agency(O)', 'reported(O)', 'on(O)', 'Wednesday(O)', '.(O)']","Shanghai-Ek(B-ORG) Chor(I-ORG) Motorcycle(I-ORG) Co(I-ORG) ,(O) a(O) Sino-Thai(B-ORG) joint(O) venture(O) ,(O) opened(O) a(O) new(O) plant(O) to(O) produce(O) gasoline(O) engines(O) in(O) the(O) Pudong(B-LOC) New(I-LOC) Area(I-LOC) of(O) Shanghai(B-LOC) ,(O) the(O) Xinhua(B-ORG) news(O) agency(O) reported(O) on(O) Wednesday(O) .(O)","Input: Shanghai-Ek Chor Motorcycle Co , a Sino-Thai joint venture , opened a new plant to produce gasoline engines in the Pudong New Area of Shanghai , the Xinhua news agency reported on Wednesday .
Output: Shanghai-Ek(B-ORG) Chor(I-ORG) Motorcycle(I-ORG) Co(I-ORG) ,(O) a(O) Sino-Thai(B-ORG) joint(O) venture(O) ,(O) opened(O) a(O) new(O) plant(O) to(O) produce(O) gasoline(O) engines(O) in(O) the(O) Pudong(B-LOC) New(I-LOC) Area(I-LOC) of(O) Shanghai(B-LOC) ,(O) the(O) Xinhua(B-ORG) news(O) agency(O) reported(O) on(O) Wednesday(O) .(O)"
2470,['3.' 'Brian' 'Wellman' '(' 'Bermuda' ')' '17.05'],"['O', 'B-PER', 'I-PER', 'O', 'B-LOC', 'O', 'O']",3. Brian Wellman ( Bermuda ) 17.05,"['3.(O)', 'Brian(B-PER)', 'Wellman(I-PER)', '((O)', 'Bermuda(B-LOC)', ')(O)', '17.05(O)']",3.(O) Brian(B-PER) Wellman(I-PER) ((O) Bermuda(B-LOC) )(O) 17.05(O),"Input: 3. Brian Wellman ( Bermuda ) 17.05
Output: 3.(O) Brian(B-PER) Wellman(I-PER) ((O) Bermuda(B-LOC) )(O) 17.05(O)"
9188,"['Hong' 'Kong' ',' 'a' 'British' 'colony' ',' 'reverts' 'to' 'Chinese'
 'control' 'next' 'year' 'but' 'will' 'remain' 'sealed' 'off' 'from' 'the'
 'mainland' 'except' 'to' 'a' 'tiny' 'trickle' 'of' 'legal' 'immigrants'
 'and' 'people' 'with' 'special' 'visit' 'permits' '.']","['B-LOC', 'I-LOC', 'O', 'O', 'B-MISC', 'O', 'O', 'O', 'O', 'B-MISC', 'O', 'O', 'O', 'O', 'O', 'O', 'O', 'O', 'O', 'O', 'O', 'O', 'O', 'O', 'O', 'O', 'O', 'O', 'O', 'O', 'O', 'O', 'O', 'O', 'O', 'O']","Hong Kong , a British colony , reverts to Chinese control next year but will remain sealed off from the mainland except to a tiny trickle of legal immigrants and people with special visit permits .","['Hong(B-LOC)', 'Kong(I-LOC)', ',(O)', 'a(O)', 'British(B-MISC)', 'colony(O)', ',(O)', 'reverts(O)', 'to(O)', 'Chinese(B-MISC)', 'control(O)', 'next(O)', 'year(O)', 'but(O)', 'will(O)', 'remain(O)', 'sealed(O)', 'off(O)', 'from(O)', 'the(O)', 'mainland(O)', 'except(O)', 'to(O)', 'a(O)', 'tiny(O)', 'trickle(O)', 'of(O)', 'legal(O)', 'immigrants(O)', 'and(O)', 'people(O)', 'with(O)', 'special(O)', 'visit(O)', 'permits(O)', '.(O)']","Hong(B-LOC) Kong(I-LOC) ,(O) a(O) British(B-MISC) colony(O) ,(O) reverts(O) to(O) Chinese(B-MISC) control(O) next(O) year(O) but(O) will(O) remain(O) sealed(O) off(O) from(O) the(O) mainland(O) except(O) to(O) a(O) tiny(O) trickle(O) of(O) legal(O) immigrants(O) and(O) people(O) with(O) special(O) visit(O) permits(O) .(O)","Input: Hong Kong , a British colony , reverts to Chinese control next year but will remain sealed off from the mainland except to a tiny trickle of legal immigrants and people with special visit permits .
Output: Hong(B-LOC) Kong(I-LOC) ,(O) a(O) British(B-MISC) colony(O) ,(O) reverts(O) to(O) Chinese(B-MISC) control(O) next(O) year(O) but(O) will(O) remain(O) sealed(O) off(O) from(O) the(O) mainland(O) except(O) to(O) a(O) tiny(O) trickle(O) of(O) legal(O) immigrants(O) and(O) people(O) with(O) special(O) visit(O) permits(O) .(O)"
234,"['The' 'company' 'said' 'that' 'during' 'the' 'quarter' ',' 'which'
 'began' 'June' '1' ',' 'it' 'bought' '$' '30' 'million' 'par' 'value'
 'of' 'its' 'outstanding' '10-3/8' 'percent' 'senior' 'notes' 'due' '2001'
 '.']","['O', 'O', 'O', 'O', 'O', 'O', 'O', 'O', 'O', 'O', 'O', 'O', 'O', 'O', 'O', 'O', 'O', 'O', 'O', 'O', 'O', 'O', 'O', 'O', 'O', 'O', 'O', 'O', 'O', 'O']","The company said that during the quarter , which began June 1 , it bought $ 30 million par value of its outstanding 10-3/8 percent senior notes due 2001 .","['The(O)', 'company(O)', 'said(O)', 'that(O)', 'during(O)', 'the(O)', 'quarter(O)', ',(O)', 'which(O)', 'began(O)', 'June(O)', '1(O)', ',(O)', 'it(O)', 'bought(O)', '$(O)', '30(O)', 'million(O)', 'par(O)', 'value(O)', 'of(O)', 'its(O)', 'outstanding(O)', '10-3/8(O)', 'percent(O)', 'senior(O)', 'notes(O)', 'due(O)', '2001(O)', '.(O)']","The(O) company(O) said(O) that(O) during(O) the(O) quarter(O) ,(O) which(O) began(O) June(O) 1(O) ,(O) it(O) bought(O) $(O) 30(O) million(O) par(O) value(O) of(O) its(O) outstanding(O) 10-3/8(O) percent(O) senior(O) notes(O) due(O) 2001(O) .(O)","Input: The company said that during the quarter , which began June 1 , it bought $ 30 million par value of its outstanding 10-3/8 percent senior notes due 2001 .
Output: The(O) company(O) said(O) that(O) during(O) the(O) quarter(O) ,(O) which(O) began(O) June(O) 1(O) ,(O) it(O) bought(O) $(O) 30(O) million(O) par(O) value(O) of(O) its(O) outstanding(O) 10-3/8(O) percent(O) senior(O) notes(O) due(O) 2001(O) .(O)"
12576,"['In' 'Toronto' ',' 'Pat' 'Hentgen' 'tossed' 'a' 'five-hitter' 'for' 'his'
 'fifth' 'consecutive' 'complete' 'game' 'and' 'three' 'players' 'drove'
 'in' 'two' 'runs' 'apiece' 'as' 'the' 'Toronto' 'Blue' 'Jays' 'defeated'
 'the' 'Minnesota' 'Twins' '6-1' 'for' 'their' 'ninth' 'win' 'in' '11'
 'games' '.']","['O', 'B-LOC', 'O', 'B-PER', 'I-PER', 'O', 'O', 'O', 'O', 'O', 'O', 'O', 'O', 'O', 'O', 'O', 'O', 'O', 'O', 'O', 'O', 'O', 'O', 'O', 'B-ORG', 'I-ORG', 'I-ORG', 'O', 'O', 'B-ORG', 'I-ORG', 'O', 'O', 'O', 'O', 'O', 'O', 'O', 'O', 'O']","In Toronto , Pat Hentgen tossed a five-hitter for his fifth consecutive complete game and three players drove in two runs apiece as the Toronto Blue Jays defeated the Minnesota Twins 6-1 for their ninth win in 11 games .","['In(O)', 'Toronto(B-LOC)', ',(O)', 'Pat(B-PER)', 'Hentgen(I-PER)', 'tossed(O)', 'a(O)', 'five-hitter(O)', 'for(O)', 'his(O)', 'fifth(O)', 'consecutive(O)', 'complete(O)', 'game(O)', 'and(O)', 'three(O)', 'players(O)', 'drove(O)', 'in(O)', 'two(O)', 'runs(O)', 'apiece(O)', 'as(O)', 'the(O)', 'Toronto(B-ORG)', 'Blue(I-ORG)', 'Jays(I-ORG)', 'defeated(O)', 'the(O)', 'Minnesota(B-ORG)', 'Twins(I-ORG)', '6-1(O)', 'for(O)', 'their(O)', 'ninth(O)', 'win(O)', 'in(O)', '11(O)', 'games(O)', '.(O)']","In(O) Toronto(B-LOC) ,(O) Pat(B-PER) Hentgen(I-PER) tossed(O) a(O) five-hitter(O) for(O) his(O) fifth(O) consecutive(O) complete(O) game(O) and(O) three(O) players(O) drove(O) in(O) two(O) runs(O) apiece(O) as(O) the(O) Toronto(B-ORG) Blue(I-ORG) Jays(I-ORG) defeated(O) the(O) Minnesota(B-ORG) Twins(I-ORG) 6-1(O) for(O) their(O) ninth(O) win(O) in(O) 11(O) games(O) .(O)","Input: In Toronto , Pat Hentgen tossed a five-hitter for his fifth consecutive complete game and three players drove in two runs apiece as the Toronto Blue Jays defeated the Minnesota Twins 6-1 for their ninth win in 11 games .
Output: In(O) Toronto(B-LOC) ,(O) Pat(B-PER) Hentgen(I-PER) tossed(O) a(O) five-hitter(O) for(O) his(O) fifth(O) consecutive(O) complete(O) game(O) and(O) three(O) players(O) drove(O) in(O) two(O) runs(O) apiece(O) as(O) the(O) Toronto(B-ORG) Blue(I-ORG) Jays(I-ORG) defeated(O) the(O) Minnesota(B-ORG) Twins(I-ORG) 6-1(O) for(O) their(O) ninth(O) win(O) in(O) 11(O) games(O) .(O)"
12279,"['Women' ""'s"" 'world' 'sprint' 'championship' 'quarter-finals' '(' 'best'
 'of']","['O', 'O', 'O', 'O', 'O', 'O', 'O', 'O', 'O']",Women 's world sprint championship quarter-finals ( best of,"['Women(O)', ""'s(O)"", 'world(O)', 'sprint(O)', 'championship(O)', 'quarter-finals(O)', '((O)', 'best(O)', 'of(O)']",Women(O) 's(O) world(O) sprint(O) championship(O) quarter-finals(O) ((O) best(O) of(O),"Input: Women 's world sprint championship quarter-finals ( best of
Output: Women(O) 's(O) world(O) sprint(O) championship(O) quarter-finals(O) ((O) best(O) of(O)"
149,"['One-month' 'interbank' 'deposits' 'were' 'at' '5-1/2' ',' '3/8'
 'percent' ',' 'three' 'months' 'were' '5-5/8' ',' '1/2' 'percent' 'and'
 'six' 'months' 'were' '5-3/4' ',' '5/8' 'percent' '.']","['B-MISC', 'O', 'O', 'O', 'O', 'O', 'O', 'O', 'O', 'O', 'O', 'O', 'O', 'O', 'O', 'O', 'O', 'O', 'O', 'O', 'O', 'O', 'O', 'O', 'O', 'O']","One-month interbank deposits were at 5-1/2 , 3/8 percent , three months were 5-5/8 , 1/2 percent and six months were 5-3/4 , 5/8 percent .","['One-month(B-MISC)', 'interbank(O)', 'deposits(O)', 'were(O)', 'at(O)', '5-1/2(O)', ',(O)', '3/8(O)', 'percent(O)', ',(O)', 'three(O)', 'months(O)', 'were(O)', '5-5/8(O)', ',(O)', '1/2(O)', 'percent(O)', 'and(O)', 'six(O)', 'months(O)', 'were(O)', '5-3/4(O)', ',(O)', '5/8(O)', 'percent(O)', '.(O)']","One-month(B-MISC) interbank(O) deposits(O) were(O) at(O) 5-1/2(O) ,(O) 3/8(O) percent(O) ,(O) three(O) months(O) were(O) 5-5/8(O) ,(O) 1/2(O) percent(O) and(O) six(O) months(O) were(O) 5-3/4(O) ,(O) 5/8(O) percent(O) .(O)","Input: One-month interbank deposits were at 5-1/2 , 3/8 percent , three months were 5-5/8 , 1/2 percent and six months were 5-3/4 , 5/8 percent .
Output: One-month(B-MISC) interbank(O) deposits(O) were(O) at(O) 5-1/2(O) ,(O) 3/8(O) percent(O) ,(O) three(O) months(O) were(O) 5-5/8(O) ,(O) 1/2(O) percent(O) and(O) six(O) months(O) were(O) 5-3/4(O) ,(O) 5/8(O) percent(O) .(O)"
7214,"['Bowling' ':' 'Streak' '10-1-50-1' '(' '2w' ',' '2nb' ')' ',' 'Brandes'
 '10-1-47-2' '(' '1w' ')' ',']","['O', 'O', 'B-PER', 'O', 'O', 'O', 'O', 'O', 'O', 'O', 'B-PER', 'O', 'O', 'O', 'O', 'O']","Bowling : Streak 10-1-50-1 ( 2w , 2nb ) , Brandes 10-1-47-2 ( 1w ) ,","['Bowling(O)', ':(O)', 'Streak(B-PER)', '10-1-50-1(O)', '((O)', '2w(O)', ',(O)', '2nb(O)', ')(O)', ',(O)', 'Brandes(B-PER)', '10-1-47-2(O)', '((O)', '1w(O)', ')(O)', ',(O)']","Bowling(O) :(O) Streak(B-PER) 10-1-50-1(O) ((O) 2w(O) ,(O) 2nb(O) )(O) ,(O) Brandes(B-PER) 10-1-47-2(O) ((O) 1w(O) )(O) ,(O)","Input: Bowling : Streak 10-1-50-1 ( 2w , 2nb ) , Brandes 10-1-47-2 ( 1w ) ,
Output: Bowling(O) :(O) Streak(B-PER) 10-1-50-1(O) ((O) 2w(O) ,(O) 2nb(O) )(O) ,(O) Brandes(B-PER) 10-1-47-2(O) ((O) 1w(O) )(O) ,(O)"
4428,"['An' 'estimated' '50,000' 'Algerians' 'and' 'more' 'than' '110'
 'foreigners' 'have' 'been' 'killed' 'in' 'violence' 'pitting' 'Moslem'
 'rebels' 'against' 'government' 'forces' 'since' 'early' '1992' ','
 'when' 'the' 'authorities' 'cancelled' 'a' 'general' 'election' 'in'
 'which' 'radical' 'Islamists' 'had' 'taken' 'a' 'commanding' 'lead' '.']","['O', 'O', 'O', 'B-MISC', 'O', 'O', 'O', 'O', 'O', 'O', 'O', 'O', 'O', 'O', 'O', 'B-MISC', 'O', 'O', 'O', 'O', 'O', 'O', 'O', 'O', 'O', 'O', 'O', 'O', 'O', 'O', 'O', 'O', 'O', 'O', 'B-MISC', 'O', 'O', 'O', 'O', 'O', 'O']","An estimated 50,000 Algerians and more than 110 foreigners have been killed in violence pitting Moslem rebels against government forces since early 1992 , when the authorities cancelled a general election in which radical Islamists had taken a commanding lead .","['An(O)', 'estimated(O)', '50,000(O)', 'Algerians(B-MISC)', 'and(O)', 'more(O)', 'than(O)', '110(O)', 'foreigners(O)', 'have(O)', 'been(O)', 'killed(O)', 'in(O)', 'violence(O)', 'pitting(O)', 'Moslem(B-MISC)', 'rebels(O)', 'against(O)', 'government(O)', 'forces(O)', 'since(O)', 'early(O)', '1992(O)', ',(O)', 'when(O)', 'the(O)', 'authorities(O)', 'cancelled(O)', 'a(O)', 'general(O)', 'election(O)', 'in(O)', 'which(O)', 'radical(O)', 'Islamists(B-MISC)', 'had(O)', 'taken(O)', 'a(O)', 'commanding(O)', 'lead(O)', '.(O)']","An(O) estimated(O) 50,000(O) Algerians(B-MISC) and(O) more(O) than(O) 110(O) foreigners(O) have(O) been(O) killed(O) in(O) violence(O) pitting(O) Moslem(B-MISC) rebels(O) against(O) government(O) forces(O) since(O) early(O) 1992(O) ,(O) when(O) the(O) authorities(O) cancelled(O) a(O) general(O) election(O) in(O) which(O) radical(O) Islamists(B-MISC) had(O) taken(O) a(O) commanding(O) lead(O) .(O)","Input: An estimated 50,000 Algerians and more than 110 foreigners have been killed in violence pitting Moslem rebels against government forces since early 1992 , when the authorities cancelled a general election in which radical Islamists had taken a commanding lead .
Output: An(O) estimated(O) 50,000(O) Algerians(B-MISC) and(O) more(O) than(O) 110(O) foreigners(O) have(O) been(O) killed(O) in(O) violence(O) pitting(O) Moslem(B-MISC) rebels(O) against(O) government(O) forces(O) since(O) early(O) 1992(O) ,(O) when(O) the(O) authorities(O) cancelled(O) a(O) general(O) election(O) in(O) which(O) radical(O) Islamists(B-MISC) had(O) taken(O) a(O) commanding(O) lead(O) .(O)"
4060,['0-1' '.'],"['O', 'O']",0-1 .,"['0-1(O)', '.(O)']",0-1(O) .(O),"Input: 0-1 .
Output: 0-1(O) .(O)"
9226,"['Tony' 'Hall' 'of' 'Ohio' 'said' 'he' 'and' 'other' 'Democrats' 'who'
 'opposed' 'abortion' 'had' 'always' 'felt' 'left' 'out' 'in' 'their'
 'own' 'party' '.']","['B-PER', 'I-PER', 'O', 'B-LOC', 'O', 'O', 'O', 'O', 'B-MISC', 'O', 'O', 'O', 'O', 'O', 'O', 'O', 'O', 'O', 'O', 'O', 'O', 'O']",Tony Hall of Ohio said he and other Democrats who opposed abortion had always felt left out in their own party .,"['Tony(B-PER)', 'Hall(I-PER)', 'of(O)', 'Ohio(B-LOC)', 'said(O)', 'he(O)', 'and(O)', 'other(O)', 'Democrats(B-MISC)', 'who(O)', 'opposed(O)', 'abortion(O)', 'had(O)', 'always(O)', 'felt(O)', 'left(O)', 'out(O)', 'in(O)', 'their(O)', 'own(O)', 'party(O)', '.(O)']",Tony(B-PER) Hall(I-PER) of(O) Ohio(B-LOC) said(O) he(O) and(O) other(O) Democrats(B-MISC) who(O) opposed(O) abortion(O) had(O) always(O) felt(O) left(O) out(O) in(O) their(O) own(O) party(O) .(O),"Input: Tony Hall of Ohio said he and other Democrats who opposed abortion had always felt left out in their own party .
Output: Tony(B-PER) Hall(I-PER) of(O) Ohio(B-LOC) said(O) he(O) and(O) other(O) Democrats(B-MISC) who(O) opposed(O) abortion(O) had(O) always(O) felt(O) left(O) out(O) in(O) their(O) own(O) party(O) .(O)"
13188,['--' 'Paris' 'newsroom' '+331' '4221' '5432'],"['O', 'B-LOC', 'O', 'O', 'O', 'O']",-- Paris newsroom +331 4221 5432,"['--(O)', 'Paris(B-LOC)', 'newsroom(O)', '+331(O)', '4221(O)', '5432(O)']",--(O) Paris(B-LOC) newsroom(O) +331(O) 4221(O) 5432(O),"Input: -- Paris newsroom +331 4221 5432
Output: --(O) Paris(B-LOC) newsroom(O) +331(O) 4221(O) 5432(O)"
9100,"['The' 'farm' 'is' 'in' 'the' 'border' 'region' 'where' 'a' 'German'
 'tourist' 'and' 'a' 'Swiss' 'tour' 'guide' 'were' 'kidnapped' 'last'
 'New' 'Year' ""'s"" 'Eve' 'by' 'a' 'heavily' 'armed' 'band' 'led' 'by' 'a'
 'former' 'Nicaraguan' 'guerrilla' '.']","['O', 'O', 'O', 'O', 'O', 'O', 'O', 'O', 'O', 'B-MISC', 'O', 'O', 'O', 'B-MISC', 'O', 'O', 'O', 'O', 'O', 'O', 'O', 'O', 'O', 'O', 'O', 'O', 'O', 'O', 'O', 'O', 'O', 'O', 'B-MISC', 'O', 'O']",The farm is in the border region where a German tourist and a Swiss tour guide were kidnapped last New Year 's Eve by a heavily armed band led by a former Nicaraguan guerrilla .,"['The(O)', 'farm(O)', 'is(O)', 'in(O)', 'the(O)', 'border(O)', 'region(O)', 'where(O)', 'a(O)', 'German(B-MISC)', 'tourist(O)', 'and(O)', 'a(O)', 'Swiss(B-MISC)', 'tour(O)', 'guide(O)', 'were(O)', 'kidnapped(O)', 'last(O)', 'New(O)', 'Year(O)', ""'s(O)"", 'Eve(O)', 'by(O)', 'a(O)', 'heavily(O)', 'armed(O)', 'band(O)', 'led(O)', 'by(O)', 'a(O)', 'former(O)', 'Nicaraguan(B-MISC)', 'guerrilla(O)', '.(O)']",The(O) farm(O) is(O) in(O) the(O) border(O) region(O) where(O) a(O) German(B-MISC) tourist(O) and(O) a(O) Swiss(B-MISC) tour(O) guide(O) were(O) kidnapped(O) last(O) New(O) Year(O) 's(O) Eve(O) by(O) a(O) heavily(O) armed(O) band(O) led(O) by(O) a(O) former(O) Nicaraguan(B-MISC) guerrilla(O) .(O),"Input: The farm is in the border region where a German tourist and a Swiss tour guide were kidnapped last New Year 's Eve by a heavily armed band led by a former Nicaraguan guerrilla .
Output: The(O) farm(O) is(O) in(O) the(O) border(O) region(O) where(O) a(O) German(B-MISC) tourist(O) and(O) a(O) Swiss(B-MISC) tour(O) guide(O) were(O) kidnapped(O) last(O) New(O) Year(O) 's(O) Eve(O) by(O) a(O) heavily(O) armed(O) band(O) led(O) by(O) a(O) former(O) Nicaraguan(B-MISC) guerrilla(O) .(O)"
3793,['Wisla' 'Krakow' '1' 'Gornik' 'Zabrze' '0'],"['B-ORG', 'I-ORG', 'O', 'B-ORG', 'I-ORG', 'O']",Wisla Krakow 1 Gornik Zabrze 0,"['Wisla(B-ORG)', 'Krakow(I-ORG)', '1(O)', 'Gornik(B-ORG)', 'Zabrze(I-ORG)', '0(O)']",Wisla(B-ORG) Krakow(I-ORG) 1(O) Gornik(B-ORG) Zabrze(I-ORG) 0(O),"Input: Wisla Krakow 1 Gornik Zabrze 0
Output: Wisla(B-ORG) Krakow(I-ORG) 1(O) Gornik(B-ORG) Zabrze(I-ORG) 0(O)"
13250,"['More' 'than' 'a' 'dozen' 'people' ',' 'including' 'several' 'police'
 'who' 'were' 'working' 'undercover' ',' 'were' 'wounded' 'in' 'the'
 'attack' '.']","['O', 'O', 'O', 'O', 'O', 'O', 'O', 'O', 'O', 'O', 'O', 'O', 'O', 'O', 'O', 'O', 'O', 'O', 'O', 'O']","More than a dozen people , including several police who were working undercover , were wounded in the attack .","['More(O)', 'than(O)', 'a(O)', 'dozen(O)', 'people(O)', ',(O)', 'including(O)', 'several(O)', 'police(O)', 'who(O)', 'were(O)', 'working(O)', 'undercover(O)', ',(O)', 'were(O)', 'wounded(O)', 'in(O)', 'the(O)', 'attack(O)', '.(O)']","More(O) than(O) a(O) dozen(O) people(O) ,(O) including(O) several(O) police(O) who(O) were(O) working(O) undercover(O) ,(O) were(O) wounded(O) in(O) the(O) attack(O) .(O)","Input: More than a dozen people , including several police who were working undercover , were wounded in the attack .
Output: More(O) than(O) a(O) dozen(O) people(O) ,(O) including(O) several(O) police(O) who(O) were(O) working(O) undercover(O) ,(O) were(O) wounded(O) in(O) the(O) attack(O) .(O)"
4565,['2.' 'Peter' 'Johansson' '(' 'Sweden' ')' 'Husqvarna'],"['O', 'B-PER', 'I-PER', 'O', 'B-LOC', 'O', 'B-ORG']",2. Peter Johansson ( Sweden ) Husqvarna,"['2.(O)', 'Peter(B-PER)', 'Johansson(I-PER)', '((O)', 'Sweden(B-LOC)', ')(O)', 'Husqvarna(B-ORG)']",2.(O) Peter(B-PER) Johansson(I-PER) ((O) Sweden(B-LOC) )(O) Husqvarna(B-ORG),"Input: 2. Peter Johansson ( Sweden ) Husqvarna
Output: 2.(O) Peter(B-PER) Johansson(I-PER) ((O) Sweden(B-LOC) )(O) Husqvarna(B-ORG)"
10184,['Swindon' '3' '1' '1' '1' '2' '3' '4'],"['B-ORG', 'O', 'O', 'O', 'O', 'O', 'O', 'O']",Swindon 3 1 1 1 2 3 4,"['Swindon(B-ORG)', '3(O)', '1(O)', '1(O)', '1(O)', '2(O)', '3(O)', '4(O)']",Swindon(B-ORG) 3(O) 1(O) 1(O) 1(O) 2(O) 3(O) 4(O),"Input: Swindon 3 1 1 1 2 3 4
Output: Swindon(B-ORG) 3(O) 1(O) 1(O) 1(O) 2(O) 3(O) 4(O)"
10454,['BOSTON' 'AT' 'CALIFORNIA'],"['B-ORG', 'O', 'B-LOC']",BOSTON AT CALIFORNIA,"['BOSTON(B-ORG)', 'AT(O)', 'CALIFORNIA(B-LOC)']",BOSTON(B-ORG) AT(O) CALIFORNIA(B-LOC),"Input: BOSTON AT CALIFORNIA
Output: BOSTON(B-ORG) AT(O) CALIFORNIA(B-LOC)"
2285,"['Smyth' '(' 'Ireland' ')' '66' '69' ',' 'David' 'Carter' '66' '69' ','
 'Steve' 'Webster']","['B-PER', 'O', 'B-LOC', 'O', 'O', 'O', 'O', 'B-PER', 'I-PER', 'O', 'O', 'O', 'B-PER', 'I-PER']","Smyth ( Ireland ) 66 69 , David Carter 66 69 , Steve Webster","['Smyth(B-PER)', '((O)', 'Ireland(B-LOC)', ')(O)', '66(O)', '69(O)', ',(O)', 'David(B-PER)', 'Carter(I-PER)', '66(O)', '69(O)', ',(O)', 'Steve(B-PER)', 'Webster(I-PER)']","Smyth(B-PER) ((O) Ireland(B-LOC) )(O) 66(O) 69(O) ,(O) David(B-PER) Carter(I-PER) 66(O) 69(O) ,(O) Steve(B-PER) Webster(I-PER)","Input: Smyth ( Ireland ) 66 69 , David Carter 66 69 , Steve Webster
Output: Smyth(B-PER) ((O) Ireland(B-LOC) )(O) 66(O) 69(O) ,(O) David(B-PER) Carter(I-PER) 66(O) 69(O) ,(O) Steve(B-PER) Webster(I-PER)"
4245,"['Acting' 'Socialist' 'leader' 'Servet' 'Pellumbi' 'has' 'said' 'he' 'too'
 'will' 'urge' 'the' 'party' 'to' 'scrap' 'the' 'ideas' 'of' 'Karl' 'Marx'
 'at' 'the' 'congress' '.']","['O', 'O', 'O', 'B-PER', 'I-PER', 'O', 'O', 'O', 'O', 'O', 'O', 'O', 'O', 'O', 'O', 'O', 'O', 'O', 'B-PER', 'I-PER', 'O', 'O', 'O', 'O']",Acting Socialist leader Servet Pellumbi has said he too will urge the party to scrap the ideas of Karl Marx at the congress .,"['Acting(O)', 'Socialist(O)', 'leader(O)', 'Servet(B-PER)', 'Pellumbi(I-PER)', 'has(O)', 'said(O)', 'he(O)', 'too(O)', 'will(O)', 'urge(O)', 'the(O)', 'party(O)', 'to(O)', 'scrap(O)', 'the(O)', 'ideas(O)', 'of(O)', 'Karl(B-PER)', 'Marx(I-PER)', 'at(O)', 'the(O)', 'congress(O)', '.(O)']",Acting(O) Socialist(O) leader(O) Servet(B-PER) Pellumbi(I-PER) has(O) said(O) he(O) too(O) will(O) urge(O) the(O) party(O) to(O) scrap(O) the(O) ideas(O) of(O) Karl(B-PER) Marx(I-PER) at(O) the(O) congress(O) .(O),"Input: Acting Socialist leader Servet Pellumbi has said he too will urge the party to scrap the ideas of Karl Marx at the congress .
Output: Acting(O) Socialist(O) leader(O) Servet(B-PER) Pellumbi(I-PER) has(O) said(O) he(O) too(O) will(O) urge(O) the(O) party(O) to(O) scrap(O) the(O) ideas(O) of(O) Karl(B-PER) Marx(I-PER) at(O) the(O) congress(O) .(O)"
11945,"['GPG' 'earlier' 'said' 'its' 'net' 'profit' 'for' 'the' 'six' 'months'
 'to' 'June' '30' 'rose' 'to' '9.77' 'million' 'pounds' 'from' '6.93'
 'million' 'in' 'the' 'previous' 'first' 'half' '.']","['B-ORG', 'O', 'O', 'O', 'O', 'O', 'O', 'O', 'O', 'O', 'O', 'O', 'O', 'O', 'O', 'O', 'O', 'O', 'O', 'O', 'O', 'O', 'O', 'O', 'O', 'O', 'O']",GPG earlier said its net profit for the six months to June 30 rose to 9.77 million pounds from 6.93 million in the previous first half .,"['GPG(B-ORG)', 'earlier(O)', 'said(O)', 'its(O)', 'net(O)', 'profit(O)', 'for(O)', 'the(O)', 'six(O)', 'months(O)', 'to(O)', 'June(O)', '30(O)', 'rose(O)', 'to(O)', '9.77(O)', 'million(O)', 'pounds(O)', 'from(O)', '6.93(O)', 'million(O)', 'in(O)', 'the(O)', 'previous(O)', 'first(O)', 'half(O)', '.(O)']",GPG(B-ORG) earlier(O) said(O) its(O) net(O) profit(O) for(O) the(O) six(O) months(O) to(O) June(O) 30(O) rose(O) to(O) 9.77(O) million(O) pounds(O) from(O) 6.93(O) million(O) in(O) the(O) previous(O) first(O) half(O) .(O),"Input: GPG earlier said its net profit for the six months to June 30 rose to 9.77 million pounds from 6.93 million in the previous first half .
Output: GPG(B-ORG) earlier(O) said(O) its(O) net(O) profit(O) for(O) the(O) six(O) months(O) to(O) June(O) 30(O) rose(O) to(O) 9.77(O) million(O) pounds(O) from(O) 6.93(O) million(O) in(O) the(O) previous(O) first(O) half(O) .(O)"
10250,"['With' 'their' 'fifth' 'straight' 'win' ',' 'the' 'Dodgers' 'moved' 'a'
 'half-game' 'ahead' 'of' 'the' 'Expos' 'at' 'the' 'top' 'of' 'the' 'wild'
 'card' 'hunt' 'behind' 'Nomo' '(' '13-10' ')' ',' 'who' 'allowed' 'six'
 'hits' 'and' 'walked' 'four' 'with' 'six' 'strikeouts' '.']","['O', 'O', 'O', 'O', 'O', 'O', 'O', 'B-ORG', 'O', 'O', 'O', 'O', 'O', 'O', 'B-ORG', 'O', 'O', 'O', 'O', 'O', 'O', 'O', 'O', 'O', 'B-PER', 'O', 'O', 'O', 'O', 'O', 'O', 'O', 'O', 'O', 'O', 'O', 'O', 'O', 'O', 'O']","With their fifth straight win , the Dodgers moved a half-game ahead of the Expos at the top of the wild card hunt behind Nomo ( 13-10 ) , who allowed six hits and walked four with six strikeouts .","['With(O)', 'their(O)', 'fifth(O)', 'straight(O)', 'win(O)', ',(O)', 'the(O)', 'Dodgers(B-ORG)', 'moved(O)', 'a(O)', 'half-game(O)', 'ahead(O)', 'of(O)', 'the(O)', 'Expos(B-ORG)', 'at(O)', 'the(O)', 'top(O)', 'of(O)', 'the(O)', 'wild(O)', 'card(O)', 'hunt(O)', 'behind(O)', 'Nomo(B-PER)', '((O)', '13-10(O)', ')(O)', ',(O)', 'who(O)', 'allowed(O)', 'six(O)', 'hits(O)', 'and(O)', 'walked(O)', 'four(O)', 'with(O)', 'six(O)', 'strikeouts(O)', '.(O)']","With(O) their(O) fifth(O) straight(O) win(O) ,(O) the(O) Dodgers(B-ORG) moved(O) a(O) half-game(O) ahead(O) of(O) the(O) Expos(B-ORG) at(O) the(O) top(O) of(O) the(O) wild(O) card(O) hunt(O) behind(O) Nomo(B-PER) ((O) 13-10(O) )(O) ,(O) who(O) allowed(O) six(O) hits(O) and(O) walked(O) four(O) with(O) six(O) strikeouts(O) .(O)","Input: With their fifth straight win , the Dodgers moved a half-game ahead of the Expos at the top of the wild card hunt behind Nomo ( 13-10 ) , who allowed six hits and walked four with six strikeouts .
Output: With(O) their(O) fifth(O) straight(O) win(O) ,(O) the(O) Dodgers(B-ORG) moved(O) a(O) half-game(O) ahead(O) of(O) the(O) Expos(B-ORG) at(O) the(O) top(O) of(O) the(O) wild(O) card(O) hunt(O) behind(O) Nomo(B-PER) ((O) 13-10(O) )(O) ,(O) who(O) allowed(O) six(O) hits(O) and(O) walked(O) four(O) with(O) six(O) strikeouts(O) .(O)"
1483,"['Akashi' 'is' 'head' 'of' 'the' 'Department' 'of' 'Humanitarian'
 'affairs' '.']","['B-PER', 'O', 'O', 'O', 'O', 'B-ORG', 'I-ORG', 'I-ORG', 'I-ORG', 'O']",Akashi is head of the Department of Humanitarian affairs .,"['Akashi(B-PER)', 'is(O)', 'head(O)', 'of(O)', 'the(O)', 'Department(B-ORG)', 'of(I-ORG)', 'Humanitarian(I-ORG)', 'affairs(I-ORG)', '.(O)']",Akashi(B-PER) is(O) head(O) of(O) the(O) Department(B-ORG) of(I-ORG) Humanitarian(I-ORG) affairs(I-ORG) .(O),"Input: Akashi is head of the Department of Humanitarian affairs .
Output: Akashi(B-PER) is(O) head(O) of(O) the(O) Department(B-ORG) of(I-ORG) Humanitarian(I-ORG) affairs(I-ORG) .(O)"
4194,"['The' 'Zimbabwean' 'government' 'fired' 'thousands' 'of' 'workers' 'on'
 'Saturday' 'for' 'defying' 'an' 'order' 'to' 'end' 'a' 'strike' 'which'
 'has' 'crippled' 'essential' 'services' 'and' 'disrupted' 'international'
 'and' 'domestic' 'flights' '.']","['O', 'B-MISC', 'O', 'O', 'O', 'O', 'O', 'O', 'O', 'O', 'O', 'O', 'O', 'O', 'O', 'O', 'O', 'O', 'O', 'O', 'O', 'O', 'O', 'O', 'O', 'O', 'O', 'O', 'O']",The Zimbabwean government fired thousands of workers on Saturday for defying an order to end a strike which has crippled essential services and disrupted international and domestic flights .,"['The(O)', 'Zimbabwean(B-MISC)', 'government(O)', 'fired(O)', 'thousands(O)', 'of(O)', 'workers(O)', 'on(O)', 'Saturday(O)', 'for(O)', 'defying(O)', 'an(O)', 'order(O)', 'to(O)', 'end(O)', 'a(O)', 'strike(O)', 'which(O)', 'has(O)', 'crippled(O)', 'essential(O)', 'services(O)', 'and(O)', 'disrupted(O)', 'international(O)', 'and(O)', 'domestic(O)', 'flights(O)', '.(O)']",The(O) Zimbabwean(B-MISC) government(O) fired(O) thousands(O) of(O) workers(O) on(O) Saturday(O) for(O) defying(O) an(O) order(O) to(O) end(O) a(O) strike(O) which(O) has(O) crippled(O) essential(O) services(O) and(O) disrupted(O) international(O) and(O) domestic(O) flights(O) .(O),"Input: The Zimbabwean government fired thousands of workers on Saturday for defying an order to end a strike which has crippled essential services and disrupted international and domestic flights .
Output: The(O) Zimbabwean(B-MISC) government(O) fired(O) thousands(O) of(O) workers(O) on(O) Saturday(O) for(O) defying(O) an(O) order(O) to(O) end(O) a(O) strike(O) which(O) has(O) crippled(O) essential(O) services(O) and(O) disrupted(O) international(O) and(O) domestic(O) flights(O) .(O)"
9137,"['Bamerindus' ',' 'Brazil' ""'s"" 'fourth-largest' 'private' 'bank' ','
 'has' 'been' 'facing' 'liquidity' 'troubles' '.']","['B-ORG', 'O', 'B-LOC', 'O', 'O', 'O', 'O', 'O', 'O', 'O', 'O', 'O', 'O', 'O']","Bamerindus , Brazil 's fourth-largest private bank , has been facing liquidity troubles .","['Bamerindus(B-ORG)', ',(O)', 'Brazil(B-LOC)', ""'s(O)"", 'fourth-largest(O)', 'private(O)', 'bank(O)', ',(O)', 'has(O)', 'been(O)', 'facing(O)', 'liquidity(O)', 'troubles(O)', '.(O)']","Bamerindus(B-ORG) ,(O) Brazil(B-LOC) 's(O) fourth-largest(O) private(O) bank(O) ,(O) has(O) been(O) facing(O) liquidity(O) troubles(O) .(O)","Input: Bamerindus , Brazil 's fourth-largest private bank , has been facing liquidity troubles .
Output: Bamerindus(B-ORG) ,(O) Brazil(B-LOC) 's(O) fourth-largest(O) private(O) bank(O) ,(O) has(O) been(O) facing(O) liquidity(O) troubles(O) .(O)"
13384,['DUBAI' '1996-08-29'],"['B-LOC', 'O']",DUBAI 1996-08-29,"['DUBAI(B-LOC)', '1996-08-29(O)']",DUBAI(B-LOC) 1996-08-29(O),"Input: DUBAI 1996-08-29
Output: DUBAI(B-LOC) 1996-08-29(O)"
9936,"['""' 'Saskatchewan' 'is' 'well' 'positioned' 'to' 'take' 'advantage' 'of'
 'growing' 'world' 'markets' 'for' 'pork' ',' '""' 'Saskatchewan' 'Wheat'
 'Pool' 'chief' 'executive' 'Don' 'Loewen' 'said' 'in' 'a' 'company'
 'statement' '.']","['O', 'B-LOC', 'O', 'O', 'O', 'O', 'O', 'O', 'O', 'O', 'O', 'O', 'O', 'O', 'O', 'O', 'B-ORG', 'I-ORG', 'I-ORG', 'O', 'O', 'B-PER', 'I-PER', 'O', 'O', 'O', 'O', 'O', 'O']",""" Saskatchewan is well positioned to take advantage of growing world markets for pork , "" Saskatchewan Wheat Pool chief executive Don Loewen said in a company statement .","['""(O)', 'Saskatchewan(B-LOC)', 'is(O)', 'well(O)', 'positioned(O)', 'to(O)', 'take(O)', 'advantage(O)', 'of(O)', 'growing(O)', 'world(O)', 'markets(O)', 'for(O)', 'pork(O)', ',(O)', '""(O)', 'Saskatchewan(B-ORG)', 'Wheat(I-ORG)', 'Pool(I-ORG)', 'chief(O)', 'executive(O)', 'Don(B-PER)', 'Loewen(I-PER)', 'said(O)', 'in(O)', 'a(O)', 'company(O)', 'statement(O)', '.(O)']","""(O) Saskatchewan(B-LOC) is(O) well(O) positioned(O) to(O) take(O) advantage(O) of(O) growing(O) world(O) markets(O) for(O) pork(O) ,(O) ""(O) Saskatchewan(B-ORG) Wheat(I-ORG) Pool(I-ORG) chief(O) executive(O) Don(B-PER) Loewen(I-PER) said(O) in(O) a(O) company(O) statement(O) .(O)","Input: "" Saskatchewan is well positioned to take advantage of growing world markets for pork , "" Saskatchewan Wheat Pool chief executive Don Loewen said in a company statement .
Output: ""(O) Saskatchewan(B-LOC) is(O) well(O) positioned(O) to(O) take(O) advantage(O) of(O) growing(O) world(O) markets(O) for(O) pork(O) ,(O) ""(O) Saskatchewan(B-ORG) Wheat(I-ORG) Pool(I-ORG) chief(O) executive(O) Don(B-PER) Loewen(I-PER) said(O) in(O) a(O) company(O) statement(O) .(O)"
9501,"['""' 'They' '(' 'the' 'insurgents' ')' 'should' 'first' 'give' 'up'
 'their' 'violent' 'activities' ',' '""' 'Home' '(' 'Interior' ')'
 'Minister' 'Khum' 'Bahadur' 'Khadga' 'said' '.']","['O', 'O', 'O', 'O', 'O', 'O', 'O', 'O', 'O', 'O', 'O', 'O', 'O', 'O', 'O', 'O', 'O', 'O', 'O', 'O', 'B-PER', 'I-PER', 'I-PER', 'O', 'O']",""" They ( the insurgents ) should first give up their violent activities , "" Home ( Interior ) Minister Khum Bahadur Khadga said .","['""(O)', 'They(O)', '((O)', 'the(O)', 'insurgents(O)', ')(O)', 'should(O)', 'first(O)', 'give(O)', 'up(O)', 'their(O)', 'violent(O)', 'activities(O)', ',(O)', '""(O)', 'Home(O)', '((O)', 'Interior(O)', ')(O)', 'Minister(O)', 'Khum(B-PER)', 'Bahadur(I-PER)', 'Khadga(I-PER)', 'said(O)', '.(O)']","""(O) They(O) ((O) the(O) insurgents(O) )(O) should(O) first(O) give(O) up(O) their(O) violent(O) activities(O) ,(O) ""(O) Home(O) ((O) Interior(O) )(O) Minister(O) Khum(B-PER) Bahadur(I-PER) Khadga(I-PER) said(O) .(O)","Input: "" They ( the insurgents ) should first give up their violent activities , "" Home ( Interior ) Minister Khum Bahadur Khadga said .
Output: ""(O) They(O) ((O) the(O) insurgents(O) )(O) should(O) first(O) give(O) up(O) their(O) violent(O) activities(O) ,(O) ""(O) Home(O) ((O) Interior(O) )(O) Minister(O) Khum(B-PER) Bahadur(I-PER) Khadga(I-PER) said(O) .(O)"
7797,"['AMT' ':' '3,250,000' 'DATE' ':' '09/04/96' 'NYC' 'Time' ':' '1200'
 'CUSIP' ':' '569399']","['O', 'O', 'O', 'O', 'O', 'O', 'B-MISC', 'I-MISC', 'O', 'O', 'O', 'O', 'O']","AMT : 3,250,000 DATE : 09/04/96 NYC Time : 1200 CUSIP : 569399","['AMT(O)', ':(O)', '3,250,000(O)', 'DATE(O)', ':(O)', '09/04/96(O)', 'NYC(B-MISC)', 'Time(I-MISC)', ':(O)', '1200(O)', 'CUSIP(O)', ':(O)', '569399(O)']","AMT(O) :(O) 3,250,000(O) DATE(O) :(O) 09/04/96(O) NYC(B-MISC) Time(I-MISC) :(O) 1200(O) CUSIP(O) :(O) 569399(O)","Input: AMT : 3,250,000 DATE : 09/04/96 NYC Time : 1200 CUSIP : 569399
Output: AMT(O) :(O) 3,250,000(O) DATE(O) :(O) 09/04/96(O) NYC(B-MISC) Time(I-MISC) :(O) 1200(O) CUSIP(O) :(O) 569399(O)"
4008,['SOCCER' '-' 'DUTCH' 'FIRST' 'DIVISION' 'RESULTS' '/' 'STANDINGS' '.'],"['O', 'O', 'B-MISC', 'O', 'O', 'O', 'O', 'O', 'O']",SOCCER - DUTCH FIRST DIVISION RESULTS / STANDINGS .,"['SOCCER(O)', '-(O)', 'DUTCH(B-MISC)', 'FIRST(O)', 'DIVISION(O)', 'RESULTS(O)', '/(O)', 'STANDINGS(O)', '.(O)']",SOCCER(O) -(O) DUTCH(B-MISC) FIRST(O) DIVISION(O) RESULTS(O) /(O) STANDINGS(O) .(O),"Input: SOCCER - DUTCH FIRST DIVISION RESULTS / STANDINGS .
Output: SOCCER(O) -(O) DUTCH(B-MISC) FIRST(O) DIVISION(O) RESULTS(O) /(O) STANDINGS(O) .(O)"
4108,['Sturm' 'Graz' '6' '2' '3' '1' '8' '5' '9'],"['B-ORG', 'I-ORG', 'O', 'O', 'O', 'O', 'O', 'O', 'O']",Sturm Graz 6 2 3 1 8 5 9,"['Sturm(B-ORG)', 'Graz(I-ORG)', '6(O)', '2(O)', '3(O)', '1(O)', '8(O)', '5(O)', '9(O)']",Sturm(B-ORG) Graz(I-ORG) 6(O) 2(O) 3(O) 1(O) 8(O) 5(O) 9(O),"Input: Sturm Graz 6 2 3 1 8 5 9
Output: Sturm(B-ORG) Graz(I-ORG) 6(O) 2(O) 3(O) 1(O) 8(O) 5(O) 9(O)"
3186,"['""' 'What' 'we' 'know' 'is' 'that' 'he' 'was' 'a' 'fervant' 'religious'
 'man' ',' 'we' 'cannot' 'exclude' 'anything' 'in' 'investigations' '""'
 'he' 'said' '.']","['O', 'O', 'O', 'O', 'O', 'O', 'O', 'O', 'O', 'O', 'O', 'O', 'O', 'O', 'O', 'O', 'O', 'O', 'O', 'O', 'O', 'O', 'O']",""" What we know is that he was a fervant religious man , we cannot exclude anything in investigations "" he said .","['""(O)', 'What(O)', 'we(O)', 'know(O)', 'is(O)', 'that(O)', 'he(O)', 'was(O)', 'a(O)', 'fervant(O)', 'religious(O)', 'man(O)', ',(O)', 'we(O)', 'cannot(O)', 'exclude(O)', 'anything(O)', 'in(O)', 'investigations(O)', '""(O)', 'he(O)', 'said(O)', '.(O)']","""(O) What(O) we(O) know(O) is(O) that(O) he(O) was(O) a(O) fervant(O) religious(O) man(O) ,(O) we(O) cannot(O) exclude(O) anything(O) in(O) investigations(O) ""(O) he(O) said(O) .(O)","Input: "" What we know is that he was a fervant religious man , we cannot exclude anything in investigations "" he said .
Output: ""(O) What(O) we(O) know(O) is(O) that(O) he(O) was(O) a(O) fervant(O) religious(O) man(O) ,(O) we(O) cannot(O) exclude(O) anything(O) in(O) investigations(O) ""(O) he(O) said(O) .(O)"
10883,['CAPE' 'TOWN' '1996-08-28'],"['B-LOC', 'I-LOC', 'O']",CAPE TOWN 1996-08-28,"['CAPE(B-LOC)', 'TOWN(I-LOC)', '1996-08-28(O)']",CAPE(B-LOC) TOWN(I-LOC) 1996-08-28(O),"Input: CAPE TOWN 1996-08-28
Output: CAPE(B-LOC) TOWN(I-LOC) 1996-08-28(O)"
12419,"['Derek' 'Ryan' '(' 'Ireland' ')' 'beat' 'Paul' 'Johnson' '(' 'England'
 ')' '10-15' '15-5' '12-15' '15-12' '15-11']","['B-PER', 'I-PER', 'O', 'B-LOC', 'O', 'O', 'B-PER', 'I-PER', 'O', 'B-LOC', 'O', 'O', 'O', 'O', 'O', 'O']",Derek Ryan ( Ireland ) beat Paul Johnson ( England ) 10-15 15-5 12-15 15-12 15-11,"['Derek(B-PER)', 'Ryan(I-PER)', '((O)', 'Ireland(B-LOC)', ')(O)', 'beat(O)', 'Paul(B-PER)', 'Johnson(I-PER)', '((O)', 'England(B-LOC)', ')(O)', '10-15(O)', '15-5(O)', '12-15(O)', '15-12(O)', '15-11(O)']",Derek(B-PER) Ryan(I-PER) ((O) Ireland(B-LOC) )(O) beat(O) Paul(B-PER) Johnson(I-PER) ((O) England(B-LOC) )(O) 10-15(O) 15-5(O) 12-15(O) 15-12(O) 15-11(O),"Input: Derek Ryan ( Ireland ) beat Paul Johnson ( England ) 10-15 15-5 12-15 15-12 15-11
Output: Derek(B-PER) Ryan(I-PER) ((O) Ireland(B-LOC) )(O) beat(O) Paul(B-PER) Johnson(I-PER) ((O) England(B-LOC) )(O) 10-15(O) 15-5(O) 12-15(O) 15-12(O) 15-11(O)"
6615,"['Standings' '(' 'tabulated' 'under' 'played' ',' 'won' ',' 'drawn' ','
 'lost' ',' 'goals']","['O', 'O', 'O', 'O', 'O', 'O', 'O', 'O', 'O', 'O', 'O', 'O', 'O']","Standings ( tabulated under played , won , drawn , lost , goals","['Standings(O)', '((O)', 'tabulated(O)', 'under(O)', 'played(O)', ',(O)', 'won(O)', ',(O)', 'drawn(O)', ',(O)', 'lost(O)', ',(O)', 'goals(O)']","Standings(O) ((O) tabulated(O) under(O) played(O) ,(O) won(O) ,(O) drawn(O) ,(O) lost(O) ,(O) goals(O)","Input: Standings ( tabulated under played , won , drawn , lost , goals
Output: Standings(O) ((O) tabulated(O) under(O) played(O) ,(O) won(O) ,(O) drawn(O) ,(O) lost(O) ,(O) goals(O)"
1022,"['""' 'We' 'are' 'disappointed' 'with' 'the' 'administrator' ""'s""
 'decision' 'but' 'we' 'continue' 'to' 'be' 'optimistic' 'regarding' 'an'
 'ultimate' 'favorable' 'resolution' ',' '""' 'Mark' 'Gildea' ',' 'chief'
 'executive' 'officer' ',' 'said' 'in' 'a' 'statement' '.']","['O', 'O', 'O', 'O', 'O', 'O', 'O', 'O', 'O', 'O', 'O', 'O', 'O', 'O', 'O', 'O', 'O', 'O', 'O', 'O', 'O', 'O', 'B-PER', 'I-PER', 'O', 'O', 'O', 'O', 'O', 'O', 'O', 'O', 'O', 'O']",""" We are disappointed with the administrator 's decision but we continue to be optimistic regarding an ultimate favorable resolution , "" Mark Gildea , chief executive officer , said in a statement .","['""(O)', 'We(O)', 'are(O)', 'disappointed(O)', 'with(O)', 'the(O)', 'administrator(O)', ""'s(O)"", 'decision(O)', 'but(O)', 'we(O)', 'continue(O)', 'to(O)', 'be(O)', 'optimistic(O)', 'regarding(O)', 'an(O)', 'ultimate(O)', 'favorable(O)', 'resolution(O)', ',(O)', '""(O)', 'Mark(B-PER)', 'Gildea(I-PER)', ',(O)', 'chief(O)', 'executive(O)', 'officer(O)', ',(O)', 'said(O)', 'in(O)', 'a(O)', 'statement(O)', '.(O)']","""(O) We(O) are(O) disappointed(O) with(O) the(O) administrator(O) 's(O) decision(O) but(O) we(O) continue(O) to(O) be(O) optimistic(O) regarding(O) an(O) ultimate(O) favorable(O) resolution(O) ,(O) ""(O) Mark(B-PER) Gildea(I-PER) ,(O) chief(O) executive(O) officer(O) ,(O) said(O) in(O) a(O) statement(O) .(O)","Input: "" We are disappointed with the administrator 's decision but we continue to be optimistic regarding an ultimate favorable resolution , "" Mark Gildea , chief executive officer , said in a statement .
Output: ""(O) We(O) are(O) disappointed(O) with(O) the(O) administrator(O) 's(O) decision(O) but(O) we(O) continue(O) to(O) be(O) optimistic(O) regarding(O) an(O) ultimate(O) favorable(O) resolution(O) ,(O) ""(O) Mark(B-PER) Gildea(I-PER) ,(O) chief(O) executive(O) officer(O) ,(O) said(O) in(O) a(O) statement(O) .(O)"
10790,['matches' 'on' 'Wednesday' ':'],"['O', 'O', 'O', 'O']",matches on Wednesday :,"['matches(O)', 'on(O)', 'Wednesday(O)', ':(O)']",matches(O) on(O) Wednesday(O) :(O),"Input: matches on Wednesday :
Output: matches(O) on(O) Wednesday(O) :(O)"
9192,"['The' 'premier' ',' 'who' 'is' 'due' 'to' 'meet' 'his' 'Turkish'
 'counterpart' 'Necmettin' 'Erbakan' 'on' 'Tuesday' ',' 'will' 'also' 'be'
 'discussing' 'the' 'postponed' 'Bosnian' 'elections' ',' 'a' 'foreign'
 'ministry' 'official' 'said' '.']","['O', 'O', 'O', 'O', 'O', 'O', 'O', 'O', 'O', 'B-MISC', 'O', 'B-PER', 'I-PER', 'O', 'O', 'O', 'O', 'O', 'O', 'O', 'O', 'O', 'B-MISC', 'O', 'O', 'O', 'O', 'O', 'O', 'O', 'O']","The premier , who is due to meet his Turkish counterpart Necmettin Erbakan on Tuesday , will also be discussing the postponed Bosnian elections , a foreign ministry official said .","['The(O)', 'premier(O)', ',(O)', 'who(O)', 'is(O)', 'due(O)', 'to(O)', 'meet(O)', 'his(O)', 'Turkish(B-MISC)', 'counterpart(O)', 'Necmettin(B-PER)', 'Erbakan(I-PER)', 'on(O)', 'Tuesday(O)', ',(O)', 'will(O)', 'also(O)', 'be(O)', 'discussing(O)', 'the(O)', 'postponed(O)', 'Bosnian(B-MISC)', 'elections(O)', ',(O)', 'a(O)', 'foreign(O)', 'ministry(O)', 'official(O)', 'said(O)', '.(O)']","The(O) premier(O) ,(O) who(O) is(O) due(O) to(O) meet(O) his(O) Turkish(B-MISC) counterpart(O) Necmettin(B-PER) Erbakan(I-PER) on(O) Tuesday(O) ,(O) will(O) also(O) be(O) discussing(O) the(O) postponed(O) Bosnian(B-MISC) elections(O) ,(O) a(O) foreign(O) ministry(O) official(O) said(O) .(O)","Input: The premier , who is due to meet his Turkish counterpart Necmettin Erbakan on Tuesday , will also be discussing the postponed Bosnian elections , a foreign ministry official said .
Output: The(O) premier(O) ,(O) who(O) is(O) due(O) to(O) meet(O) his(O) Turkish(B-MISC) counterpart(O) Necmettin(B-PER) Erbakan(I-PER) on(O) Tuesday(O) ,(O) will(O) also(O) be(O) discussing(O) the(O) postponed(O) Bosnian(B-MISC) elections(O) ,(O) a(O) foreign(O) ministry(O) official(O) said(O) .(O)"
3363,"['The' 'majority' 'shareholder' ',' 'with' '51' 'percent' ',' 'or'
 '353.24' 'million' 'shares' ',' 'is' 'Jiangling' 'Motors' 'Group' '.']","['O', 'O', 'O', 'O', 'O', 'O', 'O', 'O', 'O', 'O', 'O', 'O', 'O', 'O', 'B-ORG', 'I-ORG', 'I-ORG', 'O']","The majority shareholder , with 51 percent , or 353.24 million shares , is Jiangling Motors Group .","['The(O)', 'majority(O)', 'shareholder(O)', ',(O)', 'with(O)', '51(O)', 'percent(O)', ',(O)', 'or(O)', '353.24(O)', 'million(O)', 'shares(O)', ',(O)', 'is(O)', 'Jiangling(B-ORG)', 'Motors(I-ORG)', 'Group(I-ORG)', '.(O)']","The(O) majority(O) shareholder(O) ,(O) with(O) 51(O) percent(O) ,(O) or(O) 353.24(O) million(O) shares(O) ,(O) is(O) Jiangling(B-ORG) Motors(I-ORG) Group(I-ORG) .(O)","Input: The majority shareholder , with 51 percent , or 353.24 million shares , is Jiangling Motors Group .
Output: The(O) majority(O) shareholder(O) ,(O) with(O) 51(O) percent(O) ,(O) or(O) 353.24(O) million(O) shares(O) ,(O) is(O) Jiangling(B-ORG) Motors(I-ORG) Group(I-ORG) .(O)"
757,"['Baltimore' 'has' 'won' '16' 'of' 'its' 'last' '22' 'games' 'to' 'pull'
 'within' 'five' 'games' 'of' 'the' 'slumping' 'New' 'York' 'Yankees' 'in'
 'the' 'American' 'League' 'East' 'Division' '.']","['B-ORG', 'O', 'O', 'O', 'O', 'O', 'O', 'O', 'O', 'O', 'O', 'O', 'O', 'O', 'O', 'O', 'O', 'B-ORG', 'I-ORG', 'I-ORG', 'O', 'O', 'B-MISC', 'I-MISC', 'I-MISC', 'I-MISC', 'O']",Baltimore has won 16 of its last 22 games to pull within five games of the slumping New York Yankees in the American League East Division .,"['Baltimore(B-ORG)', 'has(O)', 'won(O)', '16(O)', 'of(O)', 'its(O)', 'last(O)', '22(O)', 'games(O)', 'to(O)', 'pull(O)', 'within(O)', 'five(O)', 'games(O)', 'of(O)', 'the(O)', 'slumping(O)', 'New(B-ORG)', 'York(I-ORG)', 'Yankees(I-ORG)', 'in(O)', 'the(O)', 'American(B-MISC)', 'League(I-MISC)', 'East(I-MISC)', 'Division(I-MISC)', '.(O)']",Baltimore(B-ORG) has(O) won(O) 16(O) of(O) its(O) last(O) 22(O) games(O) to(O) pull(O) within(O) five(O) games(O) of(O) the(O) slumping(O) New(B-ORG) York(I-ORG) Yankees(I-ORG) in(O) the(O) American(B-MISC) League(I-MISC) East(I-MISC) Division(I-MISC) .(O),"Input: Baltimore has won 16 of its last 22 games to pull within five games of the slumping New York Yankees in the American League East Division .
Output: Baltimore(B-ORG) has(O) won(O) 16(O) of(O) its(O) last(O) 22(O) games(O) to(O) pull(O) within(O) five(O) games(O) of(O) the(O) slumping(O) New(B-ORG) York(I-ORG) Yankees(I-ORG) in(O) the(O) American(B-MISC) League(I-MISC) East(I-MISC) Division(I-MISC) .(O)"
9900,"['SEC' 'adopts' 'rules' 'to' 'improve' 'investor' 'access' 'to' 'best'
 'stock' 'prices' '.']","['B-ORG', 'O', 'O', 'O', 'O', 'O', 'O', 'O', 'O', 'O', 'O', 'O']",SEC adopts rules to improve investor access to best stock prices .,"['SEC(B-ORG)', 'adopts(O)', 'rules(O)', 'to(O)', 'improve(O)', 'investor(O)', 'access(O)', 'to(O)', 'best(O)', 'stock(O)', 'prices(O)', '.(O)']",SEC(B-ORG) adopts(O) rules(O) to(O) improve(O) investor(O) access(O) to(O) best(O) stock(O) prices(O) .(O),"Input: SEC adopts rules to improve investor access to best stock prices .
Output: SEC(B-ORG) adopts(O) rules(O) to(O) improve(O) investor(O) access(O) to(O) best(O) stock(O) prices(O) .(O)"
5561,['Aarau' '1' 'Young' 'Boys' '0'],"['B-ORG', 'O', 'B-ORG', 'I-ORG', 'O']",Aarau 1 Young Boys 0,"['Aarau(B-ORG)', '1(O)', 'Young(B-ORG)', 'Boys(I-ORG)', '0(O)']",Aarau(B-ORG) 1(O) Young(B-ORG) Boys(I-ORG) 0(O),"Input: Aarau 1 Young Boys 0
Output: Aarau(B-ORG) 1(O) Young(B-ORG) Boys(I-ORG) 0(O)"
12146,"['ISS' 'said' 'that' 'the' 'deal' 'included' 'ISS' 'Inc' 'operations' 'in'
 'Mexico' 'and' 'the' 'sale' 'of' 'ISS' 'Inc' 'interests' 'in' 'Brazil'
 'would' 'be' 'discussed' '.']","['B-ORG', 'O', 'O', 'O', 'O', 'O', 'B-ORG', 'I-ORG', 'O', 'O', 'B-LOC', 'O', 'O', 'O', 'O', 'B-ORG', 'I-ORG', 'O', 'O', 'B-LOC', 'O', 'O', 'O', 'O']",ISS said that the deal included ISS Inc operations in Mexico and the sale of ISS Inc interests in Brazil would be discussed .,"['ISS(B-ORG)', 'said(O)', 'that(O)', 'the(O)', 'deal(O)', 'included(O)', 'ISS(B-ORG)', 'Inc(I-ORG)', 'operations(O)', 'in(O)', 'Mexico(B-LOC)', 'and(O)', 'the(O)', 'sale(O)', 'of(O)', 'ISS(B-ORG)', 'Inc(I-ORG)', 'interests(O)', 'in(O)', 'Brazil(B-LOC)', 'would(O)', 'be(O)', 'discussed(O)', '.(O)']",ISS(B-ORG) said(O) that(O) the(O) deal(O) included(O) ISS(B-ORG) Inc(I-ORG) operations(O) in(O) Mexico(B-LOC) and(O) the(O) sale(O) of(O) ISS(B-ORG) Inc(I-ORG) interests(O) in(O) Brazil(B-LOC) would(O) be(O) discussed(O) .(O),"Input: ISS said that the deal included ISS Inc operations in Mexico and the sale of ISS Inc interests in Brazil would be discussed .
Output: ISS(B-ORG) said(O) that(O) the(O) deal(O) included(O) ISS(B-ORG) Inc(I-ORG) operations(O) in(O) Mexico(B-LOC) and(O) the(O) sale(O) of(O) ISS(B-ORG) Inc(I-ORG) interests(O) in(O) Brazil(B-LOC) would(O) be(O) discussed(O) .(O)"
5967,['Leftist' 'Mexican' 'armed' 'group' 'says' 'troops' 'in' 'capital' '.'],"['O', 'B-MISC', 'O', 'O', 'O', 'O', 'O', 'O', 'O']",Leftist Mexican armed group says troops in capital .,"['Leftist(O)', 'Mexican(B-MISC)', 'armed(O)', 'group(O)', 'says(O)', 'troops(O)', 'in(O)', 'capital(O)', '.(O)']",Leftist(O) Mexican(B-MISC) armed(O) group(O) says(O) troops(O) in(O) capital(O) .(O),"Input: Leftist Mexican armed group says troops in capital .
Output: Leftist(O) Mexican(B-MISC) armed(O) group(O) says(O) troops(O) in(O) capital(O) .(O)"
2270,"['130' 'Fernando' 'Roca' '(' 'Spain' ')' '66' '64' ',' 'Ian' 'Pyman' '66'
 '64']","['O', 'B-PER', 'I-PER', 'O', 'B-LOC', 'O', 'O', 'O', 'O', 'B-PER', 'I-PER', 'O', 'O']","130 Fernando Roca ( Spain ) 66 64 , Ian Pyman 66 64","['130(O)', 'Fernando(B-PER)', 'Roca(I-PER)', '((O)', 'Spain(B-LOC)', ')(O)', '66(O)', '64(O)', ',(O)', 'Ian(B-PER)', 'Pyman(I-PER)', '66(O)', '64(O)']","130(O) Fernando(B-PER) Roca(I-PER) ((O) Spain(B-LOC) )(O) 66(O) 64(O) ,(O) Ian(B-PER) Pyman(I-PER) 66(O) 64(O)","Input: 130 Fernando Roca ( Spain ) 66 64 , Ian Pyman 66 64
Output: 130(O) Fernando(B-PER) Roca(I-PER) ((O) Spain(B-LOC) )(O) 66(O) 64(O) ,(O) Ian(B-PER) Pyman(I-PER) 66(O) 64(O)"
9324,"['Tuesday' ""'s"" 'poll' 'involved' '1,002' 'registered' 'voters' 'and'
 'had' 'a' 'margin' 'of' 'error' 'of' '3.5' 'percentage' 'points' '.']","['O', 'O', 'O', 'O', 'O', 'O', 'O', 'O', 'O', 'O', 'O', 'O', 'O', 'O', 'O', 'O', 'O', 'O']","Tuesday 's poll involved 1,002 registered voters and had a margin of error of 3.5 percentage points .","['Tuesday(O)', ""'s(O)"", 'poll(O)', 'involved(O)', '1,002(O)', 'registered(O)', 'voters(O)', 'and(O)', 'had(O)', 'a(O)', 'margin(O)', 'of(O)', 'error(O)', 'of(O)', '3.5(O)', 'percentage(O)', 'points(O)', '.(O)']","Tuesday(O) 's(O) poll(O) involved(O) 1,002(O) registered(O) voters(O) and(O) had(O) a(O) margin(O) of(O) error(O) of(O) 3.5(O) percentage(O) points(O) .(O)","Input: Tuesday 's poll involved 1,002 registered voters and had a margin of error of 3.5 percentage points .
Output: Tuesday(O) 's(O) poll(O) involved(O) 1,002(O) registered(O) voters(O) and(O) had(O) a(O) margin(O) of(O) error(O) of(O) 3.5(O) percentage(O) points(O) .(O)"
3531,['Paris' '22' '3' '1' '18' '398' '795' '7'],"['B-ORG', 'O', 'O', 'O', 'O', 'O', 'O', 'O']",Paris 22 3 1 18 398 795 7,"['Paris(B-ORG)', '22(O)', '3(O)', '1(O)', '18(O)', '398(O)', '795(O)', '7(O)']",Paris(B-ORG) 22(O) 3(O) 1(O) 18(O) 398(O) 795(O) 7(O),"Input: Paris 22 3 1 18 398 795 7
Output: Paris(B-ORG) 22(O) 3(O) 1(O) 18(O) 398(O) 795(O) 7(O)"
4340,"['Clinton' 'departs' 'on' 'Sunday' 'on' 'a' 'four-day' 'train' 'trip'
 'through' 'West' 'Virginia' ',' 'Kentucky' ',' 'Ohio' ',' 'Michigan'
 'and' 'Indiana' 'while' 'fellow' 'Democrats' 'are' 'gathered' 'in'
 'Chicago' '.']","['B-PER', 'O', 'O', 'O', 'O', 'O', 'O', 'O', 'O', 'O', 'B-LOC', 'I-LOC', 'O', 'B-LOC', 'O', 'B-LOC', 'O', 'B-LOC', 'O', 'B-LOC', 'O', 'O', 'B-MISC', 'O', 'O', 'O', 'B-LOC', 'O']","Clinton departs on Sunday on a four-day train trip through West Virginia , Kentucky , Ohio , Michigan and Indiana while fellow Democrats are gathered in Chicago .","['Clinton(B-PER)', 'departs(O)', 'on(O)', 'Sunday(O)', 'on(O)', 'a(O)', 'four-day(O)', 'train(O)', 'trip(O)', 'through(O)', 'West(B-LOC)', 'Virginia(I-LOC)', ',(O)', 'Kentucky(B-LOC)', ',(O)', 'Ohio(B-LOC)', ',(O)', 'Michigan(B-LOC)', 'and(O)', 'Indiana(B-LOC)', 'while(O)', 'fellow(O)', 'Democrats(B-MISC)', 'are(O)', 'gathered(O)', 'in(O)', 'Chicago(B-LOC)', '.(O)']","Clinton(B-PER) departs(O) on(O) Sunday(O) on(O) a(O) four-day(O) train(O) trip(O) through(O) West(B-LOC) Virginia(I-LOC) ,(O) Kentucky(B-LOC) ,(O) Ohio(B-LOC) ,(O) Michigan(B-LOC) and(O) Indiana(B-LOC) while(O) fellow(O) Democrats(B-MISC) are(O) gathered(O) in(O) Chicago(B-LOC) .(O)","Input: Clinton departs on Sunday on a four-day train trip through West Virginia , Kentucky , Ohio , Michigan and Indiana while fellow Democrats are gathered in Chicago .
Output: Clinton(B-PER) departs(O) on(O) Sunday(O) on(O) a(O) four-day(O) train(O) trip(O) through(O) West(B-LOC) Virginia(I-LOC) ,(O) Kentucky(B-LOC) ,(O) Ohio(B-LOC) ,(O) Michigan(B-LOC) and(O) Indiana(B-LOC) while(O) fellow(O) Democrats(B-MISC) are(O) gathered(O) in(O) Chicago(B-LOC) .(O)"
8199,['Huddersfield' '2' '1' '0' '1' '3' '3' '3'],"['B-ORG', 'O', 'O', 'O', 'O', 'O', 'O', 'O']",Huddersfield 2 1 0 1 3 3 3,"['Huddersfield(B-ORG)', '2(O)', '1(O)', '0(O)', '1(O)', '3(O)', '3(O)', '3(O)']",Huddersfield(B-ORG) 2(O) 1(O) 0(O) 1(O) 3(O) 3(O) 3(O),"Input: Huddersfield 2 1 0 1 3 3 3
Output: Huddersfield(B-ORG) 2(O) 1(O) 0(O) 1(O) 3(O) 3(O) 3(O)"
3452,"['5' '-' 'Andrei' 'Medvedev' '(' 'Ukraine' ')' 'beat' 'Jonathan' 'Stark'
 '(' 'U.S.' ')' '7-6']","['O', 'O', 'B-PER', 'I-PER', 'O', 'B-LOC', 'O', 'O', 'B-PER', 'I-PER', 'O', 'B-LOC', 'O', 'O']",5 - Andrei Medvedev ( Ukraine ) beat Jonathan Stark ( U.S. ) 7-6,"['5(O)', '-(O)', 'Andrei(B-PER)', 'Medvedev(I-PER)', '((O)', 'Ukraine(B-LOC)', ')(O)', 'beat(O)', 'Jonathan(B-PER)', 'Stark(I-PER)', '((O)', 'U.S.(B-LOC)', ')(O)', '7-6(O)']",5(O) -(O) Andrei(B-PER) Medvedev(I-PER) ((O) Ukraine(B-LOC) )(O) beat(O) Jonathan(B-PER) Stark(I-PER) ((O) U.S.(B-LOC) )(O) 7-6(O),"Input: 5 - Andrei Medvedev ( Ukraine ) beat Jonathan Stark ( U.S. ) 7-6
Output: 5(O) -(O) Andrei(B-PER) Medvedev(I-PER) ((O) Ukraine(B-LOC) )(O) beat(O) Jonathan(B-PER) Stark(I-PER) ((O) U.S.(B-LOC) )(O) 7-6(O)"
3405,['5.' 'Gerhard' 'Berger' '(' 'Austria' ')' 'Benetton' '1:51.960'],"['O', 'B-PER', 'I-PER', 'O', 'B-LOC', 'O', 'B-ORG', 'O']",5. Gerhard Berger ( Austria ) Benetton 1:51.960,"['5.(O)', 'Gerhard(B-PER)', 'Berger(I-PER)', '((O)', 'Austria(B-LOC)', ')(O)', 'Benetton(B-ORG)', '1:51.960(O)']",5.(O) Gerhard(B-PER) Berger(I-PER) ((O) Austria(B-LOC) )(O) Benetton(B-ORG) 1:51.960(O),"Input: 5. Gerhard Berger ( Austria ) Benetton 1:51.960
Output: 5.(O) Gerhard(B-PER) Berger(I-PER) ((O) Austria(B-LOC) )(O) Benetton(B-ORG) 1:51.960(O)"
10223,['ROWING' '-' 'REDGRAVE' 'MAY' 'SEEK' 'FIFTH' 'OLYMPIC' 'GOLD' '.'],"['O', 'O', 'B-PER', 'O', 'O', 'O', 'B-MISC', 'O', 'O']",ROWING - REDGRAVE MAY SEEK FIFTH OLYMPIC GOLD .,"['ROWING(O)', '-(O)', 'REDGRAVE(B-PER)', 'MAY(O)', 'SEEK(O)', 'FIFTH(O)', 'OLYMPIC(B-MISC)', 'GOLD(O)', '.(O)']",ROWING(O) -(O) REDGRAVE(B-PER) MAY(O) SEEK(O) FIFTH(O) OLYMPIC(B-MISC) GOLD(O) .(O),"Input: ROWING - REDGRAVE MAY SEEK FIFTH OLYMPIC GOLD .
Output: ROWING(O) -(O) REDGRAVE(B-PER) MAY(O) SEEK(O) FIFTH(O) OLYMPIC(B-MISC) GOLD(O) .(O)"
5962,"['Reuters' 'cameraman' 'Liutauras' 'Stremaitis' 'said' 'a' 'column' 'of'
 'around' '40' 'vehicles' ',' 'including' 'tanks' ',' 'armoured'
 'personnel' 'carriers' ',' 'artillery' 'cannons' 'and' 'lorries' ','
 'escorted' 'by' 'Chechen' 'rebels' ',' 'pulled' 'out' 'of' 'the'
 'village' 'of' 'Shatoi' 'towards' 'the' 'border' ',' 'around' '50' 'km'
 '(' '31' 'miles' ')' 'to' 'the' 'north' '.']","['B-ORG', 'O', 'B-PER', 'I-PER', 'O', 'O', 'O', 'O', 'O', 'O', 'O', 'O', 'O', 'O', 'O', 'O', 'O', 'O', 'O', 'O', 'O', 'O', 'O', 'O', 'O', 'O', 'B-MISC', 'O', 'O', 'O', 'O', 'O', 'O', 'O', 'O', 'B-LOC', 'O', 'O', 'O', 'O', 'O', 'O', 'O', 'O', 'O', 'O', 'O', 'O', 'O', 'O', 'O']","Reuters cameraman Liutauras Stremaitis said a column of around 40 vehicles , including tanks , armoured personnel carriers , artillery cannons and lorries , escorted by Chechen rebels , pulled out of the village of Shatoi towards the border , around 50 km ( 31 miles ) to the north .","['Reuters(B-ORG)', 'cameraman(O)', 'Liutauras(B-PER)', 'Stremaitis(I-PER)', 'said(O)', 'a(O)', 'column(O)', 'of(O)', 'around(O)', '40(O)', 'vehicles(O)', ',(O)', 'including(O)', 'tanks(O)', ',(O)', 'armoured(O)', 'personnel(O)', 'carriers(O)', ',(O)', 'artillery(O)', 'cannons(O)', 'and(O)', 'lorries(O)', ',(O)', 'escorted(O)', 'by(O)', 'Chechen(B-MISC)', 'rebels(O)', ',(O)', 'pulled(O)', 'out(O)', 'of(O)', 'the(O)', 'village(O)', 'of(O)', 'Shatoi(B-LOC)', 'towards(O)', 'the(O)', 'border(O)', ',(O)', 'around(O)', '50(O)', 'km(O)', '((O)', '31(O)', 'miles(O)', ')(O)', 'to(O)', 'the(O)', 'north(O)', '.(O)']","Reuters(B-ORG) cameraman(O) Liutauras(B-PER) Stremaitis(I-PER) said(O) a(O) column(O) of(O) around(O) 40(O) vehicles(O) ,(O) including(O) tanks(O) ,(O) armoured(O) personnel(O) carriers(O) ,(O) artillery(O) cannons(O) and(O) lorries(O) ,(O) escorted(O) by(O) Chechen(B-MISC) rebels(O) ,(O) pulled(O) out(O) of(O) the(O) village(O) of(O) Shatoi(B-LOC) towards(O) the(O) border(O) ,(O) around(O) 50(O) km(O) ((O) 31(O) miles(O) )(O) to(O) the(O) north(O) .(O)","Input: Reuters cameraman Liutauras Stremaitis said a column of around 40 vehicles , including tanks , armoured personnel carriers , artillery cannons and lorries , escorted by Chechen rebels , pulled out of the village of Shatoi towards the border , around 50 km ( 31 miles ) to the north .
Output: Reuters(B-ORG) cameraman(O) Liutauras(B-PER) Stremaitis(I-PER) said(O) a(O) column(O) of(O) around(O) 40(O) vehicles(O) ,(O) including(O) tanks(O) ,(O) armoured(O) personnel(O) carriers(O) ,(O) artillery(O) cannons(O) and(O) lorries(O) ,(O) escorted(O) by(O) Chechen(B-MISC) rebels(O) ,(O) pulled(O) out(O) of(O) the(O) village(O) of(O) Shatoi(B-LOC) towards(O) the(O) border(O) ,(O) around(O) 50(O) km(O) ((O) 31(O) miles(O) )(O) to(O) the(O) north(O) .(O)"
11101,"['Continuing' 'attacks' 'are' 'generally' 'ascribed' 'to' 'renegade'
 'soldiers' 'or' 'uncontrolled' 'bands' 'of' 'rebels' 'and' 'refugees'
 'displaced' 'by' 'the' 'fighting' 'starting' 'to' 'return' 'to' 'their'
 'homes' '.']","['O', 'O', 'O', 'O', 'O', 'O', 'O', 'O', 'O', 'O', 'O', 'O', 'O', 'O', 'O', 'O', 'O', 'O', 'O', 'O', 'O', 'O', 'O', 'O', 'O', 'O']",Continuing attacks are generally ascribed to renegade soldiers or uncontrolled bands of rebels and refugees displaced by the fighting starting to return to their homes .,"['Continuing(O)', 'attacks(O)', 'are(O)', 'generally(O)', 'ascribed(O)', 'to(O)', 'renegade(O)', 'soldiers(O)', 'or(O)', 'uncontrolled(O)', 'bands(O)', 'of(O)', 'rebels(O)', 'and(O)', 'refugees(O)', 'displaced(O)', 'by(O)', 'the(O)', 'fighting(O)', 'starting(O)', 'to(O)', 'return(O)', 'to(O)', 'their(O)', 'homes(O)', '.(O)']",Continuing(O) attacks(O) are(O) generally(O) ascribed(O) to(O) renegade(O) soldiers(O) or(O) uncontrolled(O) bands(O) of(O) rebels(O) and(O) refugees(O) displaced(O) by(O) the(O) fighting(O) starting(O) to(O) return(O) to(O) their(O) homes(O) .(O),"Input: Continuing attacks are generally ascribed to renegade soldiers or uncontrolled bands of rebels and refugees displaced by the fighting starting to return to their homes .
Output: Continuing(O) attacks(O) are(O) generally(O) ascribed(O) to(O) renegade(O) soldiers(O) or(O) uncontrolled(O) bands(O) of(O) rebels(O) and(O) refugees(O) displaced(O) by(O) the(O) fighting(O) starting(O) to(O) return(O) to(O) their(O) homes(O) .(O)"
2368,['5.' 'Jean-Paul' 'Bruwier' '(' 'Belgium' ')' '49.24'],"['O', 'B-PER', 'I-PER', 'O', 'B-LOC', 'O', 'O']",5. Jean-Paul Bruwier ( Belgium ) 49.24,"['5.(O)', 'Jean-Paul(B-PER)', 'Bruwier(I-PER)', '((O)', 'Belgium(B-LOC)', ')(O)', '49.24(O)']",5.(O) Jean-Paul(B-PER) Bruwier(I-PER) ((O) Belgium(B-LOC) )(O) 49.24(O),"Input: 5. Jean-Paul Bruwier ( Belgium ) 49.24
Output: 5.(O) Jean-Paul(B-PER) Bruwier(I-PER) ((O) Belgium(B-LOC) )(O) 49.24(O)"
1958,['J.' 'Crawley' 'b' 'Waqar' 'Younis' '106'],"['B-PER', 'I-PER', 'O', 'B-PER', 'I-PER', 'O']",J. Crawley b Waqar Younis 106,"['J.(B-PER)', 'Crawley(I-PER)', 'b(O)', 'Waqar(B-PER)', 'Younis(I-PER)', '106(O)']",J.(B-PER) Crawley(I-PER) b(O) Waqar(B-PER) Younis(I-PER) 106(O),"Input: J. Crawley b Waqar Younis 106
Output: J.(B-PER) Crawley(I-PER) b(O) Waqar(B-PER) Younis(I-PER) 106(O)"
8748,"['Swiss' 'league' 'leaders' 'Neuchatel' 'Xamax' 'said' 'on' 'Tuesday'
 'they' 'would' 'appeal' 'against' 'a' 'nine-month' 'ban' 'imposed' 'on'
 'French' 'international' 'defender' 'Jean-Pierre' 'Cyprien' 'for' 'his'
 'part' 'in' 'a' 'post-match' 'brawl' '.']","['B-MISC', 'O', 'O', 'B-ORG', 'I-ORG', 'O', 'O', 'O', 'O', 'O', 'O', 'O', 'O', 'O', 'O', 'O', 'O', 'B-MISC', 'O', 'O', 'B-PER', 'I-PER', 'O', 'O', 'O', 'O', 'O', 'O', 'O', 'O']",Swiss league leaders Neuchatel Xamax said on Tuesday they would appeal against a nine-month ban imposed on French international defender Jean-Pierre Cyprien for his part in a post-match brawl .,"['Swiss(B-MISC)', 'league(O)', 'leaders(O)', 'Neuchatel(B-ORG)', 'Xamax(I-ORG)', 'said(O)', 'on(O)', 'Tuesday(O)', 'they(O)', 'would(O)', 'appeal(O)', 'against(O)', 'a(O)', 'nine-month(O)', 'ban(O)', 'imposed(O)', 'on(O)', 'French(B-MISC)', 'international(O)', 'defender(O)', 'Jean-Pierre(B-PER)', 'Cyprien(I-PER)', 'for(O)', 'his(O)', 'part(O)', 'in(O)', 'a(O)', 'post-match(O)', 'brawl(O)', '.(O)']",Swiss(B-MISC) league(O) leaders(O) Neuchatel(B-ORG) Xamax(I-ORG) said(O) on(O) Tuesday(O) they(O) would(O) appeal(O) against(O) a(O) nine-month(O) ban(O) imposed(O) on(O) French(B-MISC) international(O) defender(O) Jean-Pierre(B-PER) Cyprien(I-PER) for(O) his(O) part(O) in(O) a(O) post-match(O) brawl(O) .(O),"Input: Swiss league leaders Neuchatel Xamax said on Tuesday they would appeal against a nine-month ban imposed on French international defender Jean-Pierre Cyprien for his part in a post-match brawl .
Output: Swiss(B-MISC) league(O) leaders(O) Neuchatel(B-ORG) Xamax(I-ORG) said(O) on(O) Tuesday(O) they(O) would(O) appeal(O) against(O) a(O) nine-month(O) ban(O) imposed(O) on(O) French(B-MISC) international(O) defender(O) Jean-Pierre(B-PER) Cyprien(I-PER) for(O) his(O) part(O) in(O) a(O) post-match(O) brawl(O) .(O)"
7723,"['A' 'mild-mannered' 'and' 'youthful' 'man' 'who' 'rose' 'rapidly' 'after'
 'entering' 'the' 'Senate' 'in' '1987' ',' 'he' 'presented' 'himself' 'as'
 'a' 'Midwest' 'moderate' ',' 'as' 'a' 'Democratic' 'winner' 'in' 'a'
 'Republican' 'state' 'able' 'to' 'unite' 'Senate' 'factions' '.']","['O', 'O', 'O', 'O', 'O', 'O', 'O', 'O', 'O', 'O', 'O', 'B-ORG', 'O', 'O', 'O', 'O', 'O', 'O', 'O', 'O', 'B-LOC', 'O', 'O', 'O', 'O', 'B-MISC', 'O', 'O', 'O', 'B-MISC', 'O', 'O', 'O', 'O', 'B-ORG', 'O', 'O']","A mild-mannered and youthful man who rose rapidly after entering the Senate in 1987 , he presented himself as a Midwest moderate , as a Democratic winner in a Republican state able to unite Senate factions .","['A(O)', 'mild-mannered(O)', 'and(O)', 'youthful(O)', 'man(O)', 'who(O)', 'rose(O)', 'rapidly(O)', 'after(O)', 'entering(O)', 'the(O)', 'Senate(B-ORG)', 'in(O)', '1987(O)', ',(O)', 'he(O)', 'presented(O)', 'himself(O)', 'as(O)', 'a(O)', 'Midwest(B-LOC)', 'moderate(O)', ',(O)', 'as(O)', 'a(O)', 'Democratic(B-MISC)', 'winner(O)', 'in(O)', 'a(O)', 'Republican(B-MISC)', 'state(O)', 'able(O)', 'to(O)', 'unite(O)', 'Senate(B-ORG)', 'factions(O)', '.(O)']","A(O) mild-mannered(O) and(O) youthful(O) man(O) who(O) rose(O) rapidly(O) after(O) entering(O) the(O) Senate(B-ORG) in(O) 1987(O) ,(O) he(O) presented(O) himself(O) as(O) a(O) Midwest(B-LOC) moderate(O) ,(O) as(O) a(O) Democratic(B-MISC) winner(O) in(O) a(O) Republican(B-MISC) state(O) able(O) to(O) unite(O) Senate(B-ORG) factions(O) .(O)","Input: A mild-mannered and youthful man who rose rapidly after entering the Senate in 1987 , he presented himself as a Midwest moderate , as a Democratic winner in a Republican state able to unite Senate factions .
Output: A(O) mild-mannered(O) and(O) youthful(O) man(O) who(O) rose(O) rapidly(O) after(O) entering(O) the(O) Senate(B-ORG) in(O) 1987(O) ,(O) he(O) presented(O) himself(O) as(O) a(O) Midwest(B-LOC) moderate(O) ,(O) as(O) a(O) Democratic(B-MISC) winner(O) in(O) a(O) Republican(B-MISC) state(O) able(O) to(O) unite(O) Senate(B-ORG) factions(O) .(O)"
6206,"['""' 'We' 'did' 'not' 'have' 'money' 'for' 'fertiliser' ',' 'we' ""'re""
 'in' 'debt' 'for' 'fuel' ',' 'and' 'we' ""'re"" 'borrowing' 'diesel' ','
 '""' 'Odnosum' 'said' '.']","['O', 'O', 'O', 'O', 'O', 'O', 'O', 'O', 'O', 'O', 'O', 'O', 'O', 'O', 'O', 'O', 'O', 'O', 'O', 'O', 'O', 'O', 'O', 'B-PER', 'O', 'O']",""" We did not have money for fertiliser , we 're in debt for fuel , and we 're borrowing diesel , "" Odnosum said .","['""(O)', 'We(O)', 'did(O)', 'not(O)', 'have(O)', 'money(O)', 'for(O)', 'fertiliser(O)', ',(O)', 'we(O)', ""'re(O)"", 'in(O)', 'debt(O)', 'for(O)', 'fuel(O)', ',(O)', 'and(O)', 'we(O)', ""'re(O)"", 'borrowing(O)', 'diesel(O)', ',(O)', '""(O)', 'Odnosum(B-PER)', 'said(O)', '.(O)']","""(O) We(O) did(O) not(O) have(O) money(O) for(O) fertiliser(O) ,(O) we(O) 're(O) in(O) debt(O) for(O) fuel(O) ,(O) and(O) we(O) 're(O) borrowing(O) diesel(O) ,(O) ""(O) Odnosum(B-PER) said(O) .(O)","Input: "" We did not have money for fertiliser , we 're in debt for fuel , and we 're borrowing diesel , "" Odnosum said .
Output: ""(O) We(O) did(O) not(O) have(O) money(O) for(O) fertiliser(O) ,(O) we(O) 're(O) in(O) debt(O) for(O) fuel(O) ,(O) and(O) we(O) 're(O) borrowing(O) diesel(O) ,(O) ""(O) Odnosum(B-PER) said(O) .(O)"
1934,"['At' 'Trent' 'Bridge' ':' 'Nottinghamshire' '392-6' '(' 'G.' 'Archer'
 '143' 'not']","['O', 'B-LOC', 'I-LOC', 'O', 'B-ORG', 'O', 'O', 'B-PER', 'I-PER', 'O', 'O']",At Trent Bridge : Nottinghamshire 392-6 ( G. Archer 143 not,"['At(O)', 'Trent(B-LOC)', 'Bridge(I-LOC)', ':(O)', 'Nottinghamshire(B-ORG)', '392-6(O)', '((O)', 'G.(B-PER)', 'Archer(I-PER)', '143(O)', 'not(O)']",At(O) Trent(B-LOC) Bridge(I-LOC) :(O) Nottinghamshire(B-ORG) 392-6(O) ((O) G.(B-PER) Archer(I-PER) 143(O) not(O),"Input: At Trent Bridge : Nottinghamshire 392-6 ( G. Archer 143 not
Output: At(O) Trent(B-LOC) Bridge(I-LOC) :(O) Nottinghamshire(B-ORG) 392-6(O) ((O) G.(B-PER) Archer(I-PER) 143(O) not(O)"
13625,"['Shares' 'in' 'Spanish' 'oil' 'and' 'chemicals' 'group' 'Repsol' 'were'
 'up' '65' 'pesetas' 'to' '4,150' 'after' 'the' 'company' 'announced'
 'net' 'first' 'half' 'profits' 'fell' '1.1' 'percent' 'to' '61.45'
 'billion' 'pesetas' 'on' 'the' 'previous' 'year' '.']","['O', 'O', 'B-MISC', 'O', 'O', 'O', 'O', 'B-ORG', 'O', 'O', 'O', 'O', 'O', 'O', 'O', 'O', 'O', 'O', 'O', 'O', 'O', 'O', 'O', 'O', 'O', 'O', 'O', 'O', 'O', 'O', 'O', 'O', 'O', 'O']","Shares in Spanish oil and chemicals group Repsol were up 65 pesetas to 4,150 after the company announced net first half profits fell 1.1 percent to 61.45 billion pesetas on the previous year .","['Shares(O)', 'in(O)', 'Spanish(B-MISC)', 'oil(O)', 'and(O)', 'chemicals(O)', 'group(O)', 'Repsol(B-ORG)', 'were(O)', 'up(O)', '65(O)', 'pesetas(O)', 'to(O)', '4,150(O)', 'after(O)', 'the(O)', 'company(O)', 'announced(O)', 'net(O)', 'first(O)', 'half(O)', 'profits(O)', 'fell(O)', '1.1(O)', 'percent(O)', 'to(O)', '61.45(O)', 'billion(O)', 'pesetas(O)', 'on(O)', 'the(O)', 'previous(O)', 'year(O)', '.(O)']","Shares(O) in(O) Spanish(B-MISC) oil(O) and(O) chemicals(O) group(O) Repsol(B-ORG) were(O) up(O) 65(O) pesetas(O) to(O) 4,150(O) after(O) the(O) company(O) announced(O) net(O) first(O) half(O) profits(O) fell(O) 1.1(O) percent(O) to(O) 61.45(O) billion(O) pesetas(O) on(O) the(O) previous(O) year(O) .(O)","Input: Shares in Spanish oil and chemicals group Repsol were up 65 pesetas to 4,150 after the company announced net first half profits fell 1.1 percent to 61.45 billion pesetas on the previous year .
Output: Shares(O) in(O) Spanish(B-MISC) oil(O) and(O) chemicals(O) group(O) Repsol(B-ORG) were(O) up(O) 65(O) pesetas(O) to(O) 4,150(O) after(O) the(O) company(O) announced(O) net(O) first(O) half(O) profits(O) fell(O) 1.1(O) percent(O) to(O) 61.45(O) billion(O) pesetas(O) on(O) the(O) previous(O) year(O) .(O)"
5370,['NATIONAL' 'LEAGUE'],"['B-MISC', 'I-MISC']",NATIONAL LEAGUE,"['NATIONAL(B-MISC)', 'LEAGUE(I-MISC)']",NATIONAL(B-MISC) LEAGUE(I-MISC),"Input: NATIONAL LEAGUE
Output: NATIONAL(B-MISC) LEAGUE(I-MISC)"
999,['The' 'youth' 'side' 'replied' 'with' '246' 'for' 'seven' '.'],"['O', 'O', 'O', 'O', 'O', 'O', 'O', 'O', 'O']",The youth side replied with 246 for seven .,"['The(O)', 'youth(O)', 'side(O)', 'replied(O)', 'with(O)', '246(O)', 'for(O)', 'seven(O)', '.(O)']",The(O) youth(O) side(O) replied(O) with(O) 246(O) for(O) seven(O) .(O),"Input: The youth side replied with 246 for seven .
Output: The(O) youth(O) side(O) replied(O) with(O) 246(O) for(O) seven(O) .(O)"
3603,['Lancashire' '323'],"['B-ORG', 'O']",Lancashire 323,"['Lancashire(B-ORG)', '323(O)']",Lancashire(B-ORG) 323(O),"Input: Lancashire 323
Output: Lancashire(B-ORG) 323(O)"
8708,['Werder' 'Bremen' '4' '1' '1' '2' '5' '6' '4'],"['B-ORG', 'I-ORG', 'O', 'O', 'O', 'O', 'O', 'O', 'O']",Werder Bremen 4 1 1 2 5 6 4,"['Werder(B-ORG)', 'Bremen(I-ORG)', '4(O)', '1(O)', '1(O)', '2(O)', '5(O)', '6(O)', '4(O)']",Werder(B-ORG) Bremen(I-ORG) 4(O) 1(O) 1(O) 2(O) 5(O) 6(O) 4(O),"Input: Werder Bremen 4 1 1 2 5 6 4
Output: Werder(B-ORG) Bremen(I-ORG) 4(O) 1(O) 1(O) 2(O) 5(O) 6(O) 4(O)"
4465,"['Java' 'has' 'been' 'licensed' 'by' 'nearly' '50' 'organisations' ','
 'ranging' 'from' 'Microsoft' 'Corp.' 'and' 'International' 'Business'
 'Machines' 'Corp.' 'to' 'the' 'Taiwan' 'government' '.']","['B-MISC', 'O', 'O', 'O', 'O', 'O', 'O', 'O', 'O', 'O', 'O', 'B-ORG', 'I-ORG', 'O', 'B-ORG', 'I-ORG', 'I-ORG', 'I-ORG', 'O', 'O', 'B-LOC', 'O', 'O']","Java has been licensed by nearly 50 organisations , ranging from Microsoft Corp. and International Business Machines Corp. to the Taiwan government .","['Java(B-MISC)', 'has(O)', 'been(O)', 'licensed(O)', 'by(O)', 'nearly(O)', '50(O)', 'organisations(O)', ',(O)', 'ranging(O)', 'from(O)', 'Microsoft(B-ORG)', 'Corp.(I-ORG)', 'and(O)', 'International(B-ORG)', 'Business(I-ORG)', 'Machines(I-ORG)', 'Corp.(I-ORG)', 'to(O)', 'the(O)', 'Taiwan(B-LOC)', 'government(O)', '.(O)']","Java(B-MISC) has(O) been(O) licensed(O) by(O) nearly(O) 50(O) organisations(O) ,(O) ranging(O) from(O) Microsoft(B-ORG) Corp.(I-ORG) and(O) International(B-ORG) Business(I-ORG) Machines(I-ORG) Corp.(I-ORG) to(O) the(O) Taiwan(B-LOC) government(O) .(O)","Input: Java has been licensed by nearly 50 organisations , ranging from Microsoft Corp. and International Business Machines Corp. to the Taiwan government .
Output: Java(B-MISC) has(O) been(O) licensed(O) by(O) nearly(O) 50(O) organisations(O) ,(O) ranging(O) from(O) Microsoft(B-ORG) Corp.(I-ORG) and(O) International(B-ORG) Business(I-ORG) Machines(I-ORG) Corp.(I-ORG) to(O) the(O) Taiwan(B-LOC) government(O) .(O)"
10209,"['England' 'soccer' 'manager' 'Glen' 'Hoddle' 'confirmed' 'on' 'Wednesday'
 'that' 'the' 'Liverpool' 'pair' 'of' 'Steve' 'McManaman' 'and' 'Robbie'
 'Fowler' 'would' 'miss' 'England' ""'s"" 'World' 'Cup' 'qualifying' 'match'
 'against' 'Moldova' 'on' 'Sunday' '.']","['B-LOC', 'O', 'O', 'B-PER', 'I-PER', 'O', 'O', 'O', 'O', 'O', 'B-ORG', 'O', 'O', 'B-PER', 'I-PER', 'O', 'B-PER', 'I-PER', 'O', 'O', 'B-LOC', 'O', 'B-MISC', 'I-MISC', 'O', 'O', 'O', 'B-LOC', 'O', 'O', 'O']",England soccer manager Glen Hoddle confirmed on Wednesday that the Liverpool pair of Steve McManaman and Robbie Fowler would miss England 's World Cup qualifying match against Moldova on Sunday .,"['England(B-LOC)', 'soccer(O)', 'manager(O)', 'Glen(B-PER)', 'Hoddle(I-PER)', 'confirmed(O)', 'on(O)', 'Wednesday(O)', 'that(O)', 'the(O)', 'Liverpool(B-ORG)', 'pair(O)', 'of(O)', 'Steve(B-PER)', 'McManaman(I-PER)', 'and(O)', 'Robbie(B-PER)', 'Fowler(I-PER)', 'would(O)', 'miss(O)', 'England(B-LOC)', ""'s(O)"", 'World(B-MISC)', 'Cup(I-MISC)', 'qualifying(O)', 'match(O)', 'against(O)', 'Moldova(B-LOC)', 'on(O)', 'Sunday(O)', '.(O)']",England(B-LOC) soccer(O) manager(O) Glen(B-PER) Hoddle(I-PER) confirmed(O) on(O) Wednesday(O) that(O) the(O) Liverpool(B-ORG) pair(O) of(O) Steve(B-PER) McManaman(I-PER) and(O) Robbie(B-PER) Fowler(I-PER) would(O) miss(O) England(B-LOC) 's(O) World(B-MISC) Cup(I-MISC) qualifying(O) match(O) against(O) Moldova(B-LOC) on(O) Sunday(O) .(O),"Input: England soccer manager Glen Hoddle confirmed on Wednesday that the Liverpool pair of Steve McManaman and Robbie Fowler would miss England 's World Cup qualifying match against Moldova on Sunday .
Output: England(B-LOC) soccer(O) manager(O) Glen(B-PER) Hoddle(I-PER) confirmed(O) on(O) Wednesday(O) that(O) the(O) Liverpool(B-ORG) pair(O) of(O) Steve(B-PER) McManaman(I-PER) and(O) Robbie(B-PER) Fowler(I-PER) would(O) miss(O) England(B-LOC) 's(O) World(B-MISC) Cup(I-MISC) qualifying(O) match(O) against(O) Moldova(B-LOC) on(O) Sunday(O) .(O)"
1788,['Dollar' '/' 'yen' '....'],"['O', 'O', 'O', 'O']",Dollar / yen ....,"['Dollar(O)', '/(O)', 'yen(O)', '....(O)']",Dollar(O) /(O) yen(O) ....(O),"Input: Dollar / yen ....
Output: Dollar(O) /(O) yen(O) ....(O)"
5711,['Volendam' '0' '.'],"['B-ORG', 'O', 'O']",Volendam 0 .,"['Volendam(B-ORG)', '0(O)', '.(O)']",Volendam(B-ORG) 0(O) .(O),"Input: Volendam 0 .
Output: Volendam(B-ORG) 0(O) .(O)"
9142,"['Czech' 'Republic' 'President' 'Vaclav' 'Havel' 'is' 'scheduled' 'to'
 'make' 'an' 'official' 'visit' 'to' 'Brazil' 'Sept' '.']","['B-LOC', 'I-LOC', 'O', 'B-PER', 'I-PER', 'O', 'O', 'O', 'O', 'O', 'O', 'O', 'O', 'B-LOC', 'O', 'O']",Czech Republic President Vaclav Havel is scheduled to make an official visit to Brazil Sept .,"['Czech(B-LOC)', 'Republic(I-LOC)', 'President(O)', 'Vaclav(B-PER)', 'Havel(I-PER)', 'is(O)', 'scheduled(O)', 'to(O)', 'make(O)', 'an(O)', 'official(O)', 'visit(O)', 'to(O)', 'Brazil(B-LOC)', 'Sept(O)', '.(O)']",Czech(B-LOC) Republic(I-LOC) President(O) Vaclav(B-PER) Havel(I-PER) is(O) scheduled(O) to(O) make(O) an(O) official(O) visit(O) to(O) Brazil(B-LOC) Sept(O) .(O),"Input: Czech Republic President Vaclav Havel is scheduled to make an official visit to Brazil Sept .
Output: Czech(B-LOC) Republic(I-LOC) President(O) Vaclav(B-PER) Havel(I-PER) is(O) scheduled(O) to(O) make(O) an(O) official(O) visit(O) to(O) Brazil(B-LOC) Sept(O) .(O)"
5572,['Aarau' '8' '4' '1' '3' '9' '4' '13'],"['B-ORG', 'O', 'O', 'O', 'O', 'O', 'O', 'O']",Aarau 8 4 1 3 9 4 13,"['Aarau(B-ORG)', '8(O)', '4(O)', '1(O)', '3(O)', '9(O)', '4(O)', '13(O)']",Aarau(B-ORG) 8(O) 4(O) 1(O) 3(O) 9(O) 4(O) 13(O),"Input: Aarau 8 4 1 3 9 4 13
Output: Aarau(B-ORG) 8(O) 4(O) 1(O) 3(O) 9(O) 4(O) 13(O)"
824,['Texas' '10' 'CLEVELAND' '8' '(' 'in' '10' ')'],"['B-ORG', 'O', 'B-ORG', 'O', 'O', 'O', 'O', 'O']",Texas 10 CLEVELAND 8 ( in 10 ),"['Texas(B-ORG)', '10(O)', 'CLEVELAND(B-ORG)', '8(O)', '((O)', 'in(O)', '10(O)', ')(O)']",Texas(B-ORG) 10(O) CLEVELAND(B-ORG) 8(O) ((O) in(O) 10(O) )(O),"Input: Texas 10 CLEVELAND 8 ( in 10 )
Output: Texas(B-ORG) 10(O) CLEVELAND(B-ORG) 8(O) ((O) in(O) 10(O) )(O)"
6858,['Guarani' '3' '0' '1' '2' '1' '5' '1'],"['B-ORG', 'O', 'O', 'O', 'O', 'O', 'O', 'O']",Guarani 3 0 1 2 1 5 1,"['Guarani(B-ORG)', '3(O)', '0(O)', '1(O)', '2(O)', '1(O)', '5(O)', '1(O)']",Guarani(B-ORG) 3(O) 0(O) 1(O) 2(O) 1(O) 5(O) 1(O),"Input: Guarani 3 0 1 2 1 5 1
Output: Guarani(B-ORG) 3(O) 0(O) 1(O) 2(O) 1(O) 5(O) 1(O)"
10366,"['I' 'have' 'much' 'more' 'fun' 'on' 'the' 'court' ',' '""' 'he' 'said' '.']","['O', 'O', 'O', 'O', 'O', 'O', 'O', 'O', 'O', 'O', 'O', 'O', 'O']","I have much more fun on the court , "" he said .","['I(O)', 'have(O)', 'much(O)', 'more(O)', 'fun(O)', 'on(O)', 'the(O)', 'court(O)', ',(O)', '""(O)', 'he(O)', 'said(O)', '.(O)']","I(O) have(O) much(O) more(O) fun(O) on(O) the(O) court(O) ,(O) ""(O) he(O) said(O) .(O)","Input: I have much more fun on the court , "" he said .
Output: I(O) have(O) much(O) more(O) fun(O) on(O) the(O) court(O) ,(O) ""(O) he(O) said(O) .(O)"
4080,['Hamburg' '3' '2' '0' '1' '7' '3' '6'],"['B-ORG', 'O', 'O', 'O', 'O', 'O', 'O', 'O']",Hamburg 3 2 0 1 7 3 6,"['Hamburg(B-ORG)', '3(O)', '2(O)', '0(O)', '1(O)', '7(O)', '3(O)', '6(O)']",Hamburg(B-ORG) 3(O) 2(O) 0(O) 1(O) 7(O) 3(O) 6(O),"Input: Hamburg 3 2 0 1 7 3 6
Output: Hamburg(B-ORG) 3(O) 2(O) 0(O) 1(O) 7(O) 3(O) 6(O)"
4753,['Michael' 'Schumacher' 'of'],"['B-PER', 'I-PER', 'O']",Michael Schumacher of,"['Michael(B-PER)', 'Schumacher(I-PER)', 'of(O)']",Michael(B-PER) Schumacher(I-PER) of(O),"Input: Michael Schumacher of
Output: Michael(B-PER) Schumacher(I-PER) of(O)"
6173,"['They' 'seized' 'revolvers' ',' 'sawn-off' 'rifles' ',' 'shotguns' 'and'
 'knives' '.']","['O', 'O', 'O', 'O', 'O', 'O', 'O', 'O', 'O', 'O', 'O']","They seized revolvers , sawn-off rifles , shotguns and knives .","['They(O)', 'seized(O)', 'revolvers(O)', ',(O)', 'sawn-off(O)', 'rifles(O)', ',(O)', 'shotguns(O)', 'and(O)', 'knives(O)', '.(O)']","They(O) seized(O) revolvers(O) ,(O) sawn-off(O) rifles(O) ,(O) shotguns(O) and(O) knives(O) .(O)","Input: They seized revolvers , sawn-off rifles , shotguns and knives .
Output: They(O) seized(O) revolvers(O) ,(O) sawn-off(O) rifles(O) ,(O) shotguns(O) and(O) knives(O) .(O)"
11382,"['Dole' 'said' 'former' 'first' 'lady' 'Nancy' 'Reagan' 'was' 'laughed'
 'at' 'with' 'her' '""' 'just' 'say' 'no' '""' 'anti-drug' 'message' '.' '""']","['B-PER', 'O', 'O', 'O', 'O', 'B-PER', 'I-PER', 'O', 'O', 'O', 'O', 'O', 'O', 'O', 'O', 'O', 'O', 'O', 'O', 'O', 'O']","Dole said former first lady Nancy Reagan was laughed at with her "" just say no "" anti-drug message . ""","['Dole(B-PER)', 'said(O)', 'former(O)', 'first(O)', 'lady(O)', 'Nancy(B-PER)', 'Reagan(I-PER)', 'was(O)', 'laughed(O)', 'at(O)', 'with(O)', 'her(O)', '""(O)', 'just(O)', 'say(O)', 'no(O)', '""(O)', 'anti-drug(O)', 'message(O)', '.(O)', '""(O)']","Dole(B-PER) said(O) former(O) first(O) lady(O) Nancy(B-PER) Reagan(I-PER) was(O) laughed(O) at(O) with(O) her(O) ""(O) just(O) say(O) no(O) ""(O) anti-drug(O) message(O) .(O) ""(O)","Input: Dole said former first lady Nancy Reagan was laughed at with her "" just say no "" anti-drug message . ""
Output: Dole(B-PER) said(O) former(O) first(O) lady(O) Nancy(B-PER) Reagan(I-PER) was(O) laughed(O) at(O) with(O) her(O) ""(O) just(O) say(O) no(O) ""(O) anti-drug(O) message(O) .(O) ""(O)"
7320,"['Maskhadov' 'warned' 'that' 'Lebed' 'risked' 'the' 'same' 'fate' 'as' 'a'
 'former' 'Russian' 'army' 'commander' 'in' 'the' 'region' 'who' 'sought'
 'a' 'compromise' 'and' 'was' 'blown' 'up' 'last' 'year' 'by' '--' 'so'
 'the' 'Chechens' 'say' '--' 'Russian' 'forces' '.']","['B-PER', 'O', 'O', 'B-PER', 'O', 'O', 'O', 'O', 'O', 'O', 'O', 'B-MISC', 'O', 'O', 'O', 'O', 'O', 'O', 'O', 'O', 'O', 'O', 'O', 'O', 'O', 'O', 'O', 'O', 'O', 'O', 'O', 'B-MISC', 'O', 'O', 'B-MISC', 'O', 'O']",Maskhadov warned that Lebed risked the same fate as a former Russian army commander in the region who sought a compromise and was blown up last year by -- so the Chechens say -- Russian forces .,"['Maskhadov(B-PER)', 'warned(O)', 'that(O)', 'Lebed(B-PER)', 'risked(O)', 'the(O)', 'same(O)', 'fate(O)', 'as(O)', 'a(O)', 'former(O)', 'Russian(B-MISC)', 'army(O)', 'commander(O)', 'in(O)', 'the(O)', 'region(O)', 'who(O)', 'sought(O)', 'a(O)', 'compromise(O)', 'and(O)', 'was(O)', 'blown(O)', 'up(O)', 'last(O)', 'year(O)', 'by(O)', '--(O)', 'so(O)', 'the(O)', 'Chechens(B-MISC)', 'say(O)', '--(O)', 'Russian(B-MISC)', 'forces(O)', '.(O)']",Maskhadov(B-PER) warned(O) that(O) Lebed(B-PER) risked(O) the(O) same(O) fate(O) as(O) a(O) former(O) Russian(B-MISC) army(O) commander(O) in(O) the(O) region(O) who(O) sought(O) a(O) compromise(O) and(O) was(O) blown(O) up(O) last(O) year(O) by(O) --(O) so(O) the(O) Chechens(B-MISC) say(O) --(O) Russian(B-MISC) forces(O) .(O),"Input: Maskhadov warned that Lebed risked the same fate as a former Russian army commander in the region who sought a compromise and was blown up last year by -- so the Chechens say -- Russian forces .
Output: Maskhadov(B-PER) warned(O) that(O) Lebed(B-PER) risked(O) the(O) same(O) fate(O) as(O) a(O) former(O) Russian(B-MISC) army(O) commander(O) in(O) the(O) region(O) who(O) sought(O) a(O) compromise(O) and(O) was(O) blown(O) up(O) last(O) year(O) by(O) --(O) so(O) the(O) Chechens(B-MISC) say(O) --(O) Russian(B-MISC) forces(O) .(O)"
4215,"['Many' 'had' 'taken' 'part' 'in' 'the' 'genocide' 'that' 'year' 'of'
 'one' 'million' 'people' ',' 'mostly' 'Tutsis' ',' 'and' 'refuse' 'to'
 'go' 'home' 'for' 'fear' 'of' 'reprisal' 'at' 'the' 'hands' 'of' 'the'
 'new' 'Tutsi-dominated' 'government' 'in' 'Kigali' '.']","['O', 'O', 'O', 'O', 'O', 'O', 'O', 'O', 'O', 'O', 'O', 'O', 'O', 'O', 'O', 'B-MISC', 'O', 'O', 'O', 'O', 'O', 'O', 'O', 'O', 'O', 'O', 'O', 'O', 'O', 'O', 'O', 'O', 'B-MISC', 'O', 'O', 'B-LOC', 'O']","Many had taken part in the genocide that year of one million people , mostly Tutsis , and refuse to go home for fear of reprisal at the hands of the new Tutsi-dominated government in Kigali .","['Many(O)', 'had(O)', 'taken(O)', 'part(O)', 'in(O)', 'the(O)', 'genocide(O)', 'that(O)', 'year(O)', 'of(O)', 'one(O)', 'million(O)', 'people(O)', ',(O)', 'mostly(O)', 'Tutsis(B-MISC)', ',(O)', 'and(O)', 'refuse(O)', 'to(O)', 'go(O)', 'home(O)', 'for(O)', 'fear(O)', 'of(O)', 'reprisal(O)', 'at(O)', 'the(O)', 'hands(O)', 'of(O)', 'the(O)', 'new(O)', 'Tutsi-dominated(B-MISC)', 'government(O)', 'in(O)', 'Kigali(B-LOC)', '.(O)']","Many(O) had(O) taken(O) part(O) in(O) the(O) genocide(O) that(O) year(O) of(O) one(O) million(O) people(O) ,(O) mostly(O) Tutsis(B-MISC) ,(O) and(O) refuse(O) to(O) go(O) home(O) for(O) fear(O) of(O) reprisal(O) at(O) the(O) hands(O) of(O) the(O) new(O) Tutsi-dominated(B-MISC) government(O) in(O) Kigali(B-LOC) .(O)","Input: Many had taken part in the genocide that year of one million people , mostly Tutsis , and refuse to go home for fear of reprisal at the hands of the new Tutsi-dominated government in Kigali .
Output: Many(O) had(O) taken(O) part(O) in(O) the(O) genocide(O) that(O) year(O) of(O) one(O) million(O) people(O) ,(O) mostly(O) Tutsis(B-MISC) ,(O) and(O) refuse(O) to(O) go(O) home(O) for(O) fear(O) of(O) reprisal(O) at(O) the(O) hands(O) of(O) the(O) new(O) Tutsi-dominated(B-MISC) government(O) in(O) Kigali(B-LOC) .(O)"
12893,"['No' 'arrests' 'had' 'been' 'made' ',' 'a' 'police' 'spokesman' 'said'
 '.']","['O', 'O', 'O', 'O', 'O', 'O', 'O', 'O', 'O', 'O', 'O']","No arrests had been made , a police spokesman said .","['No(O)', 'arrests(O)', 'had(O)', 'been(O)', 'made(O)', ',(O)', 'a(O)', 'police(O)', 'spokesman(O)', 'said(O)', '.(O)']","No(O) arrests(O) had(O) been(O) made(O) ,(O) a(O) police(O) spokesman(O) said(O) .(O)","Input: No arrests had been made , a police spokesman said .
Output: No(O) arrests(O) had(O) been(O) made(O) ,(O) a(O) police(O) spokesman(O) said(O) .(O)"
9460,"['Thousands' 'in' 'Calcutta' ',' 'where' 'she' 'founded' 'her'
 'Missionaries' 'of' 'Charity' 'religious' 'order' 'in' '1949' ','
 'prayed' 'for' 'her' 'recovery' '.']","['O', 'O', 'B-LOC', 'O', 'O', 'O', 'O', 'O', 'B-ORG', 'I-ORG', 'I-ORG', 'O', 'O', 'O', 'O', 'O', 'O', 'O', 'O', 'O', 'O']","Thousands in Calcutta , where she founded her Missionaries of Charity religious order in 1949 , prayed for her recovery .","['Thousands(O)', 'in(O)', 'Calcutta(B-LOC)', ',(O)', 'where(O)', 'she(O)', 'founded(O)', 'her(O)', 'Missionaries(B-ORG)', 'of(I-ORG)', 'Charity(I-ORG)', 'religious(O)', 'order(O)', 'in(O)', '1949(O)', ',(O)', 'prayed(O)', 'for(O)', 'her(O)', 'recovery(O)', '.(O)']","Thousands(O) in(O) Calcutta(B-LOC) ,(O) where(O) she(O) founded(O) her(O) Missionaries(B-ORG) of(I-ORG) Charity(I-ORG) religious(O) order(O) in(O) 1949(O) ,(O) prayed(O) for(O) her(O) recovery(O) .(O)","Input: Thousands in Calcutta , where she founded her Missionaries of Charity religious order in 1949 , prayed for her recovery .
Output: Thousands(O) in(O) Calcutta(B-LOC) ,(O) where(O) she(O) founded(O) her(O) Missionaries(B-ORG) of(I-ORG) Charity(I-ORG) religious(O) order(O) in(O) 1949(O) ,(O) prayed(O) for(O) her(O) recovery(O) .(O)"
2286,"['69' '66' ',' 'Jose' 'Maria' 'Canizares' '(' 'Spain' ')' '67' '68' ','
 'Paul' 'Lawrie']","['O', 'O', 'O', 'B-PER', 'I-PER', 'I-PER', 'O', 'B-LOC', 'O', 'O', 'O', 'O', 'B-PER', 'I-PER']","69 66 , Jose Maria Canizares ( Spain ) 67 68 , Paul Lawrie","['69(O)', '66(O)', ',(O)', 'Jose(B-PER)', 'Maria(I-PER)', 'Canizares(I-PER)', '((O)', 'Spain(B-LOC)', ')(O)', '67(O)', '68(O)', ',(O)', 'Paul(B-PER)', 'Lawrie(I-PER)']","69(O) 66(O) ,(O) Jose(B-PER) Maria(I-PER) Canizares(I-PER) ((O) Spain(B-LOC) )(O) 67(O) 68(O) ,(O) Paul(B-PER) Lawrie(I-PER)","Input: 69 66 , Jose Maria Canizares ( Spain ) 67 68 , Paul Lawrie
Output: 69(O) 66(O) ,(O) Jose(B-PER) Maria(I-PER) Canizares(I-PER) ((O) Spain(B-LOC) )(O) 67(O) 68(O) ,(O) Paul(B-PER) Lawrie(I-PER)"
12721,"['ND' 'PARTY' 'PICKS' 'SPOT' 'THOMSON' ',' 'BOLD' '/' 'OGILVY' ','
 'MATHER' 'FOR' 'AD' 'CAMPAIGN' '.']","['B-ORG', 'O', 'O', 'B-PER', 'I-PER', 'O', 'B-ORG', 'I-ORG', 'I-ORG', 'I-ORG', 'I-ORG', 'O', 'B-ORG', 'O', 'O']","ND PARTY PICKS SPOT THOMSON , BOLD / OGILVY , MATHER FOR AD CAMPAIGN .","['ND(B-ORG)', 'PARTY(O)', 'PICKS(O)', 'SPOT(B-PER)', 'THOMSON(I-PER)', ',(O)', 'BOLD(B-ORG)', '/(I-ORG)', 'OGILVY(I-ORG)', ',(I-ORG)', 'MATHER(I-ORG)', 'FOR(O)', 'AD(B-ORG)', 'CAMPAIGN(O)', '.(O)']","ND(B-ORG) PARTY(O) PICKS(O) SPOT(B-PER) THOMSON(I-PER) ,(O) BOLD(B-ORG) /(I-ORG) OGILVY(I-ORG) ,(I-ORG) MATHER(I-ORG) FOR(O) AD(B-ORG) CAMPAIGN(O) .(O)","Input: ND PARTY PICKS SPOT THOMSON , BOLD / OGILVY , MATHER FOR AD CAMPAIGN .
Output: ND(B-ORG) PARTY(O) PICKS(O) SPOT(B-PER) THOMSON(I-PER) ,(O) BOLD(B-ORG) /(I-ORG) OGILVY(I-ORG) ,(I-ORG) MATHER(I-ORG) FOR(O) AD(B-ORG) CAMPAIGN(O) .(O)"
10356,"['""' 'I' 'think' 'I' ""'m"" 'much' 'more' 'focused' 'on' 'what' 'I' 'have'
 'to' 'do' ',' 'and' 'that' ""'s"" 'playing' 'tennis' ',' '""' 'Medvedev'
 'said' 'after' 'routing' 'Frenchman' 'Jean-Philippe' 'Fleurian' '6-2'
 '6-0' '6-1' 'in' 'the' 'opening' 'round' 'of' 'the' 'U.S.' 'Open' '.']","['O', 'O', 'O', 'O', 'O', 'O', 'O', 'O', 'O', 'O', 'O', 'O', 'O', 'O', 'O', 'O', 'O', 'O', 'O', 'O', 'O', 'O', 'B-PER', 'O', 'O', 'O', 'B-MISC', 'B-PER', 'I-PER', 'O', 'O', 'O', 'O', 'O', 'O', 'O', 'O', 'O', 'B-MISC', 'I-MISC', 'O']",""" I think I 'm much more focused on what I have to do , and that 's playing tennis , "" Medvedev said after routing Frenchman Jean-Philippe Fleurian 6-2 6-0 6-1 in the opening round of the U.S. Open .","['""(O)', 'I(O)', 'think(O)', 'I(O)', ""'m(O)"", 'much(O)', 'more(O)', 'focused(O)', 'on(O)', 'what(O)', 'I(O)', 'have(O)', 'to(O)', 'do(O)', ',(O)', 'and(O)', 'that(O)', ""'s(O)"", 'playing(O)', 'tennis(O)', ',(O)', '""(O)', 'Medvedev(B-PER)', 'said(O)', 'after(O)', 'routing(O)', 'Frenchman(B-MISC)', 'Jean-Philippe(B-PER)', 'Fleurian(I-PER)', '6-2(O)', '6-0(O)', '6-1(O)', 'in(O)', 'the(O)', 'opening(O)', 'round(O)', 'of(O)', 'the(O)', 'U.S.(B-MISC)', 'Open(I-MISC)', '.(O)']","""(O) I(O) think(O) I(O) 'm(O) much(O) more(O) focused(O) on(O) what(O) I(O) have(O) to(O) do(O) ,(O) and(O) that(O) 's(O) playing(O) tennis(O) ,(O) ""(O) Medvedev(B-PER) said(O) after(O) routing(O) Frenchman(B-MISC) Jean-Philippe(B-PER) Fleurian(I-PER) 6-2(O) 6-0(O) 6-1(O) in(O) the(O) opening(O) round(O) of(O) the(O) U.S.(B-MISC) Open(I-MISC) .(O)","Input: "" I think I 'm much more focused on what I have to do , and that 's playing tennis , "" Medvedev said after routing Frenchman Jean-Philippe Fleurian 6-2 6-0 6-1 in the opening round of the U.S. Open .
Output: ""(O) I(O) think(O) I(O) 'm(O) much(O) more(O) focused(O) on(O) what(O) I(O) have(O) to(O) do(O) ,(O) and(O) that(O) 's(O) playing(O) tennis(O) ,(O) ""(O) Medvedev(B-PER) said(O) after(O) routing(O) Frenchman(B-MISC) Jean-Philippe(B-PER) Fleurian(I-PER) 6-2(O) 6-0(O) 6-1(O) in(O) the(O) opening(O) round(O) of(O) the(O) U.S.(B-MISC) Open(I-MISC) .(O)"
1871,['Leading' 'times'],"['O', 'O']",Leading times,"['Leading(O)', 'times(O)']",Leading(O) times(O),"Input: Leading times
Output: Leading(O) times(O)"
34,"['that' 'is' 'to' 'end' 'the' 'state' 'of' 'hostility' ',' '""' 'Thursday'
 ""'s"" 'overseas' 'edition' 'of' 'the' 'People' ""'s"" 'Daily' 'quoted'
 'Tang' 'as' 'saying' '.']","['O', 'O', 'O', 'O', 'O', 'O', 'O', 'O', 'O', 'O', 'O', 'O', 'O', 'O', 'O', 'O', 'B-ORG', 'I-ORG', 'I-ORG', 'O', 'B-PER', 'O', 'O', 'O']","that is to end the state of hostility , "" Thursday 's overseas edition of the People 's Daily quoted Tang as saying .","['that(O)', 'is(O)', 'to(O)', 'end(O)', 'the(O)', 'state(O)', 'of(O)', 'hostility(O)', ',(O)', '""(O)', 'Thursday(O)', ""'s(O)"", 'overseas(O)', 'edition(O)', 'of(O)', 'the(O)', 'People(B-ORG)', ""'s(I-ORG)"", 'Daily(I-ORG)', 'quoted(O)', 'Tang(B-PER)', 'as(O)', 'saying(O)', '.(O)']","that(O) is(O) to(O) end(O) the(O) state(O) of(O) hostility(O) ,(O) ""(O) Thursday(O) 's(O) overseas(O) edition(O) of(O) the(O) People(B-ORG) 's(I-ORG) Daily(I-ORG) quoted(O) Tang(B-PER) as(O) saying(O) .(O)","Input: that is to end the state of hostility , "" Thursday 's overseas edition of the People 's Daily quoted Tang as saying .
Output: that(O) is(O) to(O) end(O) the(O) state(O) of(O) hostility(O) ,(O) ""(O) Thursday(O) 's(O) overseas(O) edition(O) of(O) the(O) People(B-ORG) 's(I-ORG) Daily(I-ORG) quoted(O) Tang(B-PER) as(O) saying(O) .(O)"
3539,"['The' 'visitors' 'had' 'started' 'the' 'day' 'optimistically' 'by'
 'sending' 'back' 'former' 'England' 'captain' 'Graham' 'Gooch' 'when'
 'he' 'added' 'just' 'six' 'to' 'his' 'overnight' '105' ',' 'but' 'Essex'
 'went' 'on' 'to' 'make' '532' 'for' 'eight' 'before' 'declaring' '.']","['O', 'O', 'O', 'O', 'O', 'O', 'O', 'O', 'O', 'O', 'O', 'B-LOC', 'O', 'B-PER', 'I-PER', 'O', 'O', 'O', 'O', 'O', 'O', 'O', 'O', 'O', 'O', 'O', 'B-ORG', 'O', 'O', 'O', 'O', 'O', 'O', 'O', 'O', 'O', 'O']","The visitors had started the day optimistically by sending back former England captain Graham Gooch when he added just six to his overnight 105 , but Essex went on to make 532 for eight before declaring .","['The(O)', 'visitors(O)', 'had(O)', 'started(O)', 'the(O)', 'day(O)', 'optimistically(O)', 'by(O)', 'sending(O)', 'back(O)', 'former(O)', 'England(B-LOC)', 'captain(O)', 'Graham(B-PER)', 'Gooch(I-PER)', 'when(O)', 'he(O)', 'added(O)', 'just(O)', 'six(O)', 'to(O)', 'his(O)', 'overnight(O)', '105(O)', ',(O)', 'but(O)', 'Essex(B-ORG)', 'went(O)', 'on(O)', 'to(O)', 'make(O)', '532(O)', 'for(O)', 'eight(O)', 'before(O)', 'declaring(O)', '.(O)']","The(O) visitors(O) had(O) started(O) the(O) day(O) optimistically(O) by(O) sending(O) back(O) former(O) England(B-LOC) captain(O) Graham(B-PER) Gooch(I-PER) when(O) he(O) added(O) just(O) six(O) to(O) his(O) overnight(O) 105(O) ,(O) but(O) Essex(B-ORG) went(O) on(O) to(O) make(O) 532(O) for(O) eight(O) before(O) declaring(O) .(O)","Input: The visitors had started the day optimistically by sending back former England captain Graham Gooch when he added just six to his overnight 105 , but Essex went on to make 532 for eight before declaring .
Output: The(O) visitors(O) had(O) started(O) the(O) day(O) optimistically(O) by(O) sending(O) back(O) former(O) England(B-LOC) captain(O) Graham(B-PER) Gooch(I-PER) when(O) he(O) added(O) just(O) six(O) to(O) his(O) overnight(O) 105(O) ,(O) but(O) Essex(B-ORG) went(O) on(O) to(O) make(O) 532(O) for(O) eight(O) before(O) declaring(O) .(O)"
13850,['Deficit' '/' 'surplus' 'Jul' '+282.1' '-' '380.6' '+230.4' '-'],"['O', 'O', 'O', 'O', 'O', 'O', 'O', 'O', 'O']",Deficit / surplus Jul +282.1 - 380.6 +230.4 -,"['Deficit(O)', '/(O)', 'surplus(O)', 'Jul(O)', '+282.1(O)', '-(O)', '380.6(O)', '+230.4(O)', '-(O)']",Deficit(O) /(O) surplus(O) Jul(O) +282.1(O) -(O) 380.6(O) +230.4(O) -(O),"Input: Deficit / surplus Jul +282.1 - 380.6 +230.4 -
Output: Deficit(O) /(O) surplus(O) Jul(O) +282.1(O) -(O) 380.6(O) +230.4(O) -(O)"
8379,"['Cozma' 'is' 'barred' 'from' 'taking' 'part' 'in' 'any' 'official'
 'soccer' 'activity' 'during' 'the' 'ban' '.']","['B-PER', 'O', 'O', 'O', 'O', 'O', 'O', 'O', 'O', 'O', 'O', 'O', 'O', 'O', 'O']",Cozma is barred from taking part in any official soccer activity during the ban .,"['Cozma(B-PER)', 'is(O)', 'barred(O)', 'from(O)', 'taking(O)', 'part(O)', 'in(O)', 'any(O)', 'official(O)', 'soccer(O)', 'activity(O)', 'during(O)', 'the(O)', 'ban(O)', '.(O)']",Cozma(B-PER) is(O) barred(O) from(O) taking(O) part(O) in(O) any(O) official(O) soccer(O) activity(O) during(O) the(O) ban(O) .(O),"Input: Cozma is barred from taking part in any official soccer activity during the ban .
Output: Cozma(B-PER) is(O) barred(O) from(O) taking(O) part(O) in(O) any(O) official(O) soccer(O) activity(O) during(O) the(O) ban(O) .(O)"
544,['In' 'Vinnytsya' ':'],"['O', 'B-LOC', 'O']",In Vinnytsya :,"['In(O)', 'Vinnytsya(B-LOC)', ':(O)']",In(O) Vinnytsya(B-LOC) :(O),"Input: In Vinnytsya :
Output: In(O) Vinnytsya(B-LOC) :(O)"
11213,"['""' 'They' 'just' 'voted' 'along' 'ethnic' 'lines' 'where' 'they' 'could'
 '.' '""']","['O', 'O', 'O', 'O', 'O', 'O', 'O', 'O', 'O', 'O', 'O', 'O']",""" They just voted along ethnic lines where they could . ""","['""(O)', 'They(O)', 'just(O)', 'voted(O)', 'along(O)', 'ethnic(O)', 'lines(O)', 'where(O)', 'they(O)', 'could(O)', '.(O)', '""(O)']","""(O) They(O) just(O) voted(O) along(O) ethnic(O) lines(O) where(O) they(O) could(O) .(O) ""(O)","Input: "" They just voted along ethnic lines where they could . ""
Output: ""(O) They(O) just(O) voted(O) along(O) ethnic(O) lines(O) where(O) they(O) could(O) .(O) ""(O)"
659,['15-8' '15-12'],"['O', 'O']",15-8 15-12,"['15-8(O)', '15-12(O)']",15-8(O) 15-12(O),"Input: 15-8 15-12
Output: 15-8(O) 15-12(O)"
6600,['Togo' '1' 'Congo' '0'],"['B-LOC', 'O', 'B-LOC', 'O']",Togo 1 Congo 0,"['Togo(B-LOC)', '1(O)', 'Congo(B-LOC)', '0(O)']",Togo(B-LOC) 1(O) Congo(B-LOC) 0(O),"Input: Togo 1 Congo 0
Output: Togo(B-LOC) 1(O) Congo(B-LOC) 0(O)"
4397,"['In' 'just' 'over' 'a' 'week' 'two' 'young' 'girls' 'have' 'been' 'found'
 'dead' ',' 'from' 'starvation' ',' 'two' 'have' 'been' 'freed' 'from' 'a'
 'dungeon-like' 'secret' 'compartment' 'and' 'an' 'international' 'hunt'
 'has' 'started' 'for' 'at' 'least' 'two' 'others' '.']","['O', 'O', 'O', 'O', 'O', 'O', 'O', 'O', 'O', 'O', 'O', 'O', 'O', 'O', 'O', 'O', 'O', 'O', 'O', 'O', 'O', 'O', 'O', 'O', 'O', 'O', 'O', 'O', 'O', 'O', 'O', 'O', 'O', 'O', 'O', 'O', 'O']","In just over a week two young girls have been found dead , from starvation , two have been freed from a dungeon-like secret compartment and an international hunt has started for at least two others .","['In(O)', 'just(O)', 'over(O)', 'a(O)', 'week(O)', 'two(O)', 'young(O)', 'girls(O)', 'have(O)', 'been(O)', 'found(O)', 'dead(O)', ',(O)', 'from(O)', 'starvation(O)', ',(O)', 'two(O)', 'have(O)', 'been(O)', 'freed(O)', 'from(O)', 'a(O)', 'dungeon-like(O)', 'secret(O)', 'compartment(O)', 'and(O)', 'an(O)', 'international(O)', 'hunt(O)', 'has(O)', 'started(O)', 'for(O)', 'at(O)', 'least(O)', 'two(O)', 'others(O)', '.(O)']","In(O) just(O) over(O) a(O) week(O) two(O) young(O) girls(O) have(O) been(O) found(O) dead(O) ,(O) from(O) starvation(O) ,(O) two(O) have(O) been(O) freed(O) from(O) a(O) dungeon-like(O) secret(O) compartment(O) and(O) an(O) international(O) hunt(O) has(O) started(O) for(O) at(O) least(O) two(O) others(O) .(O)","Input: In just over a week two young girls have been found dead , from starvation , two have been freed from a dungeon-like secret compartment and an international hunt has started for at least two others .
Output: In(O) just(O) over(O) a(O) week(O) two(O) young(O) girls(O) have(O) been(O) found(O) dead(O) ,(O) from(O) starvation(O) ,(O) two(O) have(O) been(O) freed(O) from(O) a(O) dungeon-like(O) secret(O) compartment(O) and(O) an(O) international(O) hunt(O) has(O) started(O) for(O) at(O) least(O) two(O) others(O) .(O)"
14019,"['Francisco' 'Cea' '(' 'Spain' ')' '70' '71' '76' ',' 'Gavin' 'Levenson'
 '(' 'South']","['B-PER', 'I-PER', 'O', 'B-LOC', 'O', 'O', 'O', 'O', 'O', 'B-PER', 'I-PER', 'O', 'B-LOC']","Francisco Cea ( Spain ) 70 71 76 , Gavin Levenson ( South","['Francisco(B-PER)', 'Cea(I-PER)', '((O)', 'Spain(B-LOC)', ')(O)', '70(O)', '71(O)', '76(O)', ',(O)', 'Gavin(B-PER)', 'Levenson(I-PER)', '((O)', 'South(B-LOC)']","Francisco(B-PER) Cea(I-PER) ((O) Spain(B-LOC) )(O) 70(O) 71(O) 76(O) ,(O) Gavin(B-PER) Levenson(I-PER) ((O) South(B-LOC)","Input: Francisco Cea ( Spain ) 70 71 76 , Gavin Levenson ( South
Output: Francisco(B-PER) Cea(I-PER) ((O) Spain(B-LOC) )(O) 70(O) 71(O) 76(O) ,(O) Gavin(B-PER) Levenson(I-PER) ((O) South(B-LOC)"
13585,"['The' 'arrests' 'followed' 'a' 'tip-off' 'from' 'a' 'married' 'couple'
 'who' 'unexpectedly' 'showed' 'up' 'at' 'investigators' ""'"" 'offices'
 'on' 'Wednesday' '.' '""']","['O', 'O', 'O', 'O', 'O', 'O', 'O', 'O', 'O', 'O', 'O', 'O', 'O', 'O', 'O', 'O', 'O', 'O', 'O', 'O', 'O']","The arrests followed a tip-off from a married couple who unexpectedly showed up at investigators ' offices on Wednesday . ""","['The(O)', 'arrests(O)', 'followed(O)', 'a(O)', 'tip-off(O)', 'from(O)', 'a(O)', 'married(O)', 'couple(O)', 'who(O)', 'unexpectedly(O)', 'showed(O)', 'up(O)', 'at(O)', 'investigators(O)', ""'(O)"", 'offices(O)', 'on(O)', 'Wednesday(O)', '.(O)', '""(O)']","The(O) arrests(O) followed(O) a(O) tip-off(O) from(O) a(O) married(O) couple(O) who(O) unexpectedly(O) showed(O) up(O) at(O) investigators(O) '(O) offices(O) on(O) Wednesday(O) .(O) ""(O)","Input: The arrests followed a tip-off from a married couple who unexpectedly showed up at investigators ' offices on Wednesday . ""
Output: The(O) arrests(O) followed(O) a(O) tip-off(O) from(O) a(O) married(O) couple(O) who(O) unexpectedly(O) showed(O) up(O) at(O) investigators(O) '(O) offices(O) on(O) Wednesday(O) .(O) ""(O)"
1489,"['The' 'television' ',' 'which' 'did' 'not' 'say' 'when' 'the' 'security'
 'forces' 'killed' 'the' 'rebels' ',' 'said' 'the' 'four' 'arrested' 'men'
 'confessed' 'details' 'of' 'the' 'assassination' 'of' 'the' 'French'
 'Roman' 'Catholic' 'Bishop' 'Pierre' 'Claverie' '.']","['O', 'O', 'O', 'O', 'O', 'O', 'O', 'O', 'O', 'O', 'O', 'O', 'O', 'O', 'O', 'O', 'O', 'O', 'O', 'O', 'O', 'O', 'O', 'O', 'O', 'O', 'O', 'B-MISC', 'B-MISC', 'I-MISC', 'O', 'B-PER', 'I-PER', 'O']","The television , which did not say when the security forces killed the rebels , said the four arrested men confessed details of the assassination of the French Roman Catholic Bishop Pierre Claverie .","['The(O)', 'television(O)', ',(O)', 'which(O)', 'did(O)', 'not(O)', 'say(O)', 'when(O)', 'the(O)', 'security(O)', 'forces(O)', 'killed(O)', 'the(O)', 'rebels(O)', ',(O)', 'said(O)', 'the(O)', 'four(O)', 'arrested(O)', 'men(O)', 'confessed(O)', 'details(O)', 'of(O)', 'the(O)', 'assassination(O)', 'of(O)', 'the(O)', 'French(B-MISC)', 'Roman(B-MISC)', 'Catholic(I-MISC)', 'Bishop(O)', 'Pierre(B-PER)', 'Claverie(I-PER)', '.(O)']","The(O) television(O) ,(O) which(O) did(O) not(O) say(O) when(O) the(O) security(O) forces(O) killed(O) the(O) rebels(O) ,(O) said(O) the(O) four(O) arrested(O) men(O) confessed(O) details(O) of(O) the(O) assassination(O) of(O) the(O) French(B-MISC) Roman(B-MISC) Catholic(I-MISC) Bishop(O) Pierre(B-PER) Claverie(I-PER) .(O)","Input: The television , which did not say when the security forces killed the rebels , said the four arrested men confessed details of the assassination of the French Roman Catholic Bishop Pierre Claverie .
Output: The(O) television(O) ,(O) which(O) did(O) not(O) say(O) when(O) the(O) security(O) forces(O) killed(O) the(O) rebels(O) ,(O) said(O) the(O) four(O) arrested(O) men(O) confessed(O) details(O) of(O) the(O) assassination(O) of(O) the(O) French(B-MISC) Roman(B-MISC) Catholic(I-MISC) Bishop(O) Pierre(B-PER) Claverie(I-PER) .(O)"
2139,['Toronto' '1' 'CHICAGO' '0' '(' 'in' '6' '1/2' ')'],"['B-ORG', 'O', 'B-ORG', 'O', 'O', 'O', 'O', 'O', 'O']",Toronto 1 CHICAGO 0 ( in 6 1/2 ),"['Toronto(B-ORG)', '1(O)', 'CHICAGO(B-ORG)', '0(O)', '((O)', 'in(O)', '6(O)', '1/2(O)', ')(O)']",Toronto(B-ORG) 1(O) CHICAGO(B-ORG) 0(O) ((O) in(O) 6(O) 1/2(O) )(O),"Input: Toronto 1 CHICAGO 0 ( in 6 1/2 )
Output: Toronto(B-ORG) 1(O) CHICAGO(B-ORG) 0(O) ((O) in(O) 6(O) 1/2(O) )(O)"
4533,"['5' '-' 'Andrei' 'Medvedev' '(' 'Ukraine' ')' 'beat' 'Martin' 'Damm' '('
 'Czech']","['O', 'O', 'B-PER', 'I-PER', 'O', 'B-LOC', 'O', 'O', 'B-PER', 'I-PER', 'O', 'B-LOC']",5 - Andrei Medvedev ( Ukraine ) beat Martin Damm ( Czech,"['5(O)', '-(O)', 'Andrei(B-PER)', 'Medvedev(I-PER)', '((O)', 'Ukraine(B-LOC)', ')(O)', 'beat(O)', 'Martin(B-PER)', 'Damm(I-PER)', '((O)', 'Czech(B-LOC)']",5(O) -(O) Andrei(B-PER) Medvedev(I-PER) ((O) Ukraine(B-LOC) )(O) beat(O) Martin(B-PER) Damm(I-PER) ((O) Czech(B-LOC),"Input: 5 - Andrei Medvedev ( Ukraine ) beat Martin Damm ( Czech
Output: 5(O) -(O) Andrei(B-PER) Medvedev(I-PER) ((O) Ukraine(B-LOC) )(O) beat(O) Martin(B-PER) Damm(I-PER) ((O) Czech(B-LOC)"
2247,"['Brussels' 'organisers' 'had' 'laid' 'a' 'new' 'track' 'for' 'the'
 'meeting' 'comparable' 'to' 'the' 'surface' 'at' 'the' 'Atlanta' 'Games'
 'but' 'put' 'down' 'on' 'a' 'softer' 'surface' '.']","['B-LOC', 'O', 'O', 'O', 'O', 'O', 'O', 'O', 'O', 'O', 'O', 'O', 'O', 'O', 'O', 'O', 'B-MISC', 'I-MISC', 'O', 'O', 'O', 'O', 'O', 'O', 'O', 'O']",Brussels organisers had laid a new track for the meeting comparable to the surface at the Atlanta Games but put down on a softer surface .,"['Brussels(B-LOC)', 'organisers(O)', 'had(O)', 'laid(O)', 'a(O)', 'new(O)', 'track(O)', 'for(O)', 'the(O)', 'meeting(O)', 'comparable(O)', 'to(O)', 'the(O)', 'surface(O)', 'at(O)', 'the(O)', 'Atlanta(B-MISC)', 'Games(I-MISC)', 'but(O)', 'put(O)', 'down(O)', 'on(O)', 'a(O)', 'softer(O)', 'surface(O)', '.(O)']",Brussels(B-LOC) organisers(O) had(O) laid(O) a(O) new(O) track(O) for(O) the(O) meeting(O) comparable(O) to(O) the(O) surface(O) at(O) the(O) Atlanta(B-MISC) Games(I-MISC) but(O) put(O) down(O) on(O) a(O) softer(O) surface(O) .(O),"Input: Brussels organisers had laid a new track for the meeting comparable to the surface at the Atlanta Games but put down on a softer surface .
Output: Brussels(B-LOC) organisers(O) had(O) laid(O) a(O) new(O) track(O) for(O) the(O) meeting(O) comparable(O) to(O) the(O) surface(O) at(O) the(O) Atlanta(B-MISC) Games(I-MISC) but(O) put(O) down(O) on(O) a(O) softer(O) surface(O) .(O)"
11603,"['Some' '850' 'refugees' 'have' 'landed' 'in' 'recent' 'weeks' 'at' 'the'
 'port' 'of' 'Rameswaram' 'in' 'the' 'southern' 'Indian' 'state' 'of'
 'Tamil' 'Nadu' ',' 'home' 'to' '50' 'million' 'Tamil-speaking' 'people'
 ',' 'port' 'officials' 'say' '.']","['O', 'O', 'O', 'O', 'O', 'O', 'O', 'O', 'O', 'O', 'O', 'O', 'B-LOC', 'O', 'O', 'O', 'B-MISC', 'O', 'O', 'B-LOC', 'I-LOC', 'O', 'O', 'O', 'O', 'O', 'B-MISC', 'O', 'O', 'O', 'O', 'O', 'O']","Some 850 refugees have landed in recent weeks at the port of Rameswaram in the southern Indian state of Tamil Nadu , home to 50 million Tamil-speaking people , port officials say .","['Some(O)', '850(O)', 'refugees(O)', 'have(O)', 'landed(O)', 'in(O)', 'recent(O)', 'weeks(O)', 'at(O)', 'the(O)', 'port(O)', 'of(O)', 'Rameswaram(B-LOC)', 'in(O)', 'the(O)', 'southern(O)', 'Indian(B-MISC)', 'state(O)', 'of(O)', 'Tamil(B-LOC)', 'Nadu(I-LOC)', ',(O)', 'home(O)', 'to(O)', '50(O)', 'million(O)', 'Tamil-speaking(B-MISC)', 'people(O)', ',(O)', 'port(O)', 'officials(O)', 'say(O)', '.(O)']","Some(O) 850(O) refugees(O) have(O) landed(O) in(O) recent(O) weeks(O) at(O) the(O) port(O) of(O) Rameswaram(B-LOC) in(O) the(O) southern(O) Indian(B-MISC) state(O) of(O) Tamil(B-LOC) Nadu(I-LOC) ,(O) home(O) to(O) 50(O) million(O) Tamil-speaking(B-MISC) people(O) ,(O) port(O) officials(O) say(O) .(O)","Input: Some 850 refugees have landed in recent weeks at the port of Rameswaram in the southern Indian state of Tamil Nadu , home to 50 million Tamil-speaking people , port officials say .
Output: Some(O) 850(O) refugees(O) have(O) landed(O) in(O) recent(O) weeks(O) at(O) the(O) port(O) of(O) Rameswaram(B-LOC) in(O) the(O) southern(O) Indian(B-MISC) state(O) of(O) Tamil(B-LOC) Nadu(I-LOC) ,(O) home(O) to(O) 50(O) million(O) Tamil-speaking(B-MISC) people(O) ,(O) port(O) officials(O) say(O) .(O)"
1221,"['Industry' 'output' '(' 'pct' ')' 'June' '-' '7.8' 'm' '/' 'm;-0.2yr' '/'
 'yr' '(' 'May' '+7.3;-3.6' ')']","['O', 'O', 'O', 'O', 'O', 'O', 'O', 'O', 'O', 'O', 'O', 'O', 'O', 'O', 'O', 'O', 'O']",Industry output ( pct ) June - 7.8 m / m;-0.2yr / yr ( May +7.3;-3.6 ),"['Industry(O)', 'output(O)', '((O)', 'pct(O)', ')(O)', 'June(O)', '-(O)', '7.8(O)', 'm(O)', '/(O)', 'm;-0.2yr(O)', '/(O)', 'yr(O)', '((O)', 'May(O)', '+7.3;-3.6(O)', ')(O)']",Industry(O) output(O) ((O) pct(O) )(O) June(O) -(O) 7.8(O) m(O) /(O) m;-0.2yr(O) /(O) yr(O) ((O) May(O) +7.3;-3.6(O) )(O),"Input: Industry output ( pct ) June - 7.8 m / m;-0.2yr / yr ( May +7.3;-3.6 )
Output: Industry(O) output(O) ((O) pct(O) )(O) June(O) -(O) 7.8(O) m(O) /(O) m;-0.2yr(O) /(O) yr(O) ((O) May(O) +7.3;-3.6(O) )(O)"
7388,"['""' 'The' 'premium' 'will' 'be' 'no' 'lower' 'than' '15' 'percent' 'and'
 'will' 'be' 'set' 'by' 'management' 'before' 'the' 'issue' '...']","['O', 'O', 'O', 'O', 'O', 'O', 'O', 'O', 'O', 'O', 'O', 'O', 'O', 'O', 'O', 'O', 'O', 'O', 'O', 'O']",""" The premium will be no lower than 15 percent and will be set by management before the issue ...","['""(O)', 'The(O)', 'premium(O)', 'will(O)', 'be(O)', 'no(O)', 'lower(O)', 'than(O)', '15(O)', 'percent(O)', 'and(O)', 'will(O)', 'be(O)', 'set(O)', 'by(O)', 'management(O)', 'before(O)', 'the(O)', 'issue(O)', '...(O)']","""(O) The(O) premium(O) will(O) be(O) no(O) lower(O) than(O) 15(O) percent(O) and(O) will(O) be(O) set(O) by(O) management(O) before(O) the(O) issue(O) ...(O)","Input: "" The premium will be no lower than 15 percent and will be set by management before the issue ...
Output: ""(O) The(O) premium(O) will(O) be(O) no(O) lower(O) than(O) 15(O) percent(O) and(O) will(O) be(O) set(O) by(O) management(O) before(O) the(O) issue(O) ...(O)"
2043,['(' '7-2' ')' '7-6' '(' '7-4' ')'],"['O', 'O', 'O', 'O', 'O', 'O', 'O']",( 7-2 ) 7-6 ( 7-4 ),"['((O)', '7-2(O)', ')(O)', '7-6(O)', '((O)', '7-4(O)', ')(O)']",((O) 7-2(O) )(O) 7-6(O) ((O) 7-4(O) )(O),"Input: ( 7-2 ) 7-6 ( 7-4 )
Output: ((O) 7-2(O) )(O) 7-6(O) ((O) 7-4(O) )(O)"
1953,['England' 'first' 'innings'],"['B-LOC', 'O', 'O']",England first innings,"['England(B-LOC)', 'first(O)', 'innings(O)']",England(B-LOC) first(O) innings(O),"Input: England first innings
Output: England(B-LOC) first(O) innings(O)"
10129,['2.' 'Scott' 'McGrory' '-' 'Stephen' 'Pate' '(' 'Australia' ')' '25'],"['O', 'B-PER', 'I-PER', 'O', 'B-PER', 'I-PER', 'O', 'B-LOC', 'O', 'O']",2. Scott McGrory - Stephen Pate ( Australia ) 25,"['2.(O)', 'Scott(B-PER)', 'McGrory(I-PER)', '-(O)', 'Stephen(B-PER)', 'Pate(I-PER)', '((O)', 'Australia(B-LOC)', ')(O)', '25(O)']",2.(O) Scott(B-PER) McGrory(I-PER) -(O) Stephen(B-PER) Pate(I-PER) ((O) Australia(B-LOC) )(O) 25(O),"Input: 2. Scott McGrory - Stephen Pate ( Australia ) 25
Output: 2.(O) Scott(B-PER) McGrory(I-PER) -(O) Stephen(B-PER) Pate(I-PER) ((O) Australia(B-LOC) )(O) 25(O)"
6603,"['Winners' 'progress' 'to' 'qualifying' 'groups' 'to' 'start' 'in'
 'October' '.']","['O', 'O', 'O', 'O', 'O', 'O', 'O', 'O', 'O', 'O']",Winners progress to qualifying groups to start in October .,"['Winners(O)', 'progress(O)', 'to(O)', 'qualifying(O)', 'groups(O)', 'to(O)', 'start(O)', 'in(O)', 'October(O)', '.(O)']",Winners(O) progress(O) to(O) qualifying(O) groups(O) to(O) start(O) in(O) October(O) .(O),"Input: Winners progress to qualifying groups to start in October .
Output: Winners(O) progress(O) to(O) qualifying(O) groups(O) to(O) start(O) in(O) October(O) .(O)"
8821,['AVIA' '290.00' '290.00' '700' '203.000'],"['B-ORG', 'O', 'O', 'O', 'O']",AVIA 290.00 290.00 700 203.000,"['AVIA(B-ORG)', '290.00(O)', '290.00(O)', '700(O)', '203.000(O)']",AVIA(B-ORG) 290.00(O) 290.00(O) 700(O) 203.000(O),"Input: AVIA 290.00 290.00 700 203.000
Output: AVIA(B-ORG) 290.00(O) 290.00(O) 700(O) 203.000(O)"
1534,"['We' 'will' 'be' 'guests' 'of' 'the' 'Kennedys' ',' '""' 'said' 'Frank'
 'Quilter' ',' 'one' 'of' 'the' 'two' 'who' 'have' 'been' 'invited' 'to'
 'Chicago' '.']","['O', 'O', 'O', 'O', 'O', 'O', 'B-PER', 'O', 'O', 'O', 'B-PER', 'I-PER', 'O', 'O', 'O', 'O', 'O', 'O', 'O', 'O', 'O', 'O', 'B-LOC', 'O']","We will be guests of the Kennedys , "" said Frank Quilter , one of the two who have been invited to Chicago .","['We(O)', 'will(O)', 'be(O)', 'guests(O)', 'of(O)', 'the(O)', 'Kennedys(B-PER)', ',(O)', '""(O)', 'said(O)', 'Frank(B-PER)', 'Quilter(I-PER)', ',(O)', 'one(O)', 'of(O)', 'the(O)', 'two(O)', 'who(O)', 'have(O)', 'been(O)', 'invited(O)', 'to(O)', 'Chicago(B-LOC)', '.(O)']","We(O) will(O) be(O) guests(O) of(O) the(O) Kennedys(B-PER) ,(O) ""(O) said(O) Frank(B-PER) Quilter(I-PER) ,(O) one(O) of(O) the(O) two(O) who(O) have(O) been(O) invited(O) to(O) Chicago(B-LOC) .(O)","Input: We will be guests of the Kennedys , "" said Frank Quilter , one of the two who have been invited to Chicago .
Output: We(O) will(O) be(O) guests(O) of(O) the(O) Kennedys(B-PER) ,(O) ""(O) said(O) Frank(B-PER) Quilter(I-PER) ,(O) one(O) of(O) the(O) two(O) who(O) have(O) been(O) invited(O) to(O) Chicago(B-LOC) .(O)"
166,['Afghan' 'UAE' 'embassy' 'says' 'Taleban' 'guards' 'going' 'home' '.'],"['B-MISC', 'B-LOC', 'O', 'O', 'B-MISC', 'O', 'O', 'O', 'O']",Afghan UAE embassy says Taleban guards going home .,"['Afghan(B-MISC)', 'UAE(B-LOC)', 'embassy(O)', 'says(O)', 'Taleban(B-MISC)', 'guards(O)', 'going(O)', 'home(O)', '.(O)']",Afghan(B-MISC) UAE(B-LOC) embassy(O) says(O) Taleban(B-MISC) guards(O) going(O) home(O) .(O),"Input: Afghan UAE embassy says Taleban guards going home .
Output: Afghan(B-MISC) UAE(B-LOC) embassy(O) says(O) Taleban(B-MISC) guards(O) going(O) home(O) .(O)"
3497,['+3' 'Alexander' 'Cejka' '(' 'Germany' ')' 'through' '10'],"['O', 'B-PER', 'I-PER', 'O', 'B-LOC', 'O', 'O', 'O']",+3 Alexander Cejka ( Germany ) through 10,"['+3(O)', 'Alexander(B-PER)', 'Cejka(I-PER)', '((O)', 'Germany(B-LOC)', ')(O)', 'through(O)', '10(O)']",+3(O) Alexander(B-PER) Cejka(I-PER) ((O) Germany(B-LOC) )(O) through(O) 10(O),"Input: +3 Alexander Cejka ( Germany ) through 10
Output: +3(O) Alexander(B-PER) Cejka(I-PER) ((O) Germany(B-LOC) )(O) through(O) 10(O)"
5381,['CINCINNATI' '64' '64' '.500' '4'],"['B-ORG', 'O', 'O', 'O', 'O']",CINCINNATI 64 64 .500 4,"['CINCINNATI(B-ORG)', '64(O)', '64(O)', '.500(O)', '4(O)']",CINCINNATI(B-ORG) 64(O) 64(O) .500(O) 4(O),"Input: CINCINNATI 64 64 .500 4
Output: CINCINNATI(B-ORG) 64(O) 64(O) .500(O) 4(O)"
13032,"['10' 'Year' 'A-rated' ""Gen'l"" 'Obligation' '4.90' '%' '4.90' '%' '-----']","['O', 'O', 'O', 'O', 'O', 'O', 'O', 'O', 'O', 'O']",10 Year A-rated Gen'l Obligation 4.90 % 4.90 % -----,"['10(O)', 'Year(O)', 'A-rated(O)', ""Gen'l(O)"", 'Obligation(O)', '4.90(O)', '%(O)', '4.90(O)', '%(O)', '-----(O)']",10(O) Year(O) A-rated(O) Gen'l(O) Obligation(O) 4.90(O) %(O) 4.90(O) %(O) -----(O),"Input: 10 Year A-rated Gen'l Obligation 4.90 % 4.90 % -----
Output: 10(O) Year(O) A-rated(O) Gen'l(O) Obligation(O) 4.90(O) %(O) 4.90(O) %(O) -----(O)"
13108,"['He' 'now' 'faces' 'a' 'civil' 'suit' 'brought' 'by' 'families' 'of'
 'the' 'victims' 'who' 'hold' 'him' 'responsible' 'for' 'the' 'deaths' '.']","['O', 'O', 'O', 'O', 'O', 'O', 'O', 'O', 'O', 'O', 'O', 'O', 'O', 'O', 'O', 'O', 'O', 'O', 'O', 'O']",He now faces a civil suit brought by families of the victims who hold him responsible for the deaths .,"['He(O)', 'now(O)', 'faces(O)', 'a(O)', 'civil(O)', 'suit(O)', 'brought(O)', 'by(O)', 'families(O)', 'of(O)', 'the(O)', 'victims(O)', 'who(O)', 'hold(O)', 'him(O)', 'responsible(O)', 'for(O)', 'the(O)', 'deaths(O)', '.(O)']",He(O) now(O) faces(O) a(O) civil(O) suit(O) brought(O) by(O) families(O) of(O) the(O) victims(O) who(O) hold(O) him(O) responsible(O) for(O) the(O) deaths(O) .(O),"Input: He now faces a civil suit brought by families of the victims who hold him responsible for the deaths .
Output: He(O) now(O) faces(O) a(O) civil(O) suit(O) brought(O) by(O) families(O) of(O) the(O) victims(O) who(O) hold(O) him(O) responsible(O) for(O) the(O) deaths(O) .(O)"
10805,"['Organisers' 'hope' 'to' 'persuade' 'Britain' ""'s"" 'former' 'Olympic'
 '100' 'metres' 'champion' 'Linford' 'Christie' 'to' 'join' 'a' '""'
 'Dream' 'Team' '""' 'sprint' 'relay' 'in' 'a' 'special' 'tribute' 'to'
 'Jesse' 'Owens' 'at' 'Friday' ""'s"" 'Berlin' 'grand' 'prix' '.']","['O', 'O', 'O', 'O', 'B-LOC', 'O', 'O', 'B-MISC', 'O', 'O', 'O', 'B-PER', 'I-PER', 'O', 'O', 'O', 'O', 'B-ORG', 'I-ORG', 'O', 'O', 'O', 'O', 'O', 'O', 'O', 'O', 'B-PER', 'I-PER', 'O', 'O', 'O', 'B-LOC', 'O', 'O', 'O']","Organisers hope to persuade Britain 's former Olympic 100 metres champion Linford Christie to join a "" Dream Team "" sprint relay in a special tribute to Jesse Owens at Friday 's Berlin grand prix .","['Organisers(O)', 'hope(O)', 'to(O)', 'persuade(O)', 'Britain(B-LOC)', ""'s(O)"", 'former(O)', 'Olympic(B-MISC)', '100(O)', 'metres(O)', 'champion(O)', 'Linford(B-PER)', 'Christie(I-PER)', 'to(O)', 'join(O)', 'a(O)', '""(O)', 'Dream(B-ORG)', 'Team(I-ORG)', '""(O)', 'sprint(O)', 'relay(O)', 'in(O)', 'a(O)', 'special(O)', 'tribute(O)', 'to(O)', 'Jesse(B-PER)', 'Owens(I-PER)', 'at(O)', 'Friday(O)', ""'s(O)"", 'Berlin(B-LOC)', 'grand(O)', 'prix(O)', '.(O)']","Organisers(O) hope(O) to(O) persuade(O) Britain(B-LOC) 's(O) former(O) Olympic(B-MISC) 100(O) metres(O) champion(O) Linford(B-PER) Christie(I-PER) to(O) join(O) a(O) ""(O) Dream(B-ORG) Team(I-ORG) ""(O) sprint(O) relay(O) in(O) a(O) special(O) tribute(O) to(O) Jesse(B-PER) Owens(I-PER) at(O) Friday(O) 's(O) Berlin(B-LOC) grand(O) prix(O) .(O)","Input: Organisers hope to persuade Britain 's former Olympic 100 metres champion Linford Christie to join a "" Dream Team "" sprint relay in a special tribute to Jesse Owens at Friday 's Berlin grand prix .
Output: Organisers(O) hope(O) to(O) persuade(O) Britain(B-LOC) 's(O) former(O) Olympic(B-MISC) 100(O) metres(O) champion(O) Linford(B-PER) Christie(I-PER) to(O) join(O) a(O) ""(O) Dream(B-ORG) Team(I-ORG) ""(O) sprint(O) relay(O) in(O) a(O) special(O) tribute(O) to(O) Jesse(B-PER) Owens(I-PER) at(O) Friday(O) 's(O) Berlin(B-LOC) grand(O) prix(O) .(O)"
7080,"['In' 'San' 'Francisco' ',' 'Osvaldo' 'Fenandez' 'fired' 'a'
 'seven-hitter' 'and' 'Trenidad' 'Hubbard' 'belted' 'a' 'two-run' 'homer'
 'as' 'the' 'San' 'Francisco' 'Giants' 'ended' 'a' 'three-game' 'losing'
 'streak' 'by' 'defeating' 'the' 'Montreal' 'Expos' ',' '7-2' '.']","['O', 'B-LOC', 'I-LOC', 'O', 'B-PER', 'I-PER', 'O', 'O', 'O', 'O', 'B-PER', 'I-PER', 'O', 'O', 'O', 'O', 'O', 'O', 'B-ORG', 'I-ORG', 'I-ORG', 'O', 'O', 'O', 'O', 'O', 'O', 'O', 'O', 'B-ORG', 'I-ORG', 'O', 'O', 'O']","In San Francisco , Osvaldo Fenandez fired a seven-hitter and Trenidad Hubbard belted a two-run homer as the San Francisco Giants ended a three-game losing streak by defeating the Montreal Expos , 7-2 .","['In(O)', 'San(B-LOC)', 'Francisco(I-LOC)', ',(O)', 'Osvaldo(B-PER)', 'Fenandez(I-PER)', 'fired(O)', 'a(O)', 'seven-hitter(O)', 'and(O)', 'Trenidad(B-PER)', 'Hubbard(I-PER)', 'belted(O)', 'a(O)', 'two-run(O)', 'homer(O)', 'as(O)', 'the(O)', 'San(B-ORG)', 'Francisco(I-ORG)', 'Giants(I-ORG)', 'ended(O)', 'a(O)', 'three-game(O)', 'losing(O)', 'streak(O)', 'by(O)', 'defeating(O)', 'the(O)', 'Montreal(B-ORG)', 'Expos(I-ORG)', ',(O)', '7-2(O)', '.(O)']","In(O) San(B-LOC) Francisco(I-LOC) ,(O) Osvaldo(B-PER) Fenandez(I-PER) fired(O) a(O) seven-hitter(O) and(O) Trenidad(B-PER) Hubbard(I-PER) belted(O) a(O) two-run(O) homer(O) as(O) the(O) San(B-ORG) Francisco(I-ORG) Giants(I-ORG) ended(O) a(O) three-game(O) losing(O) streak(O) by(O) defeating(O) the(O) Montreal(B-ORG) Expos(I-ORG) ,(O) 7-2(O) .(O)","Input: In San Francisco , Osvaldo Fenandez fired a seven-hitter and Trenidad Hubbard belted a two-run homer as the San Francisco Giants ended a three-game losing streak by defeating the Montreal Expos , 7-2 .
Output: In(O) San(B-LOC) Francisco(I-LOC) ,(O) Osvaldo(B-PER) Fenandez(I-PER) fired(O) a(O) seven-hitter(O) and(O) Trenidad(B-PER) Hubbard(I-PER) belted(O) a(O) two-run(O) homer(O) as(O) the(O) San(B-ORG) Francisco(I-ORG) Giants(I-ORG) ended(O) a(O) three-game(O) losing(O) streak(O) by(O) defeating(O) the(O) Montreal(B-ORG) Expos(I-ORG) ,(O) 7-2(O) .(O)"
13587,"['He' 'added' 'the' 'couple' 'had' 'also' 'shed' 'light' 'on' 'the'
 'murder' 'last' 'year' 'of' 'the' 'wife' 'of' 'Mafia' 'boss' 'Nitto'
 'Santapaola' '.']","['O', 'O', 'O', 'O', 'O', 'O', 'O', 'O', 'O', 'O', 'O', 'O', 'O', 'O', 'O', 'O', 'O', 'O', 'O', 'B-PER', 'I-PER', 'O']",He added the couple had also shed light on the murder last year of the wife of Mafia boss Nitto Santapaola .,"['He(O)', 'added(O)', 'the(O)', 'couple(O)', 'had(O)', 'also(O)', 'shed(O)', 'light(O)', 'on(O)', 'the(O)', 'murder(O)', 'last(O)', 'year(O)', 'of(O)', 'the(O)', 'wife(O)', 'of(O)', 'Mafia(O)', 'boss(O)', 'Nitto(B-PER)', 'Santapaola(I-PER)', '.(O)']",He(O) added(O) the(O) couple(O) had(O) also(O) shed(O) light(O) on(O) the(O) murder(O) last(O) year(O) of(O) the(O) wife(O) of(O) Mafia(O) boss(O) Nitto(B-PER) Santapaola(I-PER) .(O),"Input: He added the couple had also shed light on the murder last year of the wife of Mafia boss Nitto Santapaola .
Output: He(O) added(O) the(O) couple(O) had(O) also(O) shed(O) light(O) on(O) the(O) murder(O) last(O) year(O) of(O) the(O) wife(O) of(O) Mafia(O) boss(O) Nitto(B-PER) Santapaola(I-PER) .(O)"
13422,"['Jordanian' 'Prime' 'Minister' 'Abdul-Karim' 'al-Kabariti' 'left' 'Amman'
 'on' 'Thursday' 'for' 'the' 'West' 'Bank' 'town' 'of' 'Ramallah' 'to'
 'hold' 'talks' 'with' 'Palestinian' 'President' 'Yasser' 'Arafat' 'on'
 'the' 'stalled' 'Middle' 'East' 'peace' 'process' ',' 'officials' 'said'
 '.']","['B-MISC', 'O', 'O', 'B-PER', 'I-PER', 'O', 'B-LOC', 'O', 'O', 'O', 'O', 'B-LOC', 'I-LOC', 'O', 'O', 'B-LOC', 'O', 'O', 'O', 'O', 'B-MISC', 'O', 'B-PER', 'I-PER', 'O', 'O', 'O', 'B-LOC', 'I-LOC', 'O', 'O', 'O', 'O', 'O', 'O']","Jordanian Prime Minister Abdul-Karim al-Kabariti left Amman on Thursday for the West Bank town of Ramallah to hold talks with Palestinian President Yasser Arafat on the stalled Middle East peace process , officials said .","['Jordanian(B-MISC)', 'Prime(O)', 'Minister(O)', 'Abdul-Karim(B-PER)', 'al-Kabariti(I-PER)', 'left(O)', 'Amman(B-LOC)', 'on(O)', 'Thursday(O)', 'for(O)', 'the(O)', 'West(B-LOC)', 'Bank(I-LOC)', 'town(O)', 'of(O)', 'Ramallah(B-LOC)', 'to(O)', 'hold(O)', 'talks(O)', 'with(O)', 'Palestinian(B-MISC)', 'President(O)', 'Yasser(B-PER)', 'Arafat(I-PER)', 'on(O)', 'the(O)', 'stalled(O)', 'Middle(B-LOC)', 'East(I-LOC)', 'peace(O)', 'process(O)', ',(O)', 'officials(O)', 'said(O)', '.(O)']","Jordanian(B-MISC) Prime(O) Minister(O) Abdul-Karim(B-PER) al-Kabariti(I-PER) left(O) Amman(B-LOC) on(O) Thursday(O) for(O) the(O) West(B-LOC) Bank(I-LOC) town(O) of(O) Ramallah(B-LOC) to(O) hold(O) talks(O) with(O) Palestinian(B-MISC) President(O) Yasser(B-PER) Arafat(I-PER) on(O) the(O) stalled(O) Middle(B-LOC) East(I-LOC) peace(O) process(O) ,(O) officials(O) said(O) .(O)","Input: Jordanian Prime Minister Abdul-Karim al-Kabariti left Amman on Thursday for the West Bank town of Ramallah to hold talks with Palestinian President Yasser Arafat on the stalled Middle East peace process , officials said .
Output: Jordanian(B-MISC) Prime(O) Minister(O) Abdul-Karim(B-PER) al-Kabariti(I-PER) left(O) Amman(B-LOC) on(O) Thursday(O) for(O) the(O) West(B-LOC) Bank(I-LOC) town(O) of(O) Ramallah(B-LOC) to(O) hold(O) talks(O) with(O) Palestinian(B-MISC) President(O) Yasser(B-PER) Arafat(I-PER) on(O) the(O) stalled(O) Middle(B-LOC) East(I-LOC) peace(O) process(O) ,(O) officials(O) said(O) .(O)"
7114,"['MONDAY' ',' 'AUGUST' '26TH' 'SCHEDULE']","['O', 'O', 'O', 'O', 'O']","MONDAY , AUGUST 26TH SCHEDULE","['MONDAY(O)', ',(O)', 'AUGUST(O)', '26TH(O)', 'SCHEDULE(O)']","MONDAY(O) ,(O) AUGUST(O) 26TH(O) SCHEDULE(O)","Input: MONDAY , AUGUST 26TH SCHEDULE
Output: MONDAY(O) ,(O) AUGUST(O) 26TH(O) SCHEDULE(O)"
13474,"['Former' 'Secretary' 'of' 'State' 'James' 'Baker' 'made' 'a' 'secret'
 'trip' 'to' 'Syria' 'in' 'March' '1995' 'in' 'an' 'unsuccessful' 'bid'
 'to' 'break' 'an' 'impasse' 'in' 'negotiations' 'between' 'Syria' 'and'
 'Israel' ',' 'the' 'Washington' 'Post' 'reported' 'on' 'Thursday' '.']","['O', 'O', 'O', 'O', 'B-PER', 'I-PER', 'O', 'O', 'O', 'O', 'O', 'B-LOC', 'O', 'O', 'O', 'O', 'O', 'O', 'O', 'O', 'O', 'O', 'O', 'O', 'O', 'O', 'B-LOC', 'O', 'B-LOC', 'O', 'O', 'B-ORG', 'I-ORG', 'O', 'O', 'O', 'O']","Former Secretary of State James Baker made a secret trip to Syria in March 1995 in an unsuccessful bid to break an impasse in negotiations between Syria and Israel , the Washington Post reported on Thursday .","['Former(O)', 'Secretary(O)', 'of(O)', 'State(O)', 'James(B-PER)', 'Baker(I-PER)', 'made(O)', 'a(O)', 'secret(O)', 'trip(O)', 'to(O)', 'Syria(B-LOC)', 'in(O)', 'March(O)', '1995(O)', 'in(O)', 'an(O)', 'unsuccessful(O)', 'bid(O)', 'to(O)', 'break(O)', 'an(O)', 'impasse(O)', 'in(O)', 'negotiations(O)', 'between(O)', 'Syria(B-LOC)', 'and(O)', 'Israel(B-LOC)', ',(O)', 'the(O)', 'Washington(B-ORG)', 'Post(I-ORG)', 'reported(O)', 'on(O)', 'Thursday(O)', '.(O)']","Former(O) Secretary(O) of(O) State(O) James(B-PER) Baker(I-PER) made(O) a(O) secret(O) trip(O) to(O) Syria(B-LOC) in(O) March(O) 1995(O) in(O) an(O) unsuccessful(O) bid(O) to(O) break(O) an(O) impasse(O) in(O) negotiations(O) between(O) Syria(B-LOC) and(O) Israel(B-LOC) ,(O) the(O) Washington(B-ORG) Post(I-ORG) reported(O) on(O) Thursday(O) .(O)","Input: Former Secretary of State James Baker made a secret trip to Syria in March 1995 in an unsuccessful bid to break an impasse in negotiations between Syria and Israel , the Washington Post reported on Thursday .
Output: Former(O) Secretary(O) of(O) State(O) James(B-PER) Baker(I-PER) made(O) a(O) secret(O) trip(O) to(O) Syria(B-LOC) in(O) March(O) 1995(O) in(O) an(O) unsuccessful(O) bid(O) to(O) break(O) an(O) impasse(O) in(O) negotiations(O) between(O) Syria(B-LOC) and(O) Israel(B-LOC) ,(O) the(O) Washington(B-ORG) Post(I-ORG) reported(O) on(O) Thursday(O) .(O)"
5632,"['Andrea' 'Ferrigato' 'of' 'Italy' 'sprinted' 'to' 'his' 'second'
 'cycling' 'World' 'Cup' 'win' 'in' 'successive' 'weekends' 'with'
 'victory' 'in' 'the' 'Swiss' 'Grand' 'Prix' 'on' 'Sunday' '.']","['B-PER', 'I-PER', 'O', 'B-LOC', 'O', 'O', 'O', 'O', 'O', 'B-MISC', 'I-MISC', 'O', 'O', 'O', 'O', 'O', 'O', 'O', 'O', 'B-MISC', 'B-MISC', 'I-MISC', 'O', 'O', 'O']",Andrea Ferrigato of Italy sprinted to his second cycling World Cup win in successive weekends with victory in the Swiss Grand Prix on Sunday .,"['Andrea(B-PER)', 'Ferrigato(I-PER)', 'of(O)', 'Italy(B-LOC)', 'sprinted(O)', 'to(O)', 'his(O)', 'second(O)', 'cycling(O)', 'World(B-MISC)', 'Cup(I-MISC)', 'win(O)', 'in(O)', 'successive(O)', 'weekends(O)', 'with(O)', 'victory(O)', 'in(O)', 'the(O)', 'Swiss(B-MISC)', 'Grand(B-MISC)', 'Prix(I-MISC)', 'on(O)', 'Sunday(O)', '.(O)']",Andrea(B-PER) Ferrigato(I-PER) of(O) Italy(B-LOC) sprinted(O) to(O) his(O) second(O) cycling(O) World(B-MISC) Cup(I-MISC) win(O) in(O) successive(O) weekends(O) with(O) victory(O) in(O) the(O) Swiss(B-MISC) Grand(B-MISC) Prix(I-MISC) on(O) Sunday(O) .(O),"Input: Andrea Ferrigato of Italy sprinted to his second cycling World Cup win in successive weekends with victory in the Swiss Grand Prix on Sunday .
Output: Andrea(B-PER) Ferrigato(I-PER) of(O) Italy(B-LOC) sprinted(O) to(O) his(O) second(O) cycling(O) World(B-MISC) Cup(I-MISC) win(O) in(O) successive(O) weekends(O) with(O) victory(O) in(O) the(O) Swiss(B-MISC) Grand(B-MISC) Prix(I-MISC) on(O) Sunday(O) .(O)"
533,"['In' 'Larnaca' ':' 'AEK' 'Larnaca' '(' 'Cyprus' ')' '5' 'Kotaik'
 'Abovyan' '(' 'Armenia' ')']","['O', 'B-LOC', 'O', 'B-ORG', 'I-ORG', 'O', 'B-LOC', 'O', 'O', 'B-ORG', 'I-ORG', 'O', 'B-LOC', 'O']",In Larnaca : AEK Larnaca ( Cyprus ) 5 Kotaik Abovyan ( Armenia ),"['In(O)', 'Larnaca(B-LOC)', ':(O)', 'AEK(B-ORG)', 'Larnaca(I-ORG)', '((O)', 'Cyprus(B-LOC)', ')(O)', '5(O)', 'Kotaik(B-ORG)', 'Abovyan(I-ORG)', '((O)', 'Armenia(B-LOC)', ')(O)']",In(O) Larnaca(B-LOC) :(O) AEK(B-ORG) Larnaca(I-ORG) ((O) Cyprus(B-LOC) )(O) 5(O) Kotaik(B-ORG) Abovyan(I-ORG) ((O) Armenia(B-LOC) )(O),"Input: In Larnaca : AEK Larnaca ( Cyprus ) 5 Kotaik Abovyan ( Armenia )
Output: In(O) Larnaca(B-LOC) :(O) AEK(B-ORG) Larnaca(I-ORG) ((O) Cyprus(B-LOC) )(O) 5(O) Kotaik(B-ORG) Abovyan(I-ORG) ((O) Armenia(B-LOC) )(O)"
10815,"['The' '36-year-old' 'Briton' 'is' 'still' 'considering' 'the' 'offer'
 'and' 'is' 'expected' 'to' 'announce' 'his' 'decision' 'later' 'on'
 'Wednesday' '.']","['O', 'O', 'B-MISC', 'O', 'O', 'O', 'O', 'O', 'O', 'O', 'O', 'O', 'O', 'O', 'O', 'O', 'O', 'O', 'O']",The 36-year-old Briton is still considering the offer and is expected to announce his decision later on Wednesday .,"['The(O)', '36-year-old(O)', 'Briton(B-MISC)', 'is(O)', 'still(O)', 'considering(O)', 'the(O)', 'offer(O)', 'and(O)', 'is(O)', 'expected(O)', 'to(O)', 'announce(O)', 'his(O)', 'decision(O)', 'later(O)', 'on(O)', 'Wednesday(O)', '.(O)']",The(O) 36-year-old(O) Briton(B-MISC) is(O) still(O) considering(O) the(O) offer(O) and(O) is(O) expected(O) to(O) announce(O) his(O) decision(O) later(O) on(O) Wednesday(O) .(O),"Input: The 36-year-old Briton is still considering the offer and is expected to announce his decision later on Wednesday .
Output: The(O) 36-year-old(O) Briton(B-MISC) is(O) still(O) considering(O) the(O) offer(O) and(O) is(O) expected(O) to(O) announce(O) his(O) decision(O) later(O) on(O) Wednesday(O) .(O)"
799,['ST' 'LOUIS' '67' '59' '.532' '1/2'],"['B-ORG', 'I-ORG', 'O', 'O', 'O', 'O']",ST LOUIS 67 59 .532 1/2,"['ST(B-ORG)', 'LOUIS(I-ORG)', '67(O)', '59(O)', '.532(O)', '1/2(O)']",ST(B-ORG) LOUIS(I-ORG) 67(O) 59(O) .532(O) 1/2(O),"Input: ST LOUIS 67 59 .532 1/2
Output: ST(B-ORG) LOUIS(I-ORG) 67(O) 59(O) .532(O) 1/2(O)"
2685,"['World' 'number' 'one' 'golfer' 'Greg' 'Norman' 'has' 'sacked' 'his'
 'coach' 'Butch' 'Harmon' 'after' 'a' 'disappointing' 'season' '.']","['O', 'O', 'O', 'O', 'B-PER', 'I-PER', 'O', 'O', 'O', 'O', 'B-PER', 'I-PER', 'O', 'O', 'O', 'O', 'O']",World number one golfer Greg Norman has sacked his coach Butch Harmon after a disappointing season .,"['World(O)', 'number(O)', 'one(O)', 'golfer(O)', 'Greg(B-PER)', 'Norman(I-PER)', 'has(O)', 'sacked(O)', 'his(O)', 'coach(O)', 'Butch(B-PER)', 'Harmon(I-PER)', 'after(O)', 'a(O)', 'disappointing(O)', 'season(O)', '.(O)']",World(O) number(O) one(O) golfer(O) Greg(B-PER) Norman(I-PER) has(O) sacked(O) his(O) coach(O) Butch(B-PER) Harmon(I-PER) after(O) a(O) disappointing(O) season(O) .(O),"Input: World number one golfer Greg Norman has sacked his coach Butch Harmon after a disappointing season .
Output: World(O) number(O) one(O) golfer(O) Greg(B-PER) Norman(I-PER) has(O) sacked(O) his(O) coach(O) Butch(B-PER) Harmon(I-PER) after(O) a(O) disappointing(O) season(O) .(O)"
7580,['U.S.' 'base' 'metals' 'and' 'scrap' 'prices' '-' 'August' '26' '.'],"['B-LOC', 'O', 'O', 'O', 'O', 'O', 'O', 'O', 'O', 'O']",U.S. base metals and scrap prices - August 26 .,"['U.S.(B-LOC)', 'base(O)', 'metals(O)', 'and(O)', 'scrap(O)', 'prices(O)', '-(O)', 'August(O)', '26(O)', '.(O)']",U.S.(B-LOC) base(O) metals(O) and(O) scrap(O) prices(O) -(O) August(O) 26(O) .(O),"Input: U.S. base metals and scrap prices - August 26 .
Output: U.S.(B-LOC) base(O) metals(O) and(O) scrap(O) prices(O) -(O) August(O) 26(O) .(O)"
12933,"['Pre-electoral' 'bickering' 'flared' 'on' 'Wednesday' 'in' 'the'
 'troubled' 'western' 'Mexican' 'state' 'of' 'Guerrero' 'as' 'some'
 'opposition' 'politicians' 'demanded' 'the' 'army' 'pull' 'out' 'of'
 'the' 'area' 'ahead' 'of' 'an' 'upcoming' 'state' 'poll' '.']","['O', 'O', 'O', 'O', 'O', 'O', 'O', 'O', 'O', 'B-MISC', 'O', 'O', 'B-LOC', 'O', 'O', 'O', 'O', 'O', 'O', 'O', 'O', 'O', 'O', 'O', 'O', 'O', 'O', 'O', 'O', 'O', 'O', 'O']",Pre-electoral bickering flared on Wednesday in the troubled western Mexican state of Guerrero as some opposition politicians demanded the army pull out of the area ahead of an upcoming state poll .,"['Pre-electoral(O)', 'bickering(O)', 'flared(O)', 'on(O)', 'Wednesday(O)', 'in(O)', 'the(O)', 'troubled(O)', 'western(O)', 'Mexican(B-MISC)', 'state(O)', 'of(O)', 'Guerrero(B-LOC)', 'as(O)', 'some(O)', 'opposition(O)', 'politicians(O)', 'demanded(O)', 'the(O)', 'army(O)', 'pull(O)', 'out(O)', 'of(O)', 'the(O)', 'area(O)', 'ahead(O)', 'of(O)', 'an(O)', 'upcoming(O)', 'state(O)', 'poll(O)', '.(O)']",Pre-electoral(O) bickering(O) flared(O) on(O) Wednesday(O) in(O) the(O) troubled(O) western(O) Mexican(B-MISC) state(O) of(O) Guerrero(B-LOC) as(O) some(O) opposition(O) politicians(O) demanded(O) the(O) army(O) pull(O) out(O) of(O) the(O) area(O) ahead(O) of(O) an(O) upcoming(O) state(O) poll(O) .(O),"Input: Pre-electoral bickering flared on Wednesday in the troubled western Mexican state of Guerrero as some opposition politicians demanded the army pull out of the area ahead of an upcoming state poll .
Output: Pre-electoral(O) bickering(O) flared(O) on(O) Wednesday(O) in(O) the(O) troubled(O) western(O) Mexican(B-MISC) state(O) of(O) Guerrero(B-LOC) as(O) some(O) opposition(O) politicians(O) demanded(O) the(O) army(O) pull(O) out(O) of(O) the(O) area(O) ahead(O) of(O) an(O) upcoming(O) state(O) poll(O) .(O)"
6070,['Voting' 'begins' 'in' 'second' 'round' 'of' 'Lebanese' 'election' '.'],"['O', 'O', 'O', 'O', 'O', 'O', 'B-MISC', 'O', 'O']",Voting begins in second round of Lebanese election .,"['Voting(O)', 'begins(O)', 'in(O)', 'second(O)', 'round(O)', 'of(O)', 'Lebanese(B-MISC)', 'election(O)', '.(O)']",Voting(O) begins(O) in(O) second(O) round(O) of(O) Lebanese(B-MISC) election(O) .(O),"Input: Voting begins in second round of Lebanese election .
Output: Voting(O) begins(O) in(O) second(O) round(O) of(O) Lebanese(B-MISC) election(O) .(O)"
13548,"['""' 'Together' 'with' 'subsidiaries' 'OMLX' ',' 'the' 'London'
 'Securities' '&' 'Derivatives' 'Exchange' 'and' 'OM' 'Stockholm' ',' 'OM'
 'Gruppen' 'will' 'open' 'an' 'international' 'electronic' 'bourse' 'for'
 'forest' 'products' 'in' 'the' 'first' 'half' 'of' '1997' ',' '""' 'OM'
 'Gruppen' 'said' 'in' 'a' 'statement' '.']","['O', 'O', 'O', 'O', 'B-ORG', 'O', 'O', 'B-ORG', 'I-ORG', 'I-ORG', 'I-ORG', 'I-ORG', 'O', 'B-ORG', 'I-ORG', 'O', 'B-ORG', 'I-ORG', 'O', 'O', 'O', 'O', 'O', 'O', 'O', 'O', 'O', 'O', 'O', 'O', 'O', 'O', 'O', 'O', 'O', 'B-ORG', 'I-ORG', 'O', 'O', 'O', 'O', 'O']",""" Together with subsidiaries OMLX , the London Securities & Derivatives Exchange and OM Stockholm , OM Gruppen will open an international electronic bourse for forest products in the first half of 1997 , "" OM Gruppen said in a statement .","['""(O)', 'Together(O)', 'with(O)', 'subsidiaries(O)', 'OMLX(B-ORG)', ',(O)', 'the(O)', 'London(B-ORG)', 'Securities(I-ORG)', '&(I-ORG)', 'Derivatives(I-ORG)', 'Exchange(I-ORG)', 'and(O)', 'OM(B-ORG)', 'Stockholm(I-ORG)', ',(O)', 'OM(B-ORG)', 'Gruppen(I-ORG)', 'will(O)', 'open(O)', 'an(O)', 'international(O)', 'electronic(O)', 'bourse(O)', 'for(O)', 'forest(O)', 'products(O)', 'in(O)', 'the(O)', 'first(O)', 'half(O)', 'of(O)', '1997(O)', ',(O)', '""(O)', 'OM(B-ORG)', 'Gruppen(I-ORG)', 'said(O)', 'in(O)', 'a(O)', 'statement(O)', '.(O)']","""(O) Together(O) with(O) subsidiaries(O) OMLX(B-ORG) ,(O) the(O) London(B-ORG) Securities(I-ORG) &(I-ORG) Derivatives(I-ORG) Exchange(I-ORG) and(O) OM(B-ORG) Stockholm(I-ORG) ,(O) OM(B-ORG) Gruppen(I-ORG) will(O) open(O) an(O) international(O) electronic(O) bourse(O) for(O) forest(O) products(O) in(O) the(O) first(O) half(O) of(O) 1997(O) ,(O) ""(O) OM(B-ORG) Gruppen(I-ORG) said(O) in(O) a(O) statement(O) .(O)","Input: "" Together with subsidiaries OMLX , the London Securities & Derivatives Exchange and OM Stockholm , OM Gruppen will open an international electronic bourse for forest products in the first half of 1997 , "" OM Gruppen said in a statement .
Output: ""(O) Together(O) with(O) subsidiaries(O) OMLX(B-ORG) ,(O) the(O) London(B-ORG) Securities(I-ORG) &(I-ORG) Derivatives(I-ORG) Exchange(I-ORG) and(O) OM(B-ORG) Stockholm(I-ORG) ,(O) OM(B-ORG) Gruppen(I-ORG) will(O) open(O) an(O) international(O) electronic(O) bourse(O) for(O) forest(O) products(O) in(O) the(O) first(O) half(O) of(O) 1997(O) ,(O) ""(O) OM(B-ORG) Gruppen(I-ORG) said(O) in(O) a(O) statement(O) .(O)"
4002,['Strasbourg' '1' 'Le' 'Havre' '0'],"['B-ORG', 'O', 'B-ORG', 'I-ORG', 'O']",Strasbourg 1 Le Havre 0,"['Strasbourg(B-ORG)', '1(O)', 'Le(B-ORG)', 'Havre(I-ORG)', '0(O)']",Strasbourg(B-ORG) 1(O) Le(B-ORG) Havre(I-ORG) 0(O),"Input: Strasbourg 1 Le Havre 0
Output: Strasbourg(B-ORG) 1(O) Le(B-ORG) Havre(I-ORG) 0(O)"
1131,['TORONTO' '1996-08-21'],"['B-LOC', 'O']",TORONTO 1996-08-21,"['TORONTO(B-LOC)', '1996-08-21(O)']",TORONTO(B-LOC) 1996-08-21(O),"Input: TORONTO 1996-08-21
Output: TORONTO(B-LOC) 1996-08-21(O)"
5187,['Lada' 'Togliatti' '1' 'Spartak' 'Moscow' '1'],"['B-ORG', 'I-ORG', 'O', 'B-ORG', 'I-ORG', 'O']",Lada Togliatti 1 Spartak Moscow 1,"['Lada(B-ORG)', 'Togliatti(I-ORG)', '1(O)', 'Spartak(B-ORG)', 'Moscow(I-ORG)', '1(O)']",Lada(B-ORG) Togliatti(I-ORG) 1(O) Spartak(B-ORG) Moscow(I-ORG) 1(O),"Input: Lada Togliatti 1 Spartak Moscow 1
Output: Lada(B-ORG) Togliatti(I-ORG) 1(O) Spartak(B-ORG) Moscow(I-ORG) 1(O)"
5626,['7.' 'Alexandre' 'Gontchenkov' '(' 'Ukraine' ')' '67'],"['O', 'B-PER', 'I-PER', 'O', 'B-LOC', 'O', 'O']",7. Alexandre Gontchenkov ( Ukraine ) 67,"['7.(O)', 'Alexandre(B-PER)', 'Gontchenkov(I-PER)', '((O)', 'Ukraine(B-LOC)', ')(O)', '67(O)']",7.(O) Alexandre(B-PER) Gontchenkov(I-PER) ((O) Ukraine(B-LOC) )(O) 67(O),"Input: 7. Alexandre Gontchenkov ( Ukraine ) 67
Output: 7.(O) Alexandre(B-PER) Gontchenkov(I-PER) ((O) Ukraine(B-LOC) )(O) 67(O)"
5895,['--' 'Sydney' 'Newsroom' '61-2' '9373-1800'],"['O', 'B-ORG', 'I-ORG', 'O', 'O']",-- Sydney Newsroom 61-2 9373-1800,"['--(O)', 'Sydney(B-ORG)', 'Newsroom(I-ORG)', '61-2(O)', '9373-1800(O)']",--(O) Sydney(B-ORG) Newsroom(I-ORG) 61-2(O) 9373-1800(O),"Input: -- Sydney Newsroom 61-2 9373-1800
Output: --(O) Sydney(B-ORG) Newsroom(I-ORG) 61-2(O) 9373-1800(O)"
3432,['TENNIS' '-' 'RESULTS' 'AT' 'TOSHIBA' 'CLASSIC' '.'],"['O', 'O', 'O', 'O', 'B-MISC', 'I-MISC', 'O']",TENNIS - RESULTS AT TOSHIBA CLASSIC .,"['TENNIS(O)', '-(O)', 'RESULTS(O)', 'AT(O)', 'TOSHIBA(B-MISC)', 'CLASSIC(I-MISC)', '.(O)']",TENNIS(O) -(O) RESULTS(O) AT(O) TOSHIBA(B-MISC) CLASSIC(I-MISC) .(O),"Input: TENNIS - RESULTS AT TOSHIBA CLASSIC .
Output: TENNIS(O) -(O) RESULTS(O) AT(O) TOSHIBA(B-MISC) CLASSIC(I-MISC) .(O)"
4234,"['Authorities' 'in' 'Kassala' 'said' 'opposition' 'forces' 'based' 'in'
 'Eritrea' 'have' 'been' 'laying' 'landmines' 'and' 'stealing' 'vehicles'
 'and' 'other' 'goods' 'to' 'smuggle' 'them' 'across' 'the' 'border'
 'into' 'Eritrea' '.']","['O', 'O', 'B-LOC', 'O', 'O', 'O', 'O', 'O', 'B-LOC', 'O', 'O', 'O', 'O', 'O', 'O', 'O', 'O', 'O', 'O', 'O', 'O', 'O', 'O', 'O', 'O', 'O', 'B-LOC', 'O']",Authorities in Kassala said opposition forces based in Eritrea have been laying landmines and stealing vehicles and other goods to smuggle them across the border into Eritrea .,"['Authorities(O)', 'in(O)', 'Kassala(B-LOC)', 'said(O)', 'opposition(O)', 'forces(O)', 'based(O)', 'in(O)', 'Eritrea(B-LOC)', 'have(O)', 'been(O)', 'laying(O)', 'landmines(O)', 'and(O)', 'stealing(O)', 'vehicles(O)', 'and(O)', 'other(O)', 'goods(O)', 'to(O)', 'smuggle(O)', 'them(O)', 'across(O)', 'the(O)', 'border(O)', 'into(O)', 'Eritrea(B-LOC)', '.(O)']",Authorities(O) in(O) Kassala(B-LOC) said(O) opposition(O) forces(O) based(O) in(O) Eritrea(B-LOC) have(O) been(O) laying(O) landmines(O) and(O) stealing(O) vehicles(O) and(O) other(O) goods(O) to(O) smuggle(O) them(O) across(O) the(O) border(O) into(O) Eritrea(B-LOC) .(O),"Input: Authorities in Kassala said opposition forces based in Eritrea have been laying landmines and stealing vehicles and other goods to smuggle them across the border into Eritrea .
Output: Authorities(O) in(O) Kassala(B-LOC) said(O) opposition(O) forces(O) based(O) in(O) Eritrea(B-LOC) have(O) been(O) laying(O) landmines(O) and(O) stealing(O) vehicles(O) and(O) other(O) goods(O) to(O) smuggle(O) them(O) across(O) the(O) border(O) into(O) Eritrea(B-LOC) .(O)"
9527,"['Black' '11,900-12,100']","['B-LOC', 'O']","Black 11,900-12,100","['Black(B-LOC)', '11,900-12,100(O)']","Black(B-LOC) 11,900-12,100(O)","Input: Black 11,900-12,100
Output: Black(B-LOC) 11,900-12,100(O)"
9376,"['The' 'exact' 'number' 'of' 'passangers' 'on' 'the' 'train' 'was' 'not'
 'known' '.' '""']","['O', 'O', 'O', 'O', 'O', 'O', 'O', 'O', 'O', 'O', 'O', 'O', 'O']","The exact number of passangers on the train was not known . ""","['The(O)', 'exact(O)', 'number(O)', 'of(O)', 'passangers(O)', 'on(O)', 'the(O)', 'train(O)', 'was(O)', 'not(O)', 'known(O)', '.(O)', '""(O)']","The(O) exact(O) number(O) of(O) passangers(O) on(O) the(O) train(O) was(O) not(O) known(O) .(O) ""(O)","Input: The exact number of passangers on the train was not known . ""
Output: The(O) exact(O) number(O) of(O) passangers(O) on(O) the(O) train(O) was(O) not(O) known(O) .(O) ""(O)"
7772,['--' 'Gilbert' 'Le' 'Gras' '204' '947' '3548'],"['O', 'B-PER', 'I-PER', 'I-PER', 'O', 'O', 'O']",-- Gilbert Le Gras 204 947 3548,"['--(O)', 'Gilbert(B-PER)', 'Le(I-PER)', 'Gras(I-PER)', '204(O)', '947(O)', '3548(O)']",--(O) Gilbert(B-PER) Le(I-PER) Gras(I-PER) 204(O) 947(O) 3548(O),"Input: -- Gilbert Le Gras 204 947 3548
Output: --(O) Gilbert(B-PER) Le(I-PER) Gras(I-PER) 204(O) 947(O) 3548(O)"
11019,"['1977' '-' 'E.F.' '(' 'Fritz' ')' 'Schumacher' ',' 'economic' 'guru'
 'and' 'author' 'of' 'the' 'best' 'seller' '""' 'Small' 'is' 'Beautiful'
 '""' ',' 'died' 'on' 'his' 'way' 'to' 'a' 'conference' 'in' 'Switzerland'
 '.']","['O', 'O', 'B-PER', 'I-PER', 'I-PER', 'I-PER', 'I-PER', 'O', 'O', 'O', 'O', 'O', 'O', 'O', 'O', 'O', 'O', 'B-MISC', 'I-MISC', 'I-MISC', 'O', 'O', 'O', 'O', 'O', 'O', 'O', 'O', 'O', 'O', 'B-LOC', 'O']","1977 - E.F. ( Fritz ) Schumacher , economic guru and author of the best seller "" Small is Beautiful "" , died on his way to a conference in Switzerland .","['1977(O)', '-(O)', 'E.F.(B-PER)', '((I-PER)', 'Fritz(I-PER)', ')(I-PER)', 'Schumacher(I-PER)', ',(O)', 'economic(O)', 'guru(O)', 'and(O)', 'author(O)', 'of(O)', 'the(O)', 'best(O)', 'seller(O)', '""(O)', 'Small(B-MISC)', 'is(I-MISC)', 'Beautiful(I-MISC)', '""(O)', ',(O)', 'died(O)', 'on(O)', 'his(O)', 'way(O)', 'to(O)', 'a(O)', 'conference(O)', 'in(O)', 'Switzerland(B-LOC)', '.(O)']","1977(O) -(O) E.F.(B-PER) ((I-PER) Fritz(I-PER) )(I-PER) Schumacher(I-PER) ,(O) economic(O) guru(O) and(O) author(O) of(O) the(O) best(O) seller(O) ""(O) Small(B-MISC) is(I-MISC) Beautiful(I-MISC) ""(O) ,(O) died(O) on(O) his(O) way(O) to(O) a(O) conference(O) in(O) Switzerland(B-LOC) .(O)","Input: 1977 - E.F. ( Fritz ) Schumacher , economic guru and author of the best seller "" Small is Beautiful "" , died on his way to a conference in Switzerland .
Output: 1977(O) -(O) E.F.(B-PER) ((I-PER) Fritz(I-PER) )(I-PER) Schumacher(I-PER) ,(O) economic(O) guru(O) and(O) author(O) of(O) the(O) best(O) seller(O) ""(O) Small(B-MISC) is(I-MISC) Beautiful(I-MISC) ""(O) ,(O) died(O) on(O) his(O) way(O) to(O) a(O) conference(O) in(O) Switzerland(B-LOC) .(O)"
9602,['--' 'Reuters' 'Toronto' 'Bureau' '416' '941-8100'],"['O', 'B-ORG', 'I-ORG', 'I-ORG', 'O', 'O']",-- Reuters Toronto Bureau 416 941-8100,"['--(O)', 'Reuters(B-ORG)', 'Toronto(I-ORG)', 'Bureau(I-ORG)', '416(O)', '941-8100(O)']",--(O) Reuters(B-ORG) Toronto(I-ORG) Bureau(I-ORG) 416(O) 941-8100(O),"Input: -- Reuters Toronto Bureau 416 941-8100
Output: --(O) Reuters(B-ORG) Toronto(I-ORG) Bureau(I-ORG) 416(O) 941-8100(O)"
9973,['2.' 'Andrea' 'Muller' '(' 'Germany' ')' '3.75'],"['O', 'B-PER', 'I-PER', 'O', 'B-LOC', 'O', 'O']",2. Andrea Muller ( Germany ) 3.75,"['2.(O)', 'Andrea(B-PER)', 'Muller(I-PER)', '((O)', 'Germany(B-LOC)', ')(O)', '3.75(O)']",2.(O) Andrea(B-PER) Muller(I-PER) ((O) Germany(B-LOC) )(O) 3.75(O),"Input: 2. Andrea Muller ( Germany ) 3.75
Output: 2.(O) Andrea(B-PER) Muller(I-PER) ((O) Germany(B-LOC) )(O) 3.75(O)"
12827,"['Bosnia' ""'s"" 'Moslem' 'political' 'parties' 'have' 'urged' 'their'
 'refugees' 'to' 'boycott' 'the' 'elections' 'until' 'irregularities'
 'with' 'voter' 'registration' 'are' 'resolved' '.']","['B-LOC', 'O', 'B-MISC', 'O', 'O', 'O', 'O', 'O', 'O', 'O', 'O', 'O', 'O', 'O', 'O', 'O', 'O', 'O', 'O', 'O', 'O']",Bosnia 's Moslem political parties have urged their refugees to boycott the elections until irregularities with voter registration are resolved .,"['Bosnia(B-LOC)', ""'s(O)"", 'Moslem(B-MISC)', 'political(O)', 'parties(O)', 'have(O)', 'urged(O)', 'their(O)', 'refugees(O)', 'to(O)', 'boycott(O)', 'the(O)', 'elections(O)', 'until(O)', 'irregularities(O)', 'with(O)', 'voter(O)', 'registration(O)', 'are(O)', 'resolved(O)', '.(O)']",Bosnia(B-LOC) 's(O) Moslem(B-MISC) political(O) parties(O) have(O) urged(O) their(O) refugees(O) to(O) boycott(O) the(O) elections(O) until(O) irregularities(O) with(O) voter(O) registration(O) are(O) resolved(O) .(O),"Input: Bosnia 's Moslem political parties have urged their refugees to boycott the elections until irregularities with voter registration are resolved .
Output: Bosnia(B-LOC) 's(O) Moslem(B-MISC) political(O) parties(O) have(O) urged(O) their(O) refugees(O) to(O) boycott(O) the(O) elections(O) until(O) irregularities(O) with(O) voter(O) registration(O) are(O) resolved(O) .(O)"
13901,"['The' 'Algerian' 'ambassador' 'in' 'London' 'has' 'also' 'asked' 'for'
 'clarification' 'from' 'the' 'Foreign' 'Office' 'over' 'the' 'meeting'
 'of' 'Islamist' 'groups' '.']","['O', 'B-MISC', 'O', 'O', 'B-LOC', 'O', 'O', 'O', 'O', 'O', 'O', 'O', 'B-ORG', 'I-ORG', 'O', 'O', 'O', 'O', 'B-MISC', 'O', 'O']",The Algerian ambassador in London has also asked for clarification from the Foreign Office over the meeting of Islamist groups .,"['The(O)', 'Algerian(B-MISC)', 'ambassador(O)', 'in(O)', 'London(B-LOC)', 'has(O)', 'also(O)', 'asked(O)', 'for(O)', 'clarification(O)', 'from(O)', 'the(O)', 'Foreign(B-ORG)', 'Office(I-ORG)', 'over(O)', 'the(O)', 'meeting(O)', 'of(O)', 'Islamist(B-MISC)', 'groups(O)', '.(O)']",The(O) Algerian(B-MISC) ambassador(O) in(O) London(B-LOC) has(O) also(O) asked(O) for(O) clarification(O) from(O) the(O) Foreign(B-ORG) Office(I-ORG) over(O) the(O) meeting(O) of(O) Islamist(B-MISC) groups(O) .(O),"Input: The Algerian ambassador in London has also asked for clarification from the Foreign Office over the meeting of Islamist groups .
Output: The(O) Algerian(B-MISC) ambassador(O) in(O) London(B-LOC) has(O) also(O) asked(O) for(O) clarification(O) from(O) the(O) Foreign(B-ORG) Office(I-ORG) over(O) the(O) meeting(O) of(O) Islamist(B-MISC) groups(O) .(O)"
5221,['9' '(' '153' ')'],"['O', 'O', 'O', 'O']",9 ( 153 ),"['9(O)', '((O)', '153(O)', ')(O)']",9(O) ((O) 153(O) )(O),"Input: 9 ( 153 )
Output: 9(O) ((O) 153(O) )(O)"
6764,['Veracruz' '3' '0' '1' '2' '2' '6' '1'],"['B-ORG', 'O', 'O', 'O', 'O', 'O', 'O', 'O']",Veracruz 3 0 1 2 2 6 1,"['Veracruz(B-ORG)', '3(O)', '0(O)', '1(O)', '2(O)', '2(O)', '6(O)', '1(O)']",Veracruz(B-ORG) 3(O) 0(O) 1(O) 2(O) 2(O) 6(O) 1(O),"Input: Veracruz 3 0 1 2 2 6 1
Output: Veracruz(B-ORG) 3(O) 0(O) 1(O) 2(O) 2(O) 6(O) 1(O)"
12417,"['4' '-' 'Peter' 'Nicol' '(' 'Scotland' ')' 'beat' 'Jonathon' 'Power' '('
 'Canada' ')' '15-10' '15-9' '15-9']","['O', 'O', 'B-PER', 'I-PER', 'O', 'B-LOC', 'O', 'O', 'B-PER', 'I-PER', 'O', 'B-LOC', 'O', 'O', 'O', 'O']",4 - Peter Nicol ( Scotland ) beat Jonathon Power ( Canada ) 15-10 15-9 15-9,"['4(O)', '-(O)', 'Peter(B-PER)', 'Nicol(I-PER)', '((O)', 'Scotland(B-LOC)', ')(O)', 'beat(O)', 'Jonathon(B-PER)', 'Power(I-PER)', '((O)', 'Canada(B-LOC)', ')(O)', '15-10(O)', '15-9(O)', '15-9(O)']",4(O) -(O) Peter(B-PER) Nicol(I-PER) ((O) Scotland(B-LOC) )(O) beat(O) Jonathon(B-PER) Power(I-PER) ((O) Canada(B-LOC) )(O) 15-10(O) 15-9(O) 15-9(O),"Input: 4 - Peter Nicol ( Scotland ) beat Jonathon Power ( Canada ) 15-10 15-9 15-9
Output: 4(O) -(O) Peter(B-PER) Nicol(I-PER) ((O) Scotland(B-LOC) )(O) beat(O) Jonathon(B-PER) Power(I-PER) ((O) Canada(B-LOC) )(O) 15-10(O) 15-9(O) 15-9(O)"
12859,"['The' 'Serbian' 'authorities' 'blame' 'Albanian' 'dissidents' 'for' 'the'
 'recent' 'spate' 'of' 'attacks' '.']","['O', 'B-MISC', 'O', 'O', 'B-MISC', 'O', 'O', 'O', 'O', 'O', 'O', 'O', 'O']",The Serbian authorities blame Albanian dissidents for the recent spate of attacks .,"['The(O)', 'Serbian(B-MISC)', 'authorities(O)', 'blame(O)', 'Albanian(B-MISC)', 'dissidents(O)', 'for(O)', 'the(O)', 'recent(O)', 'spate(O)', 'of(O)', 'attacks(O)', '.(O)']",The(O) Serbian(B-MISC) authorities(O) blame(O) Albanian(B-MISC) dissidents(O) for(O) the(O) recent(O) spate(O) of(O) attacks(O) .(O),"Input: The Serbian authorities blame Albanian dissidents for the recent spate of attacks .
Output: The(O) Serbian(B-MISC) authorities(O) blame(O) Albanian(B-MISC) dissidents(O) for(O) the(O) recent(O) spate(O) of(O) attacks(O) .(O)"
9505,"['In' 'a' 'speech' 'in' 'parliament' 'on' 'Tuesday' ',' 'Khadga'
 'challenged' 'the' 'Maoist' 'communists' 'to' '""' 'win' 'the' 'people'
 ""'s"" 'confidence' '""' 'and' 'win' 'election' 'to' 'parliament' '.']","['O', 'O', 'O', 'O', 'O', 'O', 'O', 'O', 'B-PER', 'O', 'O', 'B-MISC', 'O', 'O', 'O', 'O', 'O', 'O', 'O', 'O', 'O', 'O', 'O', 'O', 'O', 'O', 'O']","In a speech in parliament on Tuesday , Khadga challenged the Maoist communists to "" win the people 's confidence "" and win election to parliament .","['In(O)', 'a(O)', 'speech(O)', 'in(O)', 'parliament(O)', 'on(O)', 'Tuesday(O)', ',(O)', 'Khadga(B-PER)', 'challenged(O)', 'the(O)', 'Maoist(B-MISC)', 'communists(O)', 'to(O)', '""(O)', 'win(O)', 'the(O)', 'people(O)', ""'s(O)"", 'confidence(O)', '""(O)', 'and(O)', 'win(O)', 'election(O)', 'to(O)', 'parliament(O)', '.(O)']","In(O) a(O) speech(O) in(O) parliament(O) on(O) Tuesday(O) ,(O) Khadga(B-PER) challenged(O) the(O) Maoist(B-MISC) communists(O) to(O) ""(O) win(O) the(O) people(O) 's(O) confidence(O) ""(O) and(O) win(O) election(O) to(O) parliament(O) .(O)","Input: In a speech in parliament on Tuesday , Khadga challenged the Maoist communists to "" win the people 's confidence "" and win election to parliament .
Output: In(O) a(O) speech(O) in(O) parliament(O) on(O) Tuesday(O) ,(O) Khadga(B-PER) challenged(O) the(O) Maoist(B-MISC) communists(O) to(O) ""(O) win(O) the(O) people(O) 's(O) confidence(O) ""(O) and(O) win(O) election(O) to(O) parliament(O) .(O)"
394,['number' 'denotes' 'seeding' ')' ':'],"['O', 'O', 'O', 'O', 'O']",number denotes seeding ) :,"['number(O)', 'denotes(O)', 'seeding(O)', ')(O)', ':(O)']",number(O) denotes(O) seeding(O) )(O) :(O),"Input: number denotes seeding ) :
Output: number(O) denotes(O) seeding(O) )(O) :(O)"
11374,['Judith' 'Crosson'],"['B-PER', 'I-PER']",Judith Crosson,"['Judith(B-PER)', 'Crosson(I-PER)']",Judith(B-PER) Crosson(I-PER),"Input: Judith Crosson
Output: Judith(B-PER) Crosson(I-PER)"
619,['Results' 'of' 'midweek'],"['O', 'O', 'O']",Results of midweek,"['Results(O)', 'of(O)', 'midweek(O)']",Results(O) of(O) midweek(O),"Input: Results of midweek
Output: Results(O) of(O) midweek(O)"
13666,"['Looking' 'at' 'market' 'prospects' ',' 'he' 'said' ':' '""' 'I' 'think'
 'our' 'best' 'judgment' 'at' 'this' 'stage' 'is' 'that' 'it' 'will'
 'probably' 'bumble' 'along' 'in' 'the' 'rather' 'mixed' 'way' 'it' ""'s""
 'been' 'in' 'the' 'first' 'half' '.' '""']","['O', 'O', 'O', 'O', 'O', 'O', 'O', 'O', 'O', 'O', 'O', 'O', 'O', 'O', 'O', 'O', 'O', 'O', 'O', 'O', 'O', 'O', 'O', 'O', 'O', 'O', 'O', 'O', 'O', 'O', 'O', 'O', 'O', 'O', 'O', 'O', 'O', 'O']","Looking at market prospects , he said : "" I think our best judgment at this stage is that it will probably bumble along in the rather mixed way it 's been in the first half . ""","['Looking(O)', 'at(O)', 'market(O)', 'prospects(O)', ',(O)', 'he(O)', 'said(O)', ':(O)', '""(O)', 'I(O)', 'think(O)', 'our(O)', 'best(O)', 'judgment(O)', 'at(O)', 'this(O)', 'stage(O)', 'is(O)', 'that(O)', 'it(O)', 'will(O)', 'probably(O)', 'bumble(O)', 'along(O)', 'in(O)', 'the(O)', 'rather(O)', 'mixed(O)', 'way(O)', 'it(O)', ""'s(O)"", 'been(O)', 'in(O)', 'the(O)', 'first(O)', 'half(O)', '.(O)', '""(O)']","Looking(O) at(O) market(O) prospects(O) ,(O) he(O) said(O) :(O) ""(O) I(O) think(O) our(O) best(O) judgment(O) at(O) this(O) stage(O) is(O) that(O) it(O) will(O) probably(O) bumble(O) along(O) in(O) the(O) rather(O) mixed(O) way(O) it(O) 's(O) been(O) in(O) the(O) first(O) half(O) .(O) ""(O)","Input: Looking at market prospects , he said : "" I think our best judgment at this stage is that it will probably bumble along in the rather mixed way it 's been in the first half . ""
Output: Looking(O) at(O) market(O) prospects(O) ,(O) he(O) said(O) :(O) ""(O) I(O) think(O) our(O) best(O) judgment(O) at(O) this(O) stage(O) is(O) that(O) it(O) will(O) probably(O) bumble(O) along(O) in(O) the(O) rather(O) mixed(O) way(O) it(O) 's(O) been(O) in(O) the(O) first(O) half(O) .(O) ""(O)"
13840,['Yr' '/' 'yr' 'figures' '(' '%' ')' '-' '3.2' '+1.0' '+9.8' '108.4**' '-'],"['O', 'O', 'O', 'O', 'O', 'O', 'O', 'O', 'O', 'O', 'O', 'O', 'O']",Yr / yr figures ( % ) - 3.2 +1.0 +9.8 108.4** -,"['Yr(O)', '/(O)', 'yr(O)', 'figures(O)', '((O)', '%(O)', ')(O)', '-(O)', '3.2(O)', '+1.0(O)', '+9.8(O)', '108.4**(O)', '-(O)']",Yr(O) /(O) yr(O) figures(O) ((O) %(O) )(O) -(O) 3.2(O) +1.0(O) +9.8(O) 108.4**(O) -(O),"Input: Yr / yr figures ( % ) - 3.2 +1.0 +9.8 108.4** -
Output: Yr(O) /(O) yr(O) figures(O) ((O) %(O) )(O) -(O) 3.2(O) +1.0(O) +9.8(O) 108.4**(O) -(O)"
7377,"['Naina' 'Yeltsin' ',' 'wife' 'of' 'the' 'Russian' 'president' ',' 'has'
 'undergone' '""' 'a' 'planned' 'operation' '""' 'on' 'her' 'left' 'kidney'
 'and' 'is' 'in' 'a' 'satisfactory' 'condition' ',' 'Itar-Tass' 'news'
 'agency' 'said' 'on' 'Monday' '.']","['B-PER', 'I-PER', 'O', 'O', 'O', 'O', 'B-MISC', 'O', 'O', 'O', 'O', 'O', 'O', 'O', 'O', 'O', 'O', 'O', 'O', 'O', 'O', 'O', 'O', 'O', 'O', 'O', 'O', 'B-ORG', 'O', 'O', 'O', 'O', 'O', 'O']","Naina Yeltsin , wife of the Russian president , has undergone "" a planned operation "" on her left kidney and is in a satisfactory condition , Itar-Tass news agency said on Monday .","['Naina(B-PER)', 'Yeltsin(I-PER)', ',(O)', 'wife(O)', 'of(O)', 'the(O)', 'Russian(B-MISC)', 'president(O)', ',(O)', 'has(O)', 'undergone(O)', '""(O)', 'a(O)', 'planned(O)', 'operation(O)', '""(O)', 'on(O)', 'her(O)', 'left(O)', 'kidney(O)', 'and(O)', 'is(O)', 'in(O)', 'a(O)', 'satisfactory(O)', 'condition(O)', ',(O)', 'Itar-Tass(B-ORG)', 'news(O)', 'agency(O)', 'said(O)', 'on(O)', 'Monday(O)', '.(O)']","Naina(B-PER) Yeltsin(I-PER) ,(O) wife(O) of(O) the(O) Russian(B-MISC) president(O) ,(O) has(O) undergone(O) ""(O) a(O) planned(O) operation(O) ""(O) on(O) her(O) left(O) kidney(O) and(O) is(O) in(O) a(O) satisfactory(O) condition(O) ,(O) Itar-Tass(B-ORG) news(O) agency(O) said(O) on(O) Monday(O) .(O)","Input: Naina Yeltsin , wife of the Russian president , has undergone "" a planned operation "" on her left kidney and is in a satisfactory condition , Itar-Tass news agency said on Monday .
Output: Naina(B-PER) Yeltsin(I-PER) ,(O) wife(O) of(O) the(O) Russian(B-MISC) president(O) ,(O) has(O) undergone(O) ""(O) a(O) planned(O) operation(O) ""(O) on(O) her(O) left(O) kidney(O) and(O) is(O) in(O) a(O) satisfactory(O) condition(O) ,(O) Itar-Tass(B-ORG) news(O) agency(O) said(O) on(O) Monday(O) .(O)"
12687,"['When' 'five' 'former' 'Olympic' '100' 'champions' 'from' '1948' 'to'
 '1980' ',' 'who' 'have' 'been' 'invited' 'to' 'watch' 'the' 'race' ','
 'turned' 'up' 'at' 'a' 'news' 'conference' 'on' 'Thursday' ',' 'Christie'
 'was' 'quick' 'to' 'put' 'his' 'autograph' 'book' 'in' 'front' 'of' 'the'
 'them' '.']","['O', 'O', 'O', 'B-MISC', 'O', 'O', 'O', 'O', 'O', 'O', 'O', 'O', 'O', 'O', 'O', 'O', 'O', 'O', 'O', 'O', 'O', 'O', 'O', 'O', 'O', 'O', 'O', 'O', 'O', 'B-PER', 'O', 'O', 'O', 'O', 'O', 'O', 'O', 'O', 'O', 'O', 'O', 'O', 'O']","When five former Olympic 100 champions from 1948 to 1980 , who have been invited to watch the race , turned up at a news conference on Thursday , Christie was quick to put his autograph book in front of the them .","['When(O)', 'five(O)', 'former(O)', 'Olympic(B-MISC)', '100(O)', 'champions(O)', 'from(O)', '1948(O)', 'to(O)', '1980(O)', ',(O)', 'who(O)', 'have(O)', 'been(O)', 'invited(O)', 'to(O)', 'watch(O)', 'the(O)', 'race(O)', ',(O)', 'turned(O)', 'up(O)', 'at(O)', 'a(O)', 'news(O)', 'conference(O)', 'on(O)', 'Thursday(O)', ',(O)', 'Christie(B-PER)', 'was(O)', 'quick(O)', 'to(O)', 'put(O)', 'his(O)', 'autograph(O)', 'book(O)', 'in(O)', 'front(O)', 'of(O)', 'the(O)', 'them(O)', '.(O)']","When(O) five(O) former(O) Olympic(B-MISC) 100(O) champions(O) from(O) 1948(O) to(O) 1980(O) ,(O) who(O) have(O) been(O) invited(O) to(O) watch(O) the(O) race(O) ,(O) turned(O) up(O) at(O) a(O) news(O) conference(O) on(O) Thursday(O) ,(O) Christie(B-PER) was(O) quick(O) to(O) put(O) his(O) autograph(O) book(O) in(O) front(O) of(O) the(O) them(O) .(O)","Input: When five former Olympic 100 champions from 1948 to 1980 , who have been invited to watch the race , turned up at a news conference on Thursday , Christie was quick to put his autograph book in front of the them .
Output: When(O) five(O) former(O) Olympic(B-MISC) 100(O) champions(O) from(O) 1948(O) to(O) 1980(O) ,(O) who(O) have(O) been(O) invited(O) to(O) watch(O) the(O) race(O) ,(O) turned(O) up(O) at(O) a(O) news(O) conference(O) on(O) Thursday(O) ,(O) Christie(B-PER) was(O) quick(O) to(O) put(O) his(O) autograph(O) book(O) in(O) front(O) of(O) the(O) them(O) .(O)"
848,['Dean' 'Palmer' 'hit' 'his' '30th' 'homer' 'for' 'the' 'Rangers' '.'],"['B-PER', 'I-PER', 'O', 'O', 'O', 'O', 'O', 'O', 'B-ORG', 'O']",Dean Palmer hit his 30th homer for the Rangers .,"['Dean(B-PER)', 'Palmer(I-PER)', 'hit(O)', 'his(O)', '30th(O)', 'homer(O)', 'for(O)', 'the(O)', 'Rangers(B-ORG)', '.(O)']",Dean(B-PER) Palmer(I-PER) hit(O) his(O) 30th(O) homer(O) for(O) the(O) Rangers(B-ORG) .(O),"Input: Dean Palmer hit his 30th homer for the Rangers .
Output: Dean(B-PER) Palmer(I-PER) hit(O) his(O) 30th(O) homer(O) for(O) the(O) Rangers(B-ORG) .(O)"
9120,"['The' 'first' 'of' 'the' 'victims' 'were' 'two' 'vagrants' 'who' 'slept'
 'in' 'an' 'abandoned' 'car' 'in' 'front' 'of' 'a' 'local' 'bank' ','
 'the' 'newspaper' 'said' '.']","['O', 'O', 'O', 'O', 'O', 'O', 'O', 'O', 'O', 'O', 'O', 'O', 'O', 'O', 'O', 'O', 'O', 'O', 'O', 'O', 'O', 'O', 'O', 'O', 'O']","The first of the victims were two vagrants who slept in an abandoned car in front of a local bank , the newspaper said .","['The(O)', 'first(O)', 'of(O)', 'the(O)', 'victims(O)', 'were(O)', 'two(O)', 'vagrants(O)', 'who(O)', 'slept(O)', 'in(O)', 'an(O)', 'abandoned(O)', 'car(O)', 'in(O)', 'front(O)', 'of(O)', 'a(O)', 'local(O)', 'bank(O)', ',(O)', 'the(O)', 'newspaper(O)', 'said(O)', '.(O)']","The(O) first(O) of(O) the(O) victims(O) were(O) two(O) vagrants(O) who(O) slept(O) in(O) an(O) abandoned(O) car(O) in(O) front(O) of(O) a(O) local(O) bank(O) ,(O) the(O) newspaper(O) said(O) .(O)","Input: The first of the victims were two vagrants who slept in an abandoned car in front of a local bank , the newspaper said .
Output: The(O) first(O) of(O) the(O) victims(O) were(O) two(O) vagrants(O) who(O) slept(O) in(O) an(O) abandoned(O) car(O) in(O) front(O) of(O) a(O) local(O) bank(O) ,(O) the(O) newspaper(O) said(O) .(O)"
6683,['Hungarian' 'first' 'division'],"['B-MISC', 'O', 'O']",Hungarian first division,"['Hungarian(B-MISC)', 'first(O)', 'division(O)']",Hungarian(B-MISC) first(O) division(O),"Input: Hungarian first division
Output: Hungarian(B-MISC) first(O) division(O)"
8018,"['-' 'Government' 'considering' 'measures' 'for' 'better' 'road'
 'discipline' '.']","['O', 'O', 'O', 'O', 'O', 'O', 'O', 'O', 'O']",- Government considering measures for better road discipline .,"['-(O)', 'Government(O)', 'considering(O)', 'measures(O)', 'for(O)', 'better(O)', 'road(O)', 'discipline(O)', '.(O)']",-(O) Government(O) considering(O) measures(O) for(O) better(O) road(O) discipline(O) .(O),"Input: - Government considering measures for better road discipline .
Output: -(O) Government(O) considering(O) measures(O) for(O) better(O) road(O) discipline(O) .(O)"
6747,['Results' 'of' 'weekend' 'matches'],"['O', 'O', 'O', 'O']",Results of weekend matches,"['Results(O)', 'of(O)', 'weekend(O)', 'matches(O)']",Results(O) of(O) weekend(O) matches(O),"Input: Results of weekend matches
Output: Results(O) of(O) weekend(O) matches(O)"
9861,"['Shipments' 'to' 'the' 'auto' 'sector' 'fell' '5.5' 'percent' 'to'
 '15,286' 'tonnes' ',' 'while' 'the' 'construction' 'sector' 'rose' '2.4'
 'percent' 'to' '79,390' 'tonnes' '.']","['O', 'O', 'O', 'O', 'O', 'O', 'O', 'O', 'O', 'O', 'O', 'O', 'O', 'O', 'O', 'O', 'O', 'O', 'O', 'O', 'O', 'O', 'O']","Shipments to the auto sector fell 5.5 percent to 15,286 tonnes , while the construction sector rose 2.4 percent to 79,390 tonnes .","['Shipments(O)', 'to(O)', 'the(O)', 'auto(O)', 'sector(O)', 'fell(O)', '5.5(O)', 'percent(O)', 'to(O)', '15,286(O)', 'tonnes(O)', ',(O)', 'while(O)', 'the(O)', 'construction(O)', 'sector(O)', 'rose(O)', '2.4(O)', 'percent(O)', 'to(O)', '79,390(O)', 'tonnes(O)', '.(O)']","Shipments(O) to(O) the(O) auto(O) sector(O) fell(O) 5.5(O) percent(O) to(O) 15,286(O) tonnes(O) ,(O) while(O) the(O) construction(O) sector(O) rose(O) 2.4(O) percent(O) to(O) 79,390(O) tonnes(O) .(O)","Input: Shipments to the auto sector fell 5.5 percent to 15,286 tonnes , while the construction sector rose 2.4 percent to 79,390 tonnes .
Output: Shipments(O) to(O) the(O) auto(O) sector(O) fell(O) 5.5(O) percent(O) to(O) 15,286(O) tonnes(O) ,(O) while(O) the(O) construction(O) sector(O) rose(O) 2.4(O) percent(O) to(O) 79,390(O) tonnes(O) .(O)"
10645,"['SOCCER' '-' 'SMICER' ""'S"" 'LAST-GASP' 'GOAL' 'KEEPS' 'LENS' 'IN' 'THE'
 'LEAD' '.']","['O', 'O', 'B-PER', 'O', 'O', 'O', 'O', 'B-ORG', 'O', 'O', 'O', 'O']",SOCCER - SMICER 'S LAST-GASP GOAL KEEPS LENS IN THE LEAD .,"['SOCCER(O)', '-(O)', 'SMICER(B-PER)', ""'S(O)"", 'LAST-GASP(O)', 'GOAL(O)', 'KEEPS(O)', 'LENS(B-ORG)', 'IN(O)', 'THE(O)', 'LEAD(O)', '.(O)']",SOCCER(O) -(O) SMICER(B-PER) 'S(O) LAST-GASP(O) GOAL(O) KEEPS(O) LENS(B-ORG) IN(O) THE(O) LEAD(O) .(O),"Input: SOCCER - SMICER 'S LAST-GASP GOAL KEEPS LENS IN THE LEAD .
Output: SOCCER(O) -(O) SMICER(B-PER) 'S(O) LAST-GASP(O) GOAL(O) KEEPS(O) LENS(B-ORG) IN(O) THE(O) LEAD(O) .(O)"
199,"['Reuters' 'has' 'not' 'verified' 'these' 'stories' 'and' 'does' 'not'
 'vouch' 'for' 'their' 'accuracy' '.']","['B-ORG', 'O', 'O', 'O', 'O', 'O', 'O', 'O', 'O', 'O', 'O', 'O', 'O', 'O']",Reuters has not verified these stories and does not vouch for their accuracy .,"['Reuters(B-ORG)', 'has(O)', 'not(O)', 'verified(O)', 'these(O)', 'stories(O)', 'and(O)', 'does(O)', 'not(O)', 'vouch(O)', 'for(O)', 'their(O)', 'accuracy(O)', '.(O)']",Reuters(B-ORG) has(O) not(O) verified(O) these(O) stories(O) and(O) does(O) not(O) vouch(O) for(O) their(O) accuracy(O) .(O),"Input: Reuters has not verified these stories and does not vouch for their accuracy .
Output: Reuters(B-ORG) has(O) not(O) verified(O) these(O) stories(O) and(O) does(O) not(O) vouch(O) for(O) their(O) accuracy(O) .(O)"
7281,"['the' 'other' 'elections' 'will' 'be' 'held' 'on' 'September' '14' ','
 '""' 'OSCE' 'spokeswoman' 'Agota' 'Kuperman' 'told' 'reporters' 'in'
 'Sarajevo' '.']","['O', 'O', 'O', 'O', 'O', 'O', 'O', 'O', 'O', 'O', 'O', 'B-ORG', 'O', 'B-PER', 'I-PER', 'O', 'O', 'O', 'B-LOC', 'O']","the other elections will be held on September 14 , "" OSCE spokeswoman Agota Kuperman told reporters in Sarajevo .","['the(O)', 'other(O)', 'elections(O)', 'will(O)', 'be(O)', 'held(O)', 'on(O)', 'September(O)', '14(O)', ',(O)', '""(O)', 'OSCE(B-ORG)', 'spokeswoman(O)', 'Agota(B-PER)', 'Kuperman(I-PER)', 'told(O)', 'reporters(O)', 'in(O)', 'Sarajevo(B-LOC)', '.(O)']","the(O) other(O) elections(O) will(O) be(O) held(O) on(O) September(O) 14(O) ,(O) ""(O) OSCE(B-ORG) spokeswoman(O) Agota(B-PER) Kuperman(I-PER) told(O) reporters(O) in(O) Sarajevo(B-LOC) .(O)","Input: the other elections will be held on September 14 , "" OSCE spokeswoman Agota Kuperman told reporters in Sarajevo .
Output: the(O) other(O) elections(O) will(O) be(O) held(O) on(O) September(O) 14(O) ,(O) ""(O) OSCE(B-ORG) spokeswoman(O) Agota(B-PER) Kuperman(I-PER) told(O) reporters(O) in(O) Sarajevo(B-LOC) .(O)"
5569,['Grasshopper' '9' '4' '4' '1' '17' '11' '16'],"['B-ORG', 'O', 'O', 'O', 'O', 'O', 'O', 'O']",Grasshopper 9 4 4 1 17 11 16,"['Grasshopper(B-ORG)', '9(O)', '4(O)', '4(O)', '1(O)', '17(O)', '11(O)', '16(O)']",Grasshopper(B-ORG) 9(O) 4(O) 4(O) 1(O) 17(O) 11(O) 16(O),"Input: Grasshopper 9 4 4 1 17 11 16
Output: Grasshopper(B-ORG) 9(O) 4(O) 4(O) 1(O) 17(O) 11(O) 16(O)"
11473,"['JACKSONVILLE' ',' 'Fla.' '1996-08-28']","['B-LOC', 'O', 'B-LOC', 'O']","JACKSONVILLE , Fla. 1996-08-28","['JACKSONVILLE(B-LOC)', ',(O)', 'Fla.(B-LOC)', '1996-08-28(O)']","JACKSONVILLE(B-LOC) ,(O) Fla.(B-LOC) 1996-08-28(O)","Input: JACKSONVILLE , Fla. 1996-08-28
Output: JACKSONVILLE(B-LOC) ,(O) Fla.(B-LOC) 1996-08-28(O)"
12256,"['The' 'race' 'continues' 'on' 'Friday' 'with' 'the' '178' 'kilometre'
 'fifth-stage' 'from' 'Zevenaar' 'to' 'Venray' '.']","['O', 'O', 'O', 'O', 'O', 'O', 'O', 'O', 'O', 'O', 'O', 'B-LOC', 'O', 'B-LOC', 'O']",The race continues on Friday with the 178 kilometre fifth-stage from Zevenaar to Venray .,"['The(O)', 'race(O)', 'continues(O)', 'on(O)', 'Friday(O)', 'with(O)', 'the(O)', '178(O)', 'kilometre(O)', 'fifth-stage(O)', 'from(O)', 'Zevenaar(B-LOC)', 'to(O)', 'Venray(B-LOC)', '.(O)']",The(O) race(O) continues(O) on(O) Friday(O) with(O) the(O) 178(O) kilometre(O) fifth-stage(O) from(O) Zevenaar(B-LOC) to(O) Venray(B-LOC) .(O),"Input: The race continues on Friday with the 178 kilometre fifth-stage from Zevenaar to Venray .
Output: The(O) race(O) continues(O) on(O) Friday(O) with(O) the(O) 178(O) kilometre(O) fifth-stage(O) from(O) Zevenaar(B-LOC) to(O) Venray(B-LOC) .(O)"
6550,"['Morton' 'v' 'Falkir' ',' 'Partick' 'v' 'St' 'Mirren' ',' 'St'
 'Johnstone' 'v']","['B-ORG', 'O', 'B-ORG', 'O', 'B-ORG', 'O', 'B-ORG', 'I-ORG', 'O', 'B-ORG', 'I-ORG', 'O']","Morton v Falkir , Partick v St Mirren , St Johnstone v","['Morton(B-ORG)', 'v(O)', 'Falkir(B-ORG)', ',(O)', 'Partick(B-ORG)', 'v(O)', 'St(B-ORG)', 'Mirren(I-ORG)', ',(O)', 'St(B-ORG)', 'Johnstone(I-ORG)', 'v(O)']","Morton(B-ORG) v(O) Falkir(B-ORG) ,(O) Partick(B-ORG) v(O) St(B-ORG) Mirren(I-ORG) ,(O) St(B-ORG) Johnstone(I-ORG) v(O)","Input: Morton v Falkir , Partick v St Mirren , St Johnstone v
Output: Morton(B-ORG) v(O) Falkir(B-ORG) ,(O) Partick(B-ORG) v(O) St(B-ORG) Mirren(I-ORG) ,(O) St(B-ORG) Johnstone(I-ORG) v(O)"
9938,"['The' 'end' 'of' 'Canada' ""'s"" 'rail' 'freight' 'subsidy' 'last' 'year'
 'caused' 'a' 'shift' 'in' 'feed' 'grain' 'production' 'to' 'the'
 'eastern' 'Prairie' '.']","['O', 'O', 'O', 'B-LOC', 'O', 'O', 'O', 'O', 'O', 'O', 'O', 'O', 'O', 'O', 'O', 'O', 'O', 'O', 'O', 'O', 'O', 'O']",The end of Canada 's rail freight subsidy last year caused a shift in feed grain production to the eastern Prairie .,"['The(O)', 'end(O)', 'of(O)', 'Canada(B-LOC)', ""'s(O)"", 'rail(O)', 'freight(O)', 'subsidy(O)', 'last(O)', 'year(O)', 'caused(O)', 'a(O)', 'shift(O)', 'in(O)', 'feed(O)', 'grain(O)', 'production(O)', 'to(O)', 'the(O)', 'eastern(O)', 'Prairie(O)', '.(O)']",The(O) end(O) of(O) Canada(B-LOC) 's(O) rail(O) freight(O) subsidy(O) last(O) year(O) caused(O) a(O) shift(O) in(O) feed(O) grain(O) production(O) to(O) the(O) eastern(O) Prairie(O) .(O),"Input: The end of Canada 's rail freight subsidy last year caused a shift in feed grain production to the eastern Prairie .
Output: The(O) end(O) of(O) Canada(B-LOC) 's(O) rail(O) freight(O) subsidy(O) last(O) year(O) caused(O) a(O) shift(O) in(O) feed(O) grain(O) production(O) to(O) the(O) eastern(O) Prairie(O) .(O)"
7197,['COLOMBO' '1996-08-26'],"['B-LOC', 'O']",COLOMBO 1996-08-26,"['COLOMBO(B-LOC)', '1996-08-26(O)']",COLOMBO(B-LOC) 1996-08-26(O),"Input: COLOMBO 1996-08-26
Output: COLOMBO(B-LOC) 1996-08-26(O)"
12949,"['Globo' 'quoted' 'Pessina' ""'s"" 'lawyer' 'as' 'saying' 'he' 'had'
 'already' 'been' 'imprisoned' 'in' 'Italy' 'and' ',' 'when' 'freed' ','
 'travelled' 'to' 'Brazil' '.']","['B-ORG', 'O', 'B-PER', 'O', 'O', 'O', 'O', 'O', 'O', 'O', 'O', 'O', 'O', 'B-LOC', 'O', 'O', 'O', 'O', 'O', 'O', 'O', 'B-LOC', 'O']","Globo quoted Pessina 's lawyer as saying he had already been imprisoned in Italy and , when freed , travelled to Brazil .","['Globo(B-ORG)', 'quoted(O)', 'Pessina(B-PER)', ""'s(O)"", 'lawyer(O)', 'as(O)', 'saying(O)', 'he(O)', 'had(O)', 'already(O)', 'been(O)', 'imprisoned(O)', 'in(O)', 'Italy(B-LOC)', 'and(O)', ',(O)', 'when(O)', 'freed(O)', ',(O)', 'travelled(O)', 'to(O)', 'Brazil(B-LOC)', '.(O)']","Globo(B-ORG) quoted(O) Pessina(B-PER) 's(O) lawyer(O) as(O) saying(O) he(O) had(O) already(O) been(O) imprisoned(O) in(O) Italy(B-LOC) and(O) ,(O) when(O) freed(O) ,(O) travelled(O) to(O) Brazil(B-LOC) .(O)","Input: Globo quoted Pessina 's lawyer as saying he had already been imprisoned in Italy and , when freed , travelled to Brazil .
Output: Globo(B-ORG) quoted(O) Pessina(B-PER) 's(O) lawyer(O) as(O) saying(O) he(O) had(O) already(O) been(O) imprisoned(O) in(O) Italy(B-LOC) and(O) ,(O) when(O) freed(O) ,(O) travelled(O) to(O) Brazil(B-LOC) .(O)"
4310,"['-' 'Offers' 'from' 'Arab' 'and' 'foreign' 'companies' 'to' 'supply'
 'Iraq' 'with' 'goods' '.']","['O', 'O', 'O', 'B-MISC', 'O', 'O', 'O', 'O', 'O', 'B-LOC', 'O', 'O', 'O']",- Offers from Arab and foreign companies to supply Iraq with goods .,"['-(O)', 'Offers(O)', 'from(O)', 'Arab(B-MISC)', 'and(O)', 'foreign(O)', 'companies(O)', 'to(O)', 'supply(O)', 'Iraq(B-LOC)', 'with(O)', 'goods(O)', '.(O)']",-(O) Offers(O) from(O) Arab(B-MISC) and(O) foreign(O) companies(O) to(O) supply(O) Iraq(B-LOC) with(O) goods(O) .(O),"Input: - Offers from Arab and foreign companies to supply Iraq with goods .
Output: -(O) Offers(O) from(O) Arab(B-MISC) and(O) foreign(O) companies(O) to(O) supply(O) Iraq(B-LOC) with(O) goods(O) .(O)"
8141,"['The' 'use' 'of' 'carts' 'is' 'generally' 'prohibited' 'in' 'the'
 'professional' 'game' ',' 'and' 'if' 'Olazabal' 'is' 'allowed' 'to' 'use'
 'one' 'in' 'Bordeaux' ',' 'he' 'might' 'then' 'request' 'one' 'for' 'the'
 'qualifying' 'tournaments' 'for' 'next' 'year' ""'s"" 'Ryder' 'Cup' '.']","['O', 'O', 'O', 'O', 'O', 'O', 'O', 'O', 'O', 'O', 'O', 'O', 'O', 'O', 'B-PER', 'O', 'O', 'O', 'O', 'O', 'O', 'B-LOC', 'O', 'O', 'O', 'O', 'O', 'O', 'O', 'O', 'O', 'O', 'O', 'O', 'O', 'O', 'B-MISC', 'I-MISC', 'O']","The use of carts is generally prohibited in the professional game , and if Olazabal is allowed to use one in Bordeaux , he might then request one for the qualifying tournaments for next year 's Ryder Cup .","['The(O)', 'use(O)', 'of(O)', 'carts(O)', 'is(O)', 'generally(O)', 'prohibited(O)', 'in(O)', 'the(O)', 'professional(O)', 'game(O)', ',(O)', 'and(O)', 'if(O)', 'Olazabal(B-PER)', 'is(O)', 'allowed(O)', 'to(O)', 'use(O)', 'one(O)', 'in(O)', 'Bordeaux(B-LOC)', ',(O)', 'he(O)', 'might(O)', 'then(O)', 'request(O)', 'one(O)', 'for(O)', 'the(O)', 'qualifying(O)', 'tournaments(O)', 'for(O)', 'next(O)', 'year(O)', ""'s(O)"", 'Ryder(B-MISC)', 'Cup(I-MISC)', '.(O)']","The(O) use(O) of(O) carts(O) is(O) generally(O) prohibited(O) in(O) the(O) professional(O) game(O) ,(O) and(O) if(O) Olazabal(B-PER) is(O) allowed(O) to(O) use(O) one(O) in(O) Bordeaux(B-LOC) ,(O) he(O) might(O) then(O) request(O) one(O) for(O) the(O) qualifying(O) tournaments(O) for(O) next(O) year(O) 's(O) Ryder(B-MISC) Cup(I-MISC) .(O)","Input: The use of carts is generally prohibited in the professional game , and if Olazabal is allowed to use one in Bordeaux , he might then request one for the qualifying tournaments for next year 's Ryder Cup .
Output: The(O) use(O) of(O) carts(O) is(O) generally(O) prohibited(O) in(O) the(O) professional(O) game(O) ,(O) and(O) if(O) Olazabal(B-PER) is(O) allowed(O) to(O) use(O) one(O) in(O) Bordeaux(B-LOC) ,(O) he(O) might(O) then(O) request(O) one(O) for(O) the(O) qualifying(O) tournaments(O) for(O) next(O) year(O) 's(O) Ryder(B-MISC) Cup(I-MISC) .(O)"
9433,"['Government' 'closes' 'Ruhunu' 'University' 'indefinitely' 'after' 'big'
 'clash' 'between' 'two' 'groups' 'of' 'students' 'in' 'which' 'eight'
 'were' 'wounded' 'and' 'hospitalised' '.']","['O', 'O', 'B-ORG', 'I-ORG', 'O', 'O', 'O', 'O', 'O', 'O', 'O', 'O', 'O', 'O', 'O', 'O', 'O', 'O', 'O', 'O', 'O']",Government closes Ruhunu University indefinitely after big clash between two groups of students in which eight were wounded and hospitalised .,"['Government(O)', 'closes(O)', 'Ruhunu(B-ORG)', 'University(I-ORG)', 'indefinitely(O)', 'after(O)', 'big(O)', 'clash(O)', 'between(O)', 'two(O)', 'groups(O)', 'of(O)', 'students(O)', 'in(O)', 'which(O)', 'eight(O)', 'were(O)', 'wounded(O)', 'and(O)', 'hospitalised(O)', '.(O)']",Government(O) closes(O) Ruhunu(B-ORG) University(I-ORG) indefinitely(O) after(O) big(O) clash(O) between(O) two(O) groups(O) of(O) students(O) in(O) which(O) eight(O) were(O) wounded(O) and(O) hospitalised(O) .(O),"Input: Government closes Ruhunu University indefinitely after big clash between two groups of students in which eight were wounded and hospitalised .
Output: Government(O) closes(O) Ruhunu(B-ORG) University(I-ORG) indefinitely(O) after(O) big(O) clash(O) between(O) two(O) groups(O) of(O) students(O) in(O) which(O) eight(O) were(O) wounded(O) and(O) hospitalised(O) .(O)"
8008,"['-' 'Prime' 'Minister' 'Hariri' ':' 'Elections' 'are' 'the' 'beginning'
 'of' 'a' 'long' 'political' 'life' 'which' 'we' 'begin' 'with' 'an'
 'incomplete' 'ticket' 'of' '17' 'candidates' '.']","['O', 'O', 'O', 'B-PER', 'O', 'O', 'O', 'O', 'O', 'O', 'O', 'O', 'O', 'O', 'O', 'O', 'O', 'O', 'O', 'O', 'O', 'O', 'O', 'O', 'O']",- Prime Minister Hariri : Elections are the beginning of a long political life which we begin with an incomplete ticket of 17 candidates .,"['-(O)', 'Prime(O)', 'Minister(O)', 'Hariri(B-PER)', ':(O)', 'Elections(O)', 'are(O)', 'the(O)', 'beginning(O)', 'of(O)', 'a(O)', 'long(O)', 'political(O)', 'life(O)', 'which(O)', 'we(O)', 'begin(O)', 'with(O)', 'an(O)', 'incomplete(O)', 'ticket(O)', 'of(O)', '17(O)', 'candidates(O)', '.(O)']",-(O) Prime(O) Minister(O) Hariri(B-PER) :(O) Elections(O) are(O) the(O) beginning(O) of(O) a(O) long(O) political(O) life(O) which(O) we(O) begin(O) with(O) an(O) incomplete(O) ticket(O) of(O) 17(O) candidates(O) .(O),"Input: - Prime Minister Hariri : Elections are the beginning of a long political life which we begin with an incomplete ticket of 17 candidates .
Output: -(O) Prime(O) Minister(O) Hariri(B-PER) :(O) Elections(O) are(O) the(O) beginning(O) of(O) a(O) long(O) political(O) life(O) which(O) we(O) begin(O) with(O) an(O) incomplete(O) ticket(O) of(O) 17(O) candidates(O) .(O)"
558,"['Attendance' ':' '25,000']","['O', 'O', 'O']","Attendance : 25,000","['Attendance(O)', ':(O)', '25,000(O)']","Attendance(O) :(O) 25,000(O)","Input: Attendance : 25,000
Output: Attendance(O) :(O) 25,000(O)"
2546,"['Cup' 'Winners' ""'"" 'Cup' 'x-Cercle' 'Brugge' '(' 'Belgium' ')' 'v'
 'Brann' 'Bergen' '(' 'Norway' ')']","['B-MISC', 'I-MISC', 'I-MISC', 'I-MISC', 'B-ORG', 'I-ORG', 'O', 'B-LOC', 'O', 'O', 'B-ORG', 'I-ORG', 'O', 'B-LOC', 'O']",Cup Winners ' Cup x-Cercle Brugge ( Belgium ) v Brann Bergen ( Norway ),"['Cup(B-MISC)', 'Winners(I-MISC)', ""'(I-MISC)"", 'Cup(I-MISC)', 'x-Cercle(B-ORG)', 'Brugge(I-ORG)', '((O)', 'Belgium(B-LOC)', ')(O)', 'v(O)', 'Brann(B-ORG)', 'Bergen(I-ORG)', '((O)', 'Norway(B-LOC)', ')(O)']",Cup(B-MISC) Winners(I-MISC) '(I-MISC) Cup(I-MISC) x-Cercle(B-ORG) Brugge(I-ORG) ((O) Belgium(B-LOC) )(O) v(O) Brann(B-ORG) Bergen(I-ORG) ((O) Norway(B-LOC) )(O),"Input: Cup Winners ' Cup x-Cercle Brugge ( Belgium ) v Brann Bergen ( Norway )
Output: Cup(B-MISC) Winners(I-MISC) '(I-MISC) Cup(I-MISC) x-Cercle(B-ORG) Brugge(I-ORG) ((O) Belgium(B-LOC) )(O) v(O) Brann(B-ORG) Bergen(I-ORG) ((O) Norway(B-LOC) )(O)"
1058,"['Crohn' ""'s"" 'is' 'an' 'inflammation' 'of' 'the' 'bowel' 'that' 'can'
 'sometimes' 'require' 'surgery' '.']","['B-PER', 'O', 'O', 'O', 'O', 'O', 'O', 'O', 'O', 'O', 'O', 'O', 'O', 'O']",Crohn 's is an inflammation of the bowel that can sometimes require surgery .,"['Crohn(B-PER)', ""'s(O)"", 'is(O)', 'an(O)', 'inflammation(O)', 'of(O)', 'the(O)', 'bowel(O)', 'that(O)', 'can(O)', 'sometimes(O)', 'require(O)', 'surgery(O)', '.(O)']",Crohn(B-PER) 's(O) is(O) an(O) inflammation(O) of(O) the(O) bowel(O) that(O) can(O) sometimes(O) require(O) surgery(O) .(O),"Input: Crohn 's is an inflammation of the bowel that can sometimes require surgery .
Output: Crohn(B-PER) 's(O) is(O) an(O) inflammation(O) of(O) the(O) bowel(O) that(O) can(O) sometimes(O) require(O) surgery(O) .(O)"
3844,['OAKLAND' '62' '69' '.473' '13'],"['B-ORG', 'O', 'O', 'O', 'O']",OAKLAND 62 69 .473 13,"['OAKLAND(B-ORG)', '62(O)', '69(O)', '.473(O)', '13(O)']",OAKLAND(B-ORG) 62(O) 69(O) .473(O) 13(O),"Input: OAKLAND 62 69 .473 13
Output: OAKLAND(B-ORG) 62(O) 69(O) .473(O) 13(O)"
176,['It' 'has' 'since' 'been' 'silent' 'on' 'the' 'issue' '.'],"['O', 'O', 'O', 'O', 'O', 'O', 'O', 'O', 'O']",It has since been silent on the issue .,"['It(O)', 'has(O)', 'since(O)', 'been(O)', 'silent(O)', 'on(O)', 'the(O)', 'issue(O)', '.(O)']",It(O) has(O) since(O) been(O) silent(O) on(O) the(O) issue(O) .(O),"Input: It has since been silent on the issue .
Output: It(O) has(O) since(O) been(O) silent(O) on(O) the(O) issue(O) .(O)"
10361,"['For' 'Medvedev' 'that' 'meant' 'confining' 'his' 'post-match' 'comments'
 'to' 'tennis' 'and' 'not' 'going' 'off' 'on' 'tirades' 'about' 'about'
 'peripheral' 'issues' 'such' 'as' 'the' 'poor' 'quality' 'of' 'food' 'in'
 'the' 'players' 'lounge' ',' 'an' 'entertaining' 'rant' 'that' 'took'
 'his' 'mind' 'off' 'the' 'task' 'at' 'hand' '.']","['O', 'B-PER', 'O', 'O', 'O', 'O', 'O', 'O', 'O', 'O', 'O', 'O', 'O', 'O', 'O', 'O', 'O', 'O', 'O', 'O', 'O', 'O', 'O', 'O', 'O', 'O', 'O', 'O', 'O', 'O', 'O', 'O', 'O', 'O', 'O', 'O', 'O', 'O', 'O', 'O', 'O', 'O', 'O', 'O', 'O']","For Medvedev that meant confining his post-match comments to tennis and not going off on tirades about about peripheral issues such as the poor quality of food in the players lounge , an entertaining rant that took his mind off the task at hand .","['For(O)', 'Medvedev(B-PER)', 'that(O)', 'meant(O)', 'confining(O)', 'his(O)', 'post-match(O)', 'comments(O)', 'to(O)', 'tennis(O)', 'and(O)', 'not(O)', 'going(O)', 'off(O)', 'on(O)', 'tirades(O)', 'about(O)', 'about(O)', 'peripheral(O)', 'issues(O)', 'such(O)', 'as(O)', 'the(O)', 'poor(O)', 'quality(O)', 'of(O)', 'food(O)', 'in(O)', 'the(O)', 'players(O)', 'lounge(O)', ',(O)', 'an(O)', 'entertaining(O)', 'rant(O)', 'that(O)', 'took(O)', 'his(O)', 'mind(O)', 'off(O)', 'the(O)', 'task(O)', 'at(O)', 'hand(O)', '.(O)']","For(O) Medvedev(B-PER) that(O) meant(O) confining(O) his(O) post-match(O) comments(O) to(O) tennis(O) and(O) not(O) going(O) off(O) on(O) tirades(O) about(O) about(O) peripheral(O) issues(O) such(O) as(O) the(O) poor(O) quality(O) of(O) food(O) in(O) the(O) players(O) lounge(O) ,(O) an(O) entertaining(O) rant(O) that(O) took(O) his(O) mind(O) off(O) the(O) task(O) at(O) hand(O) .(O)","Input: For Medvedev that meant confining his post-match comments to tennis and not going off on tirades about about peripheral issues such as the poor quality of food in the players lounge , an entertaining rant that took his mind off the task at hand .
Output: For(O) Medvedev(B-PER) that(O) meant(O) confining(O) his(O) post-match(O) comments(O) to(O) tennis(O) and(O) not(O) going(O) off(O) on(O) tirades(O) about(O) about(O) peripheral(O) issues(O) such(O) as(O) the(O) poor(O) quality(O) of(O) food(O) in(O) the(O) players(O) lounge(O) ,(O) an(O) entertaining(O) rant(O) that(O) took(O) his(O) mind(O) off(O) the(O) task(O) at(O) hand(O) .(O)"
7627,"['A' '12-year-old' 'Florida' 'boy' 'hanged' 'himself' 'in' 'his'
 'backyard' 'just' 'hours' 'before' 'he' 'was' 'due' 'to' 'start' 'at' 'a'
 'new' 'school' 'on' 'Monday' ',' 'police' 'said' '.']","['O', 'O', 'B-LOC', 'O', 'O', 'O', 'O', 'O', 'O', 'O', 'O', 'O', 'O', 'O', 'O', 'O', 'O', 'O', 'O', 'O', 'O', 'O', 'O', 'O', 'O', 'O', 'O']","A 12-year-old Florida boy hanged himself in his backyard just hours before he was due to start at a new school on Monday , police said .","['A(O)', '12-year-old(O)', 'Florida(B-LOC)', 'boy(O)', 'hanged(O)', 'himself(O)', 'in(O)', 'his(O)', 'backyard(O)', 'just(O)', 'hours(O)', 'before(O)', 'he(O)', 'was(O)', 'due(O)', 'to(O)', 'start(O)', 'at(O)', 'a(O)', 'new(O)', 'school(O)', 'on(O)', 'Monday(O)', ',(O)', 'police(O)', 'said(O)', '.(O)']","A(O) 12-year-old(O) Florida(B-LOC) boy(O) hanged(O) himself(O) in(O) his(O) backyard(O) just(O) hours(O) before(O) he(O) was(O) due(O) to(O) start(O) at(O) a(O) new(O) school(O) on(O) Monday(O) ,(O) police(O) said(O) .(O)","Input: A 12-year-old Florida boy hanged himself in his backyard just hours before he was due to start at a new school on Monday , police said .
Output: A(O) 12-year-old(O) Florida(B-LOC) boy(O) hanged(O) himself(O) in(O) his(O) backyard(O) just(O) hours(O) before(O) he(O) was(O) due(O) to(O) start(O) at(O) a(O) new(O) school(O) on(O) Monday(O) ,(O) police(O) said(O) .(O)"
13042,"['Nevertheless' ',' '""' 'a' 'treatment' 'based' 'on' 'the' 'new'
 'strategy' '....' 'may' 'have' 'the' 'potential' 'to' 'benefit' 'many'
 'patients' ',' '""' 'the' 'University' 'of' 'Pennsylvania' 'Medical'
 'Centre' 'said' 'in' 'a' 'release' '.']","['O', 'O', 'O', 'O', 'O', 'O', 'O', 'O', 'O', 'O', 'O', 'O', 'O', 'O', 'O', 'O', 'O', 'O', 'O', 'O', 'O', 'O', 'B-ORG', 'I-ORG', 'I-ORG', 'O', 'O', 'O', 'O', 'O', 'O', 'O']","Nevertheless , "" a treatment based on the new strategy .... may have the potential to benefit many patients , "" the University of Pennsylvania Medical Centre said in a release .","['Nevertheless(O)', ',(O)', '""(O)', 'a(O)', 'treatment(O)', 'based(O)', 'on(O)', 'the(O)', 'new(O)', 'strategy(O)', '....(O)', 'may(O)', 'have(O)', 'the(O)', 'potential(O)', 'to(O)', 'benefit(O)', 'many(O)', 'patients(O)', ',(O)', '""(O)', 'the(O)', 'University(B-ORG)', 'of(I-ORG)', 'Pennsylvania(I-ORG)', 'Medical(O)', 'Centre(O)', 'said(O)', 'in(O)', 'a(O)', 'release(O)', '.(O)']","Nevertheless(O) ,(O) ""(O) a(O) treatment(O) based(O) on(O) the(O) new(O) strategy(O) ....(O) may(O) have(O) the(O) potential(O) to(O) benefit(O) many(O) patients(O) ,(O) ""(O) the(O) University(B-ORG) of(I-ORG) Pennsylvania(I-ORG) Medical(O) Centre(O) said(O) in(O) a(O) release(O) .(O)","Input: Nevertheless , "" a treatment based on the new strategy .... may have the potential to benefit many patients , "" the University of Pennsylvania Medical Centre said in a release .
Output: Nevertheless(O) ,(O) ""(O) a(O) treatment(O) based(O) on(O) the(O) new(O) strategy(O) ....(O) may(O) have(O) the(O) potential(O) to(O) benefit(O) many(O) patients(O) ,(O) ""(O) the(O) University(B-ORG) of(I-ORG) Pennsylvania(I-ORG) Medical(O) Centre(O) said(O) in(O) a(O) release(O) .(O)"
13439,"['Indonesia' '55,000-B']","['B-LOC', 'O']","Indonesia 55,000-B","['Indonesia(B-LOC)', '55,000-B(O)']","Indonesia(B-LOC) 55,000-B(O)","Input: Indonesia 55,000-B
Output: Indonesia(B-LOC) 55,000-B(O)"
783,['OAKLAND' 'AT' 'BOSTON'],"['B-ORG', 'O', 'B-LOC']",OAKLAND AT BOSTON,"['OAKLAND(B-ORG)', 'AT(O)', 'BOSTON(B-LOC)']",OAKLAND(B-ORG) AT(O) BOSTON(B-LOC),"Input: OAKLAND AT BOSTON
Output: OAKLAND(B-ORG) AT(O) BOSTON(B-LOC)"
13852,"['/' 'surplus' 'to' 'date' '-' '1,184.0' '-' '1,466.1' '-' '1,456.7' '-'
 '2.6' 'trln']","['O', 'O', 'O', 'O', 'O', 'O', 'O', 'O', 'O', 'O', 'O', 'O', 'O']","/ surplus to date - 1,184.0 - 1,466.1 - 1,456.7 - 2.6 trln","['/(O)', 'surplus(O)', 'to(O)', 'date(O)', '-(O)', '1,184.0(O)', '-(O)', '1,466.1(O)', '-(O)', '1,456.7(O)', '-(O)', '2.6(O)', 'trln(O)']","/(O) surplus(O) to(O) date(O) -(O) 1,184.0(O) -(O) 1,466.1(O) -(O) 1,456.7(O) -(O) 2.6(O) trln(O)","Input: / surplus to date - 1,184.0 - 1,466.1 - 1,456.7 - 2.6 trln
Output: /(O) surplus(O) to(O) date(O) -(O) 1,184.0(O) -(O) 1,466.1(O) -(O) 1,456.7(O) -(O) 2.6(O) trln(O)"
11649,"['London' 'shares' ',' 'boosted' 'by' 'Wall' 'Street' ',' 'added' 'to'
 'early' 'gains' 'with' 'the' 'blue' 'chip' 'FTSE' '100' 'index' 'hitting'
 'a' 'new' 'peak' 'of' '3921.8' 'before' 'dropping' 'back' 'slightly' '.']","['B-LOC', 'O', 'O', 'O', 'O', 'B-LOC', 'I-LOC', 'O', 'O', 'O', 'O', 'O', 'O', 'O', 'O', 'O', 'B-MISC', 'I-MISC', 'O', 'O', 'O', 'O', 'O', 'O', 'O', 'O', 'O', 'O', 'O', 'O']","London shares , boosted by Wall Street , added to early gains with the blue chip FTSE 100 index hitting a new peak of 3921.8 before dropping back slightly .","['London(B-LOC)', 'shares(O)', ',(O)', 'boosted(O)', 'by(O)', 'Wall(B-LOC)', 'Street(I-LOC)', ',(O)', 'added(O)', 'to(O)', 'early(O)', 'gains(O)', 'with(O)', 'the(O)', 'blue(O)', 'chip(O)', 'FTSE(B-MISC)', '100(I-MISC)', 'index(O)', 'hitting(O)', 'a(O)', 'new(O)', 'peak(O)', 'of(O)', '3921.8(O)', 'before(O)', 'dropping(O)', 'back(O)', 'slightly(O)', '.(O)']","London(B-LOC) shares(O) ,(O) boosted(O) by(O) Wall(B-LOC) Street(I-LOC) ,(O) added(O) to(O) early(O) gains(O) with(O) the(O) blue(O) chip(O) FTSE(B-MISC) 100(I-MISC) index(O) hitting(O) a(O) new(O) peak(O) of(O) 3921.8(O) before(O) dropping(O) back(O) slightly(O) .(O)","Input: London shares , boosted by Wall Street , added to early gains with the blue chip FTSE 100 index hitting a new peak of 3921.8 before dropping back slightly .
Output: London(B-LOC) shares(O) ,(O) boosted(O) by(O) Wall(B-LOC) Street(I-LOC) ,(O) added(O) to(O) early(O) gains(O) with(O) the(O) blue(O) chip(O) FTSE(B-MISC) 100(I-MISC) index(O) hitting(O) a(O) new(O) peak(O) of(O) 3921.8(O) before(O) dropping(O) back(O) slightly(O) .(O)"
3940,"['Nice' '1' '(' 'Debbah' '39th' ')' 'Bastia' '1' '(' 'Drobnjak' '82nd' ')'
 '.']","['B-ORG', 'O', 'O', 'B-PER', 'O', 'O', 'B-ORG', 'O', 'O', 'B-PER', 'O', 'O', 'O']",Nice 1 ( Debbah 39th ) Bastia 1 ( Drobnjak 82nd ) .,"['Nice(B-ORG)', '1(O)', '((O)', 'Debbah(B-PER)', '39th(O)', ')(O)', 'Bastia(B-ORG)', '1(O)', '((O)', 'Drobnjak(B-PER)', '82nd(O)', ')(O)', '.(O)']",Nice(B-ORG) 1(O) ((O) Debbah(B-PER) 39th(O) )(O) Bastia(B-ORG) 1(O) ((O) Drobnjak(B-PER) 82nd(O) )(O) .(O),"Input: Nice 1 ( Debbah 39th ) Bastia 1 ( Drobnjak 82nd ) .
Output: Nice(B-ORG) 1(O) ((O) Debbah(B-PER) 39th(O) )(O) Bastia(B-ORG) 1(O) ((O) Drobnjak(B-PER) 82nd(O) )(O) .(O)"
7498,['SINGAPORE' '1996-08-26'],"['B-LOC', 'O']",SINGAPORE 1996-08-26,"['SINGAPORE(B-LOC)', '1996-08-26(O)']",SINGAPORE(B-LOC) 1996-08-26(O),"Input: SINGAPORE 1996-08-26
Output: SINGAPORE(B-LOC) 1996-08-26(O)"
1694,['BNZ' 'cuts' 'NZ' 'fixed' 'home' 'lending' 'rates' '.'],"['B-ORG', 'O', 'B-LOC', 'O', 'O', 'O', 'O', 'O']",BNZ cuts NZ fixed home lending rates .,"['BNZ(B-ORG)', 'cuts(O)', 'NZ(B-LOC)', 'fixed(O)', 'home(O)', 'lending(O)', 'rates(O)', '.(O)']",BNZ(B-ORG) cuts(O) NZ(B-LOC) fixed(O) home(O) lending(O) rates(O) .(O),"Input: BNZ cuts NZ fixed home lending rates .
Output: BNZ(B-ORG) cuts(O) NZ(B-LOC) fixed(O) home(O) lending(O) rates(O) .(O)"
13212,"['-' 'Mohib' 'Textile' 'Mills' 'has' 'defaulted' 'to' 'nearly' '23'
 'development' 'finance' 'institutions' ',' 'foreign' 'and' 'local'
 'banks' ',' 'leasing' 'companies' 'and' 'modarabas' '(' 'Islamic'
 'mutual' 'funds' ')' '.']","['O', 'B-ORG', 'I-ORG', 'I-ORG', 'O', 'O', 'O', 'O', 'O', 'O', 'O', 'O', 'O', 'O', 'O', 'O', 'O', 'O', 'O', 'O', 'O', 'O', 'O', 'B-MISC', 'O', 'O', 'O', 'O']","- Mohib Textile Mills has defaulted to nearly 23 development finance institutions , foreign and local banks , leasing companies and modarabas ( Islamic mutual funds ) .","['-(O)', 'Mohib(B-ORG)', 'Textile(I-ORG)', 'Mills(I-ORG)', 'has(O)', 'defaulted(O)', 'to(O)', 'nearly(O)', '23(O)', 'development(O)', 'finance(O)', 'institutions(O)', ',(O)', 'foreign(O)', 'and(O)', 'local(O)', 'banks(O)', ',(O)', 'leasing(O)', 'companies(O)', 'and(O)', 'modarabas(O)', '((O)', 'Islamic(B-MISC)', 'mutual(O)', 'funds(O)', ')(O)', '.(O)']","-(O) Mohib(B-ORG) Textile(I-ORG) Mills(I-ORG) has(O) defaulted(O) to(O) nearly(O) 23(O) development(O) finance(O) institutions(O) ,(O) foreign(O) and(O) local(O) banks(O) ,(O) leasing(O) companies(O) and(O) modarabas(O) ((O) Islamic(B-MISC) mutual(O) funds(O) )(O) .(O)","Input: - Mohib Textile Mills has defaulted to nearly 23 development finance institutions , foreign and local banks , leasing companies and modarabas ( Islamic mutual funds ) .
Output: -(O) Mohib(B-ORG) Textile(I-ORG) Mills(I-ORG) has(O) defaulted(O) to(O) nearly(O) 23(O) development(O) finance(O) institutions(O) ,(O) foreign(O) and(O) local(O) banks(O) ,(O) leasing(O) companies(O) and(O) modarabas(O) ((O) Islamic(B-MISC) mutual(O) funds(O) )(O) .(O)"
5875,['Adelaide' '21' '8' '0' '13' '2158' '2183' '98.9' '32'],"['B-ORG', 'O', 'O', 'O', 'O', 'O', 'O', 'O', 'O']",Adelaide 21 8 0 13 2158 2183 98.9 32,"['Adelaide(B-ORG)', '21(O)', '8(O)', '0(O)', '13(O)', '2158(O)', '2183(O)', '98.9(O)', '32(O)']",Adelaide(B-ORG) 21(O) 8(O) 0(O) 13(O) 2158(O) 2183(O) 98.9(O) 32(O),"Input: Adelaide 21 8 0 13 2158 2183 98.9 32
Output: Adelaide(B-ORG) 21(O) 8(O) 0(O) 13(O) 2158(O) 2183(O) 98.9(O) 32(O)"
7068,"['The' 'Braves' 'scored' 'four' 'runs' 'in' 'the' 'ninth' 'for' 'a' '6-5'
 'victory' 'on' 'Saturday' '.']","['O', 'B-ORG', 'O', 'O', 'O', 'O', 'O', 'O', 'O', 'O', 'O', 'O', 'O', 'O', 'O']",The Braves scored four runs in the ninth for a 6-5 victory on Saturday .,"['The(O)', 'Braves(B-ORG)', 'scored(O)', 'four(O)', 'runs(O)', 'in(O)', 'the(O)', 'ninth(O)', 'for(O)', 'a(O)', '6-5(O)', 'victory(O)', 'on(O)', 'Saturday(O)', '.(O)']",The(O) Braves(B-ORG) scored(O) four(O) runs(O) in(O) the(O) ninth(O) for(O) a(O) 6-5(O) victory(O) on(O) Saturday(O) .(O),"Input: The Braves scored four runs in the ninth for a 6-5 victory on Saturday .
Output: The(O) Braves(B-ORG) scored(O) four(O) runs(O) in(O) the(O) ninth(O) for(O) a(O) 6-5(O) victory(O) on(O) Saturday(O) .(O)"
8842,['VODNI' 'STAVBY' 'PRAHA' '1915.00' '1915.00' '2000' '3830.000'],"['B-ORG', 'I-ORG', 'I-ORG', 'O', 'O', 'O', 'O']",VODNI STAVBY PRAHA 1915.00 1915.00 2000 3830.000,"['VODNI(B-ORG)', 'STAVBY(I-ORG)', 'PRAHA(I-ORG)', '1915.00(O)', '1915.00(O)', '2000(O)', '3830.000(O)']",VODNI(B-ORG) STAVBY(I-ORG) PRAHA(I-ORG) 1915.00(O) 1915.00(O) 2000(O) 3830.000(O),"Input: VODNI STAVBY PRAHA 1915.00 1915.00 2000 3830.000
Output: VODNI(B-ORG) STAVBY(I-ORG) PRAHA(I-ORG) 1915.00(O) 1915.00(O) 2000(O) 3830.000(O)"
13990,"['He' 'has' 'a' 'great' 'deal' 'of' 'experience' 'and' 'I' ""'m"" 'sure'
 'he' 'will' 'quickly' 'establish' 'himself' 'in' 'both' 'the' 'team'
 'and' 'the' 'affection' 'of' 'our' 'fans' '.' '""']","['O', 'O', 'O', 'O', 'O', 'O', 'O', 'O', 'O', 'O', 'O', 'O', 'O', 'O', 'O', 'O', 'O', 'O', 'O', 'O', 'O', 'O', 'O', 'O', 'O', 'O', 'O', 'O']","He has a great deal of experience and I 'm sure he will quickly establish himself in both the team and the affection of our fans . ""","['He(O)', 'has(O)', 'a(O)', 'great(O)', 'deal(O)', 'of(O)', 'experience(O)', 'and(O)', 'I(O)', ""'m(O)"", 'sure(O)', 'he(O)', 'will(O)', 'quickly(O)', 'establish(O)', 'himself(O)', 'in(O)', 'both(O)', 'the(O)', 'team(O)', 'and(O)', 'the(O)', 'affection(O)', 'of(O)', 'our(O)', 'fans(O)', '.(O)', '""(O)']","He(O) has(O) a(O) great(O) deal(O) of(O) experience(O) and(O) I(O) 'm(O) sure(O) he(O) will(O) quickly(O) establish(O) himself(O) in(O) both(O) the(O) team(O) and(O) the(O) affection(O) of(O) our(O) fans(O) .(O) ""(O)","Input: He has a great deal of experience and I 'm sure he will quickly establish himself in both the team and the affection of our fans . ""
Output: He(O) has(O) a(O) great(O) deal(O) of(O) experience(O) and(O) I(O) 'm(O) sure(O) he(O) will(O) quickly(O) establish(O) himself(O) in(O) both(O) the(O) team(O) and(O) the(O) affection(O) of(O) our(O) fans(O) .(O) ""(O)"
2302,"['The' 'rain' 'was' 'pelting' 'down' 'when' 'the' 'women' ""'s"" 'high'
 'hurdlers' 'stepped' 'up' 'for' 'their' '100' 'metres' 'race' '.']","['O', 'O', 'O', 'O', 'O', 'O', 'O', 'O', 'O', 'O', 'O', 'O', 'O', 'O', 'O', 'O', 'O', 'O', 'O']",The rain was pelting down when the women 's high hurdlers stepped up for their 100 metres race .,"['The(O)', 'rain(O)', 'was(O)', 'pelting(O)', 'down(O)', 'when(O)', 'the(O)', 'women(O)', ""'s(O)"", 'high(O)', 'hurdlers(O)', 'stepped(O)', 'up(O)', 'for(O)', 'their(O)', '100(O)', 'metres(O)', 'race(O)', '.(O)']",The(O) rain(O) was(O) pelting(O) down(O) when(O) the(O) women(O) 's(O) high(O) hurdlers(O) stepped(O) up(O) for(O) their(O) 100(O) metres(O) race(O) .(O),"Input: The rain was pelting down when the women 's high hurdlers stepped up for their 100 metres race .
Output: The(O) rain(O) was(O) pelting(O) down(O) when(O) the(O) women(O) 's(O) high(O) hurdlers(O) stepped(O) up(O) for(O) their(O) 100(O) metres(O) race(O) .(O)"
2262,['The' 'time' 'was' 'officially' 'adjusted' 'to' '2:28.98' '.'],"['O', 'O', 'O', 'O', 'O', 'O', 'O', 'O']",The time was officially adjusted to 2:28.98 .,"['The(O)', 'time(O)', 'was(O)', 'officially(O)', 'adjusted(O)', 'to(O)', '2:28.98(O)', '.(O)']",The(O) time(O) was(O) officially(O) adjusted(O) to(O) 2:28.98(O) .(O),"Input: The time was officially adjusted to 2:28.98 .
Output: The(O) time(O) was(O) officially(O) adjusted(O) to(O) 2:28.98(O) .(O)"
6918,['Bill' 'Berkrot'],"['B-PER', 'I-PER']",Bill Berkrot,"['Bill(B-PER)', 'Berkrot(I-PER)']",Bill(B-PER) Berkrot(I-PER),"Input: Bill Berkrot
Output: Bill(B-PER) Berkrot(I-PER)"
2847,"['The' 'two' 'party' 'leaders' 'had' 'also' 'agreed' 'to' 'meet' 'U.S.'
 'Assistant' 'Secretary' 'for' 'Near' 'Eastern' 'Affairs' 'Robert'
 'Pelletreau' 'in' 'September' '""' 'to' 'solidify' 'the' 'cease-fire'
 'and' 'to' 'pursue' 'reconciliation' '""' ',' 'Davies' 'said' '.']","['O', 'O', 'O', 'O', 'O', 'O', 'O', 'O', 'O', 'B-LOC', 'O', 'O', 'O', 'B-MISC', 'I-MISC', 'O', 'B-PER', 'I-PER', 'O', 'O', 'O', 'O', 'O', 'O', 'O', 'O', 'O', 'O', 'O', 'O', 'O', 'B-PER', 'O', 'O']","The two party leaders had also agreed to meet U.S. Assistant Secretary for Near Eastern Affairs Robert Pelletreau in September "" to solidify the cease-fire and to pursue reconciliation "" , Davies said .","['The(O)', 'two(O)', 'party(O)', 'leaders(O)', 'had(O)', 'also(O)', 'agreed(O)', 'to(O)', 'meet(O)', 'U.S.(B-LOC)', 'Assistant(O)', 'Secretary(O)', 'for(O)', 'Near(B-MISC)', 'Eastern(I-MISC)', 'Affairs(O)', 'Robert(B-PER)', 'Pelletreau(I-PER)', 'in(O)', 'September(O)', '""(O)', 'to(O)', 'solidify(O)', 'the(O)', 'cease-fire(O)', 'and(O)', 'to(O)', 'pursue(O)', 'reconciliation(O)', '""(O)', ',(O)', 'Davies(B-PER)', 'said(O)', '.(O)']","The(O) two(O) party(O) leaders(O) had(O) also(O) agreed(O) to(O) meet(O) U.S.(B-LOC) Assistant(O) Secretary(O) for(O) Near(B-MISC) Eastern(I-MISC) Affairs(O) Robert(B-PER) Pelletreau(I-PER) in(O) September(O) ""(O) to(O) solidify(O) the(O) cease-fire(O) and(O) to(O) pursue(O) reconciliation(O) ""(O) ,(O) Davies(B-PER) said(O) .(O)","Input: The two party leaders had also agreed to meet U.S. Assistant Secretary for Near Eastern Affairs Robert Pelletreau in September "" to solidify the cease-fire and to pursue reconciliation "" , Davies said .
Output: The(O) two(O) party(O) leaders(O) had(O) also(O) agreed(O) to(O) meet(O) U.S.(B-LOC) Assistant(O) Secretary(O) for(O) Near(B-MISC) Eastern(I-MISC) Affairs(O) Robert(B-PER) Pelletreau(I-PER) in(O) September(O) ""(O) to(O) solidify(O) the(O) cease-fire(O) and(O) to(O) pursue(O) reconciliation(O) ""(O) ,(O) Davies(B-PER) said(O) .(O)"
6028,"['-' 'Government' 'asks' 'senior' 'Iraqi' '""' 'diplomat' '""' 'to' 'leave'
 ',' 'reviews' 'status' 'of' 'others' '.']","['O', 'O', 'O', 'O', 'B-MISC', 'O', 'O', 'O', 'O', 'O', 'O', 'O', 'O', 'O', 'O', 'O']","- Government asks senior Iraqi "" diplomat "" to leave , reviews status of others .","['-(O)', 'Government(O)', 'asks(O)', 'senior(O)', 'Iraqi(B-MISC)', '""(O)', 'diplomat(O)', '""(O)', 'to(O)', 'leave(O)', ',(O)', 'reviews(O)', 'status(O)', 'of(O)', 'others(O)', '.(O)']","-(O) Government(O) asks(O) senior(O) Iraqi(B-MISC) ""(O) diplomat(O) ""(O) to(O) leave(O) ,(O) reviews(O) status(O) of(O) others(O) .(O)","Input: - Government asks senior Iraqi "" diplomat "" to leave , reviews status of others .
Output: -(O) Government(O) asks(O) senior(O) Iraqi(B-MISC) ""(O) diplomat(O) ""(O) to(O) leave(O) ,(O) reviews(O) status(O) of(O) others(O) .(O)"
13940,"['BARRY' ',' 'Wales' '1996-08-30']","['B-LOC', 'O', 'B-LOC', 'O']","BARRY , Wales 1996-08-30","['BARRY(B-LOC)', ',(O)', 'Wales(B-LOC)', '1996-08-30(O)']","BARRY(B-LOC) ,(O) Wales(B-LOC) 1996-08-30(O)","Input: BARRY , Wales 1996-08-30
Output: BARRY(B-LOC) ,(O) Wales(B-LOC) 1996-08-30(O)"
1754,"['**' 'Security' 'was' 'tight' 'in' 'Jakarta' 'ahead' 'of' 'a' 'trial'
 'involving' 'ousted' 'Indonesian' 'Democratic' 'Party' 'leader'
 'Megawati' 'Sukarnoputri' '.']","['O', 'O', 'O', 'O', 'O', 'B-LOC', 'O', 'O', 'O', 'O', 'O', 'O', 'B-ORG', 'I-ORG', 'I-ORG', 'O', 'B-PER', 'I-PER', 'O']",** Security was tight in Jakarta ahead of a trial involving ousted Indonesian Democratic Party leader Megawati Sukarnoputri .,"['**(O)', 'Security(O)', 'was(O)', 'tight(O)', 'in(O)', 'Jakarta(B-LOC)', 'ahead(O)', 'of(O)', 'a(O)', 'trial(O)', 'involving(O)', 'ousted(O)', 'Indonesian(B-ORG)', 'Democratic(I-ORG)', 'Party(I-ORG)', 'leader(O)', 'Megawati(B-PER)', 'Sukarnoputri(I-PER)', '.(O)']",**(O) Security(O) was(O) tight(O) in(O) Jakarta(B-LOC) ahead(O) of(O) a(O) trial(O) involving(O) ousted(O) Indonesian(B-ORG) Democratic(I-ORG) Party(I-ORG) leader(O) Megawati(B-PER) Sukarnoputri(I-PER) .(O),"Input: ** Security was tight in Jakarta ahead of a trial involving ousted Indonesian Democratic Party leader Megawati Sukarnoputri .
Output: **(O) Security(O) was(O) tight(O) in(O) Jakarta(B-LOC) ahead(O) of(O) a(O) trial(O) involving(O) ousted(O) Indonesian(B-ORG) Democratic(I-ORG) Party(I-ORG) leader(O) Megawati(B-PER) Sukarnoputri(I-PER) .(O)"
6136,"['Another' 'four' 'people' 'were' 'also' 'questioned' 'at' 'the' 'weekend'
 'but' 'had' 'not' 'been' 'detained' ',' 'Bourlet' 'added' '.']","['O', 'O', 'O', 'O', 'O', 'O', 'O', 'O', 'O', 'O', 'O', 'O', 'O', 'O', 'O', 'B-PER', 'O', 'O']","Another four people were also questioned at the weekend but had not been detained , Bourlet added .","['Another(O)', 'four(O)', 'people(O)', 'were(O)', 'also(O)', 'questioned(O)', 'at(O)', 'the(O)', 'weekend(O)', 'but(O)', 'had(O)', 'not(O)', 'been(O)', 'detained(O)', ',(O)', 'Bourlet(B-PER)', 'added(O)', '.(O)']","Another(O) four(O) people(O) were(O) also(O) questioned(O) at(O) the(O) weekend(O) but(O) had(O) not(O) been(O) detained(O) ,(O) Bourlet(B-PER) added(O) .(O)","Input: Another four people were also questioned at the weekend but had not been detained , Bourlet added .
Output: Another(O) four(O) people(O) were(O) also(O) questioned(O) at(O) the(O) weekend(O) but(O) had(O) not(O) been(O) detained(O) ,(O) Bourlet(B-PER) added(O) .(O)"
6706,['12.' 'Csepel' '3' '-' '3' '-' '3' '3' '3'],"['O', 'B-ORG', 'O', 'O', 'O', 'O', 'O', 'O', 'O']",12. Csepel 3 - 3 - 3 3 3,"['12.(O)', 'Csepel(B-ORG)', '3(O)', '-(O)', '3(O)', '-(O)', '3(O)', '3(O)', '3(O)']",12.(O) Csepel(B-ORG) 3(O) -(O) 3(O) -(O) 3(O) 3(O) 3(O),"Input: 12. Csepel 3 - 3 - 3 3 3
Output: 12.(O) Csepel(B-ORG) 3(O) -(O) 3(O) -(O) 3(O) 3(O) 3(O)"
8833,['PF' 'IKS' 'KB' 'PLUS' '156.00' '156.00' '6000' '936.000'],"['B-ORG', 'I-ORG', 'I-ORG', 'I-ORG', 'O', 'O', 'O', 'O']",PF IKS KB PLUS 156.00 156.00 6000 936.000,"['PF(B-ORG)', 'IKS(I-ORG)', 'KB(I-ORG)', 'PLUS(I-ORG)', '156.00(O)', '156.00(O)', '6000(O)', '936.000(O)']",PF(B-ORG) IKS(I-ORG) KB(I-ORG) PLUS(I-ORG) 156.00(O) 156.00(O) 6000(O) 936.000(O),"Input: PF IKS KB PLUS 156.00 156.00 6000 936.000
Output: PF(B-ORG) IKS(I-ORG) KB(I-ORG) PLUS(I-ORG) 156.00(O) 156.00(O) 6000(O) 936.000(O)"
6302,"['Result' 'of' 'the' '1,000']","['O', 'O', 'O', 'B-MISC']","Result of the 1,000","['Result(O)', 'of(O)', 'the(O)', '1,000(B-MISC)']","Result(O) of(O) the(O) 1,000(B-MISC)","Input: Result of the 1,000
Output: Result(O) of(O) the(O) 1,000(B-MISC)"
12074,"['Japan' ""'s"" 'refined' 'zinc' 'imports' 'in' 'July' 'totalled' '3,684'
 'tonnes' ',' 'off' '47.5' 'percent' 'from' '7,011' 'tonnes' 'in' 'the'
 'same' 'month' 'a' 'year' 'earlier' ',' 'according' 'to' 'Ministry' 'of'
 'Finance' 'data' 'released' 'on' 'Wednesday' '.']","['B-LOC', 'O', 'O', 'O', 'O', 'O', 'O', 'O', 'O', 'O', 'O', 'O', 'O', 'O', 'O', 'O', 'O', 'O', 'O', 'O', 'O', 'O', 'O', 'O', 'O', 'O', 'O', 'B-ORG', 'I-ORG', 'I-ORG', 'O', 'O', 'O', 'O', 'O']","Japan 's refined zinc imports in July totalled 3,684 tonnes , off 47.5 percent from 7,011 tonnes in the same month a year earlier , according to Ministry of Finance data released on Wednesday .","['Japan(B-LOC)', ""'s(O)"", 'refined(O)', 'zinc(O)', 'imports(O)', 'in(O)', 'July(O)', 'totalled(O)', '3,684(O)', 'tonnes(O)', ',(O)', 'off(O)', '47.5(O)', 'percent(O)', 'from(O)', '7,011(O)', 'tonnes(O)', 'in(O)', 'the(O)', 'same(O)', 'month(O)', 'a(O)', 'year(O)', 'earlier(O)', ',(O)', 'according(O)', 'to(O)', 'Ministry(B-ORG)', 'of(I-ORG)', 'Finance(I-ORG)', 'data(O)', 'released(O)', 'on(O)', 'Wednesday(O)', '.(O)']","Japan(B-LOC) 's(O) refined(O) zinc(O) imports(O) in(O) July(O) totalled(O) 3,684(O) tonnes(O) ,(O) off(O) 47.5(O) percent(O) from(O) 7,011(O) tonnes(O) in(O) the(O) same(O) month(O) a(O) year(O) earlier(O) ,(O) according(O) to(O) Ministry(B-ORG) of(I-ORG) Finance(I-ORG) data(O) released(O) on(O) Wednesday(O) .(O)","Input: Japan 's refined zinc imports in July totalled 3,684 tonnes , off 47.5 percent from 7,011 tonnes in the same month a year earlier , according to Ministry of Finance data released on Wednesday .
Output: Japan(B-LOC) 's(O) refined(O) zinc(O) imports(O) in(O) July(O) totalled(O) 3,684(O) tonnes(O) ,(O) off(O) 47.5(O) percent(O) from(O) 7,011(O) tonnes(O) in(O) the(O) same(O) month(O) a(O) year(O) earlier(O) ,(O) according(O) to(O) Ministry(B-ORG) of(I-ORG) Finance(I-ORG) data(O) released(O) on(O) Wednesday(O) .(O)"
11522,['AMSTERDAM' '1996-08-28'],"['B-LOC', 'O']",AMSTERDAM 1996-08-28,"['AMSTERDAM(B-LOC)', '1996-08-28(O)']",AMSTERDAM(B-LOC) 1996-08-28(O),"Input: AMSTERDAM 1996-08-28
Output: AMSTERDAM(B-LOC) 1996-08-28(O)"
5521,['Valerenga' '20' '6' '6' '8' '26' '32' '24'],"['B-ORG', 'O', 'O', 'O', 'O', 'O', 'O', 'O']",Valerenga 20 6 6 8 26 32 24,"['Valerenga(B-ORG)', '20(O)', '6(O)', '6(O)', '8(O)', '26(O)', '32(O)', '24(O)']",Valerenga(B-ORG) 20(O) 6(O) 6(O) 8(O) 26(O) 32(O) 24(O),"Input: Valerenga 20 6 6 8 26 32 24
Output: Valerenga(B-ORG) 20(O) 6(O) 6(O) 8(O) 26(O) 32(O) 24(O)"
2897,"['WSC-India' 'Rice' 'Weather' ',' 'Aug' '23' '.']","['B-ORG', 'O', 'O', 'O', 'O', 'O', 'O']","WSC-India Rice Weather , Aug 23 .","['WSC-India(B-ORG)', 'Rice(O)', 'Weather(O)', ',(O)', 'Aug(O)', '23(O)', '.(O)']","WSC-India(B-ORG) Rice(O) Weather(O) ,(O) Aug(O) 23(O) .(O)","Input: WSC-India Rice Weather , Aug 23 .
Output: WSC-India(B-ORG) Rice(O) Weather(O) ,(O) Aug(O) 23(O) .(O)"
12042,['Exceptional' 'items' 'nil' 'vs' 'nil'],"['O', 'O', 'O', 'O', 'O']",Exceptional items nil vs nil,"['Exceptional(O)', 'items(O)', 'nil(O)', 'vs(O)', 'nil(O)']",Exceptional(O) items(O) nil(O) vs(O) nil(O),"Input: Exceptional items nil vs nil
Output: Exceptional(O) items(O) nil(O) vs(O) nil(O)"
9950,['3.' 'Fiona' 'May' '(' 'Italy' ')' '6.64'],"['O', 'B-PER', 'I-PER', 'O', 'B-LOC', 'O', 'O']",3. Fiona May ( Italy ) 6.64,"['3.(O)', 'Fiona(B-PER)', 'May(I-PER)', '((O)', 'Italy(B-LOC)', ')(O)', '6.64(O)']",3.(O) Fiona(B-PER) May(I-PER) ((O) Italy(B-LOC) )(O) 6.64(O),"Input: 3. Fiona May ( Italy ) 6.64
Output: 3.(O) Fiona(B-PER) May(I-PER) ((O) Italy(B-LOC) )(O) 6.64(O)"
6498,"['Bowling' ':' 'Cork' '3-0-15-0' ',' 'Mullally' '3-0-24-1' ',' 'Croft'
 '0.4-0-9-0']","['O', 'O', 'B-PER', 'O', 'O', 'B-PER', 'O', 'O', 'B-PER', 'O']","Bowling : Cork 3-0-15-0 , Mullally 3-0-24-1 , Croft 0.4-0-9-0","['Bowling(O)', ':(O)', 'Cork(B-PER)', '3-0-15-0(O)', ',(O)', 'Mullally(B-PER)', '3-0-24-1(O)', ',(O)', 'Croft(B-PER)', '0.4-0-9-0(O)']","Bowling(O) :(O) Cork(B-PER) 3-0-15-0(O) ,(O) Mullally(B-PER) 3-0-24-1(O) ,(O) Croft(B-PER) 0.4-0-9-0(O)","Input: Bowling : Cork 3-0-15-0 , Mullally 3-0-24-1 , Croft 0.4-0-9-0
Output: Bowling(O) :(O) Cork(B-PER) 3-0-15-0(O) ,(O) Mullally(B-PER) 3-0-24-1(O) ,(O) Croft(B-PER) 0.4-0-9-0(O)"
6061,['MAARIV'],['B-ORG'],MAARIV,['MAARIV(B-ORG)'],MAARIV(B-ORG),"Input: MAARIV
Output: MAARIV(B-ORG)"
3889,['NEW' 'YORK' '5' 'Oakland' '3'],"['B-ORG', 'I-ORG', 'O', 'B-ORG', 'O']",NEW YORK 5 Oakland 3,"['NEW(B-ORG)', 'YORK(I-ORG)', '5(O)', 'Oakland(B-ORG)', '3(O)']",NEW(B-ORG) YORK(I-ORG) 5(O) Oakland(B-ORG) 3(O),"Input: NEW YORK 5 Oakland 3
Output: NEW(B-ORG) YORK(I-ORG) 5(O) Oakland(B-ORG) 3(O)"
39,"['China' 'has' 'said' 'it' 'was' 'time' 'for' 'political' 'talks' 'with'
 'Taiwan' 'and' 'that' 'the' 'rival' 'island' 'should' 'take' 'practical'
 'steps' 'towards' 'that' 'goal' '.']","['B-LOC', 'O', 'O', 'O', 'O', 'O', 'O', 'O', 'O', 'O', 'B-LOC', 'O', 'O', 'O', 'O', 'O', 'O', 'O', 'O', 'O', 'O', 'O', 'O', 'O']",China has said it was time for political talks with Taiwan and that the rival island should take practical steps towards that goal .,"['China(B-LOC)', 'has(O)', 'said(O)', 'it(O)', 'was(O)', 'time(O)', 'for(O)', 'political(O)', 'talks(O)', 'with(O)', 'Taiwan(B-LOC)', 'and(O)', 'that(O)', 'the(O)', 'rival(O)', 'island(O)', 'should(O)', 'take(O)', 'practical(O)', 'steps(O)', 'towards(O)', 'that(O)', 'goal(O)', '.(O)']",China(B-LOC) has(O) said(O) it(O) was(O) time(O) for(O) political(O) talks(O) with(O) Taiwan(B-LOC) and(O) that(O) the(O) rival(O) island(O) should(O) take(O) practical(O) steps(O) towards(O) that(O) goal(O) .(O),"Input: China has said it was time for political talks with Taiwan and that the rival island should take practical steps towards that goal .
Output: China(B-LOC) has(O) said(O) it(O) was(O) time(O) for(O) political(O) talks(O) with(O) Taiwan(B-LOC) and(O) that(O) the(O) rival(O) island(O) should(O) take(O) practical(O) steps(O) towards(O) that(O) goal(O) .(O)"
7395,"['Mostostal' 'plans' 'to' 'use' 'the' 'proceeds' 'from' 'the' 'issues'
 'to' 'add' 'companies' 'to' 'its' 'holding' 'and' 'modernise' 'its'
 'plant' '.']","['B-ORG', 'O', 'O', 'O', 'O', 'O', 'O', 'O', 'O', 'O', 'O', 'O', 'O', 'O', 'O', 'O', 'O', 'O', 'O', 'O']",Mostostal plans to use the proceeds from the issues to add companies to its holding and modernise its plant .,"['Mostostal(B-ORG)', 'plans(O)', 'to(O)', 'use(O)', 'the(O)', 'proceeds(O)', 'from(O)', 'the(O)', 'issues(O)', 'to(O)', 'add(O)', 'companies(O)', 'to(O)', 'its(O)', 'holding(O)', 'and(O)', 'modernise(O)', 'its(O)', 'plant(O)', '.(O)']",Mostostal(B-ORG) plans(O) to(O) use(O) the(O) proceeds(O) from(O) the(O) issues(O) to(O) add(O) companies(O) to(O) its(O) holding(O) and(O) modernise(O) its(O) plant(O) .(O),"Input: Mostostal plans to use the proceeds from the issues to add companies to its holding and modernise its plant .
Output: Mostostal(B-ORG) plans(O) to(O) use(O) the(O) proceeds(O) from(O) the(O) issues(O) to(O) add(O) companies(O) to(O) its(O) holding(O) and(O) modernise(O) its(O) plant(O) .(O)"
6507,"['RUGBY' 'LEAGUE' '-' 'EUROPEAN' 'SUPER' 'LEAGUE' 'RESULT' '/' 'FINALS'
 'STANDINGS' '.']","['B-MISC', 'I-MISC', 'O', 'B-MISC', 'I-MISC', 'I-MISC', 'O', 'O', 'O', 'O', 'O']",RUGBY LEAGUE - EUROPEAN SUPER LEAGUE RESULT / FINALS STANDINGS .,"['RUGBY(B-MISC)', 'LEAGUE(I-MISC)', '-(O)', 'EUROPEAN(B-MISC)', 'SUPER(I-MISC)', 'LEAGUE(I-MISC)', 'RESULT(O)', '/(O)', 'FINALS(O)', 'STANDINGS(O)', '.(O)']",RUGBY(B-MISC) LEAGUE(I-MISC) -(O) EUROPEAN(B-MISC) SUPER(I-MISC) LEAGUE(I-MISC) RESULT(O) /(O) FINALS(O) STANDINGS(O) .(O),"Input: RUGBY LEAGUE - EUROPEAN SUPER LEAGUE RESULT / FINALS STANDINGS .
Output: RUGBY(B-MISC) LEAGUE(I-MISC) -(O) EUROPEAN(B-MISC) SUPER(I-MISC) LEAGUE(I-MISC) RESULT(O) /(O) FINALS(O) STANDINGS(O) .(O)"
6149,['Five' 'people' 'died' 'later' 'in' 'hospital' '.'],"['O', 'O', 'O', 'O', 'O', 'O', 'O']",Five people died later in hospital .,"['Five(O)', 'people(O)', 'died(O)', 'later(O)', 'in(O)', 'hospital(O)', '.(O)']",Five(O) people(O) died(O) later(O) in(O) hospital(O) .(O),"Input: Five people died later in hospital .
Output: Five(O) people(O) died(O) later(O) in(O) hospital(O) .(O)"
13040,"['Word' 'of' 'the' 'findings' ',' 'to' 'be' 'published' 'in' 'the' 'Oct.'
 '1' 'issue' 'of' 'the' 'journal' '""' 'Human' 'Gene' 'Therapy' ',' '""'
 'came' 'in' 'advance' 'of' 'the' 'annual' 'Jerry' 'Lewis' 'Labour' 'Day'
 'weekend' 'telethon' 'to' 'raise' 'money' 'for' 'muscular' 'dystrophy'
 'research' '.']","['O', 'O', 'O', 'O', 'O', 'O', 'O', 'O', 'O', 'O', 'O', 'O', 'O', 'O', 'O', 'O', 'O', 'B-ORG', 'I-ORG', 'I-ORG', 'O', 'O', 'O', 'O', 'O', 'O', 'O', 'O', 'B-MISC', 'I-MISC', 'I-MISC', 'I-MISC', 'O', 'O', 'O', 'O', 'O', 'O', 'O', 'O', 'O', 'O']","Word of the findings , to be published in the Oct. 1 issue of the journal "" Human Gene Therapy , "" came in advance of the annual Jerry Lewis Labour Day weekend telethon to raise money for muscular dystrophy research .","['Word(O)', 'of(O)', 'the(O)', 'findings(O)', ',(O)', 'to(O)', 'be(O)', 'published(O)', 'in(O)', 'the(O)', 'Oct.(O)', '1(O)', 'issue(O)', 'of(O)', 'the(O)', 'journal(O)', '""(O)', 'Human(B-ORG)', 'Gene(I-ORG)', 'Therapy(I-ORG)', ',(O)', '""(O)', 'came(O)', 'in(O)', 'advance(O)', 'of(O)', 'the(O)', 'annual(O)', 'Jerry(B-MISC)', 'Lewis(I-MISC)', 'Labour(I-MISC)', 'Day(I-MISC)', 'weekend(O)', 'telethon(O)', 'to(O)', 'raise(O)', 'money(O)', 'for(O)', 'muscular(O)', 'dystrophy(O)', 'research(O)', '.(O)']","Word(O) of(O) the(O) findings(O) ,(O) to(O) be(O) published(O) in(O) the(O) Oct.(O) 1(O) issue(O) of(O) the(O) journal(O) ""(O) Human(B-ORG) Gene(I-ORG) Therapy(I-ORG) ,(O) ""(O) came(O) in(O) advance(O) of(O) the(O) annual(O) Jerry(B-MISC) Lewis(I-MISC) Labour(I-MISC) Day(I-MISC) weekend(O) telethon(O) to(O) raise(O) money(O) for(O) muscular(O) dystrophy(O) research(O) .(O)","Input: Word of the findings , to be published in the Oct. 1 issue of the journal "" Human Gene Therapy , "" came in advance of the annual Jerry Lewis Labour Day weekend telethon to raise money for muscular dystrophy research .
Output: Word(O) of(O) the(O) findings(O) ,(O) to(O) be(O) published(O) in(O) the(O) Oct.(O) 1(O) issue(O) of(O) the(O) journal(O) ""(O) Human(B-ORG) Gene(I-ORG) Therapy(I-ORG) ,(O) ""(O) came(O) in(O) advance(O) of(O) the(O) annual(O) Jerry(B-MISC) Lewis(I-MISC) Labour(I-MISC) Day(I-MISC) weekend(O) telethon(O) to(O) raise(O) money(O) for(O) muscular(O) dystrophy(O) research(O) .(O)"
12149,"['--' 'Steve' 'Weizman' ',' 'Copenhagen' 'newsroom' '+45' '33969650']","['O', 'B-PER', 'I-PER', 'O', 'B-LOC', 'O', 'O', 'O']","-- Steve Weizman , Copenhagen newsroom +45 33969650","['--(O)', 'Steve(B-PER)', 'Weizman(I-PER)', ',(O)', 'Copenhagen(B-LOC)', 'newsroom(O)', '+45(O)', '33969650(O)']","--(O) Steve(B-PER) Weizman(I-PER) ,(O) Copenhagen(B-LOC) newsroom(O) +45(O) 33969650(O)","Input: -- Steve Weizman , Copenhagen newsroom +45 33969650
Output: --(O) Steve(B-PER) Weizman(I-PER) ,(O) Copenhagen(B-LOC) newsroom(O) +45(O) 33969650(O)"
13491,"['FEATURE' '-' 'Rich' 'new' 'detail' 'on' 'U.S.' 'Civil' 'War' 'unearthed'
 '.']","['O', 'O', 'O', 'O', 'O', 'O', 'B-MISC', 'I-MISC', 'I-MISC', 'O', 'O']",FEATURE - Rich new detail on U.S. Civil War unearthed .,"['FEATURE(O)', '-(O)', 'Rich(O)', 'new(O)', 'detail(O)', 'on(O)', 'U.S.(B-MISC)', 'Civil(I-MISC)', 'War(I-MISC)', 'unearthed(O)', '.(O)']",FEATURE(O) -(O) Rich(O) new(O) detail(O) on(O) U.S.(B-MISC) Civil(I-MISC) War(I-MISC) unearthed(O) .(O),"Input: FEATURE - Rich new detail on U.S. Civil War unearthed .
Output: FEATURE(O) -(O) Rich(O) new(O) detail(O) on(O) U.S.(B-MISC) Civil(I-MISC) War(I-MISC) unearthed(O) .(O)"
13034,"['20' 'Year' 'A-rated' ""Gen'l"" 'Obligation' '5.55' '%' '5.50' '%' '+0.05']","['O', 'O', 'O', 'O', 'O', 'O', 'O', 'O', 'O', 'O']",20 Year A-rated Gen'l Obligation 5.55 % 5.50 % +0.05,"['20(O)', 'Year(O)', 'A-rated(O)', ""Gen'l(O)"", 'Obligation(O)', '5.55(O)', '%(O)', '5.50(O)', '%(O)', '+0.05(O)']",20(O) Year(O) A-rated(O) Gen'l(O) Obligation(O) 5.55(O) %(O) 5.50(O) %(O) +0.05(O),"Input: 20 Year A-rated Gen'l Obligation 5.55 % 5.50 % +0.05
Output: 20(O) Year(O) A-rated(O) Gen'l(O) Obligation(O) 5.55(O) %(O) 5.50(O) %(O) +0.05(O)"
7809,"['F.A.' ':' 'Ferris' ',' 'Baker' 'Watts' ',' 'Inc.' ',' 'Charleston']","['O', 'O', 'B-ORG', 'I-ORG', 'I-ORG', 'I-ORG', 'I-ORG', 'I-ORG', 'O', 'B-LOC']","F.A. : Ferris , Baker Watts , Inc. , Charleston","['F.A.(O)', ':(O)', 'Ferris(B-ORG)', ',(I-ORG)', 'Baker(I-ORG)', 'Watts(I-ORG)', ',(I-ORG)', 'Inc.(I-ORG)', ',(O)', 'Charleston(B-LOC)']","F.A.(O) :(O) Ferris(B-ORG) ,(I-ORG) Baker(I-ORG) Watts(I-ORG) ,(I-ORG) Inc.(I-ORG) ,(O) Charleston(B-LOC)","Input: F.A. : Ferris , Baker Watts , Inc. , Charleston
Output: F.A.(O) :(O) Ferris(B-ORG) ,(I-ORG) Baker(I-ORG) Watts(I-ORG) ,(I-ORG) Inc.(I-ORG) ,(O) Charleston(B-LOC)"
2132,['NEW' 'YORK' '1996-08-23'],"['B-LOC', 'I-LOC', 'O']",NEW YORK 1996-08-23,"['NEW(B-LOC)', 'YORK(I-LOC)', '1996-08-23(O)']",NEW(B-LOC) YORK(I-LOC) 1996-08-23(O),"Input: NEW YORK 1996-08-23
Output: NEW(B-LOC) YORK(I-LOC) 1996-08-23(O)"
1274,['OSLOBODJENJE'],['B-ORG'],OSLOBODJENJE,['OSLOBODJENJE(B-ORG)'],OSLOBODJENJE(B-ORG),"Input: OSLOBODJENJE
Output: OSLOBODJENJE(B-ORG)"
556,['(' '0-0' ')'],"['O', 'O', 'O']",( 0-0 ),"['((O)', '0-0(O)', ')(O)']",((O) 0-0(O) )(O),"Input: ( 0-0 )
Output: ((O) 0-0(O) )(O)"
5291,['Results' 'of' 'finals' 'in' 'the'],"['O', 'O', 'O', 'O', 'O']",Results of finals in the,"['Results(O)', 'of(O)', 'finals(O)', 'in(O)', 'the(O)']",Results(O) of(O) finals(O) in(O) the(O),"Input: Results of finals in the
Output: Results(O) of(O) finals(O) in(O) the(O)"
11604,"['Rameswaram' 'is' '15' 'km' '(' '10' 'miles' ')' 'off' 'the' 'coast' 'of'
 'Sri' 'Lanka' '.']","['B-LOC', 'O', 'O', 'O', 'O', 'O', 'O', 'O', 'O', 'O', 'O', 'O', 'B-LOC', 'I-LOC', 'O']",Rameswaram is 15 km ( 10 miles ) off the coast of Sri Lanka .,"['Rameswaram(B-LOC)', 'is(O)', '15(O)', 'km(O)', '((O)', '10(O)', 'miles(O)', ')(O)', 'off(O)', 'the(O)', 'coast(O)', 'of(O)', 'Sri(B-LOC)', 'Lanka(I-LOC)', '.(O)']",Rameswaram(B-LOC) is(O) 15(O) km(O) ((O) 10(O) miles(O) )(O) off(O) the(O) coast(O) of(O) Sri(B-LOC) Lanka(I-LOC) .(O),"Input: Rameswaram is 15 km ( 10 miles ) off the coast of Sri Lanka .
Output: Rameswaram(B-LOC) is(O) 15(O) km(O) ((O) 10(O) miles(O) )(O) off(O) the(O) coast(O) of(O) Sri(B-LOC) Lanka(I-LOC) .(O)"
68,"['S&P' '=' 'DENOMS' '(' 'K' ')' '1-10-100' 'SALE' 'LIMITS' 'US' '/' 'UK'
 '/' 'CA']","['B-ORG', 'O', 'O', 'O', 'O', 'O', 'O', 'O', 'O', 'B-LOC', 'O', 'B-LOC', 'O', 'B-LOC']",S&P = DENOMS ( K ) 1-10-100 SALE LIMITS US / UK / CA,"['S&P(B-ORG)', '=(O)', 'DENOMS(O)', '((O)', 'K(O)', ')(O)', '1-10-100(O)', 'SALE(O)', 'LIMITS(O)', 'US(B-LOC)', '/(O)', 'UK(B-LOC)', '/(O)', 'CA(B-LOC)']",S&P(B-ORG) =(O) DENOMS(O) ((O) K(O) )(O) 1-10-100(O) SALE(O) LIMITS(O) US(B-LOC) /(O) UK(B-LOC) /(O) CA(B-LOC),"Input: S&P = DENOMS ( K ) 1-10-100 SALE LIMITS US / UK / CA
Output: S&P(B-ORG) =(O) DENOMS(O) ((O) K(O) )(O) 1-10-100(O) SALE(O) LIMITS(O) US(B-LOC) /(O) UK(B-LOC) /(O) CA(B-LOC)"
10581,"['Cup' 'holders' 'Fiorentina' 'easily' 'beat' 'Cosenza' '3-1' 'while'
 'European' 'Cup' 'holders' 'Juventus' 'also' 'cruised' 'through' 'with'
 'a' '2-0' 'win' 'at' 'small' 'southern' 'club' 'Fidelis' 'Andria' '.']","['B-MISC', 'O', 'B-ORG', 'O', 'O', 'B-ORG', 'O', 'O', 'B-MISC', 'I-MISC', 'O', 'B-ORG', 'O', 'O', 'O', 'O', 'O', 'O', 'O', 'O', 'O', 'O', 'O', 'B-ORG', 'I-ORG', 'O']",Cup holders Fiorentina easily beat Cosenza 3-1 while European Cup holders Juventus also cruised through with a 2-0 win at small southern club Fidelis Andria .,"['Cup(B-MISC)', 'holders(O)', 'Fiorentina(B-ORG)', 'easily(O)', 'beat(O)', 'Cosenza(B-ORG)', '3-1(O)', 'while(O)', 'European(B-MISC)', 'Cup(I-MISC)', 'holders(O)', 'Juventus(B-ORG)', 'also(O)', 'cruised(O)', 'through(O)', 'with(O)', 'a(O)', '2-0(O)', 'win(O)', 'at(O)', 'small(O)', 'southern(O)', 'club(O)', 'Fidelis(B-ORG)', 'Andria(I-ORG)', '.(O)']",Cup(B-MISC) holders(O) Fiorentina(B-ORG) easily(O) beat(O) Cosenza(B-ORG) 3-1(O) while(O) European(B-MISC) Cup(I-MISC) holders(O) Juventus(B-ORG) also(O) cruised(O) through(O) with(O) a(O) 2-0(O) win(O) at(O) small(O) southern(O) club(O) Fidelis(B-ORG) Andria(I-ORG) .(O),"Input: Cup holders Fiorentina easily beat Cosenza 3-1 while European Cup holders Juventus also cruised through with a 2-0 win at small southern club Fidelis Andria .
Output: Cup(B-MISC) holders(O) Fiorentina(B-ORG) easily(O) beat(O) Cosenza(B-ORG) 3-1(O) while(O) European(B-MISC) Cup(I-MISC) holders(O) Juventus(B-ORG) also(O) cruised(O) through(O) with(O) a(O) 2-0(O) win(O) at(O) small(O) southern(O) club(O) Fidelis(B-ORG) Andria(I-ORG) .(O)"
4804,"['SUGO' ',' 'Japan' '1996-08-25']","['B-LOC', 'O', 'B-LOC', 'O']","SUGO , Japan 1996-08-25","['SUGO(B-LOC)', ',(O)', 'Japan(B-LOC)', '1996-08-25(O)']","SUGO(B-LOC) ,(O) Japan(B-LOC) 1996-08-25(O)","Input: SUGO , Japan 1996-08-25
Output: SUGO(B-LOC) ,(O) Japan(B-LOC) 1996-08-25(O)"
1696,"['Bank' 'of' 'New' 'Zealand' 'said' 'on' 'Thursday' 'it' 'was' 'cutting'
 'its' 'fixed' 'home' 'lending' 'rates' '.']","['B-ORG', 'I-ORG', 'I-ORG', 'I-ORG', 'O', 'O', 'O', 'O', 'O', 'O', 'O', 'O', 'O', 'O', 'O', 'O']",Bank of New Zealand said on Thursday it was cutting its fixed home lending rates .,"['Bank(B-ORG)', 'of(I-ORG)', 'New(I-ORG)', 'Zealand(I-ORG)', 'said(O)', 'on(O)', 'Thursday(O)', 'it(O)', 'was(O)', 'cutting(O)', 'its(O)', 'fixed(O)', 'home(O)', 'lending(O)', 'rates(O)', '.(O)']",Bank(B-ORG) of(I-ORG) New(I-ORG) Zealand(I-ORG) said(O) on(O) Thursday(O) it(O) was(O) cutting(O) its(O) fixed(O) home(O) lending(O) rates(O) .(O),"Input: Bank of New Zealand said on Thursday it was cutting its fixed home lending rates .
Output: Bank(B-ORG) of(I-ORG) New(I-ORG) Zealand(I-ORG) said(O) on(O) Thursday(O) it(O) was(O) cutting(O) its(O) fixed(O) home(O) lending(O) rates(O) .(O)"
732,['Jim' 'Grabb' '(' 'U.S.' ')' 'vs.' 'Sandon' 'Stolle' '(' 'Australia' ')'],"['B-PER', 'I-PER', 'O', 'B-LOC', 'O', 'O', 'B-PER', 'I-PER', 'O', 'B-LOC', 'O']",Jim Grabb ( U.S. ) vs. Sandon Stolle ( Australia ),"['Jim(B-PER)', 'Grabb(I-PER)', '((O)', 'U.S.(B-LOC)', ')(O)', 'vs.(O)', 'Sandon(B-PER)', 'Stolle(I-PER)', '((O)', 'Australia(B-LOC)', ')(O)']",Jim(B-PER) Grabb(I-PER) ((O) U.S.(B-LOC) )(O) vs.(O) Sandon(B-PER) Stolle(I-PER) ((O) Australia(B-LOC) )(O),"Input: Jim Grabb ( U.S. ) vs. Sandon Stolle ( Australia )
Output: Jim(B-PER) Grabb(I-PER) ((O) U.S.(B-LOC) )(O) vs.(O) Sandon(B-PER) Stolle(I-PER) ((O) Australia(B-LOC) )(O)"
9657,['PUT' 'F' '96.0' 'PCT' '1.84' 'DEM' '1.20' 'PCT' '51.80' 'X'],"['O', 'O', 'O', 'O', 'O', 'B-MISC', 'O', 'O', 'O', 'O']",PUT F 96.0 PCT 1.84 DEM 1.20 PCT 51.80 X,"['PUT(O)', 'F(O)', '96.0(O)', 'PCT(O)', '1.84(O)', 'DEM(B-MISC)', '1.20(O)', 'PCT(O)', '51.80(O)', 'X(O)']",PUT(O) F(O) 96.0(O) PCT(O) 1.84(O) DEM(B-MISC) 1.20(O) PCT(O) 51.80(O) X(O),"Input: PUT F 96.0 PCT 1.84 DEM 1.20 PCT 51.80 X
Output: PUT(O) F(O) 96.0(O) PCT(O) 1.84(O) DEM(B-MISC) 1.20(O) PCT(O) 51.80(O) X(O)"
6837,['Juventude' '5' '3' '1' '1' '5' '4' '10'],"['B-ORG', 'O', 'O', 'O', 'O', 'O', 'O', 'O']",Juventude 5 3 1 1 5 4 10,"['Juventude(B-ORG)', '5(O)', '3(O)', '1(O)', '1(O)', '5(O)', '4(O)', '10(O)']",Juventude(B-ORG) 5(O) 3(O) 1(O) 1(O) 5(O) 4(O) 10(O),"Input: Juventude 5 3 1 1 5 4 10
Output: Juventude(B-ORG) 5(O) 3(O) 1(O) 1(O) 5(O) 4(O) 10(O)"
356,"['Sir' 'Mark' 'Prescott' 'landed' 'his' 'first' 'group' 'one' 'victory'
 'in' '25' 'years' 'as' 'a' 'trainer' 'when' 'his' 'top' 'sprinter'
 'Pivotal' ',' 'a' '100-30' 'chance' ',' 'won' 'the' 'Nunthorpe' 'Stakes'
 'on' 'Thursday' '.']","['O', 'B-PER', 'I-PER', 'O', 'O', 'O', 'O', 'O', 'O', 'O', 'O', 'O', 'O', 'O', 'O', 'O', 'O', 'O', 'O', 'B-PER', 'O', 'O', 'O', 'O', 'O', 'O', 'O', 'B-MISC', 'I-MISC', 'O', 'O', 'O']","Sir Mark Prescott landed his first group one victory in 25 years as a trainer when his top sprinter Pivotal , a 100-30 chance , won the Nunthorpe Stakes on Thursday .","['Sir(O)', 'Mark(B-PER)', 'Prescott(I-PER)', 'landed(O)', 'his(O)', 'first(O)', 'group(O)', 'one(O)', 'victory(O)', 'in(O)', '25(O)', 'years(O)', 'as(O)', 'a(O)', 'trainer(O)', 'when(O)', 'his(O)', 'top(O)', 'sprinter(O)', 'Pivotal(B-PER)', ',(O)', 'a(O)', '100-30(O)', 'chance(O)', ',(O)', 'won(O)', 'the(O)', 'Nunthorpe(B-MISC)', 'Stakes(I-MISC)', 'on(O)', 'Thursday(O)', '.(O)']","Sir(O) Mark(B-PER) Prescott(I-PER) landed(O) his(O) first(O) group(O) one(O) victory(O) in(O) 25(O) years(O) as(O) a(O) trainer(O) when(O) his(O) top(O) sprinter(O) Pivotal(B-PER) ,(O) a(O) 100-30(O) chance(O) ,(O) won(O) the(O) Nunthorpe(B-MISC) Stakes(I-MISC) on(O) Thursday(O) .(O)","Input: Sir Mark Prescott landed his first group one victory in 25 years as a trainer when his top sprinter Pivotal , a 100-30 chance , won the Nunthorpe Stakes on Thursday .
Output: Sir(O) Mark(B-PER) Prescott(I-PER) landed(O) his(O) first(O) group(O) one(O) victory(O) in(O) 25(O) years(O) as(O) a(O) trainer(O) when(O) his(O) top(O) sprinter(O) Pivotal(B-PER) ,(O) a(O) 100-30(O) chance(O) ,(O) won(O) the(O) Nunthorpe(B-MISC) Stakes(I-MISC) on(O) Thursday(O) .(O)"
1732,['Net' '250' 'million' '84' 'million'],"['O', 'O', 'O', 'O', 'O']",Net 250 million 84 million,"['Net(O)', '250(O)', 'million(O)', '84(O)', 'million(O)']",Net(O) 250(O) million(O) 84(O) million(O),"Input: Net 250 million 84 million
Output: Net(O) 250(O) million(O) 84(O) million(O)"
3552,"['third' 'and' 'final' 'test' 'between' 'England' 'and' 'Pakistan' 'at'
 'The' 'Oval' 'on']","['O', 'O', 'O', 'O', 'O', 'B-LOC', 'O', 'B-LOC', 'O', 'B-LOC', 'I-LOC', 'O']",third and final test between England and Pakistan at The Oval on,"['third(O)', 'and(O)', 'final(O)', 'test(O)', 'between(O)', 'England(B-LOC)', 'and(O)', 'Pakistan(B-LOC)', 'at(O)', 'The(B-LOC)', 'Oval(I-LOC)', 'on(O)']",third(O) and(O) final(O) test(O) between(O) England(B-LOC) and(O) Pakistan(B-LOC) at(O) The(B-LOC) Oval(I-LOC) on(O),"Input: third and final test between England and Pakistan at The Oval on
Output: third(O) and(O) final(O) test(O) between(O) England(B-LOC) and(O) Pakistan(B-LOC) at(O) The(B-LOC) Oval(I-LOC) on(O)"
5631,['ZURICH' '1996-08-25'],"['B-LOC', 'O']",ZURICH 1996-08-25,"['ZURICH(B-LOC)', '1996-08-25(O)']",ZURICH(B-LOC) 1996-08-25(O),"Input: ZURICH 1996-08-25
Output: ZURICH(B-LOC) 1996-08-25(O)"
7869,"['Stocks' 'were' 'down' 'across' 'the' 'board' ',' 'with' 'Dutch' 'PTT'
 'topping' 'the' 'volume' 'list' 'and' 'closing' 'down' '1.90' 'guilders'
 'at' '58.70' '.']","['O', 'O', 'O', 'O', 'O', 'O', 'O', 'O', 'B-ORG', 'I-ORG', 'O', 'O', 'O', 'O', 'O', 'O', 'O', 'O', 'O', 'O', 'O', 'O']","Stocks were down across the board , with Dutch PTT topping the volume list and closing down 1.90 guilders at 58.70 .","['Stocks(O)', 'were(O)', 'down(O)', 'across(O)', 'the(O)', 'board(O)', ',(O)', 'with(O)', 'Dutch(B-ORG)', 'PTT(I-ORG)', 'topping(O)', 'the(O)', 'volume(O)', 'list(O)', 'and(O)', 'closing(O)', 'down(O)', '1.90(O)', 'guilders(O)', 'at(O)', '58.70(O)', '.(O)']","Stocks(O) were(O) down(O) across(O) the(O) board(O) ,(O) with(O) Dutch(B-ORG) PTT(I-ORG) topping(O) the(O) volume(O) list(O) and(O) closing(O) down(O) 1.90(O) guilders(O) at(O) 58.70(O) .(O)","Input: Stocks were down across the board , with Dutch PTT topping the volume list and closing down 1.90 guilders at 58.70 .
Output: Stocks(O) were(O) down(O) across(O) the(O) board(O) ,(O) with(O) Dutch(B-ORG) PTT(I-ORG) topping(O) the(O) volume(O) list(O) and(O) closing(O) down(O) 1.90(O) guilders(O) at(O) 58.70(O) .(O)"
6563,"['drew' '1-1' '(' 'halftime' '1-0' ')' 'in' 'a' 'friendly' 'soccer'
 'international' 'on']","['O', 'O', 'O', 'O', 'O', 'O', 'O', 'O', 'O', 'O', 'O', 'O']",drew 1-1 ( halftime 1-0 ) in a friendly soccer international on,"['drew(O)', '1-1(O)', '((O)', 'halftime(O)', '1-0(O)', ')(O)', 'in(O)', 'a(O)', 'friendly(O)', 'soccer(O)', 'international(O)', 'on(O)']",drew(O) 1-1(O) ((O) halftime(O) 1-0(O) )(O) in(O) a(O) friendly(O) soccer(O) international(O) on(O),"Input: drew 1-1 ( halftime 1-0 ) in a friendly soccer international on
Output: drew(O) 1-1(O) ((O) halftime(O) 1-0(O) )(O) in(O) a(O) friendly(O) soccer(O) international(O) on(O)"
4450,"['Newspapers' 'quoted' 'witnesses' 'as' 'saying' 'they' 'had' 'seen'
 'bodies' 'floating' 'in' 'the' 'streets' '.']","['O', 'O', 'O', 'O', 'O', 'O', 'O', 'O', 'O', 'O', 'O', 'O', 'O', 'O']",Newspapers quoted witnesses as saying they had seen bodies floating in the streets .,"['Newspapers(O)', 'quoted(O)', 'witnesses(O)', 'as(O)', 'saying(O)', 'they(O)', 'had(O)', 'seen(O)', 'bodies(O)', 'floating(O)', 'in(O)', 'the(O)', 'streets(O)', '.(O)']",Newspapers(O) quoted(O) witnesses(O) as(O) saying(O) they(O) had(O) seen(O) bodies(O) floating(O) in(O) the(O) streets(O) .(O),"Input: Newspapers quoted witnesses as saying they had seen bodies floating in the streets .
Output: Newspapers(O) quoted(O) witnesses(O) as(O) saying(O) they(O) had(O) seen(O) bodies(O) floating(O) in(O) the(O) streets(O) .(O)"
2473,['6.' 'Francis' 'Agyepong' '(' 'Britain' ')' '16.63'],"['O', 'B-PER', 'I-PER', 'O', 'B-LOC', 'O', 'O']",6. Francis Agyepong ( Britain ) 16.63,"['6.(O)', 'Francis(B-PER)', 'Agyepong(I-PER)', '((O)', 'Britain(B-LOC)', ')(O)', '16.63(O)']",6.(O) Francis(B-PER) Agyepong(I-PER) ((O) Britain(B-LOC) )(O) 16.63(O),"Input: 6. Francis Agyepong ( Britain ) 16.63
Output: 6.(O) Francis(B-PER) Agyepong(I-PER) ((O) Britain(B-LOC) )(O) 16.63(O)"
2041,['6-3'],['O'],6-3,['6-3(O)'],6-3(O),"Input: 6-3
Output: 6-3(O)"
4956,['Barnsley' '3' 'Huddersfield' '1'],"['B-ORG', 'O', 'B-ORG', 'O']",Barnsley 3 Huddersfield 1,"['Barnsley(B-ORG)', '3(O)', 'Huddersfield(B-ORG)', '1(O)']",Barnsley(B-ORG) 3(O) Huddersfield(B-ORG) 1(O),"Input: Barnsley 3 Huddersfield 1
Output: Barnsley(B-ORG) 3(O) Huddersfield(B-ORG) 1(O)"
13794,"['The' '400-strong' 'Selection' 'Committee' 'will' 'select' 'Hong' 'Kong'
 ""'s"" 'future' 'chief' 'executive' 'to' 'replace' 'the' 'British'
 'governor' 'and' 'a' 'provisional' 'legislature' 'to' 'take' 'over'
 'from' 'the' 'elected' 'chamber' 'which' 'Beijing' 'plans' 'to'
 'dissolve' '.']","['O', 'O', 'B-ORG', 'I-ORG', 'O', 'O', 'B-LOC', 'I-LOC', 'O', 'O', 'O', 'O', 'O', 'O', 'O', 'B-MISC', 'O', 'O', 'O', 'O', 'O', 'O', 'O', 'O', 'O', 'O', 'O', 'O', 'O', 'B-LOC', 'O', 'O', 'O', 'O']",The 400-strong Selection Committee will select Hong Kong 's future chief executive to replace the British governor and a provisional legislature to take over from the elected chamber which Beijing plans to dissolve .,"['The(O)', '400-strong(O)', 'Selection(B-ORG)', 'Committee(I-ORG)', 'will(O)', 'select(O)', 'Hong(B-LOC)', 'Kong(I-LOC)', ""'s(O)"", 'future(O)', 'chief(O)', 'executive(O)', 'to(O)', 'replace(O)', 'the(O)', 'British(B-MISC)', 'governor(O)', 'and(O)', 'a(O)', 'provisional(O)', 'legislature(O)', 'to(O)', 'take(O)', 'over(O)', 'from(O)', 'the(O)', 'elected(O)', 'chamber(O)', 'which(O)', 'Beijing(B-LOC)', 'plans(O)', 'to(O)', 'dissolve(O)', '.(O)']",The(O) 400-strong(O) Selection(B-ORG) Committee(I-ORG) will(O) select(O) Hong(B-LOC) Kong(I-LOC) 's(O) future(O) chief(O) executive(O) to(O) replace(O) the(O) British(B-MISC) governor(O) and(O) a(O) provisional(O) legislature(O) to(O) take(O) over(O) from(O) the(O) elected(O) chamber(O) which(O) Beijing(B-LOC) plans(O) to(O) dissolve(O) .(O),"Input: The 400-strong Selection Committee will select Hong Kong 's future chief executive to replace the British governor and a provisional legislature to take over from the elected chamber which Beijing plans to dissolve .
Output: The(O) 400-strong(O) Selection(B-ORG) Committee(I-ORG) will(O) select(O) Hong(B-LOC) Kong(I-LOC) 's(O) future(O) chief(O) executive(O) to(O) replace(O) the(O) British(B-MISC) governor(O) and(O) a(O) provisional(O) legislature(O) to(O) take(O) over(O) from(O) the(O) elected(O) chamber(O) which(O) Beijing(B-LOC) plans(O) to(O) dissolve(O) .(O)"
6801,['Huracan' '0' 'Lanus' '0'],"['B-ORG', 'O', 'B-ORG', 'O']",Huracan 0 Lanus 0,"['Huracan(B-ORG)', '0(O)', 'Lanus(B-ORG)', '0(O)']",Huracan(B-ORG) 0(O) Lanus(B-ORG) 0(O),"Input: Huracan 0 Lanus 0
Output: Huracan(B-ORG) 0(O) Lanus(B-ORG) 0(O)"
12332,['Fall' 'of' 'wickets' ':' '1-57' '2-98' '3-146' '4-200' '5-220' '.'],"['O', 'O', 'O', 'O', 'O', 'O', 'O', 'O', 'O', 'O']",Fall of wickets : 1-57 2-98 3-146 4-200 5-220 .,"['Fall(O)', 'of(O)', 'wickets(O)', ':(O)', '1-57(O)', '2-98(O)', '3-146(O)', '4-200(O)', '5-220(O)', '.(O)']",Fall(O) of(O) wickets(O) :(O) 1-57(O) 2-98(O) 3-146(O) 4-200(O) 5-220(O) .(O),"Input: Fall of wickets : 1-57 2-98 3-146 4-200 5-220 .
Output: Fall(O) of(O) wickets(O) :(O) 1-57(O) 2-98(O) 3-146(O) 4-200(O) 5-220(O) .(O)"
7792,"['--' 'Sun' 'Co' 'to' '$' '0.15' 'from' '$' '0.85' 'versus' 'the'
 'consensus' '$' '0.63']","['O', 'B-ORG', 'I-ORG', 'O', 'O', 'O', 'O', 'O', 'O', 'O', 'O', 'O', 'O', 'O']",-- Sun Co to $ 0.15 from $ 0.85 versus the consensus $ 0.63,"['--(O)', 'Sun(B-ORG)', 'Co(I-ORG)', 'to(O)', '$(O)', '0.15(O)', 'from(O)', '$(O)', '0.85(O)', 'versus(O)', 'the(O)', 'consensus(O)', '$(O)', '0.63(O)']",--(O) Sun(B-ORG) Co(I-ORG) to(O) $(O) 0.15(O) from(O) $(O) 0.85(O) versus(O) the(O) consensus(O) $(O) 0.63(O),"Input: -- Sun Co to $ 0.15 from $ 0.85 versus the consensus $ 0.63
Output: --(O) Sun(B-ORG) Co(I-ORG) to(O) $(O) 0.15(O) from(O) $(O) 0.85(O) versus(O) the(O) consensus(O) $(O) 0.63(O)"
1449,"['--' 'U.S.' 'Municipal' 'Desk' ',' '212-859-1650']","['O', 'B-ORG', 'I-ORG', 'I-ORG', 'O', 'O']","-- U.S. Municipal Desk , 212-859-1650","['--(O)', 'U.S.(B-ORG)', 'Municipal(I-ORG)', 'Desk(I-ORG)', ',(O)', '212-859-1650(O)']","--(O) U.S.(B-ORG) Municipal(I-ORG) Desk(I-ORG) ,(O) 212-859-1650(O)","Input: -- U.S. Municipal Desk , 212-859-1650
Output: --(O) U.S.(B-ORG) Municipal(I-ORG) Desk(I-ORG) ,(O) 212-859-1650(O)"
11398,"['When' 'asked' 'specifically' 'if' 'he' 'was' 'suggesting' 'a' 'ban' 'on'
 'cigarettes' ',' 'Dole' 'replied' ':' '""' 'Oh' 'no' '.']","['O', 'O', 'O', 'O', 'O', 'O', 'O', 'O', 'O', 'O', 'O', 'O', 'B-PER', 'O', 'O', 'O', 'O', 'O', 'O']","When asked specifically if he was suggesting a ban on cigarettes , Dole replied : "" Oh no .","['When(O)', 'asked(O)', 'specifically(O)', 'if(O)', 'he(O)', 'was(O)', 'suggesting(O)', 'a(O)', 'ban(O)', 'on(O)', 'cigarettes(O)', ',(O)', 'Dole(B-PER)', 'replied(O)', ':(O)', '""(O)', 'Oh(O)', 'no(O)', '.(O)']","When(O) asked(O) specifically(O) if(O) he(O) was(O) suggesting(O) a(O) ban(O) on(O) cigarettes(O) ,(O) Dole(B-PER) replied(O) :(O) ""(O) Oh(O) no(O) .(O)","Input: When asked specifically if he was suggesting a ban on cigarettes , Dole replied : "" Oh no .
Output: When(O) asked(O) specifically(O) if(O) he(O) was(O) suggesting(O) a(O) ban(O) on(O) cigarettes(O) ,(O) Dole(B-PER) replied(O) :(O) ""(O) Oh(O) no(O) .(O)"
12383,"['Bristol' ':' 'Gloucestershire' '183' '(' 'J.' 'Russell' '50' ')' ','
 'Northamptonshire' '123-4' '(' 'K.' 'Curran' '51' 'not' 'out' ')' '.']","['B-LOC', 'O', 'B-ORG', 'O', 'O', 'B-PER', 'I-PER', 'O', 'O', 'O', 'B-ORG', 'O', 'O', 'B-PER', 'I-PER', 'O', 'O', 'O', 'O', 'O']","Bristol : Gloucestershire 183 ( J. Russell 50 ) , Northamptonshire 123-4 ( K. Curran 51 not out ) .","['Bristol(B-LOC)', ':(O)', 'Gloucestershire(B-ORG)', '183(O)', '((O)', 'J.(B-PER)', 'Russell(I-PER)', '50(O)', ')(O)', ',(O)', 'Northamptonshire(B-ORG)', '123-4(O)', '((O)', 'K.(B-PER)', 'Curran(I-PER)', '51(O)', 'not(O)', 'out(O)', ')(O)', '.(O)']","Bristol(B-LOC) :(O) Gloucestershire(B-ORG) 183(O) ((O) J.(B-PER) Russell(I-PER) 50(O) )(O) ,(O) Northamptonshire(B-ORG) 123-4(O) ((O) K.(B-PER) Curran(I-PER) 51(O) not(O) out(O) )(O) .(O)","Input: Bristol : Gloucestershire 183 ( J. Russell 50 ) , Northamptonshire 123-4 ( K. Curran 51 not out ) .
Output: Bristol(B-LOC) :(O) Gloucestershire(B-ORG) 183(O) ((O) J.(B-PER) Russell(I-PER) 50(O) )(O) ,(O) Northamptonshire(B-ORG) 123-4(O) ((O) K.(B-PER) Curran(I-PER) 51(O) not(O) out(O) )(O) .(O)"
385,"['4' '-' 'Kimiko' 'Date' '(' 'Japan' ')' 'beat' 'Yone' 'Kamio' '(' 'Japan'
 ')' '6-2' '7-5']","['O', 'O', 'B-PER', 'I-PER', 'O', 'B-LOC', 'O', 'O', 'B-PER', 'I-PER', 'O', 'B-LOC', 'O', 'O', 'O']",4 - Kimiko Date ( Japan ) beat Yone Kamio ( Japan ) 6-2 7-5,"['4(O)', '-(O)', 'Kimiko(B-PER)', 'Date(I-PER)', '((O)', 'Japan(B-LOC)', ')(O)', 'beat(O)', 'Yone(B-PER)', 'Kamio(I-PER)', '((O)', 'Japan(B-LOC)', ')(O)', '6-2(O)', '7-5(O)']",4(O) -(O) Kimiko(B-PER) Date(I-PER) ((O) Japan(B-LOC) )(O) beat(O) Yone(B-PER) Kamio(I-PER) ((O) Japan(B-LOC) )(O) 6-2(O) 7-5(O),"Input: 4 - Kimiko Date ( Japan ) beat Yone Kamio ( Japan ) 6-2 7-5
Output: 4(O) -(O) Kimiko(B-PER) Date(I-PER) ((O) Japan(B-LOC) )(O) beat(O) Yone(B-PER) Kamio(I-PER) ((O) Japan(B-LOC) )(O) 6-2(O) 7-5(O)"
9242,"['Democrats' 'also' 'heard' 'Tuesday' 'two' 'passionate' 'speeches'
 'defending' 'abortion' 'rights' '.']","['B-MISC', 'O', 'O', 'O', 'O', 'O', 'O', 'O', 'O', 'O', 'O']",Democrats also heard Tuesday two passionate speeches defending abortion rights .,"['Democrats(B-MISC)', 'also(O)', 'heard(O)', 'Tuesday(O)', 'two(O)', 'passionate(O)', 'speeches(O)', 'defending(O)', 'abortion(O)', 'rights(O)', '.(O)']",Democrats(B-MISC) also(O) heard(O) Tuesday(O) two(O) passionate(O) speeches(O) defending(O) abortion(O) rights(O) .(O),"Input: Democrats also heard Tuesday two passionate speeches defending abortion rights .
Output: Democrats(B-MISC) also(O) heard(O) Tuesday(O) two(O) passionate(O) speeches(O) defending(O) abortion(O) rights(O) .(O)"
12770,"['The' 'latest' 'diplomatic' 'row' 'between' 'Nigeria' ""'s"" 'military'
 'government' 'and' 'the' 'club' 'of' 'Britain' 'and' 'its' 'former'
 'colonies' 'erupted' 'over' 'the' 'terms' 'of' 'a' 'visit' 'by'
 'Commonwealth' 'ministers' 'to' 'discuss' 'Nigeria' ""'s"" 'suspension' '.']","['O', 'O', 'O', 'O', 'O', 'B-LOC', 'O', 'O', 'O', 'O', 'O', 'O', 'O', 'B-LOC', 'O', 'O', 'O', 'O', 'O', 'O', 'O', 'O', 'O', 'O', 'O', 'O', 'B-ORG', 'O', 'O', 'O', 'B-LOC', 'O', 'O', 'O']",The latest diplomatic row between Nigeria 's military government and the club of Britain and its former colonies erupted over the terms of a visit by Commonwealth ministers to discuss Nigeria 's suspension .,"['The(O)', 'latest(O)', 'diplomatic(O)', 'row(O)', 'between(O)', 'Nigeria(B-LOC)', ""'s(O)"", 'military(O)', 'government(O)', 'and(O)', 'the(O)', 'club(O)', 'of(O)', 'Britain(B-LOC)', 'and(O)', 'its(O)', 'former(O)', 'colonies(O)', 'erupted(O)', 'over(O)', 'the(O)', 'terms(O)', 'of(O)', 'a(O)', 'visit(O)', 'by(O)', 'Commonwealth(B-ORG)', 'ministers(O)', 'to(O)', 'discuss(O)', 'Nigeria(B-LOC)', ""'s(O)"", 'suspension(O)', '.(O)']",The(O) latest(O) diplomatic(O) row(O) between(O) Nigeria(B-LOC) 's(O) military(O) government(O) and(O) the(O) club(O) of(O) Britain(B-LOC) and(O) its(O) former(O) colonies(O) erupted(O) over(O) the(O) terms(O) of(O) a(O) visit(O) by(O) Commonwealth(B-ORG) ministers(O) to(O) discuss(O) Nigeria(B-LOC) 's(O) suspension(O) .(O),"Input: The latest diplomatic row between Nigeria 's military government and the club of Britain and its former colonies erupted over the terms of a visit by Commonwealth ministers to discuss Nigeria 's suspension .
Output: The(O) latest(O) diplomatic(O) row(O) between(O) Nigeria(B-LOC) 's(O) military(O) government(O) and(O) the(O) club(O) of(O) Britain(B-LOC) and(O) its(O) former(O) colonies(O) erupted(O) over(O) the(O) terms(O) of(O) a(O) visit(O) by(O) Commonwealth(B-ORG) ministers(O) to(O) discuss(O) Nigeria(B-LOC) 's(O) suspension(O) .(O)"
2267,['unless' 'stated' ')' ':'],"['O', 'O', 'O', 'O']",unless stated ) :,"['unless(O)', 'stated(O)', ')(O)', ':(O)']",unless(O) stated(O) )(O) :(O),"Input: unless stated ) :
Output: unless(O) stated(O) )(O) :(O)"
2455,['6.' 'Noureddine' 'Morceli' '(' 'Algeria' ')' '7:36.81'],"['O', 'B-PER', 'I-PER', 'O', 'B-LOC', 'O', 'O']",6. Noureddine Morceli ( Algeria ) 7:36.81,"['6.(O)', 'Noureddine(B-PER)', 'Morceli(I-PER)', '((O)', 'Algeria(B-LOC)', ')(O)', '7:36.81(O)']",6.(O) Noureddine(B-PER) Morceli(I-PER) ((O) Algeria(B-LOC) )(O) 7:36.81(O),"Input: 6. Noureddine Morceli ( Algeria ) 7:36.81
Output: 6.(O) Noureddine(B-PER) Morceli(I-PER) ((O) Algeria(B-LOC) )(O) 7:36.81(O)"
4412,"['Dutch' 'police' 'are' 'also' 'holding' 'a' '74-year' 'old' 'Dutchman'
 'in' 'connection' 'with' 'the' 'disappearance' 'of' 'An' 'and' 'Eefje'
 ',' 'although' 'a' 'spokesman' 'said' 'no' 'direct' 'link' 'had' 'yet'
 'been' 'established' '.']","['B-MISC', 'O', 'O', 'O', 'O', 'O', 'O', 'O', 'B-MISC', 'O', 'O', 'O', 'O', 'O', 'O', 'B-PER', 'O', 'B-PER', 'O', 'O', 'O', 'O', 'O', 'O', 'O', 'O', 'O', 'O', 'O', 'O', 'O']","Dutch police are also holding a 74-year old Dutchman in connection with the disappearance of An and Eefje , although a spokesman said no direct link had yet been established .","['Dutch(B-MISC)', 'police(O)', 'are(O)', 'also(O)', 'holding(O)', 'a(O)', '74-year(O)', 'old(O)', 'Dutchman(B-MISC)', 'in(O)', 'connection(O)', 'with(O)', 'the(O)', 'disappearance(O)', 'of(O)', 'An(B-PER)', 'and(O)', 'Eefje(B-PER)', ',(O)', 'although(O)', 'a(O)', 'spokesman(O)', 'said(O)', 'no(O)', 'direct(O)', 'link(O)', 'had(O)', 'yet(O)', 'been(O)', 'established(O)', '.(O)']","Dutch(B-MISC) police(O) are(O) also(O) holding(O) a(O) 74-year(O) old(O) Dutchman(B-MISC) in(O) connection(O) with(O) the(O) disappearance(O) of(O) An(B-PER) and(O) Eefje(B-PER) ,(O) although(O) a(O) spokesman(O) said(O) no(O) direct(O) link(O) had(O) yet(O) been(O) established(O) .(O)","Input: Dutch police are also holding a 74-year old Dutchman in connection with the disappearance of An and Eefje , although a spokesman said no direct link had yet been established .
Output: Dutch(B-MISC) police(O) are(O) also(O) holding(O) a(O) 74-year(O) old(O) Dutchman(B-MISC) in(O) connection(O) with(O) the(O) disappearance(O) of(O) An(B-PER) and(O) Eefje(B-PER) ,(O) although(O) a(O) spokesman(O) said(O) no(O) direct(O) link(O) had(O) yet(O) been(O) established(O) .(O)"
8385,['15-6'],['O'],15-6,['15-6(O)'],15-6(O),"Input: 15-6
Output: 15-6(O)"
10861,"['Tillekeratne' ',' 'Roshan' 'Mahanama' ',' 'Kumara' 'Dharmasena' ','
 'Chaminda' 'Vaas' ',']","['B-PER', 'O', 'B-PER', 'I-PER', 'O', 'B-PER', 'I-PER', 'O', 'B-PER', 'I-PER', 'O']","Tillekeratne , Roshan Mahanama , Kumara Dharmasena , Chaminda Vaas ,","['Tillekeratne(B-PER)', ',(O)', 'Roshan(B-PER)', 'Mahanama(I-PER)', ',(O)', 'Kumara(B-PER)', 'Dharmasena(I-PER)', ',(O)', 'Chaminda(B-PER)', 'Vaas(I-PER)', ',(O)']","Tillekeratne(B-PER) ,(O) Roshan(B-PER) Mahanama(I-PER) ,(O) Kumara(B-PER) Dharmasena(I-PER) ,(O) Chaminda(B-PER) Vaas(I-PER) ,(O)","Input: Tillekeratne , Roshan Mahanama , Kumara Dharmasena , Chaminda Vaas ,
Output: Tillekeratne(B-PER) ,(O) Roshan(B-PER) Mahanama(I-PER) ,(O) Kumara(B-PER) Dharmasena(I-PER) ,(O) Chaminda(B-PER) Vaas(I-PER) ,(O)"
584,['Scorers' ':'],"['O', 'O']",Scorers :,"['Scorers(O)', ':(O)']",Scorers(O) :(O),"Input: Scorers :
Output: Scorers(O) :(O)"
9905,"['The' 'rules' 'will' 'also' 'require' 'that' 'customer' 'limit' 'orders'
 'be' 'displayed' 'with' 'prices' 'better' 'than' 'those' 'available' 'in'
 'quotes' 'publicly' 'available' 'at' 'the' 'time' '.']","['O', 'O', 'O', 'O', 'O', 'O', 'O', 'O', 'O', 'O', 'O', 'O', 'O', 'O', 'O', 'O', 'O', 'O', 'O', 'O', 'O', 'O', 'O', 'O', 'O']",The rules will also require that customer limit orders be displayed with prices better than those available in quotes publicly available at the time .,"['The(O)', 'rules(O)', 'will(O)', 'also(O)', 'require(O)', 'that(O)', 'customer(O)', 'limit(O)', 'orders(O)', 'be(O)', 'displayed(O)', 'with(O)', 'prices(O)', 'better(O)', 'than(O)', 'those(O)', 'available(O)', 'in(O)', 'quotes(O)', 'publicly(O)', 'available(O)', 'at(O)', 'the(O)', 'time(O)', '.(O)']",The(O) rules(O) will(O) also(O) require(O) that(O) customer(O) limit(O) orders(O) be(O) displayed(O) with(O) prices(O) better(O) than(O) those(O) available(O) in(O) quotes(O) publicly(O) available(O) at(O) the(O) time(O) .(O),"Input: The rules will also require that customer limit orders be displayed with prices better than those available in quotes publicly available at the time .
Output: The(O) rules(O) will(O) also(O) require(O) that(O) customer(O) limit(O) orders(O) be(O) displayed(O) with(O) prices(O) better(O) than(O) those(O) available(O) in(O) quotes(O) publicly(O) available(O) at(O) the(O) time(O) .(O)"
3210,"['Beaver' 'once' 'worked' 'for' 'the' 'U.S.' 'Navy' 'and' 'Sake' 'is' 'an'
 'amusement' 'park' 'veteran' '.']","['B-PER', 'O', 'O', 'O', 'O', 'B-ORG', 'I-ORG', 'O', 'B-PER', 'O', 'O', 'O', 'O', 'O', 'O']",Beaver once worked for the U.S. Navy and Sake is an amusement park veteran .,"['Beaver(B-PER)', 'once(O)', 'worked(O)', 'for(O)', 'the(O)', 'U.S.(B-ORG)', 'Navy(I-ORG)', 'and(O)', 'Sake(B-PER)', 'is(O)', 'an(O)', 'amusement(O)', 'park(O)', 'veteran(O)', '.(O)']",Beaver(B-PER) once(O) worked(O) for(O) the(O) U.S.(B-ORG) Navy(I-ORG) and(O) Sake(B-PER) is(O) an(O) amusement(O) park(O) veteran(O) .(O),"Input: Beaver once worked for the U.S. Navy and Sake is an amusement park veteran .
Output: Beaver(B-PER) once(O) worked(O) for(O) the(O) U.S.(B-ORG) Navy(I-ORG) and(O) Sake(B-PER) is(O) an(O) amusement(O) park(O) veteran(O) .(O)"
2904,"['Showers' 'and' 'rain' '0.25-1.00' 'inch' '(' '6-25' 'mm' ')' 'and'
 'locally' 'heavier' 'through' 'most' 'of' 'central' 'and' 'south'
 'central' 'India' ',' 'up' 'to' '0.75' 'inch' '(' '19' 'mm' ')' 'in' '75'
 'percent' 'of' 'north' 'central' 'India' ',' 'and' 'only' 'isolated' 'up'
 'to' '0.50' 'inch' '(' '13' 'mm' ')' 'elsewhere' 'over' 'India' '.']","['O', 'O', 'O', 'O', 'O', 'O', 'O', 'O', 'O', 'O', 'O', 'O', 'O', 'O', 'O', 'O', 'O', 'O', 'O', 'B-LOC', 'O', 'O', 'O', 'O', 'O', 'O', 'O', 'O', 'O', 'O', 'O', 'O', 'O', 'O', 'O', 'B-LOC', 'O', 'O', 'O', 'O', 'O', 'O', 'O', 'O', 'O', 'O', 'O', 'O', 'O', 'O', 'B-LOC', 'O']","Showers and rain 0.25-1.00 inch ( 6-25 mm ) and locally heavier through most of central and south central India , up to 0.75 inch ( 19 mm ) in 75 percent of north central India , and only isolated up to 0.50 inch ( 13 mm ) elsewhere over India .","['Showers(O)', 'and(O)', 'rain(O)', '0.25-1.00(O)', 'inch(O)', '((O)', '6-25(O)', 'mm(O)', ')(O)', 'and(O)', 'locally(O)', 'heavier(O)', 'through(O)', 'most(O)', 'of(O)', 'central(O)', 'and(O)', 'south(O)', 'central(O)', 'India(B-LOC)', ',(O)', 'up(O)', 'to(O)', '0.75(O)', 'inch(O)', '((O)', '19(O)', 'mm(O)', ')(O)', 'in(O)', '75(O)', 'percent(O)', 'of(O)', 'north(O)', 'central(O)', 'India(B-LOC)', ',(O)', 'and(O)', 'only(O)', 'isolated(O)', 'up(O)', 'to(O)', '0.50(O)', 'inch(O)', '((O)', '13(O)', 'mm(O)', ')(O)', 'elsewhere(O)', 'over(O)', 'India(B-LOC)', '.(O)']","Showers(O) and(O) rain(O) 0.25-1.00(O) inch(O) ((O) 6-25(O) mm(O) )(O) and(O) locally(O) heavier(O) through(O) most(O) of(O) central(O) and(O) south(O) central(O) India(B-LOC) ,(O) up(O) to(O) 0.75(O) inch(O) ((O) 19(O) mm(O) )(O) in(O) 75(O) percent(O) of(O) north(O) central(O) India(B-LOC) ,(O) and(O) only(O) isolated(O) up(O) to(O) 0.50(O) inch(O) ((O) 13(O) mm(O) )(O) elsewhere(O) over(O) India(B-LOC) .(O)","Input: Showers and rain 0.25-1.00 inch ( 6-25 mm ) and locally heavier through most of central and south central India , up to 0.75 inch ( 19 mm ) in 75 percent of north central India , and only isolated up to 0.50 inch ( 13 mm ) elsewhere over India .
Output: Showers(O) and(O) rain(O) 0.25-1.00(O) inch(O) ((O) 6-25(O) mm(O) )(O) and(O) locally(O) heavier(O) through(O) most(O) of(O) central(O) and(O) south(O) central(O) India(B-LOC) ,(O) up(O) to(O) 0.75(O) inch(O) ((O) 19(O) mm(O) )(O) in(O) 75(O) percent(O) of(O) north(O) central(O) India(B-LOC) ,(O) and(O) only(O) isolated(O) up(O) to(O) 0.50(O) inch(O) ((O) 13(O) mm(O) )(O) elsewhere(O) over(O) India(B-LOC) .(O)"
2269,['129' 'Robert' 'Karlsson' '(' 'Sweden' ')' '67' '62'],"['O', 'B-PER', 'I-PER', 'O', 'B-LOC', 'O', 'O', 'O']",129 Robert Karlsson ( Sweden ) 67 62,"['129(O)', 'Robert(B-PER)', 'Karlsson(I-PER)', '((O)', 'Sweden(B-LOC)', ')(O)', '67(O)', '62(O)']",129(O) Robert(B-PER) Karlsson(I-PER) ((O) Sweden(B-LOC) )(O) 67(O) 62(O),"Input: 129 Robert Karlsson ( Sweden ) 67 62
Output: 129(O) Robert(B-PER) Karlsson(I-PER) ((O) Sweden(B-LOC) )(O) 67(O) 62(O)"
6447,['At' 'Headingley' ':' 'Match' 'drawn' '.'],"['O', 'B-LOC', 'O', 'O', 'O', 'O']",At Headingley : Match drawn .,"['At(O)', 'Headingley(B-LOC)', ':(O)', 'Match(O)', 'drawn(O)', '.(O)']",At(O) Headingley(B-LOC) :(O) Match(O) drawn(O) .(O),"Input: At Headingley : Match drawn .
Output: At(O) Headingley(B-LOC) :(O) Match(O) drawn(O) .(O)"
12555,['COLORADO' '70' '64' '.522' '4'],"['B-ORG', 'O', 'O', 'O', 'O']",COLORADO 70 64 .522 4,"['COLORADO(B-ORG)', '70(O)', '64(O)', '.522(O)', '4(O)']",COLORADO(B-ORG) 70(O) 64(O) .522(O) 4(O),"Input: COLORADO 70 64 .522 4
Output: COLORADO(B-ORG) 70(O) 64(O) .522(O) 4(O)"
12462,['NEW' 'YORK' '1996-08-29'],"['B-LOC', 'I-LOC', 'O']",NEW YORK 1996-08-29,"['NEW(B-LOC)', 'YORK(I-LOC)', '1996-08-29(O)']",NEW(B-LOC) YORK(I-LOC) 1996-08-29(O),"Input: NEW YORK 1996-08-29
Output: NEW(B-LOC) YORK(I-LOC) 1996-08-29(O)"
13438,"['China' '55,000-B']","['B-LOC', 'O']","China 55,000-B","['China(B-LOC)', '55,000-B(O)']","China(B-LOC) 55,000-B(O)","Input: China 55,000-B
Output: China(B-LOC) 55,000-B(O)"
12919,['Mexico' 'same-day' 'Cetes' 'rates' 'rise' 'on' 'nervousness' '.'],"['B-LOC', 'O', 'B-MISC', 'O', 'O', 'O', 'O', 'O']",Mexico same-day Cetes rates rise on nervousness .,"['Mexico(B-LOC)', 'same-day(O)', 'Cetes(B-MISC)', 'rates(O)', 'rise(O)', 'on(O)', 'nervousness(O)', '.(O)']",Mexico(B-LOC) same-day(O) Cetes(B-MISC) rates(O) rise(O) on(O) nervousness(O) .(O),"Input: Mexico same-day Cetes rates rise on nervousness .
Output: Mexico(B-LOC) same-day(O) Cetes(B-MISC) rates(O) rise(O) on(O) nervousness(O) .(O)"
3568,"['Bowling' '(' 'to' 'date' ')' ':' 'Lewis' '12-1-76-0' ',' 'Mullally'
 '22-6-56-2' ',']","['O', 'O', 'O', 'O', 'O', 'O', 'B-PER', 'O', 'O', 'B-PER', 'O', 'O']","Bowling ( to date ) : Lewis 12-1-76-0 , Mullally 22-6-56-2 ,","['Bowling(O)', '((O)', 'to(O)', 'date(O)', ')(O)', ':(O)', 'Lewis(B-PER)', '12-1-76-0(O)', ',(O)', 'Mullally(B-PER)', '22-6-56-2(O)', ',(O)']","Bowling(O) ((O) to(O) date(O) )(O) :(O) Lewis(B-PER) 12-1-76-0(O) ,(O) Mullally(B-PER) 22-6-56-2(O) ,(O)","Input: Bowling ( to date ) : Lewis 12-1-76-0 , Mullally 22-6-56-2 ,
Output: Bowling(O) ((O) to(O) date(O) )(O) :(O) Lewis(B-PER) 12-1-76-0(O) ,(O) Mullally(B-PER) 22-6-56-2(O) ,(O)"
6331,"['Ian' 'Rush' ',' 'the' 'Welsh' 'striker' 'signed' 'from' 'Liverpool' 'in'
 'the' 'close' 'season' ',' 'set' 'up' 'the' 'goal' ',' 'feeding' 'Sharpe'
 'as' 'he' 'galloped' 'forward' 'and' 'the' 'former' 'England' 'winger'
 'cut' 'inside' 'onto' 'his' 'unfavoured' 'right' 'foot' 'to' 'arc' 'a'
 'shot' 'into' 'the' 'right-hand' 'corner' 'of' 'the' 'net' '.']","['B-PER', 'I-PER', 'O', 'O', 'B-MISC', 'O', 'O', 'O', 'B-ORG', 'O', 'O', 'O', 'O', 'O', 'O', 'O', 'O', 'O', 'O', 'O', 'B-PER', 'O', 'O', 'O', 'O', 'O', 'O', 'O', 'B-LOC', 'O', 'O', 'O', 'O', 'O', 'O', 'O', 'O', 'O', 'O', 'O', 'O', 'O', 'O', 'O', 'O', 'O', 'O', 'O', 'O']","Ian Rush , the Welsh striker signed from Liverpool in the close season , set up the goal , feeding Sharpe as he galloped forward and the former England winger cut inside onto his unfavoured right foot to arc a shot into the right-hand corner of the net .","['Ian(B-PER)', 'Rush(I-PER)', ',(O)', 'the(O)', 'Welsh(B-MISC)', 'striker(O)', 'signed(O)', 'from(O)', 'Liverpool(B-ORG)', 'in(O)', 'the(O)', 'close(O)', 'season(O)', ',(O)', 'set(O)', 'up(O)', 'the(O)', 'goal(O)', ',(O)', 'feeding(O)', 'Sharpe(B-PER)', 'as(O)', 'he(O)', 'galloped(O)', 'forward(O)', 'and(O)', 'the(O)', 'former(O)', 'England(B-LOC)', 'winger(O)', 'cut(O)', 'inside(O)', 'onto(O)', 'his(O)', 'unfavoured(O)', 'right(O)', 'foot(O)', 'to(O)', 'arc(O)', 'a(O)', 'shot(O)', 'into(O)', 'the(O)', 'right-hand(O)', 'corner(O)', 'of(O)', 'the(O)', 'net(O)', '.(O)']","Ian(B-PER) Rush(I-PER) ,(O) the(O) Welsh(B-MISC) striker(O) signed(O) from(O) Liverpool(B-ORG) in(O) the(O) close(O) season(O) ,(O) set(O) up(O) the(O) goal(O) ,(O) feeding(O) Sharpe(B-PER) as(O) he(O) galloped(O) forward(O) and(O) the(O) former(O) England(B-LOC) winger(O) cut(O) inside(O) onto(O) his(O) unfavoured(O) right(O) foot(O) to(O) arc(O) a(O) shot(O) into(O) the(O) right-hand(O) corner(O) of(O) the(O) net(O) .(O)","Input: Ian Rush , the Welsh striker signed from Liverpool in the close season , set up the goal , feeding Sharpe as he galloped forward and the former England winger cut inside onto his unfavoured right foot to arc a shot into the right-hand corner of the net .
Output: Ian(B-PER) Rush(I-PER) ,(O) the(O) Welsh(B-MISC) striker(O) signed(O) from(O) Liverpool(B-ORG) in(O) the(O) close(O) season(O) ,(O) set(O) up(O) the(O) goal(O) ,(O) feeding(O) Sharpe(B-PER) as(O) he(O) galloped(O) forward(O) and(O) the(O) former(O) England(B-LOC) winger(O) cut(O) inside(O) onto(O) his(O) unfavoured(O) right(O) foot(O) to(O) arc(O) a(O) shot(O) into(O) the(O) right-hand(O) corner(O) of(O) the(O) net(O) .(O)"
4945,['West' 'Ham' '3' '1' '1' '1' '3' '4' '4'],"['B-ORG', 'I-ORG', 'O', 'O', 'O', 'O', 'O', 'O', 'O']",West Ham 3 1 1 1 3 4 4,"['West(B-ORG)', 'Ham(I-ORG)', '3(O)', '1(O)', '1(O)', '1(O)', '3(O)', '4(O)', '4(O)']",West(B-ORG) Ham(I-ORG) 3(O) 1(O) 1(O) 1(O) 3(O) 4(O) 4(O),"Input: West Ham 3 1 1 1 3 4 4
Output: West(B-ORG) Ham(I-ORG) 3(O) 1(O) 1(O) 1(O) 3(O) 4(O) 4(O)"
6695,['1.' 'Ujpest' 'TE' '3' '3' '-' '-' '10' '2' '9'],"['O', 'B-ORG', 'I-ORG', 'O', 'O', 'O', 'O', 'O', 'O', 'O']",1. Ujpest TE 3 3 - - 10 2 9,"['1.(O)', 'Ujpest(B-ORG)', 'TE(I-ORG)', '3(O)', '3(O)', '-(O)', '-(O)', '10(O)', '2(O)', '9(O)']",1.(O) Ujpest(B-ORG) TE(I-ORG) 3(O) 3(O) -(O) -(O) 10(O) 2(O) 9(O),"Input: 1. Ujpest TE 3 3 - - 10 2 9
Output: 1.(O) Ujpest(B-ORG) TE(I-ORG) 3(O) 3(O) -(O) -(O) 10(O) 2(O) 9(O)"
7329,"['Interfax' 'said' 'Yastrezhembsky' 'did' 'not' 'exclude' 'that' 'Yeltsin'
 'could' 'spend' 'some' 'time' 'in' 'other' 'places' '.']","['B-ORG', 'O', 'B-PER', 'O', 'O', 'O', 'O', 'B-PER', 'O', 'O', 'O', 'O', 'O', 'O', 'O', 'O']",Interfax said Yastrezhembsky did not exclude that Yeltsin could spend some time in other places .,"['Interfax(B-ORG)', 'said(O)', 'Yastrezhembsky(B-PER)', 'did(O)', 'not(O)', 'exclude(O)', 'that(O)', 'Yeltsin(B-PER)', 'could(O)', 'spend(O)', 'some(O)', 'time(O)', 'in(O)', 'other(O)', 'places(O)', '.(O)']",Interfax(B-ORG) said(O) Yastrezhembsky(B-PER) did(O) not(O) exclude(O) that(O) Yeltsin(B-PER) could(O) spend(O) some(O) time(O) in(O) other(O) places(O) .(O),"Input: Interfax said Yastrezhembsky did not exclude that Yeltsin could spend some time in other places .
Output: Interfax(B-ORG) said(O) Yastrezhembsky(B-PER) did(O) not(O) exclude(O) that(O) Yeltsin(B-PER) could(O) spend(O) some(O) time(O) in(O) other(O) places(O) .(O)"
5918,"['""' 'This' 'whole' 'thing' 'is' 'utterly' 'useless' ',' 'it' 'does' ""n't""
 'help' 'us' 'at' 'all' '.']","['O', 'O', 'O', 'O', 'O', 'O', 'O', 'O', 'O', 'O', 'O', 'O', 'O', 'O', 'O', 'O']",""" This whole thing is utterly useless , it does n't help us at all .","['""(O)', 'This(O)', 'whole(O)', 'thing(O)', 'is(O)', 'utterly(O)', 'useless(O)', ',(O)', 'it(O)', 'does(O)', ""n't(O)"", 'help(O)', 'us(O)', 'at(O)', 'all(O)', '.(O)']","""(O) This(O) whole(O) thing(O) is(O) utterly(O) useless(O) ,(O) it(O) does(O) n't(O) help(O) us(O) at(O) all(O) .(O)","Input: "" This whole thing is utterly useless , it does n't help us at all .
Output: ""(O) This(O) whole(O) thing(O) is(O) utterly(O) useless(O) ,(O) it(O) does(O) n't(O) help(O) us(O) at(O) all(O) .(O)"
327,['68' 'Steve' 'Stricker'],"['O', 'B-PER', 'I-PER']",68 Steve Stricker,"['68(O)', 'Steve(B-PER)', 'Stricker(I-PER)']",68(O) Steve(B-PER) Stricker(I-PER),"Input: 68 Steve Stricker
Output: 68(O) Steve(B-PER) Stricker(I-PER)"
11307,['Year' 'to' 'June' '30'],"['O', 'O', 'O', 'O']",Year to June 30,"['Year(O)', 'to(O)', 'June(O)', '30(O)']",Year(O) to(O) June(O) 30(O),"Input: Year to June 30
Output: Year(O) to(O) June(O) 30(O)"
8097,"['""' 'I' 'do' 'often' 'hear' 'on' 'the' 'industry' 'circuit' 'of' 'tales'
 'where' 'the' 'company' 'tenders' 'at' 'low' 'margins' 'and' 'the'
 'demonstrations' 'which' 'follow' 'means' 'they' 'are' 'running' 'the'
 'project' 'at' 'a' 'loss' '.' '""']","['O', 'O', 'O', 'O', 'O', 'O', 'O', 'O', 'O', 'O', 'O', 'O', 'O', 'O', 'O', 'O', 'O', 'O', 'O', 'O', 'O', 'O', 'O', 'O', 'O', 'O', 'O', 'O', 'O', 'O', 'O', 'O', 'O', 'O']",""" I do often hear on the industry circuit of tales where the company tenders at low margins and the demonstrations which follow means they are running the project at a loss . ""","['""(O)', 'I(O)', 'do(O)', 'often(O)', 'hear(O)', 'on(O)', 'the(O)', 'industry(O)', 'circuit(O)', 'of(O)', 'tales(O)', 'where(O)', 'the(O)', 'company(O)', 'tenders(O)', 'at(O)', 'low(O)', 'margins(O)', 'and(O)', 'the(O)', 'demonstrations(O)', 'which(O)', 'follow(O)', 'means(O)', 'they(O)', 'are(O)', 'running(O)', 'the(O)', 'project(O)', 'at(O)', 'a(O)', 'loss(O)', '.(O)', '""(O)']","""(O) I(O) do(O) often(O) hear(O) on(O) the(O) industry(O) circuit(O) of(O) tales(O) where(O) the(O) company(O) tenders(O) at(O) low(O) margins(O) and(O) the(O) demonstrations(O) which(O) follow(O) means(O) they(O) are(O) running(O) the(O) project(O) at(O) a(O) loss(O) .(O) ""(O)","Input: "" I do often hear on the industry circuit of tales where the company tenders at low margins and the demonstrations which follow means they are running the project at a loss . ""
Output: ""(O) I(O) do(O) often(O) hear(O) on(O) the(O) industry(O) circuit(O) of(O) tales(O) where(O) the(O) company(O) tenders(O) at(O) low(O) margins(O) and(O) the(O) demonstrations(O) which(O) follow(O) means(O) they(O) are(O) running(O) the(O) project(O) at(O) a(O) loss(O) .(O) ""(O)"
12242,['8.' 'Bart' 'Voskamp' '(' 'Netherlands' ')' 'TVM' '53'],"['O', 'B-PER', 'I-PER', 'O', 'B-LOC', 'O', 'B-ORG', 'O']",8. Bart Voskamp ( Netherlands ) TVM 53,"['8.(O)', 'Bart(B-PER)', 'Voskamp(I-PER)', '((O)', 'Netherlands(B-LOC)', ')(O)', 'TVM(B-ORG)', '53(O)']",8.(O) Bart(B-PER) Voskamp(I-PER) ((O) Netherlands(B-LOC) )(O) TVM(B-ORG) 53(O),"Input: 8. Bart Voskamp ( Netherlands ) TVM 53
Output: 8.(O) Bart(B-PER) Voskamp(I-PER) ((O) Netherlands(B-LOC) )(O) TVM(B-ORG) 53(O)"
2018,"['But' 'I' ""'m"" 'still' 'competing' 'well' '.' '""']","['O', 'O', 'O', 'O', 'O', 'O', 'O', 'O']","But I 'm still competing well . ""","['But(O)', 'I(O)', ""'m(O)"", 'still(O)', 'competing(O)', 'well(O)', '.(O)', '""(O)']","But(O) I(O) 'm(O) still(O) competing(O) well(O) .(O) ""(O)","Input: But I 'm still competing well . ""
Output: But(O) I(O) 'm(O) still(O) competing(O) well(O) .(O) ""(O)"
6979,"['""' 'But' 'there' 'are' 'so' 'many' 'reasons' 'to' 'play' ','
 'especially' 'spectators' 'and' 'the' 'kids' 'who' 'come' 'out' 'here'
 'and' 'want' 'to' 'enjoy' 'watching' 'tennis' ',' 'that' 'I' 'decided'
 'to' 'stay' '.' '""']","['O', 'O', 'O', 'O', 'O', 'O', 'O', 'O', 'O', 'O', 'O', 'O', 'O', 'O', 'O', 'O', 'O', 'O', 'O', 'O', 'O', 'O', 'O', 'O', 'O', 'O', 'O', 'O', 'O', 'O', 'O', 'O', 'O']",""" But there are so many reasons to play , especially spectators and the kids who come out here and want to enjoy watching tennis , that I decided to stay . ""","['""(O)', 'But(O)', 'there(O)', 'are(O)', 'so(O)', 'many(O)', 'reasons(O)', 'to(O)', 'play(O)', ',(O)', 'especially(O)', 'spectators(O)', 'and(O)', 'the(O)', 'kids(O)', 'who(O)', 'come(O)', 'out(O)', 'here(O)', 'and(O)', 'want(O)', 'to(O)', 'enjoy(O)', 'watching(O)', 'tennis(O)', ',(O)', 'that(O)', 'I(O)', 'decided(O)', 'to(O)', 'stay(O)', '.(O)', '""(O)']","""(O) But(O) there(O) are(O) so(O) many(O) reasons(O) to(O) play(O) ,(O) especially(O) spectators(O) and(O) the(O) kids(O) who(O) come(O) out(O) here(O) and(O) want(O) to(O) enjoy(O) watching(O) tennis(O) ,(O) that(O) I(O) decided(O) to(O) stay(O) .(O) ""(O)","Input: "" But there are so many reasons to play , especially spectators and the kids who come out here and want to enjoy watching tennis , that I decided to stay . ""
Output: ""(O) But(O) there(O) are(O) so(O) many(O) reasons(O) to(O) play(O) ,(O) especially(O) spectators(O) and(O) the(O) kids(O) who(O) come(O) out(O) here(O) and(O) want(O) to(O) enjoy(O) watching(O) tennis(O) ,(O) that(O) I(O) decided(O) to(O) stay(O) .(O) ""(O)"
3105,"['A' 'Vietnamese' 'man' 'who' 'tried' 'to' 'take' 'a' 'snooze' 'in' 'a'
 'railway' 'boxcar' 'in' 'Canada' 'found' 'himself' 'locked' 'in' 'and'
 'bound' 'for' 'Alaska' 'with' 'no' 'food' 'or' 'water' '.']","['O', 'B-MISC', 'O', 'O', 'O', 'O', 'O', 'O', 'O', 'O', 'O', 'O', 'O', 'O', 'B-LOC', 'O', 'O', 'O', 'O', 'O', 'O', 'O', 'B-LOC', 'O', 'O', 'O', 'O', 'O', 'O']",A Vietnamese man who tried to take a snooze in a railway boxcar in Canada found himself locked in and bound for Alaska with no food or water .,"['A(O)', 'Vietnamese(B-MISC)', 'man(O)', 'who(O)', 'tried(O)', 'to(O)', 'take(O)', 'a(O)', 'snooze(O)', 'in(O)', 'a(O)', 'railway(O)', 'boxcar(O)', 'in(O)', 'Canada(B-LOC)', 'found(O)', 'himself(O)', 'locked(O)', 'in(O)', 'and(O)', 'bound(O)', 'for(O)', 'Alaska(B-LOC)', 'with(O)', 'no(O)', 'food(O)', 'or(O)', 'water(O)', '.(O)']",A(O) Vietnamese(B-MISC) man(O) who(O) tried(O) to(O) take(O) a(O) snooze(O) in(O) a(O) railway(O) boxcar(O) in(O) Canada(B-LOC) found(O) himself(O) locked(O) in(O) and(O) bound(O) for(O) Alaska(B-LOC) with(O) no(O) food(O) or(O) water(O) .(O),"Input: A Vietnamese man who tried to take a snooze in a railway boxcar in Canada found himself locked in and bound for Alaska with no food or water .
Output: A(O) Vietnamese(B-MISC) man(O) who(O) tried(O) to(O) take(O) a(O) snooze(O) in(O) a(O) railway(O) boxcar(O) in(O) Canada(B-LOC) found(O) himself(O) locked(O) in(O) and(O) bound(O) for(O) Alaska(B-LOC) with(O) no(O) food(O) or(O) water(O) .(O)"
10640,"['Becanovic' '(' 'Lille' ')' ',' 'Alain' 'Caveglia' '(' 'Lyon' ')' ','
 'Xavier' 'Gravelaine']","['B-PER', 'O', 'B-ORG', 'O', 'O', 'B-PER', 'I-PER', 'O', 'B-ORG', 'O', 'O', 'B-PER', 'I-PER']","Becanovic ( Lille ) , Alain Caveglia ( Lyon ) , Xavier Gravelaine","['Becanovic(B-PER)', '((O)', 'Lille(B-ORG)', ')(O)', ',(O)', 'Alain(B-PER)', 'Caveglia(I-PER)', '((O)', 'Lyon(B-ORG)', ')(O)', ',(O)', 'Xavier(B-PER)', 'Gravelaine(I-PER)']","Becanovic(B-PER) ((O) Lille(B-ORG) )(O) ,(O) Alain(B-PER) Caveglia(I-PER) ((O) Lyon(B-ORG) )(O) ,(O) Xavier(B-PER) Gravelaine(I-PER)","Input: Becanovic ( Lille ) , Alain Caveglia ( Lyon ) , Xavier Gravelaine
Output: Becanovic(B-PER) ((O) Lille(B-ORG) )(O) ,(O) Alain(B-PER) Caveglia(I-PER) ((O) Lyon(B-ORG) )(O) ,(O) Xavier(B-PER) Gravelaine(I-PER)"
2646,['LONDON' '1996-08-23'],"['B-LOC', 'O']",LONDON 1996-08-23,"['LONDON(B-LOC)', '1996-08-23(O)']",LONDON(B-LOC) 1996-08-23(O),"Input: LONDON 1996-08-23
Output: LONDON(B-LOC) 1996-08-23(O)"
7904,['--' 'Paris' 'Newsroom' '+33' '1' '4221' '5452'],"['O', 'B-ORG', 'I-ORG', 'O', 'O', 'O', 'O']",-- Paris Newsroom +33 1 4221 5452,"['--(O)', 'Paris(B-ORG)', 'Newsroom(I-ORG)', '+33(O)', '1(O)', '4221(O)', '5452(O)']",--(O) Paris(B-ORG) Newsroom(I-ORG) +33(O) 1(O) 4221(O) 5452(O),"Input: -- Paris Newsroom +33 1 4221 5452
Output: --(O) Paris(B-ORG) Newsroom(I-ORG) +33(O) 1(O) 4221(O) 5452(O)"
13130,"['In' 'a' 'written' 'statement' ',' 'distributed' 'by' 'the' 'Clinton'
 'campaign' ',' 'Morris' 'avoided' 'comment' 'on' 'published'
 'allegations' 'that' 'he' 'had' 'engaged' 'in' 'a' 'year-long' 'affair'
 'with' 'a' '$' '200-an-hour' 'prostitute' '.']","['O', 'O', 'O', 'O', 'O', 'O', 'O', 'O', 'B-PER', 'O', 'O', 'B-PER', 'O', 'O', 'O', 'O', 'O', 'O', 'O', 'O', 'O', 'O', 'O', 'O', 'O', 'O', 'O', 'O', 'O', 'O', 'O']","In a written statement , distributed by the Clinton campaign , Morris avoided comment on published allegations that he had engaged in a year-long affair with a $ 200-an-hour prostitute .","['In(O)', 'a(O)', 'written(O)', 'statement(O)', ',(O)', 'distributed(O)', 'by(O)', 'the(O)', 'Clinton(B-PER)', 'campaign(O)', ',(O)', 'Morris(B-PER)', 'avoided(O)', 'comment(O)', 'on(O)', 'published(O)', 'allegations(O)', 'that(O)', 'he(O)', 'had(O)', 'engaged(O)', 'in(O)', 'a(O)', 'year-long(O)', 'affair(O)', 'with(O)', 'a(O)', '$(O)', '200-an-hour(O)', 'prostitute(O)', '.(O)']","In(O) a(O) written(O) statement(O) ,(O) distributed(O) by(O) the(O) Clinton(B-PER) campaign(O) ,(O) Morris(B-PER) avoided(O) comment(O) on(O) published(O) allegations(O) that(O) he(O) had(O) engaged(O) in(O) a(O) year-long(O) affair(O) with(O) a(O) $(O) 200-an-hour(O) prostitute(O) .(O)","Input: In a written statement , distributed by the Clinton campaign , Morris avoided comment on published allegations that he had engaged in a year-long affair with a $ 200-an-hour prostitute .
Output: In(O) a(O) written(O) statement(O) ,(O) distributed(O) by(O) the(O) Clinton(B-PER) campaign(O) ,(O) Morris(B-PER) avoided(O) comment(O) on(O) published(O) allegations(O) that(O) he(O) had(O) engaged(O) in(O) a(O) year-long(O) affair(O) with(O) a(O) $(O) 200-an-hour(O) prostitute(O) .(O)"
9572,['M2' 'money' 'supply' '(' 'bln' 'taka' ')' '456.8' '439.9' '422.1'],"['O', 'O', 'O', 'O', 'O', 'O', 'O', 'O', 'O', 'O']",M2 money supply ( bln taka ) 456.8 439.9 422.1,"['M2(O)', 'money(O)', 'supply(O)', '((O)', 'bln(O)', 'taka(O)', ')(O)', '456.8(O)', '439.9(O)', '422.1(O)']",M2(O) money(O) supply(O) ((O) bln(O) taka(O) )(O) 456.8(O) 439.9(O) 422.1(O),"Input: M2 money supply ( bln taka ) 456.8 439.9 422.1
Output: M2(O) money(O) supply(O) ((O) bln(O) taka(O) )(O) 456.8(O) 439.9(O) 422.1(O)"
10973,"['HARLEYSVILLE' ',' 'Pa' '.']","['B-LOC', 'O', 'B-LOC', 'O']","HARLEYSVILLE , Pa .","['HARLEYSVILLE(B-LOC)', ',(O)', 'Pa(B-LOC)', '.(O)']","HARLEYSVILLE(B-LOC) ,(O) Pa(B-LOC) .(O)","Input: HARLEYSVILLE , Pa .
Output: HARLEYSVILLE(B-LOC) ,(O) Pa(B-LOC) .(O)"
13847,['Deficit' '/' 'surplus' 'May' '-' '215.0' '-' '269.3' '-' '248.3' '-' '-'],"['O', 'O', 'O', 'O', 'O', 'O', 'O', 'O', 'O', 'O', 'O', 'O']",Deficit / surplus May - 215.0 - 269.3 - 248.3 - -,"['Deficit(O)', '/(O)', 'surplus(O)', 'May(O)', '-(O)', '215.0(O)', '-(O)', '269.3(O)', '-(O)', '248.3(O)', '-(O)', '-(O)']",Deficit(O) /(O) surplus(O) May(O) -(O) 215.0(O) -(O) 269.3(O) -(O) 248.3(O) -(O) -(O),"Input: Deficit / surplus May - 215.0 - 269.3 - 248.3 - -
Output: Deficit(O) /(O) surplus(O) May(O) -(O) 215.0(O) -(O) 269.3(O) -(O) 248.3(O) -(O) -(O)"
10348,['NEW' 'YORK' '1996-08-28'],"['B-LOC', 'I-LOC', 'O']",NEW YORK 1996-08-28,"['NEW(B-LOC)', 'YORK(I-LOC)', '1996-08-28(O)']",NEW(B-LOC) YORK(I-LOC) 1996-08-28(O),"Input: NEW YORK 1996-08-28
Output: NEW(B-LOC) YORK(I-LOC) 1996-08-28(O)"
1375,"['Egypt' 'says' 'the' 'Sudanese' 'government' 'helped' 'the' 'Moslem'
 'militants' 'who' 'tried' 'to' 'kill' 'Mubarak' 'in' 'Addis' 'Ababa'
 'last' 'year' '.']","['B-LOC', 'O', 'O', 'B-MISC', 'O', 'O', 'O', 'B-MISC', 'O', 'O', 'O', 'O', 'O', 'B-PER', 'O', 'B-LOC', 'I-LOC', 'O', 'O', 'O']",Egypt says the Sudanese government helped the Moslem militants who tried to kill Mubarak in Addis Ababa last year .,"['Egypt(B-LOC)', 'says(O)', 'the(O)', 'Sudanese(B-MISC)', 'government(O)', 'helped(O)', 'the(O)', 'Moslem(B-MISC)', 'militants(O)', 'who(O)', 'tried(O)', 'to(O)', 'kill(O)', 'Mubarak(B-PER)', 'in(O)', 'Addis(B-LOC)', 'Ababa(I-LOC)', 'last(O)', 'year(O)', '.(O)']",Egypt(B-LOC) says(O) the(O) Sudanese(B-MISC) government(O) helped(O) the(O) Moslem(B-MISC) militants(O) who(O) tried(O) to(O) kill(O) Mubarak(B-PER) in(O) Addis(B-LOC) Ababa(I-LOC) last(O) year(O) .(O),"Input: Egypt says the Sudanese government helped the Moslem militants who tried to kill Mubarak in Addis Ababa last year .
Output: Egypt(B-LOC) says(O) the(O) Sudanese(B-MISC) government(O) helped(O) the(O) Moslem(B-MISC) militants(O) who(O) tried(O) to(O) kill(O) Mubarak(B-PER) in(O) Addis(B-LOC) Ababa(I-LOC) last(O) year(O) .(O)"
13415,['DUBAI' '1996-08-29'],"['B-LOC', 'O']",DUBAI 1996-08-29,"['DUBAI(B-LOC)', '1996-08-29(O)']",DUBAI(B-LOC) 1996-08-29(O),"Input: DUBAI 1996-08-29
Output: DUBAI(B-LOC) 1996-08-29(O)"
2540,['x' 'indicates' 'seeded' 'teams' '.'],"['O', 'O', 'O', 'O', 'O']",x indicates seeded teams .,"['x(O)', 'indicates(O)', 'seeded(O)', 'teams(O)', '.(O)']",x(O) indicates(O) seeded(O) teams(O) .(O),"Input: x indicates seeded teams .
Output: x(O) indicates(O) seeded(O) teams(O) .(O)"
12119,['Iran' 'asks' 'Bonn' 'to' 'extradite' 'ex-president' 'Banisadr' '.'],"['B-LOC', 'O', 'B-LOC', 'O', 'O', 'O', 'B-PER', 'O']",Iran asks Bonn to extradite ex-president Banisadr .,"['Iran(B-LOC)', 'asks(O)', 'Bonn(B-LOC)', 'to(O)', 'extradite(O)', 'ex-president(O)', 'Banisadr(B-PER)', '.(O)']",Iran(B-LOC) asks(O) Bonn(B-LOC) to(O) extradite(O) ex-president(O) Banisadr(B-PER) .(O),"Input: Iran asks Bonn to extradite ex-president Banisadr .
Output: Iran(B-LOC) asks(O) Bonn(B-LOC) to(O) extradite(O) ex-president(O) Banisadr(B-PER) .(O)"
11418,['1996A'],['O'],1996A,['1996A(O)'],1996A(O),"Input: 1996A
Output: 1996A(O)"
12202,['PARIS' '1996-08-29'],"['B-LOC', 'O']",PARIS 1996-08-29,"['PARIS(B-LOC)', '1996-08-29(O)']",PARIS(B-LOC) 1996-08-29(O),"Input: PARIS 1996-08-29
Output: PARIS(B-LOC) 1996-08-29(O)"
8259,['Doncaster' '3' '0' '1' '2' '1' '3' '1'],"['B-ORG', 'O', 'O', 'O', 'O', 'O', 'O', 'O']",Doncaster 3 0 1 2 1 3 1,"['Doncaster(B-ORG)', '3(O)', '0(O)', '1(O)', '2(O)', '1(O)', '3(O)', '1(O)']",Doncaster(B-ORG) 3(O) 0(O) 1(O) 2(O) 1(O) 3(O) 1(O),"Input: Doncaster 3 0 1 2 1 3 1
Output: Doncaster(B-ORG) 3(O) 0(O) 1(O) 2(O) 1(O) 3(O) 1(O)"
6251,['When' 'we' 'bought' 'the' 'shares' 'we' 'bought' '...'],"['O', 'O', 'O', 'O', 'O', 'O', 'O', 'O']",When we bought the shares we bought ...,"['When(O)', 'we(O)', 'bought(O)', 'the(O)', 'shares(O)', 'we(O)', 'bought(O)', '...(O)']",When(O) we(O) bought(O) the(O) shares(O) we(O) bought(O) ...(O),"Input: When we bought the shares we bought ...
Output: When(O) we(O) bought(O) the(O) shares(O) we(O) bought(O) ...(O)"
11938,"['Dealers' 'said' 'the' 'market' 'seemed' 'to' 'be' 'trading' 'a' 'range'
 'and' 'would' 'wait' 'for' 'more' 'political' 'polls' 'to' 'provide'
 'direction' '.']","['O', 'O', 'O', 'O', 'O', 'O', 'O', 'O', 'O', 'O', 'O', 'O', 'O', 'O', 'O', 'O', 'O', 'O', 'O', 'O', 'O']",Dealers said the market seemed to be trading a range and would wait for more political polls to provide direction .,"['Dealers(O)', 'said(O)', 'the(O)', 'market(O)', 'seemed(O)', 'to(O)', 'be(O)', 'trading(O)', 'a(O)', 'range(O)', 'and(O)', 'would(O)', 'wait(O)', 'for(O)', 'more(O)', 'political(O)', 'polls(O)', 'to(O)', 'provide(O)', 'direction(O)', '.(O)']",Dealers(O) said(O) the(O) market(O) seemed(O) to(O) be(O) trading(O) a(O) range(O) and(O) would(O) wait(O) for(O) more(O) political(O) polls(O) to(O) provide(O) direction(O) .(O),"Input: Dealers said the market seemed to be trading a range and would wait for more political polls to provide direction .
Output: Dealers(O) said(O) the(O) market(O) seemed(O) to(O) be(O) trading(O) a(O) range(O) and(O) would(O) wait(O) for(O) more(O) political(O) polls(O) to(O) provide(O) direction(O) .(O)"
6619,['Dnipro' '6' '4' '1' '1' '13' '6' '13'],"['B-ORG', 'O', 'O', 'O', 'O', 'O', 'O', 'O']",Dnipro 6 4 1 1 13 6 13,"['Dnipro(B-ORG)', '6(O)', '4(O)', '1(O)', '1(O)', '13(O)', '6(O)', '13(O)']",Dnipro(B-ORG) 6(O) 4(O) 1(O) 1(O) 13(O) 6(O) 13(O),"Input: Dnipro 6 4 1 1 13 6 13
Output: Dnipro(B-ORG) 6(O) 4(O) 1(O) 1(O) 13(O) 6(O) 13(O)"
2195,['LISBON' '1996-08-23'],"['B-LOC', 'O']",LISBON 1996-08-23,"['LISBON(B-LOC)', '1996-08-23(O)']",LISBON(B-LOC) 1996-08-23(O),"Input: LISBON 1996-08-23
Output: LISBON(B-LOC) 1996-08-23(O)"
5005,"['Bowling' ':' 'Lewis' '23-3-112-0' ',' 'Mullally' '37.1-7-97-3' ','
 'Croft']","['O', 'O', 'B-PER', 'O', 'O', 'B-PER', 'O', 'O', 'B-PER']","Bowling : Lewis 23-3-112-0 , Mullally 37.1-7-97-3 , Croft","['Bowling(O)', ':(O)', 'Lewis(B-PER)', '23-3-112-0(O)', ',(O)', 'Mullally(B-PER)', '37.1-7-97-3(O)', ',(O)', 'Croft(B-PER)']","Bowling(O) :(O) Lewis(B-PER) 23-3-112-0(O) ,(O) Mullally(B-PER) 37.1-7-97-3(O) ,(O) Croft(B-PER)","Input: Bowling : Lewis 23-3-112-0 , Mullally 37.1-7-97-3 , Croft
Output: Bowling(O) :(O) Lewis(B-PER) 23-3-112-0(O) ,(O) Mullally(B-PER) 37.1-7-97-3(O) ,(O) Croft(B-PER)"
10400,"['Linda' 'Wild' '(' 'U.S.' ')' 'beat' 'Kristie' 'Boogert' '('
 'Netherlands' ')' '5-7' '6-3' '6-3']","['B-PER', 'I-PER', 'O', 'B-LOC', 'O', 'O', 'B-PER', 'I-PER', 'O', 'B-LOC', 'O', 'O', 'O', 'O']",Linda Wild ( U.S. ) beat Kristie Boogert ( Netherlands ) 5-7 6-3 6-3,"['Linda(B-PER)', 'Wild(I-PER)', '((O)', 'U.S.(B-LOC)', ')(O)', 'beat(O)', 'Kristie(B-PER)', 'Boogert(I-PER)', '((O)', 'Netherlands(B-LOC)', ')(O)', '5-7(O)', '6-3(O)', '6-3(O)']",Linda(B-PER) Wild(I-PER) ((O) U.S.(B-LOC) )(O) beat(O) Kristie(B-PER) Boogert(I-PER) ((O) Netherlands(B-LOC) )(O) 5-7(O) 6-3(O) 6-3(O),"Input: Linda Wild ( U.S. ) beat Kristie Boogert ( Netherlands ) 5-7 6-3 6-3
Output: Linda(B-PER) Wild(I-PER) ((O) U.S.(B-LOC) )(O) beat(O) Kristie(B-PER) Boogert(I-PER) ((O) Netherlands(B-LOC) )(O) 5-7(O) 6-3(O) 6-3(O)"
7540,"['FBI' 'Director' 'Louis' 'Freeh' ',' 'who' 'has' 'twice' 'visited'
 'Saudi' 'Arabia' 'to' 'seek' 'improved' 'cooperation' 'with' 'Saudi'
 'investigators' ',' 'told' 'the' 'committee' 'he' 'was' 'not' 'entirely'
 'satisfied' 'with' 'Saudi' 'cooperation' 'on' 'the' 'Dhahran' 'bomb'
 'and' 'a' 'previous' 'bomb' 'attack' 'in' 'Riyadh' '.']","['B-ORG', 'O', 'B-PER', 'I-PER', 'O', 'O', 'O', 'O', 'O', 'B-LOC', 'I-LOC', 'O', 'O', 'O', 'O', 'O', 'B-MISC', 'O', 'O', 'O', 'O', 'O', 'O', 'O', 'O', 'O', 'O', 'O', 'B-MISC', 'O', 'O', 'O', 'B-LOC', 'O', 'O', 'O', 'O', 'O', 'O', 'O', 'B-LOC', 'O']","FBI Director Louis Freeh , who has twice visited Saudi Arabia to seek improved cooperation with Saudi investigators , told the committee he was not entirely satisfied with Saudi cooperation on the Dhahran bomb and a previous bomb attack in Riyadh .","['FBI(B-ORG)', 'Director(O)', 'Louis(B-PER)', 'Freeh(I-PER)', ',(O)', 'who(O)', 'has(O)', 'twice(O)', 'visited(O)', 'Saudi(B-LOC)', 'Arabia(I-LOC)', 'to(O)', 'seek(O)', 'improved(O)', 'cooperation(O)', 'with(O)', 'Saudi(B-MISC)', 'investigators(O)', ',(O)', 'told(O)', 'the(O)', 'committee(O)', 'he(O)', 'was(O)', 'not(O)', 'entirely(O)', 'satisfied(O)', 'with(O)', 'Saudi(B-MISC)', 'cooperation(O)', 'on(O)', 'the(O)', 'Dhahran(B-LOC)', 'bomb(O)', 'and(O)', 'a(O)', 'previous(O)', 'bomb(O)', 'attack(O)', 'in(O)', 'Riyadh(B-LOC)', '.(O)']","FBI(B-ORG) Director(O) Louis(B-PER) Freeh(I-PER) ,(O) who(O) has(O) twice(O) visited(O) Saudi(B-LOC) Arabia(I-LOC) to(O) seek(O) improved(O) cooperation(O) with(O) Saudi(B-MISC) investigators(O) ,(O) told(O) the(O) committee(O) he(O) was(O) not(O) entirely(O) satisfied(O) with(O) Saudi(B-MISC) cooperation(O) on(O) the(O) Dhahran(B-LOC) bomb(O) and(O) a(O) previous(O) bomb(O) attack(O) in(O) Riyadh(B-LOC) .(O)","Input: FBI Director Louis Freeh , who has twice visited Saudi Arabia to seek improved cooperation with Saudi investigators , told the committee he was not entirely satisfied with Saudi cooperation on the Dhahran bomb and a previous bomb attack in Riyadh .
Output: FBI(B-ORG) Director(O) Louis(B-PER) Freeh(I-PER) ,(O) who(O) has(O) twice(O) visited(O) Saudi(B-LOC) Arabia(I-LOC) to(O) seek(O) improved(O) cooperation(O) with(O) Saudi(B-MISC) investigators(O) ,(O) told(O) the(O) committee(O) he(O) was(O) not(O) entirely(O) satisfied(O) with(O) Saudi(B-MISC) cooperation(O) on(O) the(O) Dhahran(B-LOC) bomb(O) and(O) a(O) previous(O) bomb(O) attack(O) in(O) Riyadh(B-LOC) .(O)"
6135,"['""' 'Dutroux' 'has' 'admitted' 'killing' 'Weinstein' 'after' 'a'
 'disagreement' 'between' 'the' 'accomplices' 'in' 'an' 'affair' 'of'
 'truck' 'theft' ',' '""' 'Bourlet' 'said' '.']","['O', 'B-PER', 'O', 'O', 'O', 'B-PER', 'O', 'O', 'O', 'O', 'O', 'O', 'O', 'O', 'O', 'O', 'O', 'O', 'O', 'O', 'B-PER', 'O', 'O']",""" Dutroux has admitted killing Weinstein after a disagreement between the accomplices in an affair of truck theft , "" Bourlet said .","['""(O)', 'Dutroux(B-PER)', 'has(O)', 'admitted(O)', 'killing(O)', 'Weinstein(B-PER)', 'after(O)', 'a(O)', 'disagreement(O)', 'between(O)', 'the(O)', 'accomplices(O)', 'in(O)', 'an(O)', 'affair(O)', 'of(O)', 'truck(O)', 'theft(O)', ',(O)', '""(O)', 'Bourlet(B-PER)', 'said(O)', '.(O)']","""(O) Dutroux(B-PER) has(O) admitted(O) killing(O) Weinstein(B-PER) after(O) a(O) disagreement(O) between(O) the(O) accomplices(O) in(O) an(O) affair(O) of(O) truck(O) theft(O) ,(O) ""(O) Bourlet(B-PER) said(O) .(O)","Input: "" Dutroux has admitted killing Weinstein after a disagreement between the accomplices in an affair of truck theft , "" Bourlet said .
Output: ""(O) Dutroux(B-PER) has(O) admitted(O) killing(O) Weinstein(B-PER) after(O) a(O) disagreement(O) between(O) the(O) accomplices(O) in(O) an(O) affair(O) of(O) truck(O) theft(O) ,(O) ""(O) Bourlet(B-PER) said(O) .(O)"
1982,"['17-3-42-1' ',' 'Cork' '7-1-38-0' ',' 'Salisbury' '14-0-71-0']","['O', 'O', 'B-PER', 'O', 'O', 'B-PER', 'O']","17-3-42-1 , Cork 7-1-38-0 , Salisbury 14-0-71-0","['17-3-42-1(O)', ',(O)', 'Cork(B-PER)', '7-1-38-0(O)', ',(O)', 'Salisbury(B-PER)', '14-0-71-0(O)']","17-3-42-1(O) ,(O) Cork(B-PER) 7-1-38-0(O) ,(O) Salisbury(B-PER) 14-0-71-0(O)","Input: 17-3-42-1 , Cork 7-1-38-0 , Salisbury 14-0-71-0
Output: 17-3-42-1(O) ,(O) Cork(B-PER) 7-1-38-0(O) ,(O) Salisbury(B-PER) 14-0-71-0(O)"
10054,['3.' 'McEwen' 'same' 'time'],"['O', 'B-PER', 'O', 'O']",3. McEwen same time,"['3.(O)', 'McEwen(B-PER)', 'same(O)', 'time(O)']",3.(O) McEwen(B-PER) same(O) time(O),"Input: 3. McEwen same time
Output: 3.(O) McEwen(B-PER) same(O) time(O)"
11046,"['In' 'a' 'statement' 'on' 'Wednesday' ',' 'the' 'Four' 'Nations' 'TV'
 'Committee' 'said' 'dates' 'had' 'been' 'set' 'for' 'a' 'competition'
 'involving' 'Scotland' ',' 'Wales' ',' 'Ireland' 'and' 'France' 'next'
 'year' '.']","['O', 'O', 'O', 'O', 'O', 'O', 'O', 'B-ORG', 'I-ORG', 'I-ORG', 'I-ORG', 'O', 'O', 'O', 'O', 'O', 'O', 'O', 'O', 'O', 'B-LOC', 'O', 'B-LOC', 'O', 'B-LOC', 'O', 'B-LOC', 'O', 'O', 'O']","In a statement on Wednesday , the Four Nations TV Committee said dates had been set for a competition involving Scotland , Wales , Ireland and France next year .","['In(O)', 'a(O)', 'statement(O)', 'on(O)', 'Wednesday(O)', ',(O)', 'the(O)', 'Four(B-ORG)', 'Nations(I-ORG)', 'TV(I-ORG)', 'Committee(I-ORG)', 'said(O)', 'dates(O)', 'had(O)', 'been(O)', 'set(O)', 'for(O)', 'a(O)', 'competition(O)', 'involving(O)', 'Scotland(B-LOC)', ',(O)', 'Wales(B-LOC)', ',(O)', 'Ireland(B-LOC)', 'and(O)', 'France(B-LOC)', 'next(O)', 'year(O)', '.(O)']","In(O) a(O) statement(O) on(O) Wednesday(O) ,(O) the(O) Four(B-ORG) Nations(I-ORG) TV(I-ORG) Committee(I-ORG) said(O) dates(O) had(O) been(O) set(O) for(O) a(O) competition(O) involving(O) Scotland(B-LOC) ,(O) Wales(B-LOC) ,(O) Ireland(B-LOC) and(O) France(B-LOC) next(O) year(O) .(O)","Input: In a statement on Wednesday , the Four Nations TV Committee said dates had been set for a competition involving Scotland , Wales , Ireland and France next year .
Output: In(O) a(O) statement(O) on(O) Wednesday(O) ,(O) the(O) Four(B-ORG) Nations(I-ORG) TV(I-ORG) Committee(I-ORG) said(O) dates(O) had(O) been(O) set(O) for(O) a(O) competition(O) involving(O) Scotland(B-LOC) ,(O) Wales(B-LOC) ,(O) Ireland(B-LOC) and(O) France(B-LOC) next(O) year(O) .(O)"
1987,['Waqar' 'Younis' '4-95' ')'],"['B-PER', 'I-PER', 'O', 'O']",Waqar Younis 4-95 ),"['Waqar(B-PER)', 'Younis(I-PER)', '4-95(O)', ')(O)']",Waqar(B-PER) Younis(I-PER) 4-95(O) )(O),"Input: Waqar Younis 4-95 )
Output: Waqar(B-PER) Younis(I-PER) 4-95(O) )(O)"
12527,['KANSAS' 'CITY' '61' '73' '.455' '19' '1/2'],"['B-ORG', 'I-ORG', 'O', 'O', 'O', 'O', 'O']",KANSAS CITY 61 73 .455 19 1/2,"['KANSAS(B-ORG)', 'CITY(I-ORG)', '61(O)', '73(O)', '.455(O)', '19(O)', '1/2(O)']",KANSAS(B-ORG) CITY(I-ORG) 61(O) 73(O) .455(O) 19(O) 1/2(O),"Input: KANSAS CITY 61 73 .455 19 1/2
Output: KANSAS(B-ORG) CITY(I-ORG) 61(O) 73(O) .455(O) 19(O) 1/2(O)"
7224,['C.' 'Evans' 'c' 'Healy' 'b' 'S.' 'Waugh' '15'],"['B-PER', 'I-PER', 'O', 'B-PER', 'O', 'B-PER', 'I-PER', 'O']",C. Evans c Healy b S. Waugh 15,"['C.(B-PER)', 'Evans(I-PER)', 'c(O)', 'Healy(B-PER)', 'b(O)', 'S.(B-PER)', 'Waugh(I-PER)', '15(O)']",C.(B-PER) Evans(I-PER) c(O) Healy(B-PER) b(O) S.(B-PER) Waugh(I-PER) 15(O),"Input: C. Evans c Healy b S. Waugh 15
Output: C.(B-PER) Evans(I-PER) c(O) Healy(B-PER) b(O) S.(B-PER) Waugh(I-PER) 15(O)"
104,"['Syria' 'accused' 'Israel' 'on' 'Wednesday' 'of' 'launching' 'a'
 'hysterical' 'campaign' 'against' 'it' 'after' 'Israeli' 'television'
 'reported' 'that' 'Damascus' 'had' 'recently' 'test' 'fired' 'a'
 'missile' '.']","['B-LOC', 'O', 'B-LOC', 'O', 'O', 'O', 'O', 'O', 'O', 'O', 'O', 'O', 'O', 'B-MISC', 'O', 'O', 'O', 'B-LOC', 'O', 'O', 'O', 'O', 'O', 'O', 'O']",Syria accused Israel on Wednesday of launching a hysterical campaign against it after Israeli television reported that Damascus had recently test fired a missile .,"['Syria(B-LOC)', 'accused(O)', 'Israel(B-LOC)', 'on(O)', 'Wednesday(O)', 'of(O)', 'launching(O)', 'a(O)', 'hysterical(O)', 'campaign(O)', 'against(O)', 'it(O)', 'after(O)', 'Israeli(B-MISC)', 'television(O)', 'reported(O)', 'that(O)', 'Damascus(B-LOC)', 'had(O)', 'recently(O)', 'test(O)', 'fired(O)', 'a(O)', 'missile(O)', '.(O)']",Syria(B-LOC) accused(O) Israel(B-LOC) on(O) Wednesday(O) of(O) launching(O) a(O) hysterical(O) campaign(O) against(O) it(O) after(O) Israeli(B-MISC) television(O) reported(O) that(O) Damascus(B-LOC) had(O) recently(O) test(O) fired(O) a(O) missile(O) .(O),"Input: Syria accused Israel on Wednesday of launching a hysterical campaign against it after Israeli television reported that Damascus had recently test fired a missile .
Output: Syria(B-LOC) accused(O) Israel(B-LOC) on(O) Wednesday(O) of(O) launching(O) a(O) hysterical(O) campaign(O) against(O) it(O) after(O) Israeli(B-MISC) television(O) reported(O) that(O) Damascus(B-LOC) had(O) recently(O) test(O) fired(O) a(O) missile(O) .(O)"
4256,"['King' 'Birendra' ',' 'in' 'Tibet' 'at' 'the' 'start' 'of' 'a' 'one-week'
 'unofficial' 'visit' 'to' 'China' ',' 'said' 'the' 'Nepalese'
 'government' 'had' '""' 'maintained' 'a' 'sharp' 'vigilance' 'against'
 'such' 'intentions' '""' ',' 'the' 'newspaper' 'said' '.']","['O', 'B-PER', 'O', 'O', 'B-LOC', 'O', 'O', 'O', 'O', 'O', 'O', 'O', 'O', 'O', 'B-LOC', 'O', 'O', 'O', 'B-MISC', 'O', 'O', 'O', 'O', 'O', 'O', 'O', 'O', 'O', 'O', 'O', 'O', 'O', 'O', 'O', 'O']","King Birendra , in Tibet at the start of a one-week unofficial visit to China , said the Nepalese government had "" maintained a sharp vigilance against such intentions "" , the newspaper said .","['King(O)', 'Birendra(B-PER)', ',(O)', 'in(O)', 'Tibet(B-LOC)', 'at(O)', 'the(O)', 'start(O)', 'of(O)', 'a(O)', 'one-week(O)', 'unofficial(O)', 'visit(O)', 'to(O)', 'China(B-LOC)', ',(O)', 'said(O)', 'the(O)', 'Nepalese(B-MISC)', 'government(O)', 'had(O)', '""(O)', 'maintained(O)', 'a(O)', 'sharp(O)', 'vigilance(O)', 'against(O)', 'such(O)', 'intentions(O)', '""(O)', ',(O)', 'the(O)', 'newspaper(O)', 'said(O)', '.(O)']","King(O) Birendra(B-PER) ,(O) in(O) Tibet(B-LOC) at(O) the(O) start(O) of(O) a(O) one-week(O) unofficial(O) visit(O) to(O) China(B-LOC) ,(O) said(O) the(O) Nepalese(B-MISC) government(O) had(O) ""(O) maintained(O) a(O) sharp(O) vigilance(O) against(O) such(O) intentions(O) ""(O) ,(O) the(O) newspaper(O) said(O) .(O)","Input: King Birendra , in Tibet at the start of a one-week unofficial visit to China , said the Nepalese government had "" maintained a sharp vigilance against such intentions "" , the newspaper said .
Output: King(O) Birendra(B-PER) ,(O) in(O) Tibet(B-LOC) at(O) the(O) start(O) of(O) a(O) one-week(O) unofficial(O) visit(O) to(O) China(B-LOC) ,(O) said(O) the(O) Nepalese(B-MISC) government(O) had(O) ""(O) maintained(O) a(O) sharp(O) vigilance(O) against(O) such(O) intentions(O) ""(O) ,(O) the(O) newspaper(O) said(O) .(O)"
8140,"['You' ""'ve"" 'got' 'to' 'have' 'a' 'rule' 'for' 'everybody' 'and' 'I' 'do'
 ""n't"" 'think' 'it' ""'s"" 'feasible' '.' '""']","['O', 'O', 'O', 'O', 'O', 'O', 'O', 'O', 'O', 'O', 'O', 'O', 'O', 'O', 'O', 'O', 'O', 'O', 'O']","You 've got to have a rule for everybody and I do n't think it 's feasible . ""","['You(O)', ""'ve(O)"", 'got(O)', 'to(O)', 'have(O)', 'a(O)', 'rule(O)', 'for(O)', 'everybody(O)', 'and(O)', 'I(O)', 'do(O)', ""n't(O)"", 'think(O)', 'it(O)', ""'s(O)"", 'feasible(O)', '.(O)', '""(O)']","You(O) 've(O) got(O) to(O) have(O) a(O) rule(O) for(O) everybody(O) and(O) I(O) do(O) n't(O) think(O) it(O) 's(O) feasible(O) .(O) ""(O)","Input: You 've got to have a rule for everybody and I do n't think it 's feasible . ""
Output: You(O) 've(O) got(O) to(O) have(O) a(O) rule(O) for(O) everybody(O) and(O) I(O) do(O) n't(O) think(O) it(O) 's(O) feasible(O) .(O) ""(O)"
8844,"['AFTER' 'THE' 'BELL' '-' 'After' 'hours' 'slows' 'in' 'light' 'volume'
 '.']","['O', 'O', 'O', 'O', 'O', 'O', 'O', 'O', 'O', 'O', 'O']",AFTER THE BELL - After hours slows in light volume .,"['AFTER(O)', 'THE(O)', 'BELL(O)', '-(O)', 'After(O)', 'hours(O)', 'slows(O)', 'in(O)', 'light(O)', 'volume(O)', '.(O)']",AFTER(O) THE(O) BELL(O) -(O) After(O) hours(O) slows(O) in(O) light(O) volume(O) .(O),"Input: AFTER THE BELL - After hours slows in light volume .
Output: AFTER(O) THE(O) BELL(O) -(O) After(O) hours(O) slows(O) in(O) light(O) volume(O) .(O)"
1486,['PARIS' '1996-08-22'],"['B-LOC', 'O']",PARIS 1996-08-22,"['PARIS(B-LOC)', '1996-08-22(O)']",PARIS(B-LOC) 1996-08-22(O),"Input: PARIS 1996-08-22
Output: PARIS(B-LOC) 1996-08-22(O)"
10351,"['But' 'tournament' 'officials' 'announced' 'about' 'four-and-a-half'
 'hours' 'before' 'the' 'match' 'that' 'Courtois' 'had' 'pulled' 'out'
 'due' 'to' 'a' 'left' 'knee' 'bone' 'inflammation' ',' 'moving' 'Seles'
 'into' 'the' 'next' 'round' 'on' 'a' 'walkover' '.']","['O', 'O', 'O', 'O', 'O', 'O', 'O', 'O', 'O', 'O', 'O', 'B-PER', 'O', 'O', 'O', 'O', 'O', 'O', 'O', 'O', 'O', 'O', 'O', 'O', 'B-PER', 'O', 'O', 'O', 'O', 'O', 'O', 'O', 'O']","But tournament officials announced about four-and-a-half hours before the match that Courtois had pulled out due to a left knee bone inflammation , moving Seles into the next round on a walkover .","['But(O)', 'tournament(O)', 'officials(O)', 'announced(O)', 'about(O)', 'four-and-a-half(O)', 'hours(O)', 'before(O)', 'the(O)', 'match(O)', 'that(O)', 'Courtois(B-PER)', 'had(O)', 'pulled(O)', 'out(O)', 'due(O)', 'to(O)', 'a(O)', 'left(O)', 'knee(O)', 'bone(O)', 'inflammation(O)', ',(O)', 'moving(O)', 'Seles(B-PER)', 'into(O)', 'the(O)', 'next(O)', 'round(O)', 'on(O)', 'a(O)', 'walkover(O)', '.(O)']","But(O) tournament(O) officials(O) announced(O) about(O) four-and-a-half(O) hours(O) before(O) the(O) match(O) that(O) Courtois(B-PER) had(O) pulled(O) out(O) due(O) to(O) a(O) left(O) knee(O) bone(O) inflammation(O) ,(O) moving(O) Seles(B-PER) into(O) the(O) next(O) round(O) on(O) a(O) walkover(O) .(O)","Input: But tournament officials announced about four-and-a-half hours before the match that Courtois had pulled out due to a left knee bone inflammation , moving Seles into the next round on a walkover .
Output: But(O) tournament(O) officials(O) announced(O) about(O) four-and-a-half(O) hours(O) before(O) the(O) match(O) that(O) Courtois(B-PER) had(O) pulled(O) out(O) due(O) to(O) a(O) left(O) knee(O) bone(O) inflammation(O) ,(O) moving(O) Seles(B-PER) into(O) the(O) next(O) round(O) on(O) a(O) walkover(O) .(O)"
6478,['N.' 'Knight' 'c' 'and' 'b' 'Mushtaq' 'Ahmed' '8'],"['B-PER', 'I-PER', 'O', 'O', 'O', 'B-PER', 'I-PER', 'O']",N. Knight c and b Mushtaq Ahmed 8,"['N.(B-PER)', 'Knight(I-PER)', 'c(O)', 'and(O)', 'b(O)', 'Mushtaq(B-PER)', 'Ahmed(I-PER)', '8(O)']",N.(B-PER) Knight(I-PER) c(O) and(O) b(O) Mushtaq(B-PER) Ahmed(I-PER) 8(O),"Input: N. Knight c and b Mushtaq Ahmed 8
Output: N.(B-PER) Knight(I-PER) c(O) and(O) b(O) Mushtaq(B-PER) Ahmed(I-PER) 8(O)"
1652,['In' 'India' 'she' 'was' 'simply' 'called' 'Mother' '.'],"['O', 'B-LOC', 'O', 'O', 'O', 'O', 'B-PER', 'O']",In India she was simply called Mother .,"['In(O)', 'India(B-LOC)', 'she(O)', 'was(O)', 'simply(O)', 'called(O)', 'Mother(B-PER)', '.(O)']",In(O) India(B-LOC) she(O) was(O) simply(O) called(O) Mother(B-PER) .(O),"Input: In India she was simply called Mother .
Output: In(O) India(B-LOC) she(O) was(O) simply(O) called(O) Mother(B-PER) .(O)"
11448,"['Lumber' 'closed' '$' '2.20' 'to' '$' '0.20' 'per' 'tbf' 'lower' 'with'
 'September' 'off' '$' '0.70' 'at' '$' '413.20' 'and' 'November' 'off'
 'most' 'at' '$' '369.00' 'per' 'tbf' '.']","['O', 'O', 'O', 'O', 'O', 'O', 'O', 'O', 'O', 'O', 'O', 'O', 'O', 'O', 'O', 'O', 'O', 'O', 'O', 'O', 'O', 'O', 'O', 'O', 'O', 'O', 'O', 'O']",Lumber closed $ 2.20 to $ 0.20 per tbf lower with September off $ 0.70 at $ 413.20 and November off most at $ 369.00 per tbf .,"['Lumber(O)', 'closed(O)', '$(O)', '2.20(O)', 'to(O)', '$(O)', '0.20(O)', 'per(O)', 'tbf(O)', 'lower(O)', 'with(O)', 'September(O)', 'off(O)', '$(O)', '0.70(O)', 'at(O)', '$(O)', '413.20(O)', 'and(O)', 'November(O)', 'off(O)', 'most(O)', 'at(O)', '$(O)', '369.00(O)', 'per(O)', 'tbf(O)', '.(O)']",Lumber(O) closed(O) $(O) 2.20(O) to(O) $(O) 0.20(O) per(O) tbf(O) lower(O) with(O) September(O) off(O) $(O) 0.70(O) at(O) $(O) 413.20(O) and(O) November(O) off(O) most(O) at(O) $(O) 369.00(O) per(O) tbf(O) .(O),"Input: Lumber closed $ 2.20 to $ 0.20 per tbf lower with September off $ 0.70 at $ 413.20 and November off most at $ 369.00 per tbf .
Output: Lumber(O) closed(O) $(O) 2.20(O) to(O) $(O) 0.20(O) per(O) tbf(O) lower(O) with(O) September(O) off(O) $(O) 0.70(O) at(O) $(O) 413.20(O) and(O) November(O) off(O) most(O) at(O) $(O) 369.00(O) per(O) tbf(O) .(O)"
1952,['Oval' 'on' 'Friday' ':'],"['B-LOC', 'O', 'O', 'O']",Oval on Friday :,"['Oval(B-LOC)', 'on(O)', 'Friday(O)', ':(O)']",Oval(B-LOC) on(O) Friday(O) :(O),"Input: Oval on Friday :
Output: Oval(B-LOC) on(O) Friday(O) :(O)"
1611,"['But' 'in' 'the' 'current' 'context' ',' 'the' 'government' 'stood' 'by'
 'an' 'earlier' 'commitment' 'to' 'reduce' 'it' 'over' 'a' 'period' 'of'
 'time' ',' 'he' 'said' 'in' 'response' 'to' 'a' 'question' '.']","['O', 'O', 'O', 'O', 'O', 'O', 'O', 'O', 'O', 'O', 'O', 'O', 'O', 'O', 'O', 'O', 'O', 'O', 'O', 'O', 'O', 'O', 'O', 'O', 'O', 'O', 'O', 'O', 'O', 'O']","But in the current context , the government stood by an earlier commitment to reduce it over a period of time , he said in response to a question .","['But(O)', 'in(O)', 'the(O)', 'current(O)', 'context(O)', ',(O)', 'the(O)', 'government(O)', 'stood(O)', 'by(O)', 'an(O)', 'earlier(O)', 'commitment(O)', 'to(O)', 'reduce(O)', 'it(O)', 'over(O)', 'a(O)', 'period(O)', 'of(O)', 'time(O)', ',(O)', 'he(O)', 'said(O)', 'in(O)', 'response(O)', 'to(O)', 'a(O)', 'question(O)', '.(O)']","But(O) in(O) the(O) current(O) context(O) ,(O) the(O) government(O) stood(O) by(O) an(O) earlier(O) commitment(O) to(O) reduce(O) it(O) over(O) a(O) period(O) of(O) time(O) ,(O) he(O) said(O) in(O) response(O) to(O) a(O) question(O) .(O)","Input: But in the current context , the government stood by an earlier commitment to reduce it over a period of time , he said in response to a question .
Output: But(O) in(O) the(O) current(O) context(O) ,(O) the(O) government(O) stood(O) by(O) an(O) earlier(O) commitment(O) to(O) reduce(O) it(O) over(O) a(O) period(O) of(O) time(O) ,(O) he(O) said(O) in(O) response(O) to(O) a(O) question(O) .(O)"
3685,['Preston' '0' 'Bristol' 'Rovers' '0'],"['B-ORG', 'O', 'B-ORG', 'I-ORG', 'O']",Preston 0 Bristol Rovers 0,"['Preston(B-ORG)', '0(O)', 'Bristol(B-ORG)', 'Rovers(I-ORG)', '0(O)']",Preston(B-ORG) 0(O) Bristol(B-ORG) Rovers(I-ORG) 0(O),"Input: Preston 0 Bristol Rovers 0
Output: Preston(B-ORG) 0(O) Bristol(B-ORG) Rovers(I-ORG) 0(O)"
13503,"['In' 'another' 'letter' 'dated' 'January' '1865' ',' 'a' 'well-to-do'
 'Washington' 'matron' 'wrote' 'to' 'Lincoln' 'to' 'plead' 'for' 'her'
 'son' ',' 'who' 'faced' 'a' 'dishonourable' 'discharge' 'from' 'the'
 'Army' '.' '""']","['O', 'O', 'O', 'O', 'O', 'O', 'O', 'O', 'O', 'B-LOC', 'O', 'O', 'O', 'B-PER', 'O', 'O', 'O', 'O', 'O', 'O', 'O', 'O', 'O', 'O', 'O', 'O', 'O', 'B-ORG', 'O', 'O']","In another letter dated January 1865 , a well-to-do Washington matron wrote to Lincoln to plead for her son , who faced a dishonourable discharge from the Army . ""","['In(O)', 'another(O)', 'letter(O)', 'dated(O)', 'January(O)', '1865(O)', ',(O)', 'a(O)', 'well-to-do(O)', 'Washington(B-LOC)', 'matron(O)', 'wrote(O)', 'to(O)', 'Lincoln(B-PER)', 'to(O)', 'plead(O)', 'for(O)', 'her(O)', 'son(O)', ',(O)', 'who(O)', 'faced(O)', 'a(O)', 'dishonourable(O)', 'discharge(O)', 'from(O)', 'the(O)', 'Army(B-ORG)', '.(O)', '""(O)']","In(O) another(O) letter(O) dated(O) January(O) 1865(O) ,(O) a(O) well-to-do(O) Washington(B-LOC) matron(O) wrote(O) to(O) Lincoln(B-PER) to(O) plead(O) for(O) her(O) son(O) ,(O) who(O) faced(O) a(O) dishonourable(O) discharge(O) from(O) the(O) Army(B-ORG) .(O) ""(O)","Input: In another letter dated January 1865 , a well-to-do Washington matron wrote to Lincoln to plead for her son , who faced a dishonourable discharge from the Army . ""
Output: In(O) another(O) letter(O) dated(O) January(O) 1865(O) ,(O) a(O) well-to-do(O) Washington(B-LOC) matron(O) wrote(O) to(O) Lincoln(B-PER) to(O) plead(O) for(O) her(O) son(O) ,(O) who(O) faced(O) a(O) dishonourable(O) discharge(O) from(O) the(O) Army(B-ORG) .(O) ""(O)"
3937,['Nantes' '0' 'Lens' '1' '(' 'Smicer' '52nd' ')' '.'],"['B-ORG', 'O', 'B-ORG', 'O', 'O', 'B-PER', 'O', 'O', 'O']",Nantes 0 Lens 1 ( Smicer 52nd ) .,"['Nantes(B-ORG)', '0(O)', 'Lens(B-ORG)', '1(O)', '((O)', 'Smicer(B-PER)', '52nd(O)', ')(O)', '.(O)']",Nantes(B-ORG) 0(O) Lens(B-ORG) 1(O) ((O) Smicer(B-PER) 52nd(O) )(O) .(O),"Input: Nantes 0 Lens 1 ( Smicer 52nd ) .
Output: Nantes(B-ORG) 0(O) Lens(B-ORG) 1(O) ((O) Smicer(B-PER) 52nd(O) )(O) .(O)"
4525,['Seiki' 'Okuda' '(' 'Japan' ')' '81' '70' '72' '75'],"['B-PER', 'I-PER', 'O', 'B-LOC', 'O', 'O', 'O', 'O', 'O']",Seiki Okuda ( Japan ) 81 70 72 75,"['Seiki(B-PER)', 'Okuda(I-PER)', '((O)', 'Japan(B-LOC)', ')(O)', '81(O)', '70(O)', '72(O)', '75(O)']",Seiki(B-PER) Okuda(I-PER) ((O) Japan(B-LOC) )(O) 81(O) 70(O) 72(O) 75(O),"Input: Seiki Okuda ( Japan ) 81 70 72 75
Output: Seiki(B-PER) Okuda(I-PER) ((O) Japan(B-LOC) )(O) 81(O) 70(O) 72(O) 75(O)"
4807,['First' 'race'],"['O', 'O']",First race,"['First(O)', 'race(O)']",First(O) race(O),"Input: First race
Output: First(O) race(O)"
7802,['DTD' ':' '09/01/96' 'SURE' 'BID' ':' 'N'],"['O', 'O', 'O', 'O', 'O', 'O', 'O']",DTD : 09/01/96 SURE BID : N,"['DTD(O)', ':(O)', '09/01/96(O)', 'SURE(O)', 'BID(O)', ':(O)', 'N(O)']",DTD(O) :(O) 09/01/96(O) SURE(O) BID(O) :(O) N(O),"Input: DTD : 09/01/96 SURE BID : N
Output: DTD(O) :(O) 09/01/96(O) SURE(O) BID(O) :(O) N(O)"
7495,"['Police' ',' 'who' 'were' 'unsuccessful' 'in' 'finding' 'the' 'man'
 'overnight' ',' 'described' 'him' 'as' 'disturbed' 'and' 'dangerous' '.']","['O', 'O', 'O', 'O', 'O', 'O', 'O', 'O', 'O', 'O', 'O', 'O', 'O', 'O', 'O', 'O', 'O', 'O']","Police , who were unsuccessful in finding the man overnight , described him as disturbed and dangerous .","['Police(O)', ',(O)', 'who(O)', 'were(O)', 'unsuccessful(O)', 'in(O)', 'finding(O)', 'the(O)', 'man(O)', 'overnight(O)', ',(O)', 'described(O)', 'him(O)', 'as(O)', 'disturbed(O)', 'and(O)', 'dangerous(O)', '.(O)']","Police(O) ,(O) who(O) were(O) unsuccessful(O) in(O) finding(O) the(O) man(O) overnight(O) ,(O) described(O) him(O) as(O) disturbed(O) and(O) dangerous(O) .(O)","Input: Police , who were unsuccessful in finding the man overnight , described him as disturbed and dangerous .
Output: Police(O) ,(O) who(O) were(O) unsuccessful(O) in(O) finding(O) the(O) man(O) overnight(O) ,(O) described(O) him(O) as(O) disturbed(O) and(O) dangerous(O) .(O)"
5189,['Lokomotiv' 'Nizhny' 'Novgorod' '2' 'Uralmash' 'Yekaterinburg' '2'],"['B-ORG', 'I-ORG', 'I-ORG', 'O', 'B-ORG', 'I-ORG', 'O']",Lokomotiv Nizhny Novgorod 2 Uralmash Yekaterinburg 2,"['Lokomotiv(B-ORG)', 'Nizhny(I-ORG)', 'Novgorod(I-ORG)', '2(O)', 'Uralmash(B-ORG)', 'Yekaterinburg(I-ORG)', '2(O)']",Lokomotiv(B-ORG) Nizhny(I-ORG) Novgorod(I-ORG) 2(O) Uralmash(B-ORG) Yekaterinburg(I-ORG) 2(O),"Input: Lokomotiv Nizhny Novgorod 2 Uralmash Yekaterinburg 2
Output: Lokomotiv(B-ORG) Nizhny(I-ORG) Novgorod(I-ORG) 2(O) Uralmash(B-ORG) Yekaterinburg(I-ORG) 2(O)"
13008,"['Republicans' 'hope' 'to' 'seize' 'on' 'the' '""' 'character' '""' 'issue'
 'to' 'bolster' 'Clinton' ""'s"" 'challenger' 'Bob' 'Dole' 'in' 'the'
 'final' 'weeks' 'of' 'the' 'campaign' '.']","['B-MISC', 'O', 'O', 'O', 'O', 'O', 'O', 'O', 'O', 'O', 'O', 'O', 'B-PER', 'O', 'O', 'B-PER', 'I-PER', 'O', 'O', 'O', 'O', 'O', 'O', 'O', 'O']","Republicans hope to seize on the "" character "" issue to bolster Clinton 's challenger Bob Dole in the final weeks of the campaign .","['Republicans(B-MISC)', 'hope(O)', 'to(O)', 'seize(O)', 'on(O)', 'the(O)', '""(O)', 'character(O)', '""(O)', 'issue(O)', 'to(O)', 'bolster(O)', 'Clinton(B-PER)', ""'s(O)"", 'challenger(O)', 'Bob(B-PER)', 'Dole(I-PER)', 'in(O)', 'the(O)', 'final(O)', 'weeks(O)', 'of(O)', 'the(O)', 'campaign(O)', '.(O)']","Republicans(B-MISC) hope(O) to(O) seize(O) on(O) the(O) ""(O) character(O) ""(O) issue(O) to(O) bolster(O) Clinton(B-PER) 's(O) challenger(O) Bob(B-PER) Dole(I-PER) in(O) the(O) final(O) weeks(O) of(O) the(O) campaign(O) .(O)","Input: Republicans hope to seize on the "" character "" issue to bolster Clinton 's challenger Bob Dole in the final weeks of the campaign .
Output: Republicans(B-MISC) hope(O) to(O) seize(O) on(O) the(O) ""(O) character(O) ""(O) issue(O) to(O) bolster(O) Clinton(B-PER) 's(O) challenger(O) Bob(B-PER) Dole(I-PER) in(O) the(O) final(O) weeks(O) of(O) the(O) campaign(O) .(O)"
7717,"['A' 'former' 'lawyer' ',' 'he' 'was' 'in' 'the' 'front' 'line' 'of'
 'President' 'Bill' 'Clinton' ""'s"" 'battle' 'with' 'the' 'Republican-led'
 'Congress' 'over' 'the' 'budget' 'but' 'has' 'opposed' 'the' 'president'
 ""'s"" 'decision' 'to' 'sign' 'the' 'Republican-written' 'welfare' 'reform'
 'bill' '.']","['O', 'O', 'O', 'O', 'O', 'O', 'O', 'O', 'O', 'O', 'O', 'O', 'B-PER', 'I-PER', 'O', 'O', 'O', 'O', 'B-MISC', 'B-ORG', 'O', 'O', 'O', 'O', 'O', 'O', 'O', 'O', 'O', 'O', 'O', 'O', 'O', 'B-MISC', 'O', 'O', 'O', 'O']","A former lawyer , he was in the front line of President Bill Clinton 's battle with the Republican-led Congress over the budget but has opposed the president 's decision to sign the Republican-written welfare reform bill .","['A(O)', 'former(O)', 'lawyer(O)', ',(O)', 'he(O)', 'was(O)', 'in(O)', 'the(O)', 'front(O)', 'line(O)', 'of(O)', 'President(O)', 'Bill(B-PER)', 'Clinton(I-PER)', ""'s(O)"", 'battle(O)', 'with(O)', 'the(O)', 'Republican-led(B-MISC)', 'Congress(B-ORG)', 'over(O)', 'the(O)', 'budget(O)', 'but(O)', 'has(O)', 'opposed(O)', 'the(O)', 'president(O)', ""'s(O)"", 'decision(O)', 'to(O)', 'sign(O)', 'the(O)', 'Republican-written(B-MISC)', 'welfare(O)', 'reform(O)', 'bill(O)', '.(O)']","A(O) former(O) lawyer(O) ,(O) he(O) was(O) in(O) the(O) front(O) line(O) of(O) President(O) Bill(B-PER) Clinton(I-PER) 's(O) battle(O) with(O) the(O) Republican-led(B-MISC) Congress(B-ORG) over(O) the(O) budget(O) but(O) has(O) opposed(O) the(O) president(O) 's(O) decision(O) to(O) sign(O) the(O) Republican-written(B-MISC) welfare(O) reform(O) bill(O) .(O)","Input: A former lawyer , he was in the front line of President Bill Clinton 's battle with the Republican-led Congress over the budget but has opposed the president 's decision to sign the Republican-written welfare reform bill .
Output: A(O) former(O) lawyer(O) ,(O) he(O) was(O) in(O) the(O) front(O) line(O) of(O) President(O) Bill(B-PER) Clinton(I-PER) 's(O) battle(O) with(O) the(O) Republican-led(B-MISC) Congress(B-ORG) over(O) the(O) budget(O) but(O) has(O) opposed(O) the(O) president(O) 's(O) decision(O) to(O) sign(O) the(O) Republican-written(B-MISC) welfare(O) reform(O) bill(O) .(O)"
10710,"['Standings' '(' 'tabulated' 'under' 'played' ',' 'won' ',' 'drawn' ','
 'lost' ',' 'goals']","['O', 'O', 'O', 'O', 'O', 'O', 'O', 'O', 'O', 'O', 'O', 'O', 'O']","Standings ( tabulated under played , won , drawn , lost , goals","['Standings(O)', '((O)', 'tabulated(O)', 'under(O)', 'played(O)', ',(O)', 'won(O)', ',(O)', 'drawn(O)', ',(O)', 'lost(O)', ',(O)', 'goals(O)']","Standings(O) ((O) tabulated(O) under(O) played(O) ,(O) won(O) ,(O) drawn(O) ,(O) lost(O) ,(O) goals(O)","Input: Standings ( tabulated under played , won , drawn , lost , goals
Output: Standings(O) ((O) tabulated(O) under(O) played(O) ,(O) won(O) ,(O) drawn(O) ,(O) lost(O) ,(O) goals(O)"
9564,"['""' 'This' 'is' 'not' 'desireable' '...']","['O', 'O', 'O', 'O', 'O', 'O']",""" This is not desireable ...","['""(O)', 'This(O)', 'is(O)', 'not(O)', 'desireable(O)', '...(O)']","""(O) This(O) is(O) not(O) desireable(O) ...(O)","Input: "" This is not desireable ...
Output: ""(O) This(O) is(O) not(O) desireable(O) ...(O)"
6296,"['St' 'Helens' 'needed' 'to' 'win' 'on' 'Monday' 'to' 'take' 'the' 'title'
 '--' 'a' 'defeat' 'or' 'draw' 'would' 'have' 'allowed' 'Wigan' 'their'
 'eighth' 'consecutive' 'championship' '.']","['B-ORG', 'I-ORG', 'O', 'O', 'O', 'O', 'O', 'O', 'O', 'O', 'O', 'O', 'O', 'O', 'O', 'O', 'O', 'O', 'O', 'B-ORG', 'O', 'O', 'O', 'O', 'O']",St Helens needed to win on Monday to take the title -- a defeat or draw would have allowed Wigan their eighth consecutive championship .,"['St(B-ORG)', 'Helens(I-ORG)', 'needed(O)', 'to(O)', 'win(O)', 'on(O)', 'Monday(O)', 'to(O)', 'take(O)', 'the(O)', 'title(O)', '--(O)', 'a(O)', 'defeat(O)', 'or(O)', 'draw(O)', 'would(O)', 'have(O)', 'allowed(O)', 'Wigan(B-ORG)', 'their(O)', 'eighth(O)', 'consecutive(O)', 'championship(O)', '.(O)']",St(B-ORG) Helens(I-ORG) needed(O) to(O) win(O) on(O) Monday(O) to(O) take(O) the(O) title(O) --(O) a(O) defeat(O) or(O) draw(O) would(O) have(O) allowed(O) Wigan(B-ORG) their(O) eighth(O) consecutive(O) championship(O) .(O),"Input: St Helens needed to win on Monday to take the title -- a defeat or draw would have allowed Wigan their eighth consecutive championship .
Output: St(B-ORG) Helens(I-ORG) needed(O) to(O) win(O) on(O) Monday(O) to(O) take(O) the(O) title(O) --(O) a(O) defeat(O) or(O) draw(O) would(O) have(O) allowed(O) Wigan(B-ORG) their(O) eighth(O) consecutive(O) championship(O) .(O)"
8757,"['Tomorrow' ',' 'if' 'someone' 'punches' 'me' ',' 'I' 'would' 'not' 'know'
 'how' 'to' 'react' '.' '""']","['O', 'O', 'O', 'O', 'O', 'O', 'O', 'O', 'O', 'O', 'O', 'O', 'O', 'O', 'O', 'O']","Tomorrow , if someone punches me , I would not know how to react . ""","['Tomorrow(O)', ',(O)', 'if(O)', 'someone(O)', 'punches(O)', 'me(O)', ',(O)', 'I(O)', 'would(O)', 'not(O)', 'know(O)', 'how(O)', 'to(O)', 'react(O)', '.(O)', '""(O)']","Tomorrow(O) ,(O) if(O) someone(O) punches(O) me(O) ,(O) I(O) would(O) not(O) know(O) how(O) to(O) react(O) .(O) ""(O)","Input: Tomorrow , if someone punches me , I would not know how to react . ""
Output: Tomorrow(O) ,(O) if(O) someone(O) punches(O) me(O) ,(O) I(O) would(O) not(O) know(O) how(O) to(O) react(O) .(O) ""(O)"
11922,"['--' 'Amsterdam' 'newsroom' '+31' '20' '504' '5000' ',' 'Fax' '+31' '20'
 '504' '5040']","['O', 'B-LOC', 'O', 'O', 'O', 'O', 'O', 'O', 'O', 'O', 'O', 'O', 'O']","-- Amsterdam newsroom +31 20 504 5000 , Fax +31 20 504 5040","['--(O)', 'Amsterdam(B-LOC)', 'newsroom(O)', '+31(O)', '20(O)', '504(O)', '5000(O)', ',(O)', 'Fax(O)', '+31(O)', '20(O)', '504(O)', '5040(O)']","--(O) Amsterdam(B-LOC) newsroom(O) +31(O) 20(O) 504(O) 5000(O) ,(O) Fax(O) +31(O) 20(O) 504(O) 5040(O)","Input: -- Amsterdam newsroom +31 20 504 5000 , Fax +31 20 504 5040
Output: --(O) Amsterdam(B-LOC) newsroom(O) +31(O) 20(O) 504(O) 5000(O) ,(O) Fax(O) +31(O) 20(O) 504(O) 5040(O)"
1373,['CAIRO' '1996-08-22'],"['B-LOC', 'O']",CAIRO 1996-08-22,"['CAIRO(B-LOC)', '1996-08-22(O)']",CAIRO(B-LOC) 1996-08-22(O),"Input: CAIRO 1996-08-22
Output: CAIRO(B-LOC) 1996-08-22(O)"
6082,['The' 'office' 'of' 'Israeli' 'president' 'is' 'largely' 'ceremonial' '.'],"['O', 'O', 'O', 'B-MISC', 'O', 'O', 'O', 'O', 'O']",The office of Israeli president is largely ceremonial .,"['The(O)', 'office(O)', 'of(O)', 'Israeli(B-MISC)', 'president(O)', 'is(O)', 'largely(O)', 'ceremonial(O)', '.(O)']",The(O) office(O) of(O) Israeli(B-MISC) president(O) is(O) largely(O) ceremonial(O) .(O),"Input: The office of Israeli president is largely ceremonial .
Output: The(O) office(O) of(O) Israeli(B-MISC) president(O) is(O) largely(O) ceremonial(O) .(O)"
2681,"['To' 'bat' '-' 'Inzamam-ul-Haq' ',' 'Salim' 'Malik' ',' 'Asif' 'Mujtaba'
 ',' 'Wasim' 'Akram' ',' 'Moin' 'Khan' ',' 'Mushtaq' 'Ahmed' ',' 'Waqar'
 'Younis' ',' 'Mohammad' 'Akam']","['O', 'O', 'O', 'B-PER', 'O', 'B-PER', 'I-PER', 'O', 'B-PER', 'I-PER', 'O', 'B-PER', 'I-PER', 'O', 'B-PER', 'I-PER', 'O', 'B-PER', 'I-PER', 'O', 'B-PER', 'I-PER', 'O', 'B-PER', 'I-PER']","To bat - Inzamam-ul-Haq , Salim Malik , Asif Mujtaba , Wasim Akram , Moin Khan , Mushtaq Ahmed , Waqar Younis , Mohammad Akam","['To(O)', 'bat(O)', '-(O)', 'Inzamam-ul-Haq(B-PER)', ',(O)', 'Salim(B-PER)', 'Malik(I-PER)', ',(O)', 'Asif(B-PER)', 'Mujtaba(I-PER)', ',(O)', 'Wasim(B-PER)', 'Akram(I-PER)', ',(O)', 'Moin(B-PER)', 'Khan(I-PER)', ',(O)', 'Mushtaq(B-PER)', 'Ahmed(I-PER)', ',(O)', 'Waqar(B-PER)', 'Younis(I-PER)', ',(O)', 'Mohammad(B-PER)', 'Akam(I-PER)']","To(O) bat(O) -(O) Inzamam-ul-Haq(B-PER) ,(O) Salim(B-PER) Malik(I-PER) ,(O) Asif(B-PER) Mujtaba(I-PER) ,(O) Wasim(B-PER) Akram(I-PER) ,(O) Moin(B-PER) Khan(I-PER) ,(O) Mushtaq(B-PER) Ahmed(I-PER) ,(O) Waqar(B-PER) Younis(I-PER) ,(O) Mohammad(B-PER) Akam(I-PER)","Input: To bat - Inzamam-ul-Haq , Salim Malik , Asif Mujtaba , Wasim Akram , Moin Khan , Mushtaq Ahmed , Waqar Younis , Mohammad Akam
Output: To(O) bat(O) -(O) Inzamam-ul-Haq(B-PER) ,(O) Salim(B-PER) Malik(I-PER) ,(O) Asif(B-PER) Mujtaba(I-PER) ,(O) Wasim(B-PER) Akram(I-PER) ,(O) Moin(B-PER) Khan(I-PER) ,(O) Mushtaq(B-PER) Ahmed(I-PER) ,(O) Waqar(B-PER) Younis(I-PER) ,(O) Mohammad(B-PER) Akam(I-PER)"
8370,['BUCHAREST' '1996-08-27'],"['B-LOC', 'O']",BUCHAREST 1996-08-27,"['BUCHAREST(B-LOC)', '1996-08-27(O)']",BUCHAREST(B-LOC) 1996-08-27(O),"Input: BUCHAREST 1996-08-27
Output: BUCHAREST(B-LOC) 1996-08-27(O)"
7819,['STATE' 'OF' 'OHIO'],"['B-LOC', 'I-LOC', 'I-LOC']",STATE OF OHIO,"['STATE(B-LOC)', 'OF(I-LOC)', 'OHIO(I-LOC)']",STATE(B-LOC) OF(I-LOC) OHIO(I-LOC),"Input: STATE OF OHIO
Output: STATE(B-LOC) OF(I-LOC) OHIO(I-LOC)"
6689,['ZTE' '1' 'Debrecen' '5'],"['B-ORG', 'O', 'B-ORG', 'O']",ZTE 1 Debrecen 5,"['ZTE(B-ORG)', '1(O)', 'Debrecen(B-ORG)', '5(O)']",ZTE(B-ORG) 1(O) Debrecen(B-ORG) 5(O),"Input: ZTE 1 Debrecen 5
Output: ZTE(B-ORG) 1(O) Debrecen(B-ORG) 5(O)"
2466,['8.' 'Michael' 'Mollenbeck' '(' 'Germany' ')' '59.24'],"['O', 'B-PER', 'I-PER', 'O', 'B-LOC', 'O', 'O']",8. Michael Mollenbeck ( Germany ) 59.24,"['8.(O)', 'Michael(B-PER)', 'Mollenbeck(I-PER)', '((O)', 'Germany(B-LOC)', ')(O)', '59.24(O)']",8.(O) Michael(B-PER) Mollenbeck(I-PER) ((O) Germany(B-LOC) )(O) 59.24(O),"Input: 8. Michael Mollenbeck ( Germany ) 59.24
Output: 8.(O) Michael(B-PER) Mollenbeck(I-PER) ((O) Germany(B-LOC) )(O) 59.24(O)"
9054,"['Dutroux' ',' '39' ',' 'who' 'was' 'charged' 'last' 'week' 'with' 'the'
 'abduction' 'and' 'illegal' 'imprisonment' 'of' 'two' 'other' 'girls'
 'aged' '14' 'and' '12' ',' 'is' 'one' 'of' 'several' 'suspects' 'in'
 'the' 'Marchal' 'and' 'Lambrecks' 'case' '.']","['B-PER', 'O', 'O', 'O', 'O', 'O', 'O', 'O', 'O', 'O', 'O', 'O', 'O', 'O', 'O', 'O', 'O', 'O', 'O', 'O', 'O', 'O', 'O', 'O', 'O', 'O', 'O', 'O', 'O', 'O', 'O', 'B-PER', 'O', 'B-PER', 'O', 'O']","Dutroux , 39 , who was charged last week with the abduction and illegal imprisonment of two other girls aged 14 and 12 , is one of several suspects in the Marchal and Lambrecks case .","['Dutroux(B-PER)', ',(O)', '39(O)', ',(O)', 'who(O)', 'was(O)', 'charged(O)', 'last(O)', 'week(O)', 'with(O)', 'the(O)', 'abduction(O)', 'and(O)', 'illegal(O)', 'imprisonment(O)', 'of(O)', 'two(O)', 'other(O)', 'girls(O)', 'aged(O)', '14(O)', 'and(O)', '12(O)', ',(O)', 'is(O)', 'one(O)', 'of(O)', 'several(O)', 'suspects(O)', 'in(O)', 'the(O)', 'Marchal(B-PER)', 'and(O)', 'Lambrecks(B-PER)', 'case(O)', '.(O)']","Dutroux(B-PER) ,(O) 39(O) ,(O) who(O) was(O) charged(O) last(O) week(O) with(O) the(O) abduction(O) and(O) illegal(O) imprisonment(O) of(O) two(O) other(O) girls(O) aged(O) 14(O) and(O) 12(O) ,(O) is(O) one(O) of(O) several(O) suspects(O) in(O) the(O) Marchal(B-PER) and(O) Lambrecks(B-PER) case(O) .(O)","Input: Dutroux , 39 , who was charged last week with the abduction and illegal imprisonment of two other girls aged 14 and 12 , is one of several suspects in the Marchal and Lambrecks case .
Output: Dutroux(B-PER) ,(O) 39(O) ,(O) who(O) was(O) charged(O) last(O) week(O) with(O) the(O) abduction(O) and(O) illegal(O) imprisonment(O) of(O) two(O) other(O) girls(O) aged(O) 14(O) and(O) 12(O) ,(O) is(O) one(O) of(O) several(O) suspects(O) in(O) the(O) Marchal(B-PER) and(O) Lambrecks(B-PER) case(O) .(O)"
2120,['LOS' 'ANGELES' '67' '60' '.528' '2'],"['B-ORG', 'I-ORG', 'O', 'O', 'O', 'O']",LOS ANGELES 67 60 .528 2,"['LOS(B-ORG)', 'ANGELES(I-ORG)', '67(O)', '60(O)', '.528(O)', '2(O)']",LOS(B-ORG) ANGELES(I-ORG) 67(O) 60(O) .528(O) 2(O),"Input: LOS ANGELES 67 60 .528 2
Output: LOS(B-ORG) ANGELES(I-ORG) 67(O) 60(O) .528(O) 2(O)"
337,"[""O'Meara"" ',' 'Fred' 'Couples']","['B-PER', 'O', 'B-PER', 'I-PER']","O'Meara , Fred Couples","[""O'Meara(B-PER)"", ',(O)', 'Fred(B-PER)', 'Couples(I-PER)']","O'Meara(B-PER) ,(O) Fred(B-PER) Couples(I-PER)","Input: O'Meara , Fred Couples
Output: O'Meara(B-PER) ,(O) Fred(B-PER) Couples(I-PER)"
7319,"['Lebed' 'himself' 'said' 'he' 'was' 'concerned' 'that' 'powerful'
 'interests' 'in' 'Moscow' ',' 'who' 'have' 'profited' 'from' 'the' 'war'
 'and' 'want' 'it' 'to' 'go' 'on' ',' 'would' 'seize' 'on' 'any'
 'inadequacy' 'in' 'the' 'deal' 'to' 'remove' 'him' '.']","['B-PER', 'O', 'O', 'O', 'O', 'O', 'O', 'O', 'O', 'O', 'B-LOC', 'O', 'O', 'O', 'O', 'O', 'O', 'O', 'O', 'O', 'O', 'O', 'O', 'O', 'O', 'O', 'O', 'O', 'O', 'O', 'O', 'O', 'O', 'O', 'O', 'O', 'O']","Lebed himself said he was concerned that powerful interests in Moscow , who have profited from the war and want it to go on , would seize on any inadequacy in the deal to remove him .","['Lebed(B-PER)', 'himself(O)', 'said(O)', 'he(O)', 'was(O)', 'concerned(O)', 'that(O)', 'powerful(O)', 'interests(O)', 'in(O)', 'Moscow(B-LOC)', ',(O)', 'who(O)', 'have(O)', 'profited(O)', 'from(O)', 'the(O)', 'war(O)', 'and(O)', 'want(O)', 'it(O)', 'to(O)', 'go(O)', 'on(O)', ',(O)', 'would(O)', 'seize(O)', 'on(O)', 'any(O)', 'inadequacy(O)', 'in(O)', 'the(O)', 'deal(O)', 'to(O)', 'remove(O)', 'him(O)', '.(O)']","Lebed(B-PER) himself(O) said(O) he(O) was(O) concerned(O) that(O) powerful(O) interests(O) in(O) Moscow(B-LOC) ,(O) who(O) have(O) profited(O) from(O) the(O) war(O) and(O) want(O) it(O) to(O) go(O) on(O) ,(O) would(O) seize(O) on(O) any(O) inadequacy(O) in(O) the(O) deal(O) to(O) remove(O) him(O) .(O)","Input: Lebed himself said he was concerned that powerful interests in Moscow , who have profited from the war and want it to go on , would seize on any inadequacy in the deal to remove him .
Output: Lebed(B-PER) himself(O) said(O) he(O) was(O) concerned(O) that(O) powerful(O) interests(O) in(O) Moscow(B-LOC) ,(O) who(O) have(O) profited(O) from(O) the(O) war(O) and(O) want(O) it(O) to(O) go(O) on(O) ,(O) would(O) seize(O) on(O) any(O) inadequacy(O) in(O) the(O) deal(O) to(O) remove(O) him(O) .(O)"
9749,"['--' 'Bonn' 'newsroom' ',' '+49' '228' '2609760']","['O', 'B-LOC', 'O', 'O', 'O', 'O', 'O']","-- Bonn newsroom , +49 228 2609760","['--(O)', 'Bonn(B-LOC)', 'newsroom(O)', ',(O)', '+49(O)', '228(O)', '2609760(O)']","--(O) Bonn(B-LOC) newsroom(O) ,(O) +49(O) 228(O) 2609760(O)","Input: -- Bonn newsroom , +49 228 2609760
Output: --(O) Bonn(B-LOC) newsroom(O) ,(O) +49(O) 228(O) 2609760(O)"
10976,['Latest' 'Prior'],"['O', 'O']",Latest Prior,"['Latest(O)', 'Prior(O)']",Latest(O) Prior(O),"Input: Latest Prior
Output: Latest(O) Prior(O)"
1822,"['But' 'Ukraine' ',' 'seeing' 'itself' 'as' 'a' 'bridge' 'between'
 'Russia' 'and' 'the' 'rapidly' 'Westernising' 'countries' 'of' 'eastern'
 'Europe' ',' 'is' 'looking' 'West' 'as' 'well' 'as' 'East' '.']","['O', 'B-LOC', 'O', 'O', 'O', 'O', 'O', 'O', 'O', 'B-LOC', 'O', 'O', 'O', 'B-MISC', 'O', 'O', 'O', 'B-LOC', 'O', 'O', 'O', 'O', 'O', 'O', 'O', 'O', 'O']","But Ukraine , seeing itself as a bridge between Russia and the rapidly Westernising countries of eastern Europe , is looking West as well as East .","['But(O)', 'Ukraine(B-LOC)', ',(O)', 'seeing(O)', 'itself(O)', 'as(O)', 'a(O)', 'bridge(O)', 'between(O)', 'Russia(B-LOC)', 'and(O)', 'the(O)', 'rapidly(O)', 'Westernising(B-MISC)', 'countries(O)', 'of(O)', 'eastern(O)', 'Europe(B-LOC)', ',(O)', 'is(O)', 'looking(O)', 'West(O)', 'as(O)', 'well(O)', 'as(O)', 'East(O)', '.(O)']","But(O) Ukraine(B-LOC) ,(O) seeing(O) itself(O) as(O) a(O) bridge(O) between(O) Russia(B-LOC) and(O) the(O) rapidly(O) Westernising(B-MISC) countries(O) of(O) eastern(O) Europe(B-LOC) ,(O) is(O) looking(O) West(O) as(O) well(O) as(O) East(O) .(O)","Input: But Ukraine , seeing itself as a bridge between Russia and the rapidly Westernising countries of eastern Europe , is looking West as well as East .
Output: But(O) Ukraine(B-LOC) ,(O) seeing(O) itself(O) as(O) a(O) bridge(O) between(O) Russia(B-LOC) and(O) the(O) rapidly(O) Westernising(B-MISC) countries(O) of(O) eastern(O) Europe(B-LOC) ,(O) is(O) looking(O) West(O) as(O) well(O) as(O) East(O) .(O)"
13086,"['With' '2.5' 'percent' 'gross' 'domestic' 'product' 'growth' 'expected'
 'for' '1996' ',' 'new' 'job' 'growth' 'should' 'slowly' 'lower' 'the'
 'unemployment' 'rate' 'over' 'the' 'rest' 'of' 'the' 'year' '.']","['O', 'O', 'O', 'O', 'O', 'O', 'O', 'O', 'O', 'O', 'O', 'O', 'O', 'O', 'O', 'O', 'O', 'O', 'O', 'O', 'O', 'O', 'O', 'O', 'O', 'O', 'O']","With 2.5 percent gross domestic product growth expected for 1996 , new job growth should slowly lower the unemployment rate over the rest of the year .","['With(O)', '2.5(O)', 'percent(O)', 'gross(O)', 'domestic(O)', 'product(O)', 'growth(O)', 'expected(O)', 'for(O)', '1996(O)', ',(O)', 'new(O)', 'job(O)', 'growth(O)', 'should(O)', 'slowly(O)', 'lower(O)', 'the(O)', 'unemployment(O)', 'rate(O)', 'over(O)', 'the(O)', 'rest(O)', 'of(O)', 'the(O)', 'year(O)', '.(O)']","With(O) 2.5(O) percent(O) gross(O) domestic(O) product(O) growth(O) expected(O) for(O) 1996(O) ,(O) new(O) job(O) growth(O) should(O) slowly(O) lower(O) the(O) unemployment(O) rate(O) over(O) the(O) rest(O) of(O) the(O) year(O) .(O)","Input: With 2.5 percent gross domestic product growth expected for 1996 , new job growth should slowly lower the unemployment rate over the rest of the year .
Output: With(O) 2.5(O) percent(O) gross(O) domestic(O) product(O) growth(O) expected(O) for(O) 1996(O) ,(O) new(O) job(O) growth(O) should(O) slowly(O) lower(O) the(O) unemployment(O) rate(O) over(O) the(O) rest(O) of(O) the(O) year(O) .(O)"
12994,['Scandal' 'hits' 'Clinton' 'campaign' 'at' 'vital' 'moment' '.'],"['O', 'O', 'B-PER', 'O', 'O', 'O', 'O', 'O']",Scandal hits Clinton campaign at vital moment .,"['Scandal(O)', 'hits(O)', 'Clinton(B-PER)', 'campaign(O)', 'at(O)', 'vital(O)', 'moment(O)', '.(O)']",Scandal(O) hits(O) Clinton(B-PER) campaign(O) at(O) vital(O) moment(O) .(O),"Input: Scandal hits Clinton campaign at vital moment .
Output: Scandal(O) hits(O) Clinton(B-PER) campaign(O) at(O) vital(O) moment(O) .(O)"
12422,['SEOUL' '1996-08-29'],"['B-LOC', 'O']",SEOUL 1996-08-29,"['SEOUL(B-LOC)', '1996-08-29(O)']",SEOUL(B-LOC) 1996-08-29(O),"Input: SEOUL 1996-08-29
Output: SEOUL(B-LOC) 1996-08-29(O)"
10884,"['South' 'Africa' ""'s"" 'Truth' 'and' 'Reconciliation' 'Commission' 'said'
 'on' 'Wednesday' 'it' 'would' 'subpoena' 'persons' 'accused' 'of' 'human'
 'rights' 'violations' 'to' 'appear' 'before' 'it' '.']","['B-LOC', 'I-LOC', 'O', 'B-ORG', 'I-ORG', 'I-ORG', 'I-ORG', 'O', 'O', 'O', 'O', 'O', 'O', 'O', 'O', 'O', 'O', 'O', 'O', 'O', 'O', 'O', 'O', 'O']",South Africa 's Truth and Reconciliation Commission said on Wednesday it would subpoena persons accused of human rights violations to appear before it .,"['South(B-LOC)', 'Africa(I-LOC)', ""'s(O)"", 'Truth(B-ORG)', 'and(I-ORG)', 'Reconciliation(I-ORG)', 'Commission(I-ORG)', 'said(O)', 'on(O)', 'Wednesday(O)', 'it(O)', 'would(O)', 'subpoena(O)', 'persons(O)', 'accused(O)', 'of(O)', 'human(O)', 'rights(O)', 'violations(O)', 'to(O)', 'appear(O)', 'before(O)', 'it(O)', '.(O)']",South(B-LOC) Africa(I-LOC) 's(O) Truth(B-ORG) and(I-ORG) Reconciliation(I-ORG) Commission(I-ORG) said(O) on(O) Wednesday(O) it(O) would(O) subpoena(O) persons(O) accused(O) of(O) human(O) rights(O) violations(O) to(O) appear(O) before(O) it(O) .(O),"Input: South Africa 's Truth and Reconciliation Commission said on Wednesday it would subpoena persons accused of human rights violations to appear before it .
Output: South(B-LOC) Africa(I-LOC) 's(O) Truth(B-ORG) and(I-ORG) Reconciliation(I-ORG) Commission(I-ORG) said(O) on(O) Wednesday(O) it(O) would(O) subpoena(O) persons(O) accused(O) of(O) human(O) rights(O) violations(O) to(O) appear(O) before(O) it(O) .(O)"
7333,"['Many' 'of' 'those' 'documents' 'return' 'to' 'the' 'president' ""'s""
 'administration' 'the' 'same' 'day' ',' '""' 'he' 'said' '.']","['O', 'O', 'O', 'O', 'O', 'O', 'O', 'O', 'O', 'O', 'O', 'O', 'O', 'O', 'O', 'O', 'O', 'O']","Many of those documents return to the president 's administration the same day , "" he said .","['Many(O)', 'of(O)', 'those(O)', 'documents(O)', 'return(O)', 'to(O)', 'the(O)', 'president(O)', ""'s(O)"", 'administration(O)', 'the(O)', 'same(O)', 'day(O)', ',(O)', '""(O)', 'he(O)', 'said(O)', '.(O)']","Many(O) of(O) those(O) documents(O) return(O) to(O) the(O) president(O) 's(O) administration(O) the(O) same(O) day(O) ,(O) ""(O) he(O) said(O) .(O)","Input: Many of those documents return to the president 's administration the same day , "" he said .
Output: Many(O) of(O) those(O) documents(O) return(O) to(O) the(O) president(O) 's(O) administration(O) the(O) same(O) day(O) ,(O) ""(O) he(O) said(O) .(O)"
10346,['Hapoel' 'Beersheva' '2' 'Maccabi' 'Herzliya' '0'],"['B-ORG', 'I-ORG', 'O', 'B-ORG', 'I-ORG', 'O']",Hapoel Beersheva 2 Maccabi Herzliya 0,"['Hapoel(B-ORG)', 'Beersheva(I-ORG)', '2(O)', 'Maccabi(B-ORG)', 'Herzliya(I-ORG)', '0(O)']",Hapoel(B-ORG) Beersheva(I-ORG) 2(O) Maccabi(B-ORG) Herzliya(I-ORG) 0(O),"Input: Hapoel Beersheva 2 Maccabi Herzliya 0
Output: Hapoel(B-ORG) Beersheva(I-ORG) 2(O) Maccabi(B-ORG) Herzliya(I-ORG) 0(O)"
4992,['Ijaz' 'Ahmed' 'c' 'Stewart' 'b' 'Mullally' '61'],"['B-PER', 'I-PER', 'O', 'B-PER', 'O', 'B-PER', 'O']",Ijaz Ahmed c Stewart b Mullally 61,"['Ijaz(B-PER)', 'Ahmed(I-PER)', 'c(O)', 'Stewart(B-PER)', 'b(O)', 'Mullally(B-PER)', '61(O)']",Ijaz(B-PER) Ahmed(I-PER) c(O) Stewart(B-PER) b(O) Mullally(B-PER) 61(O),"Input: Ijaz Ahmed c Stewart b Mullally 61
Output: Ijaz(B-PER) Ahmed(I-PER) c(O) Stewart(B-PER) b(O) Mullally(B-PER) 61(O)"
9001,"['His' 'support' 'in' 'the' 'first' 'round' 'of' 'voting' 'on' 'Monday'
 'was' 'much' 'lower' 'than' 'expected' ',' 'scoring' 'only' '45' 'votes'
 ',' 'which' 'political' 'analysts' 'put' 'down' 'as' 'a' 'vote' 'of' 'no'
 'confidence' 'in' 'his' 'performance' '.']","['O', 'O', 'O', 'O', 'O', 'O', 'O', 'O', 'O', 'O', 'O', 'O', 'O', 'O', 'O', 'O', 'O', 'O', 'O', 'O', 'O', 'O', 'O', 'O', 'O', 'O', 'O', 'O', 'O', 'O', 'O', 'O', 'O', 'O', 'O', 'O']","His support in the first round of voting on Monday was much lower than expected , scoring only 45 votes , which political analysts put down as a vote of no confidence in his performance .","['His(O)', 'support(O)', 'in(O)', 'the(O)', 'first(O)', 'round(O)', 'of(O)', 'voting(O)', 'on(O)', 'Monday(O)', 'was(O)', 'much(O)', 'lower(O)', 'than(O)', 'expected(O)', ',(O)', 'scoring(O)', 'only(O)', '45(O)', 'votes(O)', ',(O)', 'which(O)', 'political(O)', 'analysts(O)', 'put(O)', 'down(O)', 'as(O)', 'a(O)', 'vote(O)', 'of(O)', 'no(O)', 'confidence(O)', 'in(O)', 'his(O)', 'performance(O)', '.(O)']","His(O) support(O) in(O) the(O) first(O) round(O) of(O) voting(O) on(O) Monday(O) was(O) much(O) lower(O) than(O) expected(O) ,(O) scoring(O) only(O) 45(O) votes(O) ,(O) which(O) political(O) analysts(O) put(O) down(O) as(O) a(O) vote(O) of(O) no(O) confidence(O) in(O) his(O) performance(O) .(O)","Input: His support in the first round of voting on Monday was much lower than expected , scoring only 45 votes , which political analysts put down as a vote of no confidence in his performance .
Output: His(O) support(O) in(O) the(O) first(O) round(O) of(O) voting(O) on(O) Monday(O) was(O) much(O) lower(O) than(O) expected(O) ,(O) scoring(O) only(O) 45(O) votes(O) ,(O) which(O) political(O) analysts(O) put(O) down(O) as(O) a(O) vote(O) of(O) no(O) confidence(O) in(O) his(O) performance(O) .(O)"
4347,"['McCurry' 'said' 'that' 'when' 'Clinton' 'delivers' 'his' 'acceptance'
 'address' 'on' 'Thursday' 'night' 'to' 'fellow' 'Democrats' 'and' 'a'
 'national' 'television' 'audience' ',' 'he' 'will' '""' 'set' 'out' 'a'
 'road' 'map' '""' 'for' 'the' 'nation' ""'s"" 'future' '--' 'one' 'the'
 'president' 'hopes' 'guides' 'him' 'back' 'to' 'the' 'White' 'House'
 'for' 'four' 'more' 'years' '.']","['B-PER', 'O', 'O', 'O', 'B-PER', 'O', 'O', 'O', 'O', 'O', 'O', 'O', 'O', 'O', 'B-MISC', 'O', 'O', 'O', 'O', 'O', 'O', 'O', 'O', 'O', 'O', 'O', 'O', 'O', 'O', 'O', 'O', 'O', 'O', 'O', 'O', 'O', 'O', 'O', 'O', 'O', 'O', 'O', 'O', 'O', 'O', 'B-LOC', 'I-LOC', 'O', 'O', 'O', 'O', 'O']","McCurry said that when Clinton delivers his acceptance address on Thursday night to fellow Democrats and a national television audience , he will "" set out a road map "" for the nation 's future -- one the president hopes guides him back to the White House for four more years .","['McCurry(B-PER)', 'said(O)', 'that(O)', 'when(O)', 'Clinton(B-PER)', 'delivers(O)', 'his(O)', 'acceptance(O)', 'address(O)', 'on(O)', 'Thursday(O)', 'night(O)', 'to(O)', 'fellow(O)', 'Democrats(B-MISC)', 'and(O)', 'a(O)', 'national(O)', 'television(O)', 'audience(O)', ',(O)', 'he(O)', 'will(O)', '""(O)', 'set(O)', 'out(O)', 'a(O)', 'road(O)', 'map(O)', '""(O)', 'for(O)', 'the(O)', 'nation(O)', ""'s(O)"", 'future(O)', '--(O)', 'one(O)', 'the(O)', 'president(O)', 'hopes(O)', 'guides(O)', 'him(O)', 'back(O)', 'to(O)', 'the(O)', 'White(B-LOC)', 'House(I-LOC)', 'for(O)', 'four(O)', 'more(O)', 'years(O)', '.(O)']","McCurry(B-PER) said(O) that(O) when(O) Clinton(B-PER) delivers(O) his(O) acceptance(O) address(O) on(O) Thursday(O) night(O) to(O) fellow(O) Democrats(B-MISC) and(O) a(O) national(O) television(O) audience(O) ,(O) he(O) will(O) ""(O) set(O) out(O) a(O) road(O) map(O) ""(O) for(O) the(O) nation(O) 's(O) future(O) --(O) one(O) the(O) president(O) hopes(O) guides(O) him(O) back(O) to(O) the(O) White(B-LOC) House(I-LOC) for(O) four(O) more(O) years(O) .(O)","Input: McCurry said that when Clinton delivers his acceptance address on Thursday night to fellow Democrats and a national television audience , he will "" set out a road map "" for the nation 's future -- one the president hopes guides him back to the White House for four more years .
Output: McCurry(B-PER) said(O) that(O) when(O) Clinton(B-PER) delivers(O) his(O) acceptance(O) address(O) on(O) Thursday(O) night(O) to(O) fellow(O) Democrats(B-MISC) and(O) a(O) national(O) television(O) audience(O) ,(O) he(O) will(O) ""(O) set(O) out(O) a(O) road(O) map(O) ""(O) for(O) the(O) nation(O) 's(O) future(O) --(O) one(O) the(O) president(O) hopes(O) guides(O) him(O) back(O) to(O) the(O) White(B-LOC) House(I-LOC) for(O) four(O) more(O) years(O) .(O)"
4833,['2.' 'Corser' '269'],"['O', 'B-PER', 'O']",2. Corser 269,"['2.(O)', 'Corser(B-PER)', '269(O)']",2.(O) Corser(B-PER) 269(O),"Input: 2. Corser 269
Output: 2.(O) Corser(B-PER) 269(O)"
13636,"['The' 'armed' 'militants' 'were' 'shot' 'dead' 'in' 'Nahar' 'village'
 '90' 'km' '(' '56' 'miles' ')' 'south' 'of' 'Algiers' ',' 'Liberte'
 'newspaper' 'said' '.']","['O', 'O', 'O', 'O', 'O', 'O', 'O', 'B-LOC', 'O', 'O', 'O', 'O', 'O', 'O', 'O', 'O', 'O', 'B-LOC', 'O', 'B-ORG', 'O', 'O', 'O']","The armed militants were shot dead in Nahar village 90 km ( 56 miles ) south of Algiers , Liberte newspaper said .","['The(O)', 'armed(O)', 'militants(O)', 'were(O)', 'shot(O)', 'dead(O)', 'in(O)', 'Nahar(B-LOC)', 'village(O)', '90(O)', 'km(O)', '((O)', '56(O)', 'miles(O)', ')(O)', 'south(O)', 'of(O)', 'Algiers(B-LOC)', ',(O)', 'Liberte(B-ORG)', 'newspaper(O)', 'said(O)', '.(O)']","The(O) armed(O) militants(O) were(O) shot(O) dead(O) in(O) Nahar(B-LOC) village(O) 90(O) km(O) ((O) 56(O) miles(O) )(O) south(O) of(O) Algiers(B-LOC) ,(O) Liberte(B-ORG) newspaper(O) said(O) .(O)","Input: The armed militants were shot dead in Nahar village 90 km ( 56 miles ) south of Algiers , Liberte newspaper said .
Output: The(O) armed(O) militants(O) were(O) shot(O) dead(O) in(O) Nahar(B-LOC) village(O) 90(O) km(O) ((O) 56(O) miles(O) )(O) south(O) of(O) Algiers(B-LOC) ,(O) Liberte(B-ORG) newspaper(O) said(O) .(O)"
5814,['South' 'Queensland' '21' '4' '0' '17' '210' '460' '8'],"['B-ORG', 'I-ORG', 'O', 'O', 'O', 'O', 'O', 'O', 'O']",South Queensland 21 4 0 17 210 460 8,"['South(B-ORG)', 'Queensland(I-ORG)', '21(O)', '4(O)', '0(O)', '17(O)', '210(O)', '460(O)', '8(O)']",South(B-ORG) Queensland(I-ORG) 21(O) 4(O) 0(O) 17(O) 210(O) 460(O) 8(O),"Input: South Queensland 21 4 0 17 210 460 8
Output: South(B-ORG) Queensland(I-ORG) 21(O) 4(O) 0(O) 17(O) 210(O) 460(O) 8(O)"
8505,"['16' '-' 'Cedric' 'Pioline' '(' 'France' ')' 'beat' 'Francisco' 'Clavet'
 '(' 'Spain' ')' '6-4' '7-6' '(' '7-3' ')' '6-4']","['O', 'O', 'B-PER', 'I-PER', 'O', 'B-LOC', 'O', 'O', 'B-PER', 'I-PER', 'O', 'B-LOC', 'O', 'O', 'O', 'O', 'O', 'O', 'O']",16 - Cedric Pioline ( France ) beat Francisco Clavet ( Spain ) 6-4 7-6 ( 7-3 ) 6-4,"['16(O)', '-(O)', 'Cedric(B-PER)', 'Pioline(I-PER)', '((O)', 'France(B-LOC)', ')(O)', 'beat(O)', 'Francisco(B-PER)', 'Clavet(I-PER)', '((O)', 'Spain(B-LOC)', ')(O)', '6-4(O)', '7-6(O)', '((O)', '7-3(O)', ')(O)', '6-4(O)']",16(O) -(O) Cedric(B-PER) Pioline(I-PER) ((O) France(B-LOC) )(O) beat(O) Francisco(B-PER) Clavet(I-PER) ((O) Spain(B-LOC) )(O) 6-4(O) 7-6(O) ((O) 7-3(O) )(O) 6-4(O),"Input: 16 - Cedric Pioline ( France ) beat Francisco Clavet ( Spain ) 6-4 7-6 ( 7-3 ) 6-4
Output: 16(O) -(O) Cedric(B-PER) Pioline(I-PER) ((O) France(B-LOC) )(O) beat(O) Francisco(B-PER) Clavet(I-PER) ((O) Spain(B-LOC) )(O) 6-4(O) 7-6(O) ((O) 7-3(O) )(O) 6-4(O)"
12416,"['Dan' 'Jenson' '(' 'Australia' ')' 'beat' '3' '-' 'Brett' 'Martin' '('
 'Australia' ')' '15-9' '17-14' '7-15' '9-15' '15-14']","['B-PER', 'I-PER', 'O', 'B-LOC', 'O', 'O', 'O', 'O', 'B-PER', 'I-PER', 'O', 'B-LOC', 'O', 'O', 'O', 'O', 'O', 'O']",Dan Jenson ( Australia ) beat 3 - Brett Martin ( Australia ) 15-9 17-14 7-15 9-15 15-14,"['Dan(B-PER)', 'Jenson(I-PER)', '((O)', 'Australia(B-LOC)', ')(O)', 'beat(O)', '3(O)', '-(O)', 'Brett(B-PER)', 'Martin(I-PER)', '((O)', 'Australia(B-LOC)', ')(O)', '15-9(O)', '17-14(O)', '7-15(O)', '9-15(O)', '15-14(O)']",Dan(B-PER) Jenson(I-PER) ((O) Australia(B-LOC) )(O) beat(O) 3(O) -(O) Brett(B-PER) Martin(I-PER) ((O) Australia(B-LOC) )(O) 15-9(O) 17-14(O) 7-15(O) 9-15(O) 15-14(O),"Input: Dan Jenson ( Australia ) beat 3 - Brett Martin ( Australia ) 15-9 17-14 7-15 9-15 15-14
Output: Dan(B-PER) Jenson(I-PER) ((O) Australia(B-LOC) )(O) beat(O) 3(O) -(O) Brett(B-PER) Martin(I-PER) ((O) Australia(B-LOC) )(O) 15-9(O) 17-14(O) 7-15(O) 9-15(O) 15-14(O)"
10060,['9.' 'Lance' 'Armstrong' '(' 'U.S.' ')' 'Motorola' '9'],"['O', 'B-PER', 'I-PER', 'O', 'B-LOC', 'O', 'B-ORG', 'O']",9. Lance Armstrong ( U.S. ) Motorola 9,"['9.(O)', 'Lance(B-PER)', 'Armstrong(I-PER)', '((O)', 'U.S.(B-LOC)', ')(O)', 'Motorola(B-ORG)', '9(O)']",9.(O) Lance(B-PER) Armstrong(I-PER) ((O) U.S.(B-LOC) )(O) Motorola(B-ORG) 9(O),"Input: 9. Lance Armstrong ( U.S. ) Motorola 9
Output: 9.(O) Lance(B-PER) Armstrong(I-PER) ((O) U.S.(B-LOC) )(O) Motorola(B-ORG) 9(O)"
6879,['Pohang' '1' '1' '1' '8' '8' '4'],"['B-ORG', 'O', 'O', 'O', 'O', 'O', 'O']",Pohang 1 1 1 8 8 4,"['Pohang(B-ORG)', '1(O)', '1(O)', '1(O)', '8(O)', '8(O)', '4(O)']",Pohang(B-ORG) 1(O) 1(O) 1(O) 8(O) 8(O) 4(O),"Input: Pohang 1 1 1 8 8 4
Output: Pohang(B-ORG) 1(O) 1(O) 1(O) 8(O) 8(O) 4(O)"
1255,"['Russians' ',' 'rebels' 'sign' 'deal' 'in' 'Chechnya' '.']","['B-MISC', 'O', 'O', 'O', 'O', 'O', 'B-LOC', 'O']","Russians , rebels sign deal in Chechnya .","['Russians(B-MISC)', ',(O)', 'rebels(O)', 'sign(O)', 'deal(O)', 'in(O)', 'Chechnya(B-LOC)', '.(O)']","Russians(B-MISC) ,(O) rebels(O) sign(O) deal(O) in(O) Chechnya(B-LOC) .(O)","Input: Russians , rebels sign deal in Chechnya .
Output: Russians(B-MISC) ,(O) rebels(O) sign(O) deal(O) in(O) Chechnya(B-LOC) .(O)"
4113,['Admira' '/' 'Wacker' '6' '0' '3' '3' '5' '10' '3'],"['B-ORG', 'I-ORG', 'I-ORG', 'O', 'O', 'O', 'O', 'O', 'O', 'O']",Admira / Wacker 6 0 3 3 5 10 3,"['Admira(B-ORG)', '/(I-ORG)', 'Wacker(I-ORG)', '6(O)', '0(O)', '3(O)', '3(O)', '5(O)', '10(O)', '3(O)']",Admira(B-ORG) /(I-ORG) Wacker(I-ORG) 6(O) 0(O) 3(O) 3(O) 5(O) 10(O) 3(O),"Input: Admira / Wacker 6 0 3 3 5 10 3
Output: Admira(B-ORG) /(I-ORG) Wacker(I-ORG) 6(O) 0(O) 3(O) 3(O) 5(O) 10(O) 3(O)"
13160,"['The' 'U.S.' 'Defense' 'Logistics' 'Agency' 'set' 'Thursday' ""'s""
 'offering' 'price' 'for' 'stockpile' 'tin' 'at' '$' '2.7975' 'per' 'lb'
 ',' 'versus' '$' '2.7775' 'per' 'lb' 'yesterday' '.']","['O', 'B-ORG', 'I-ORG', 'I-ORG', 'I-ORG', 'O', 'O', 'O', 'O', 'O', 'O', 'O', 'O', 'O', 'O', 'O', 'O', 'O', 'O', 'O', 'O', 'O', 'O', 'O', 'O', 'O']","The U.S. Defense Logistics Agency set Thursday 's offering price for stockpile tin at $ 2.7975 per lb , versus $ 2.7775 per lb yesterday .","['The(O)', 'U.S.(B-ORG)', 'Defense(I-ORG)', 'Logistics(I-ORG)', 'Agency(I-ORG)', 'set(O)', 'Thursday(O)', ""'s(O)"", 'offering(O)', 'price(O)', 'for(O)', 'stockpile(O)', 'tin(O)', 'at(O)', '$(O)', '2.7975(O)', 'per(O)', 'lb(O)', ',(O)', 'versus(O)', '$(O)', '2.7775(O)', 'per(O)', 'lb(O)', 'yesterday(O)', '.(O)']","The(O) U.S.(B-ORG) Defense(I-ORG) Logistics(I-ORG) Agency(I-ORG) set(O) Thursday(O) 's(O) offering(O) price(O) for(O) stockpile(O) tin(O) at(O) $(O) 2.7975(O) per(O) lb(O) ,(O) versus(O) $(O) 2.7775(O) per(O) lb(O) yesterday(O) .(O)","Input: The U.S. Defense Logistics Agency set Thursday 's offering price for stockpile tin at $ 2.7975 per lb , versus $ 2.7775 per lb yesterday .
Output: The(O) U.S.(B-ORG) Defense(I-ORG) Logistics(I-ORG) Agency(I-ORG) set(O) Thursday(O) 's(O) offering(O) price(O) for(O) stockpile(O) tin(O) at(O) $(O) 2.7975(O) per(O) lb(O) ,(O) versus(O) $(O) 2.7775(O) per(O) lb(O) yesterday(O) .(O)"
1717,"['Daniel' 'Westlake' ',' '46' ',' 'from' 'Victoria' ',' 'made' 'the'
 'first' 'sucessful' 'escape' 'from' 'Klongprem' 'prison' 'in' 'the'
 'northern' 'outskirts' 'of' 'the' 'capital' 'on' 'Sunday' 'night' '.']","['B-PER', 'I-PER', 'O', 'O', 'O', 'O', 'B-LOC', 'O', 'O', 'O', 'O', 'O', 'O', 'O', 'B-LOC', 'O', 'O', 'O', 'O', 'O', 'O', 'O', 'O', 'O', 'O', 'O', 'O']","Daniel Westlake , 46 , from Victoria , made the first sucessful escape from Klongprem prison in the northern outskirts of the capital on Sunday night .","['Daniel(B-PER)', 'Westlake(I-PER)', ',(O)', '46(O)', ',(O)', 'from(O)', 'Victoria(B-LOC)', ',(O)', 'made(O)', 'the(O)', 'first(O)', 'sucessful(O)', 'escape(O)', 'from(O)', 'Klongprem(B-LOC)', 'prison(O)', 'in(O)', 'the(O)', 'northern(O)', 'outskirts(O)', 'of(O)', 'the(O)', 'capital(O)', 'on(O)', 'Sunday(O)', 'night(O)', '.(O)']","Daniel(B-PER) Westlake(I-PER) ,(O) 46(O) ,(O) from(O) Victoria(B-LOC) ,(O) made(O) the(O) first(O) sucessful(O) escape(O) from(O) Klongprem(B-LOC) prison(O) in(O) the(O) northern(O) outskirts(O) of(O) the(O) capital(O) on(O) Sunday(O) night(O) .(O)","Input: Daniel Westlake , 46 , from Victoria , made the first sucessful escape from Klongprem prison in the northern outskirts of the capital on Sunday night .
Output: Daniel(B-PER) Westlake(I-PER) ,(O) 46(O) ,(O) from(O) Victoria(B-LOC) ,(O) made(O) the(O) first(O) sucessful(O) escape(O) from(O) Klongprem(B-LOC) prison(O) in(O) the(O) northern(O) outskirts(O) of(O) the(O) capital(O) on(O) Sunday(O) night(O) .(O)"
13617,"['Cellars' 'were' 'flooded' ',' 'trees' 'uprooted' 'and' 'roofs' 'damaged'
 ',' 'but' 'there' 'were' 'no' 'reports' 'of' 'any' 'injuries' ',' 'an'
 'interior' 'affairs' 'ministry' 'spokesman' 'said' '.']","['O', 'O', 'O', 'O', 'O', 'O', 'O', 'O', 'O', 'O', 'O', 'O', 'O', 'O', 'O', 'O', 'O', 'O', 'O', 'O', 'O', 'O', 'O', 'O', 'O', 'O']","Cellars were flooded , trees uprooted and roofs damaged , but there were no reports of any injuries , an interior affairs ministry spokesman said .","['Cellars(O)', 'were(O)', 'flooded(O)', ',(O)', 'trees(O)', 'uprooted(O)', 'and(O)', 'roofs(O)', 'damaged(O)', ',(O)', 'but(O)', 'there(O)', 'were(O)', 'no(O)', 'reports(O)', 'of(O)', 'any(O)', 'injuries(O)', ',(O)', 'an(O)', 'interior(O)', 'affairs(O)', 'ministry(O)', 'spokesman(O)', 'said(O)', '.(O)']","Cellars(O) were(O) flooded(O) ,(O) trees(O) uprooted(O) and(O) roofs(O) damaged(O) ,(O) but(O) there(O) were(O) no(O) reports(O) of(O) any(O) injuries(O) ,(O) an(O) interior(O) affairs(O) ministry(O) spokesman(O) said(O) .(O)","Input: Cellars were flooded , trees uprooted and roofs damaged , but there were no reports of any injuries , an interior affairs ministry spokesman said .
Output: Cellars(O) were(O) flooded(O) ,(O) trees(O) uprooted(O) and(O) roofs(O) damaged(O) ,(O) but(O) there(O) were(O) no(O) reports(O) of(O) any(O) injuries(O) ,(O) an(O) interior(O) affairs(O) ministry(O) spokesman(O) said(O) .(O)"
2806,"['Two' 'Russian-built' 'hovercrafts' ',' 'capable' 'of' 'carrying' 'up'
 'to' '50' 'tons' 'each' ',' 'will' 'begin' 'ferrying' 'passengers' 'and'
 'cargo' 'up' 'and' 'down' 'the' 'huge' 'river' 'from' 'its' 'mouth' 'at'
 'Belem' 'by' 'the' 'end' 'of' 'the' 'year' ',' 'Brazil' ""'s"" 'Amazon'
 'Affairs' 'Department' 'said' 'in' 'a' 'statement' '.']","['O', 'B-MISC', 'O', 'O', 'O', 'O', 'O', 'O', 'O', 'O', 'O', 'O', 'O', 'O', 'O', 'O', 'O', 'O', 'O', 'O', 'O', 'O', 'O', 'O', 'O', 'O', 'O', 'O', 'O', 'B-LOC', 'O', 'O', 'O', 'O', 'O', 'O', 'O', 'B-LOC', 'O', 'B-ORG', 'I-ORG', 'I-ORG', 'O', 'O', 'O', 'O', 'O']","Two Russian-built hovercrafts , capable of carrying up to 50 tons each , will begin ferrying passengers and cargo up and down the huge river from its mouth at Belem by the end of the year , Brazil 's Amazon Affairs Department said in a statement .","['Two(O)', 'Russian-built(B-MISC)', 'hovercrafts(O)', ',(O)', 'capable(O)', 'of(O)', 'carrying(O)', 'up(O)', 'to(O)', '50(O)', 'tons(O)', 'each(O)', ',(O)', 'will(O)', 'begin(O)', 'ferrying(O)', 'passengers(O)', 'and(O)', 'cargo(O)', 'up(O)', 'and(O)', 'down(O)', 'the(O)', 'huge(O)', 'river(O)', 'from(O)', 'its(O)', 'mouth(O)', 'at(O)', 'Belem(B-LOC)', 'by(O)', 'the(O)', 'end(O)', 'of(O)', 'the(O)', 'year(O)', ',(O)', 'Brazil(B-LOC)', ""'s(O)"", 'Amazon(B-ORG)', 'Affairs(I-ORG)', 'Department(I-ORG)', 'said(O)', 'in(O)', 'a(O)', 'statement(O)', '.(O)']","Two(O) Russian-built(B-MISC) hovercrafts(O) ,(O) capable(O) of(O) carrying(O) up(O) to(O) 50(O) tons(O) each(O) ,(O) will(O) begin(O) ferrying(O) passengers(O) and(O) cargo(O) up(O) and(O) down(O) the(O) huge(O) river(O) from(O) its(O) mouth(O) at(O) Belem(B-LOC) by(O) the(O) end(O) of(O) the(O) year(O) ,(O) Brazil(B-LOC) 's(O) Amazon(B-ORG) Affairs(I-ORG) Department(I-ORG) said(O) in(O) a(O) statement(O) .(O)","Input: Two Russian-built hovercrafts , capable of carrying up to 50 tons each , will begin ferrying passengers and cargo up and down the huge river from its mouth at Belem by the end of the year , Brazil 's Amazon Affairs Department said in a statement .
Output: Two(O) Russian-built(B-MISC) hovercrafts(O) ,(O) capable(O) of(O) carrying(O) up(O) to(O) 50(O) tons(O) each(O) ,(O) will(O) begin(O) ferrying(O) passengers(O) and(O) cargo(O) up(O) and(O) down(O) the(O) huge(O) river(O) from(O) its(O) mouth(O) at(O) Belem(B-LOC) by(O) the(O) end(O) of(O) the(O) year(O) ,(O) Brazil(B-LOC) 's(O) Amazon(B-ORG) Affairs(I-ORG) Department(I-ORG) said(O) in(O) a(O) statement(O) .(O)"
8402,['NEW' 'YORK' '1996-08-27'],"['B-LOC', 'I-LOC', 'O']",NEW YORK 1996-08-27,"['NEW(B-LOC)', 'YORK(I-LOC)', '1996-08-27(O)']",NEW(B-LOC) YORK(I-LOC) 1996-08-27(O),"Input: NEW YORK 1996-08-27
Output: NEW(B-LOC) YORK(I-LOC) 1996-08-27(O)"
75,['Venantius' 'sets' '$' '300' 'million' 'January' '1999' 'FRN' '.'],"['B-ORG', 'O', 'O', 'O', 'O', 'O', 'O', 'O', 'O']",Venantius sets $ 300 million January 1999 FRN .,"['Venantius(B-ORG)', 'sets(O)', '$(O)', '300(O)', 'million(O)', 'January(O)', '1999(O)', 'FRN(O)', '.(O)']",Venantius(B-ORG) sets(O) $(O) 300(O) million(O) January(O) 1999(O) FRN(O) .(O),"Input: Venantius sets $ 300 million January 1999 FRN .
Output: Venantius(B-ORG) sets(O) $(O) 300(O) million(O) January(O) 1999(O) FRN(O) .(O)"
5462,['Conde' 'scored' 'his' 'second' 'in' 'the' '70th' 'minute' '.'],"['B-PER', 'O', 'O', 'O', 'O', 'O', 'O', 'O', 'O']",Conde scored his second in the 70th minute .,"['Conde(B-PER)', 'scored(O)', 'his(O)', 'second(O)', 'in(O)', 'the(O)', '70th(O)', 'minute(O)', '.(O)']",Conde(B-PER) scored(O) his(O) second(O) in(O) the(O) 70th(O) minute(O) .(O),"Input: Conde scored his second in the 70th minute .
Output: Conde(B-PER) scored(O) his(O) second(O) in(O) the(O) 70th(O) minute(O) .(O)"
4669,['2.' 'Anne' 'Marken' '(' 'Belgium' ')' '55.90'],"['O', 'B-PER', 'I-PER', 'O', 'B-LOC', 'O', 'O']",2. Anne Marken ( Belgium ) 55.90,"['2.(O)', 'Anne(B-PER)', 'Marken(I-PER)', '((O)', 'Belgium(B-LOC)', ')(O)', '55.90(O)']",2.(O) Anne(B-PER) Marken(I-PER) ((O) Belgium(B-LOC) )(O) 55.90(O),"Input: 2. Anne Marken ( Belgium ) 55.90
Output: 2.(O) Anne(B-PER) Marken(I-PER) ((O) Belgium(B-LOC) )(O) 55.90(O)"
1771,['(' 'midday' ')' '(' 'May' '22' ')' '(' 'Jan' '10' ')'],"['O', 'O', 'O', 'O', 'O', 'O', 'O', 'O', 'O', 'O', 'O']",( midday ) ( May 22 ) ( Jan 10 ),"['((O)', 'midday(O)', ')(O)', '((O)', 'May(O)', '22(O)', ')(O)', '((O)', 'Jan(O)', '10(O)', ')(O)']",((O) midday(O) )(O) ((O) May(O) 22(O) )(O) ((O) Jan(O) 10(O) )(O),"Input: ( midday ) ( May 22 ) ( Jan 10 )
Output: ((O) midday(O) )(O) ((O) May(O) 22(O) )(O) ((O) Jan(O) 10(O) )(O)"
13424,"['The' 'visit' 'was' 'Kabariti' ""'s"" 'first' 'trip' 'outside' 'the'
 'country' 'since' 'Jordan' 'was' 'shaken' 'by' 'food' 'riots' 'earlier'
 'this' 'month' '.']","['O', 'O', 'O', 'B-PER', 'O', 'O', 'O', 'O', 'O', 'O', 'O', 'B-LOC', 'O', 'O', 'O', 'O', 'O', 'O', 'O', 'O', 'O']",The visit was Kabariti 's first trip outside the country since Jordan was shaken by food riots earlier this month .,"['The(O)', 'visit(O)', 'was(O)', 'Kabariti(B-PER)', ""'s(O)"", 'first(O)', 'trip(O)', 'outside(O)', 'the(O)', 'country(O)', 'since(O)', 'Jordan(B-LOC)', 'was(O)', 'shaken(O)', 'by(O)', 'food(O)', 'riots(O)', 'earlier(O)', 'this(O)', 'month(O)', '.(O)']",The(O) visit(O) was(O) Kabariti(B-PER) 's(O) first(O) trip(O) outside(O) the(O) country(O) since(O) Jordan(B-LOC) was(O) shaken(O) by(O) food(O) riots(O) earlier(O) this(O) month(O) .(O),"Input: The visit was Kabariti 's first trip outside the country since Jordan was shaken by food riots earlier this month .
Output: The(O) visit(O) was(O) Kabariti(B-PER) 's(O) first(O) trip(O) outside(O) the(O) country(O) since(O) Jordan(B-LOC) was(O) shaken(O) by(O) food(O) riots(O) earlier(O) this(O) month(O) .(O)"
2610,['Nigerian' 'terms' 'jeopardize' 'Commonwealth' 'trip-Canada' '.'],"['B-MISC', 'O', 'O', 'B-ORG', 'B-MISC', 'O']",Nigerian terms jeopardize Commonwealth trip-Canada .,"['Nigerian(B-MISC)', 'terms(O)', 'jeopardize(O)', 'Commonwealth(B-ORG)', 'trip-Canada(B-MISC)', '.(O)']",Nigerian(B-MISC) terms(O) jeopardize(O) Commonwealth(B-ORG) trip-Canada(B-MISC) .(O),"Input: Nigerian terms jeopardize Commonwealth trip-Canada .
Output: Nigerian(B-MISC) terms(O) jeopardize(O) Commonwealth(B-ORG) trip-Canada(B-MISC) .(O)"
2004,"['Martin' 'overcame' 'Cedric' 'Pioline' 'of' 'France' '2-6' '6-2' '6-4'
 'and' ""O'Brien"" 'beat' 'Mikael' 'Tillstrom' 'of' 'Sweden' '6-3' '2-6'
 '6-3' '.']","['B-PER', 'O', 'B-PER', 'I-PER', 'O', 'B-LOC', 'O', 'O', 'O', 'O', 'B-PER', 'O', 'B-PER', 'I-PER', 'O', 'B-LOC', 'O', 'O', 'O', 'O']",Martin overcame Cedric Pioline of France 2-6 6-2 6-4 and O'Brien beat Mikael Tillstrom of Sweden 6-3 2-6 6-3 .,"['Martin(B-PER)', 'overcame(O)', 'Cedric(B-PER)', 'Pioline(I-PER)', 'of(O)', 'France(B-LOC)', '2-6(O)', '6-2(O)', '6-4(O)', 'and(O)', ""O'Brien(B-PER)"", 'beat(O)', 'Mikael(B-PER)', 'Tillstrom(I-PER)', 'of(O)', 'Sweden(B-LOC)', '6-3(O)', '2-6(O)', '6-3(O)', '.(O)']",Martin(B-PER) overcame(O) Cedric(B-PER) Pioline(I-PER) of(O) France(B-LOC) 2-6(O) 6-2(O) 6-4(O) and(O) O'Brien(B-PER) beat(O) Mikael(B-PER) Tillstrom(I-PER) of(O) Sweden(B-LOC) 6-3(O) 2-6(O) 6-3(O) .(O),"Input: Martin overcame Cedric Pioline of France 2-6 6-2 6-4 and O'Brien beat Mikael Tillstrom of Sweden 6-3 2-6 6-3 .
Output: Martin(B-PER) overcame(O) Cedric(B-PER) Pioline(I-PER) of(O) France(B-LOC) 2-6(O) 6-2(O) 6-4(O) and(O) O'Brien(B-PER) beat(O) Mikael(B-PER) Tillstrom(I-PER) of(O) Sweden(B-LOC) 6-3(O) 2-6(O) 6-3(O) .(O)"
12014,"['China' 'on' 'Wednesday' 'called' 'on' 'Japan' 'to' 'acknowledge' 'its'
 'wartime' 'past' 'and' 'put' 'a' 'stop' 'to' 'a' 'tide' 'of' 'resurgent'
 'militarism' 'to' 'prevent' 'similar' 'atrocities' 'in' 'future' '.']","['B-LOC', 'O', 'O', 'O', 'O', 'B-LOC', 'O', 'O', 'O', 'O', 'O', 'O', 'O', 'O', 'O', 'O', 'O', 'O', 'O', 'O', 'O', 'O', 'O', 'O', 'O', 'O', 'O', 'O']",China on Wednesday called on Japan to acknowledge its wartime past and put a stop to a tide of resurgent militarism to prevent similar atrocities in future .,"['China(B-LOC)', 'on(O)', 'Wednesday(O)', 'called(O)', 'on(O)', 'Japan(B-LOC)', 'to(O)', 'acknowledge(O)', 'its(O)', 'wartime(O)', 'past(O)', 'and(O)', 'put(O)', 'a(O)', 'stop(O)', 'to(O)', 'a(O)', 'tide(O)', 'of(O)', 'resurgent(O)', 'militarism(O)', 'to(O)', 'prevent(O)', 'similar(O)', 'atrocities(O)', 'in(O)', 'future(O)', '.(O)']",China(B-LOC) on(O) Wednesday(O) called(O) on(O) Japan(B-LOC) to(O) acknowledge(O) its(O) wartime(O) past(O) and(O) put(O) a(O) stop(O) to(O) a(O) tide(O) of(O) resurgent(O) militarism(O) to(O) prevent(O) similar(O) atrocities(O) in(O) future(O) .(O),"Input: China on Wednesday called on Japan to acknowledge its wartime past and put a stop to a tide of resurgent militarism to prevent similar atrocities in future .
Output: China(B-LOC) on(O) Wednesday(O) called(O) on(O) Japan(B-LOC) to(O) acknowledge(O) its(O) wartime(O) past(O) and(O) put(O) a(O) stop(O) to(O) a(O) tide(O) of(O) resurgent(O) militarism(O) to(O) prevent(O) similar(O) atrocities(O) in(O) future(O) .(O)"
771,['CENTRAL' 'DIVISION'],"['B-MISC', 'I-MISC']",CENTRAL DIVISION,"['CENTRAL(B-MISC)', 'DIVISION(I-MISC)']",CENTRAL(B-MISC) DIVISION(I-MISC),"Input: CENTRAL DIVISION
Output: CENTRAL(B-MISC) DIVISION(I-MISC)"
12637,"['Summary' 'of' 'Dutch' 'first' 'division' 'soccer' 'match' 'played' 'on'
 'Thursday' ':']","['O', 'O', 'B-MISC', 'O', 'O', 'O', 'O', 'O', 'O', 'O', 'O']",Summary of Dutch first division soccer match played on Thursday :,"['Summary(O)', 'of(O)', 'Dutch(B-MISC)', 'first(O)', 'division(O)', 'soccer(O)', 'match(O)', 'played(O)', 'on(O)', 'Thursday(O)', ':(O)']",Summary(O) of(O) Dutch(B-MISC) first(O) division(O) soccer(O) match(O) played(O) on(O) Thursday(O) :(O),"Input: Summary of Dutch first division soccer match played on Thursday :
Output: Summary(O) of(O) Dutch(B-MISC) first(O) division(O) soccer(O) match(O) played(O) on(O) Thursday(O) :(O)"
5095,['Division' 'B'],"['O', 'O']",Division B,"['Division(O)', 'B(O)']",Division(O) B(O),"Input: Division B
Output: Division(O) B(O)"
4946,['Leicester' '3' '1' '1' '1' '2' '3' '4'],"['B-ORG', 'O', 'O', 'O', 'O', 'O', 'O', 'O']",Leicester 3 1 1 1 2 3 4,"['Leicester(B-ORG)', '3(O)', '1(O)', '1(O)', '1(O)', '2(O)', '3(O)', '4(O)']",Leicester(B-ORG) 3(O) 1(O) 1(O) 1(O) 2(O) 3(O) 4(O),"Input: Leicester 3 1 1 1 2 3 4
Output: Leicester(B-ORG) 3(O) 1(O) 1(O) 1(O) 2(O) 3(O) 4(O)"
5505,['Viking' '1' 'Moss' '0'],"['B-ORG', 'O', 'B-ORG', 'O']",Viking 1 Moss 0,"['Viking(B-ORG)', '1(O)', 'Moss(B-ORG)', '0(O)']",Viking(B-ORG) 1(O) Moss(B-ORG) 0(O),"Input: Viking 1 Moss 0
Output: Viking(B-ORG) 1(O) Moss(B-ORG) 0(O)"
3878,['CINCINNATI' 'AT' 'FLORIDA'],"['B-ORG', 'O', 'B-LOC']",CINCINNATI AT FLORIDA,"['CINCINNATI(B-ORG)', 'AT(O)', 'FLORIDA(B-LOC)']",CINCINNATI(B-ORG) AT(O) FLORIDA(B-LOC),"Input: CINCINNATI AT FLORIDA
Output: CINCINNATI(B-ORG) AT(O) FLORIDA(B-LOC)"
6809,['in' 'the' 'Argentine' 'season' '.'],"['O', 'O', 'B-MISC', 'O', 'O']",in the Argentine season .,"['in(O)', 'the(O)', 'Argentine(B-MISC)', 'season(O)', '.(O)']",in(O) the(O) Argentine(B-MISC) season(O) .(O),"Input: in the Argentine season .
Output: in(O) the(O) Argentine(B-MISC) season(O) .(O)"
11853,['Industrial' 'services'],"['O', 'O']",Industrial services,"['Industrial(O)', 'services(O)']",Industrial(O) services(O),"Input: Industrial services
Output: Industrial(O) services(O)"
3646,"['Last' 'season' ""'s"" 'league' 'and' 'Cup' 'winners' 'Manchester' 'United'
 'host' '1995' 'champions' 'Blackburn' 'on' 'Sunday' '.']","['O', 'O', 'O', 'O', 'O', 'B-MISC', 'O', 'B-ORG', 'I-ORG', 'O', 'O', 'O', 'B-ORG', 'O', 'O', 'O']",Last season 's league and Cup winners Manchester United host 1995 champions Blackburn on Sunday .,"['Last(O)', 'season(O)', ""'s(O)"", 'league(O)', 'and(O)', 'Cup(B-MISC)', 'winners(O)', 'Manchester(B-ORG)', 'United(I-ORG)', 'host(O)', '1995(O)', 'champions(O)', 'Blackburn(B-ORG)', 'on(O)', 'Sunday(O)', '.(O)']",Last(O) season(O) 's(O) league(O) and(O) Cup(B-MISC) winners(O) Manchester(B-ORG) United(I-ORG) host(O) 1995(O) champions(O) Blackburn(B-ORG) on(O) Sunday(O) .(O),"Input: Last season 's league and Cup winners Manchester United host 1995 champions Blackburn on Sunday .
Output: Last(O) season(O) 's(O) league(O) and(O) Cup(B-MISC) winners(O) Manchester(B-ORG) United(I-ORG) host(O) 1995(O) champions(O) Blackburn(B-ORG) on(O) Sunday(O) .(O)"
23,"['A' 'Florida' 'restaurant' 'paid' '10,925' 'pounds' '(' '$' '16,935' ')'
 'for' 'the' 'draft' 'of' '""' 'Ai' ""n't"" 'no' 'telling' '""' ',' 'which'
 'Hendrix' 'penned' 'on' 'a' 'piece' 'of' 'London' 'hotel' 'stationery'
 'in' 'late' '1966' '.']","['O', 'B-LOC', 'O', 'O', 'O', 'O', 'O', 'O', 'O', 'O', 'O', 'O', 'O', 'O', 'O', 'B-MISC', 'I-MISC', 'I-MISC', 'I-MISC', 'O', 'O', 'O', 'B-PER', 'O', 'O', 'O', 'O', 'O', 'B-LOC', 'O', 'O', 'O', 'O', 'O', 'O']","A Florida restaurant paid 10,925 pounds ( $ 16,935 ) for the draft of "" Ai n't no telling "" , which Hendrix penned on a piece of London hotel stationery in late 1966 .","['A(O)', 'Florida(B-LOC)', 'restaurant(O)', 'paid(O)', '10,925(O)', 'pounds(O)', '((O)', '$(O)', '16,935(O)', ')(O)', 'for(O)', 'the(O)', 'draft(O)', 'of(O)', '""(O)', 'Ai(B-MISC)', ""n't(I-MISC)"", 'no(I-MISC)', 'telling(I-MISC)', '""(O)', ',(O)', 'which(O)', 'Hendrix(B-PER)', 'penned(O)', 'on(O)', 'a(O)', 'piece(O)', 'of(O)', 'London(B-LOC)', 'hotel(O)', 'stationery(O)', 'in(O)', 'late(O)', '1966(O)', '.(O)']","A(O) Florida(B-LOC) restaurant(O) paid(O) 10,925(O) pounds(O) ((O) $(O) 16,935(O) )(O) for(O) the(O) draft(O) of(O) ""(O) Ai(B-MISC) n't(I-MISC) no(I-MISC) telling(I-MISC) ""(O) ,(O) which(O) Hendrix(B-PER) penned(O) on(O) a(O) piece(O) of(O) London(B-LOC) hotel(O) stationery(O) in(O) late(O) 1966(O) .(O)","Input: A Florida restaurant paid 10,925 pounds ( $ 16,935 ) for the draft of "" Ai n't no telling "" , which Hendrix penned on a piece of London hotel stationery in late 1966 .
Output: A(O) Florida(B-LOC) restaurant(O) paid(O) 10,925(O) pounds(O) ((O) $(O) 16,935(O) )(O) for(O) the(O) draft(O) of(O) ""(O) Ai(B-MISC) n't(I-MISC) no(I-MISC) telling(I-MISC) ""(O) ,(O) which(O) Hendrix(B-PER) penned(O) on(O) a(O) piece(O) of(O) London(B-LOC) hotel(O) stationery(O) in(O) late(O) 1966(O) .(O)"
9575,['HELSINKI' '1996-08-27'],"['B-LOC', 'O']",HELSINKI 1996-08-27,"['HELSINKI(B-LOC)', '1996-08-27(O)']",HELSINKI(B-LOC) 1996-08-27(O),"Input: HELSINKI 1996-08-27
Output: HELSINKI(B-LOC) 1996-08-27(O)"
6667,['Slovan' 'Bratislava' '4' '3' '0' '1' '7' '2' '9'],"['B-ORG', 'I-ORG', 'O', 'O', 'O', 'O', 'O', 'O', 'O']",Slovan Bratislava 4 3 0 1 7 2 9,"['Slovan(B-ORG)', 'Bratislava(I-ORG)', '4(O)', '3(O)', '0(O)', '1(O)', '7(O)', '2(O)', '9(O)']",Slovan(B-ORG) Bratislava(I-ORG) 4(O) 3(O) 0(O) 1(O) 7(O) 2(O) 9(O),"Input: Slovan Bratislava 4 3 0 1 7 2 9
Output: Slovan(B-ORG) Bratislava(I-ORG) 4(O) 3(O) 0(O) 1(O) 7(O) 2(O) 9(O)"
7436,"['Japan' ""'s"" 'Hashimoto' 'leaves' 'Brazil' 'for' 'Peru' '.']","['B-LOC', 'O', 'B-PER', 'O', 'B-LOC', 'O', 'B-LOC', 'O']",Japan 's Hashimoto leaves Brazil for Peru .,"['Japan(B-LOC)', ""'s(O)"", 'Hashimoto(B-PER)', 'leaves(O)', 'Brazil(B-LOC)', 'for(O)', 'Peru(B-LOC)', '.(O)']",Japan(B-LOC) 's(O) Hashimoto(B-PER) leaves(O) Brazil(B-LOC) for(O) Peru(B-LOC) .(O),"Input: Japan 's Hashimoto leaves Brazil for Peru .
Output: Japan(B-LOC) 's(O) Hashimoto(B-PER) leaves(O) Brazil(B-LOC) for(O) Peru(B-LOC) .(O)"
5953,['MOSCOW' '1996-08-25'],"['B-LOC', 'O']",MOSCOW 1996-08-25,"['MOSCOW(B-LOC)', '1996-08-25(O)']",MOSCOW(B-LOC) 1996-08-25(O),"Input: MOSCOW 1996-08-25
Output: MOSCOW(B-LOC) 1996-08-25(O)"
4206,"['Opposition' 'parties' ',' 'civic' 'organisations' 'and' 'private-sector'
 'unions' 'have' 'expressed' 'support' 'for' 'the' 'action' 'and'
 'denounced' 'the' 'government' ""'s"" 'pay' 'rises' 'of' 'up' 'to' 'eight'
 'percent' 'for' 'its' 'workers' '.']","['O', 'O', 'O', 'O', 'O', 'O', 'O', 'O', 'O', 'O', 'O', 'O', 'O', 'O', 'O', 'O', 'O', 'O', 'O', 'O', 'O', 'O', 'O', 'O', 'O', 'O', 'O', 'O', 'O', 'O']","Opposition parties , civic organisations and private-sector unions have expressed support for the action and denounced the government 's pay rises of up to eight percent for its workers .","['Opposition(O)', 'parties(O)', ',(O)', 'civic(O)', 'organisations(O)', 'and(O)', 'private-sector(O)', 'unions(O)', 'have(O)', 'expressed(O)', 'support(O)', 'for(O)', 'the(O)', 'action(O)', 'and(O)', 'denounced(O)', 'the(O)', 'government(O)', ""'s(O)"", 'pay(O)', 'rises(O)', 'of(O)', 'up(O)', 'to(O)', 'eight(O)', 'percent(O)', 'for(O)', 'its(O)', 'workers(O)', '.(O)']","Opposition(O) parties(O) ,(O) civic(O) organisations(O) and(O) private-sector(O) unions(O) have(O) expressed(O) support(O) for(O) the(O) action(O) and(O) denounced(O) the(O) government(O) 's(O) pay(O) rises(O) of(O) up(O) to(O) eight(O) percent(O) for(O) its(O) workers(O) .(O)","Input: Opposition parties , civic organisations and private-sector unions have expressed support for the action and denounced the government 's pay rises of up to eight percent for its workers .
Output: Opposition(O) parties(O) ,(O) civic(O) organisations(O) and(O) private-sector(O) unions(O) have(O) expressed(O) support(O) for(O) the(O) action(O) and(O) denounced(O) the(O) government(O) 's(O) pay(O) rises(O) of(O) up(O) to(O) eight(O) percent(O) for(O) its(O) workers(O) .(O)"
4545,['3-6' '6-3' '6-0' '.'],"['O', 'O', 'O', 'O']",3-6 6-3 6-0 .,"['3-6(O)', '6-3(O)', '6-0(O)', '.(O)']",3-6(O) 6-3(O) 6-0(O) .(O),"Input: 3-6 6-3 6-0 .
Output: 3-6(O) 6-3(O) 6-0(O) .(O)"
12824,"['""' 'We' 'discussed' 'the' 'decision' 'to' 'postpone' 'the' 'municipal'
 'elections' 'and' 'I' 'made' 'clear' 'it' 'was' 'primarily' 'the'
 'manipulation' 'of' 'voter' 'registration' 'by' 'the' 'Republika'
 'Srpska' '(' 'Bosnian' 'Serb' 'republic' ')' 'which' 'led' 'to' 'this'
 'development' ',' '""' 'Kornblum' 'said' 'after' 'three' 'hours' 'of'
 'talks' '.']","['O', 'O', 'O', 'O', 'O', 'O', 'O', 'O', 'O', 'O', 'O', 'O', 'O', 'O', 'O', 'O', 'O', 'O', 'O', 'O', 'O', 'O', 'O', 'O', 'B-LOC', 'I-LOC', 'O', 'B-MISC', 'I-MISC', 'O', 'O', 'O', 'O', 'O', 'O', 'O', 'O', 'O', 'B-PER', 'O', 'O', 'O', 'O', 'O', 'O', 'O']",""" We discussed the decision to postpone the municipal elections and I made clear it was primarily the manipulation of voter registration by the Republika Srpska ( Bosnian Serb republic ) which led to this development , "" Kornblum said after three hours of talks .","['""(O)', 'We(O)', 'discussed(O)', 'the(O)', 'decision(O)', 'to(O)', 'postpone(O)', 'the(O)', 'municipal(O)', 'elections(O)', 'and(O)', 'I(O)', 'made(O)', 'clear(O)', 'it(O)', 'was(O)', 'primarily(O)', 'the(O)', 'manipulation(O)', 'of(O)', 'voter(O)', 'registration(O)', 'by(O)', 'the(O)', 'Republika(B-LOC)', 'Srpska(I-LOC)', '((O)', 'Bosnian(B-MISC)', 'Serb(I-MISC)', 'republic(O)', ')(O)', 'which(O)', 'led(O)', 'to(O)', 'this(O)', 'development(O)', ',(O)', '""(O)', 'Kornblum(B-PER)', 'said(O)', 'after(O)', 'three(O)', 'hours(O)', 'of(O)', 'talks(O)', '.(O)']","""(O) We(O) discussed(O) the(O) decision(O) to(O) postpone(O) the(O) municipal(O) elections(O) and(O) I(O) made(O) clear(O) it(O) was(O) primarily(O) the(O) manipulation(O) of(O) voter(O) registration(O) by(O) the(O) Republika(B-LOC) Srpska(I-LOC) ((O) Bosnian(B-MISC) Serb(I-MISC) republic(O) )(O) which(O) led(O) to(O) this(O) development(O) ,(O) ""(O) Kornblum(B-PER) said(O) after(O) three(O) hours(O) of(O) talks(O) .(O)","Input: "" We discussed the decision to postpone the municipal elections and I made clear it was primarily the manipulation of voter registration by the Republika Srpska ( Bosnian Serb republic ) which led to this development , "" Kornblum said after three hours of talks .
Output: ""(O) We(O) discussed(O) the(O) decision(O) to(O) postpone(O) the(O) municipal(O) elections(O) and(O) I(O) made(O) clear(O) it(O) was(O) primarily(O) the(O) manipulation(O) of(O) voter(O) registration(O) by(O) the(O) Republika(B-LOC) Srpska(I-LOC) ((O) Bosnian(B-MISC) Serb(I-MISC) republic(O) )(O) which(O) led(O) to(O) this(O) development(O) ,(O) ""(O) Kornblum(B-PER) said(O) after(O) three(O) hours(O) of(O) talks(O) .(O)"
5280,['Parramatta' '21' '10' '1' '10' '388' '391' '21'],"['B-ORG', 'O', 'O', 'O', 'O', 'O', 'O', 'O']",Parramatta 21 10 1 10 388 391 21,"['Parramatta(B-ORG)', '21(O)', '10(O)', '1(O)', '10(O)', '388(O)', '391(O)', '21(O)']",Parramatta(B-ORG) 21(O) 10(O) 1(O) 10(O) 388(O) 391(O) 21(O),"Input: Parramatta 21 10 1 10 388 391 21
Output: Parramatta(B-ORG) 21(O) 10(O) 1(O) 10(O) 388(O) 391(O) 21(O)"
8148,"['Poland' '-' 'Krzysztof' 'Warzycha' '(' '46th' 'minute' ')' ',' 'Marcin'
 'Mieciel']","['B-LOC', 'O', 'B-PER', 'I-PER', 'O', 'O', 'O', 'O', 'O', 'B-PER', 'I-PER']","Poland - Krzysztof Warzycha ( 46th minute ) , Marcin Mieciel","['Poland(B-LOC)', '-(O)', 'Krzysztof(B-PER)', 'Warzycha(I-PER)', '((O)', '46th(O)', 'minute(O)', ')(O)', ',(O)', 'Marcin(B-PER)', 'Mieciel(I-PER)']","Poland(B-LOC) -(O) Krzysztof(B-PER) Warzycha(I-PER) ((O) 46th(O) minute(O) )(O) ,(O) Marcin(B-PER) Mieciel(I-PER)","Input: Poland - Krzysztof Warzycha ( 46th minute ) , Marcin Mieciel
Output: Poland(B-LOC) -(O) Krzysztof(B-PER) Warzycha(I-PER) ((O) 46th(O) minute(O) )(O) ,(O) Marcin(B-PER) Mieciel(I-PER)"
13101,"['They' 'contained' '$' '650,000' 'in' 'jewelry' 'and' '$' '40,000' 'in'
 'cash' ',' 'Andrews' 'said' '.']","['O', 'O', 'O', 'O', 'O', 'O', 'O', 'O', 'O', 'O', 'O', 'O', 'B-PER', 'O', 'O']","They contained $ 650,000 in jewelry and $ 40,000 in cash , Andrews said .","['They(O)', 'contained(O)', '$(O)', '650,000(O)', 'in(O)', 'jewelry(O)', 'and(O)', '$(O)', '40,000(O)', 'in(O)', 'cash(O)', ',(O)', 'Andrews(B-PER)', 'said(O)', '.(O)']","They(O) contained(O) $(O) 650,000(O) in(O) jewelry(O) and(O) $(O) 40,000(O) in(O) cash(O) ,(O) Andrews(B-PER) said(O) .(O)","Input: They contained $ 650,000 in jewelry and $ 40,000 in cash , Andrews said .
Output: They(O) contained(O) $(O) 650,000(O) in(O) jewelry(O) and(O) $(O) 40,000(O) in(O) cash(O) ,(O) Andrews(B-PER) said(O) .(O)"
8981,"['We' 'might' 'also' 'help' 'them' 'to' 'do' 'it' ',' 'if' 'they' 'go'
 'on' 'like' 'this' ',' '""' 'he' 'said' '.']","['O', 'O', 'O', 'O', 'O', 'O', 'O', 'O', 'O', 'O', 'O', 'O', 'O', 'O', 'O', 'O', 'O', 'O', 'O', 'O']","We might also help them to do it , if they go on like this , "" he said .","['We(O)', 'might(O)', 'also(O)', 'help(O)', 'them(O)', 'to(O)', 'do(O)', 'it(O)', ',(O)', 'if(O)', 'they(O)', 'go(O)', 'on(O)', 'like(O)', 'this(O)', ',(O)', '""(O)', 'he(O)', 'said(O)', '.(O)']","We(O) might(O) also(O) help(O) them(O) to(O) do(O) it(O) ,(O) if(O) they(O) go(O) on(O) like(O) this(O) ,(O) ""(O) he(O) said(O) .(O)","Input: We might also help them to do it , if they go on like this , "" he said .
Output: We(O) might(O) also(O) help(O) them(O) to(O) do(O) it(O) ,(O) if(O) they(O) go(O) on(O) like(O) this(O) ,(O) ""(O) he(O) said(O) .(O)"
4810,['3.' 'Wataru' 'Yoshikawa' '(' 'Japan' ')' 'Yamaha' '38:32.353'],"['O', 'B-PER', 'I-PER', 'O', 'B-LOC', 'O', 'B-ORG', 'O']",3. Wataru Yoshikawa ( Japan ) Yamaha 38:32.353,"['3.(O)', 'Wataru(B-PER)', 'Yoshikawa(I-PER)', '((O)', 'Japan(B-LOC)', ')(O)', 'Yamaha(B-ORG)', '38:32.353(O)']",3.(O) Wataru(B-PER) Yoshikawa(I-PER) ((O) Japan(B-LOC) )(O) Yamaha(B-ORG) 38:32.353(O),"Input: 3. Wataru Yoshikawa ( Japan ) Yamaha 38:32.353
Output: 3.(O) Wataru(B-PER) Yoshikawa(I-PER) ((O) Japan(B-LOC) )(O) Yamaha(B-ORG) 38:32.353(O)"
6602,['Central' 'African' 'Republic' 'walkover' 'v' 'Burundi'],"['B-LOC', 'I-LOC', 'I-LOC', 'O', 'O', 'B-LOC']",Central African Republic walkover v Burundi,"['Central(B-LOC)', 'African(I-LOC)', 'Republic(I-LOC)', 'walkover(O)', 'v(O)', 'Burundi(B-LOC)']",Central(B-LOC) African(I-LOC) Republic(I-LOC) walkover(O) v(O) Burundi(B-LOC),"Input: Central African Republic walkover v Burundi
Output: Central(B-LOC) African(I-LOC) Republic(I-LOC) walkover(O) v(O) Burundi(B-LOC)"
2044,['RUGBY' 'UNION' '-' 'MULDER' 'OUT' 'OF' 'SECOND' 'TEST' '.'],"['B-ORG', 'I-ORG', 'O', 'B-PER', 'O', 'O', 'O', 'O', 'O']",RUGBY UNION - MULDER OUT OF SECOND TEST .,"['RUGBY(B-ORG)', 'UNION(I-ORG)', '-(O)', 'MULDER(B-PER)', 'OUT(O)', 'OF(O)', 'SECOND(O)', 'TEST(O)', '.(O)']",RUGBY(B-ORG) UNION(I-ORG) -(O) MULDER(B-PER) OUT(O) OF(O) SECOND(O) TEST(O) .(O),"Input: RUGBY UNION - MULDER OUT OF SECOND TEST .
Output: RUGBY(B-ORG) UNION(I-ORG) -(O) MULDER(B-PER) OUT(O) OF(O) SECOND(O) TEST(O) .(O)"
10166,['Results' 'of' 'English' 'first' 'division'],"['O', 'O', 'B-MISC', 'O', 'O']",Results of English first division,"['Results(O)', 'of(O)', 'English(B-MISC)', 'first(O)', 'division(O)']",Results(O) of(O) English(B-MISC) first(O) division(O),"Input: Results of English first division
Output: Results(O) of(O) English(B-MISC) first(O) division(O)"
10402,"['Helena' 'Sukova' '(' 'Czech' 'Republic' ')' 'beat' 'Paola' 'Suarez' '('
 'Argentina' ')' '6-' '4' '7-6' '(' '7-2' ')']","['B-PER', 'I-PER', 'O', 'B-LOC', 'I-LOC', 'O', 'O', 'B-PER', 'I-PER', 'O', 'B-LOC', 'O', 'O', 'O', 'O', 'O', 'O', 'O']",Helena Sukova ( Czech Republic ) beat Paola Suarez ( Argentina ) 6- 4 7-6 ( 7-2 ),"['Helena(B-PER)', 'Sukova(I-PER)', '((O)', 'Czech(B-LOC)', 'Republic(I-LOC)', ')(O)', 'beat(O)', 'Paola(B-PER)', 'Suarez(I-PER)', '((O)', 'Argentina(B-LOC)', ')(O)', '6-(O)', '4(O)', '7-6(O)', '((O)', '7-2(O)', ')(O)']",Helena(B-PER) Sukova(I-PER) ((O) Czech(B-LOC) Republic(I-LOC) )(O) beat(O) Paola(B-PER) Suarez(I-PER) ((O) Argentina(B-LOC) )(O) 6-(O) 4(O) 7-6(O) ((O) 7-2(O) )(O),"Input: Helena Sukova ( Czech Republic ) beat Paola Suarez ( Argentina ) 6- 4 7-6 ( 7-2 )
Output: Helena(B-PER) Sukova(I-PER) ((O) Czech(B-LOC) Republic(I-LOC) )(O) beat(O) Paola(B-PER) Suarez(I-PER) ((O) Argentina(B-LOC) )(O) 6-(O) 4(O) 7-6(O) ((O) 7-2(O) )(O)"
12483,"['Petra' 'Langrova' '(' 'Czech' 'Republic' ')' 'beat' 'Naoko' 'Sawamatsu'
 '(' 'Japan' ')' '6-' '4' '3-6' '7-5']","['B-PER', 'I-PER', 'O', 'B-LOC', 'I-LOC', 'O', 'O', 'B-PER', 'I-PER', 'O', 'B-LOC', 'O', 'O', 'O', 'O', 'O']",Petra Langrova ( Czech Republic ) beat Naoko Sawamatsu ( Japan ) 6- 4 3-6 7-5,"['Petra(B-PER)', 'Langrova(I-PER)', '((O)', 'Czech(B-LOC)', 'Republic(I-LOC)', ')(O)', 'beat(O)', 'Naoko(B-PER)', 'Sawamatsu(I-PER)', '((O)', 'Japan(B-LOC)', ')(O)', '6-(O)', '4(O)', '3-6(O)', '7-5(O)']",Petra(B-PER) Langrova(I-PER) ((O) Czech(B-LOC) Republic(I-LOC) )(O) beat(O) Naoko(B-PER) Sawamatsu(I-PER) ((O) Japan(B-LOC) )(O) 6-(O) 4(O) 3-6(O) 7-5(O),"Input: Petra Langrova ( Czech Republic ) beat Naoko Sawamatsu ( Japan ) 6- 4 3-6 7-5
Output: Petra(B-PER) Langrova(I-PER) ((O) Czech(B-LOC) Republic(I-LOC) )(O) beat(O) Naoko(B-PER) Sawamatsu(I-PER) ((O) Japan(B-LOC) )(O) 6-(O) 4(O) 3-6(O) 7-5(O)"
9514,"['Markets' 'in' 'central' 'India' 'would' 'be' 'closed' 'for' 'a' 'local'
 'religious' 'holiday' 'on' 'Wednesday' '.']","['O', 'O', 'O', 'B-LOC', 'O', 'O', 'O', 'O', 'O', 'O', 'O', 'O', 'O', 'O', 'O']",Markets in central India would be closed for a local religious holiday on Wednesday .,"['Markets(O)', 'in(O)', 'central(O)', 'India(B-LOC)', 'would(O)', 'be(O)', 'closed(O)', 'for(O)', 'a(O)', 'local(O)', 'religious(O)', 'holiday(O)', 'on(O)', 'Wednesday(O)', '.(O)']",Markets(O) in(O) central(O) India(B-LOC) would(O) be(O) closed(O) for(O) a(O) local(O) religious(O) holiday(O) on(O) Wednesday(O) .(O),"Input: Markets in central India would be closed for a local religious holiday on Wednesday .
Output: Markets(O) in(O) central(O) India(B-LOC) would(O) be(O) closed(O) for(O) a(O) local(O) religious(O) holiday(O) on(O) Wednesday(O) .(O)"
9562,"['""' 'The' 'ruling' 'Awami' 'league' 'is' 'making' 'parliament'
 'ineffective' 'and' 'the' 'speaker' 'is' 'contributing' 'to' 'that' 'by'
 'not' 'allowing' 'the' 'opposition' 'MPs' 'enough' 'time' 'to' 'speak'
 ',' '""' 'she' 'told' 'a' 'rally' 'in' 'northern' 'district' 'of' 'Bogra'
 'on' 'Monday' '.']","['O', 'O', 'O', 'O', 'O', 'O', 'O', 'O', 'O', 'O', 'O', 'O', 'O', 'O', 'O', 'O', 'O', 'O', 'O', 'O', 'O', 'O', 'O', 'O', 'O', 'O', 'O', 'O', 'O', 'O', 'O', 'O', 'O', 'O', 'O', 'O', 'B-LOC', 'O', 'O', 'O']",""" The ruling Awami league is making parliament ineffective and the speaker is contributing to that by not allowing the opposition MPs enough time to speak , "" she told a rally in northern district of Bogra on Monday .","['""(O)', 'The(O)', 'ruling(O)', 'Awami(O)', 'league(O)', 'is(O)', 'making(O)', 'parliament(O)', 'ineffective(O)', 'and(O)', 'the(O)', 'speaker(O)', 'is(O)', 'contributing(O)', 'to(O)', 'that(O)', 'by(O)', 'not(O)', 'allowing(O)', 'the(O)', 'opposition(O)', 'MPs(O)', 'enough(O)', 'time(O)', 'to(O)', 'speak(O)', ',(O)', '""(O)', 'she(O)', 'told(O)', 'a(O)', 'rally(O)', 'in(O)', 'northern(O)', 'district(O)', 'of(O)', 'Bogra(B-LOC)', 'on(O)', 'Monday(O)', '.(O)']","""(O) The(O) ruling(O) Awami(O) league(O) is(O) making(O) parliament(O) ineffective(O) and(O) the(O) speaker(O) is(O) contributing(O) to(O) that(O) by(O) not(O) allowing(O) the(O) opposition(O) MPs(O) enough(O) time(O) to(O) speak(O) ,(O) ""(O) she(O) told(O) a(O) rally(O) in(O) northern(O) district(O) of(O) Bogra(B-LOC) on(O) Monday(O) .(O)","Input: "" The ruling Awami league is making parliament ineffective and the speaker is contributing to that by not allowing the opposition MPs enough time to speak , "" she told a rally in northern district of Bogra on Monday .
Output: ""(O) The(O) ruling(O) Awami(O) league(O) is(O) making(O) parliament(O) ineffective(O) and(O) the(O) speaker(O) is(O) contributing(O) to(O) that(O) by(O) not(O) allowing(O) the(O) opposition(O) MPs(O) enough(O) time(O) to(O) speak(O) ,(O) ""(O) she(O) told(O) a(O) rally(O) in(O) northern(O) district(O) of(O) Bogra(B-LOC) on(O) Monday(O) .(O)"
2592,['THU' 'JD' 'Group' 'YR' 'EPS' '143.7' '138.0-149.0' '111.2'],"['O', 'B-ORG', 'I-ORG', 'O', 'O', 'O', 'O', 'O']",THU JD Group YR EPS 143.7 138.0-149.0 111.2,"['THU(O)', 'JD(B-ORG)', 'Group(I-ORG)', 'YR(O)', 'EPS(O)', '143.7(O)', '138.0-149.0(O)', '111.2(O)']",THU(O) JD(B-ORG) Group(I-ORG) YR(O) EPS(O) 143.7(O) 138.0-149.0(O) 111.2(O),"Input: THU JD Group YR EPS 143.7 138.0-149.0 111.2
Output: THU(O) JD(B-ORG) Group(I-ORG) YR(O) EPS(O) 143.7(O) 138.0-149.0(O) 111.2(O)"
4586,['2.' 'Smets' '290'],"['O', 'B-PER', 'O']",2. Smets 290,"['2.(O)', 'Smets(B-PER)', '290(O)']",2.(O) Smets(B-PER) 290(O),"Input: 2. Smets 290
Output: 2.(O) Smets(B-PER) 290(O)"
4875,"['In' 'the' 'second' 'race' ',' 'Takeda' 'again' 'challenged' 'strongly'
 'until' 'the' 'fifth' 'lap' 'from' 'the' 'end' 'when' 'he' 'crashed'
 'while' 'running' 'second' 'to' 'eventual' 'race' 'winner' 'Takuma'
 'Aoki' '.']","['O', 'O', 'O', 'O', 'O', 'B-PER', 'O', 'O', 'O', 'O', 'O', 'O', 'O', 'O', 'O', 'O', 'O', 'O', 'O', 'O', 'O', 'O', 'O', 'O', 'O', 'O', 'B-PER', 'I-PER', 'O']","In the second race , Takeda again challenged strongly until the fifth lap from the end when he crashed while running second to eventual race winner Takuma Aoki .","['In(O)', 'the(O)', 'second(O)', 'race(O)', ',(O)', 'Takeda(B-PER)', 'again(O)', 'challenged(O)', 'strongly(O)', 'until(O)', 'the(O)', 'fifth(O)', 'lap(O)', 'from(O)', 'the(O)', 'end(O)', 'when(O)', 'he(O)', 'crashed(O)', 'while(O)', 'running(O)', 'second(O)', 'to(O)', 'eventual(O)', 'race(O)', 'winner(O)', 'Takuma(B-PER)', 'Aoki(I-PER)', '.(O)']","In(O) the(O) second(O) race(O) ,(O) Takeda(B-PER) again(O) challenged(O) strongly(O) until(O) the(O) fifth(O) lap(O) from(O) the(O) end(O) when(O) he(O) crashed(O) while(O) running(O) second(O) to(O) eventual(O) race(O) winner(O) Takuma(B-PER) Aoki(I-PER) .(O)","Input: In the second race , Takeda again challenged strongly until the fifth lap from the end when he crashed while running second to eventual race winner Takuma Aoki .
Output: In(O) the(O) second(O) race(O) ,(O) Takeda(B-PER) again(O) challenged(O) strongly(O) until(O) the(O) fifth(O) lap(O) from(O) the(O) end(O) when(O) he(O) crashed(O) while(O) running(O) second(O) to(O) eventual(O) race(O) winner(O) Takuma(B-PER) Aoki(I-PER) .(O)"
6143,['--' 'Paris' 'newsroom' '+331' '4221' '5452'],"['O', 'B-LOC', 'O', 'O', 'O', 'O']",-- Paris newsroom +331 4221 5452,"['--(O)', 'Paris(B-LOC)', 'newsroom(O)', '+331(O)', '4221(O)', '5452(O)']",--(O) Paris(B-LOC) newsroom(O) +331(O) 4221(O) 5452(O),"Input: -- Paris newsroom +331 4221 5452
Output: --(O) Paris(B-LOC) newsroom(O) +331(O) 4221(O) 5452(O)"
8649,['SOCCER' '-' 'FRENCH' 'FIRST' 'DIVISION' 'SUMMARY' '.'],"['O', 'O', 'B-MISC', 'O', 'O', 'O', 'O']",SOCCER - FRENCH FIRST DIVISION SUMMARY .,"['SOCCER(O)', '-(O)', 'FRENCH(B-MISC)', 'FIRST(O)', 'DIVISION(O)', 'SUMMARY(O)', '.(O)']",SOCCER(O) -(O) FRENCH(B-MISC) FIRST(O) DIVISION(O) SUMMARY(O) .(O),"Input: SOCCER - FRENCH FIRST DIVISION SUMMARY .
Output: SOCCER(O) -(O) FRENCH(B-MISC) FIRST(O) DIVISION(O) SUMMARY(O) .(O)"
11270,"['SAN' 'JOSE' ',' 'Costa' 'Rica' '1996-08-28']","['B-LOC', 'I-LOC', 'O', 'B-LOC', 'I-LOC', 'O']","SAN JOSE , Costa Rica 1996-08-28","['SAN(B-LOC)', 'JOSE(I-LOC)', ',(O)', 'Costa(B-LOC)', 'Rica(I-LOC)', '1996-08-28(O)']","SAN(B-LOC) JOSE(I-LOC) ,(O) Costa(B-LOC) Rica(I-LOC) 1996-08-28(O)","Input: SAN JOSE , Costa Rica 1996-08-28
Output: SAN(B-LOC) JOSE(I-LOC) ,(O) Costa(B-LOC) Rica(I-LOC) 1996-08-28(O)"
12215,['142' 'Daniel' 'Chopra' '(' 'Sweden' ')' '74' '68'],"['O', 'B-PER', 'I-PER', 'O', 'B-LOC', 'O', 'O', 'O']",142 Daniel Chopra ( Sweden ) 74 68,"['142(O)', 'Daniel(B-PER)', 'Chopra(I-PER)', '((O)', 'Sweden(B-LOC)', ')(O)', '74(O)', '68(O)']",142(O) Daniel(B-PER) Chopra(I-PER) ((O) Sweden(B-LOC) )(O) 74(O) 68(O),"Input: 142 Daniel Chopra ( Sweden ) 74 68
Output: 142(O) Daniel(B-PER) Chopra(I-PER) ((O) Sweden(B-LOC) )(O) 74(O) 68(O)"
2475,['8.' 'Sigurd' 'Njerve' '(' 'Norway' ')' '16.35'],"['O', 'B-PER', 'I-PER', 'O', 'B-LOC', 'O', 'O']",8. Sigurd Njerve ( Norway ) 16.35,"['8.(O)', 'Sigurd(B-PER)', 'Njerve(I-PER)', '((O)', 'Norway(B-LOC)', ')(O)', '16.35(O)']",8.(O) Sigurd(B-PER) Njerve(I-PER) ((O) Norway(B-LOC) )(O) 16.35(O),"Input: 8. Sigurd Njerve ( Norway ) 16.35
Output: 8.(O) Sigurd(B-PER) Njerve(I-PER) ((O) Norway(B-LOC) )(O) 16.35(O)"
5674,['BRUSSELS' '1996-08-25'],"['B-LOC', 'O']",BRUSSELS 1996-08-25,"['BRUSSELS(B-LOC)', '1996-08-25(O)']",BRUSSELS(B-LOC) 1996-08-25(O),"Input: BRUSSELS 1996-08-25
Output: BRUSSELS(B-LOC) 1996-08-25(O)"
12253,['8.' 'Voskamp' 'same' 'time'],"['O', 'B-PER', 'O', 'O']",8. Voskamp same time,"['8.(O)', 'Voskamp(B-PER)', 'same(O)', 'time(O)']",8.(O) Voskamp(B-PER) same(O) time(O),"Input: 8. Voskamp same time
Output: 8.(O) Voskamp(B-PER) same(O) time(O)"
9377,"['We' 'had' '70' 'reservations' 'for' 'the' 'train' ',' 'but' 'that'
 'does' ""n't"" 'mean' 'there' 'were' '70' 'passengers' 'aboard' ',' '""'
 'Garrity' 'said' '.']","['O', 'O', 'O', 'O', 'O', 'O', 'O', 'O', 'O', 'O', 'O', 'O', 'O', 'O', 'O', 'O', 'O', 'O', 'O', 'O', 'B-PER', 'O', 'O']","We had 70 reservations for the train , but that does n't mean there were 70 passengers aboard , "" Garrity said .","['We(O)', 'had(O)', '70(O)', 'reservations(O)', 'for(O)', 'the(O)', 'train(O)', ',(O)', 'but(O)', 'that(O)', 'does(O)', ""n't(O)"", 'mean(O)', 'there(O)', 'were(O)', '70(O)', 'passengers(O)', 'aboard(O)', ',(O)', '""(O)', 'Garrity(B-PER)', 'said(O)', '.(O)']","We(O) had(O) 70(O) reservations(O) for(O) the(O) train(O) ,(O) but(O) that(O) does(O) n't(O) mean(O) there(O) were(O) 70(O) passengers(O) aboard(O) ,(O) ""(O) Garrity(B-PER) said(O) .(O)","Input: We had 70 reservations for the train , but that does n't mean there were 70 passengers aboard , "" Garrity said .
Output: We(O) had(O) 70(O) reservations(O) for(O) the(O) train(O) ,(O) but(O) that(O) does(O) n't(O) mean(O) there(O) were(O) 70(O) passengers(O) aboard(O) ,(O) ""(O) Garrity(B-PER) said(O) .(O)"
7653,"['The' 'demand' 'was' 'sparked' 'by' 'Saturday' ""'s"" 'active' 'slaughter'
 ',' 'which' 'left' 'some' 'packers' 'short' 'on' 'supplies' 'to' 'get'
 'Monday' 'operations' 'started' ',' 'they' 'said' '.']","['O', 'O', 'O', 'O', 'O', 'O', 'O', 'O', 'O', 'O', 'O', 'O', 'O', 'O', 'O', 'O', 'O', 'O', 'O', 'O', 'O', 'O', 'O', 'O', 'O', 'O']","The demand was sparked by Saturday 's active slaughter , which left some packers short on supplies to get Monday operations started , they said .","['The(O)', 'demand(O)', 'was(O)', 'sparked(O)', 'by(O)', 'Saturday(O)', ""'s(O)"", 'active(O)', 'slaughter(O)', ',(O)', 'which(O)', 'left(O)', 'some(O)', 'packers(O)', 'short(O)', 'on(O)', 'supplies(O)', 'to(O)', 'get(O)', 'Monday(O)', 'operations(O)', 'started(O)', ',(O)', 'they(O)', 'said(O)', '.(O)']","The(O) demand(O) was(O) sparked(O) by(O) Saturday(O) 's(O) active(O) slaughter(O) ,(O) which(O) left(O) some(O) packers(O) short(O) on(O) supplies(O) to(O) get(O) Monday(O) operations(O) started(O) ,(O) they(O) said(O) .(O)","Input: The demand was sparked by Saturday 's active slaughter , which left some packers short on supplies to get Monday operations started , they said .
Output: The(O) demand(O) was(O) sparked(O) by(O) Saturday(O) 's(O) active(O) slaughter(O) ,(O) which(O) left(O) some(O) packers(O) short(O) on(O) supplies(O) to(O) get(O) Monday(O) operations(O) started(O) ,(O) they(O) said(O) .(O)"
6820,['RIO' 'DE' 'JANEIRO' '1996-08-26'],"['B-LOC', 'I-LOC', 'I-LOC', 'O']",RIO DE JANEIRO 1996-08-26,"['RIO(B-LOC)', 'DE(I-LOC)', 'JANEIRO(I-LOC)', '1996-08-26(O)']",RIO(B-LOC) DE(I-LOC) JANEIRO(I-LOC) 1996-08-26(O),"Input: RIO DE JANEIRO 1996-08-26
Output: RIO(B-LOC) DE(I-LOC) JANEIRO(I-LOC) 1996-08-26(O)"
1458,"['Lauck' ""'s"" 'worldwide' 'network' 'has' 'been' 'the' 'main' 'source'
 'of' 'anti-Semitic' 'propaganda' 'material' 'flowing' 'into' 'Germany'
 'since' 'the' '1970s' '.']","['B-PER', 'O', 'O', 'O', 'O', 'O', 'O', 'O', 'O', 'O', 'B-MISC', 'O', 'O', 'O', 'O', 'B-LOC', 'O', 'O', 'O', 'O']",Lauck 's worldwide network has been the main source of anti-Semitic propaganda material flowing into Germany since the 1970s .,"['Lauck(B-PER)', ""'s(O)"", 'worldwide(O)', 'network(O)', 'has(O)', 'been(O)', 'the(O)', 'main(O)', 'source(O)', 'of(O)', 'anti-Semitic(B-MISC)', 'propaganda(O)', 'material(O)', 'flowing(O)', 'into(O)', 'Germany(B-LOC)', 'since(O)', 'the(O)', '1970s(O)', '.(O)']",Lauck(B-PER) 's(O) worldwide(O) network(O) has(O) been(O) the(O) main(O) source(O) of(O) anti-Semitic(B-MISC) propaganda(O) material(O) flowing(O) into(O) Germany(B-LOC) since(O) the(O) 1970s(O) .(O),"Input: Lauck 's worldwide network has been the main source of anti-Semitic propaganda material flowing into Germany since the 1970s .
Output: Lauck(B-PER) 's(O) worldwide(O) network(O) has(O) been(O) the(O) main(O) source(O) of(O) anti-Semitic(B-MISC) propaganda(O) material(O) flowing(O) into(O) Germany(B-LOC) since(O) the(O) 1970s(O) .(O)"
12591,['San' 'Diego' '3' 'NEW' 'YORK' '2' '(' '10' 'innings' ')'],"['B-ORG', 'I-ORG', 'O', 'B-ORG', 'I-ORG', 'O', 'O', 'O', 'O', 'O']",San Diego 3 NEW YORK 2 ( 10 innings ),"['San(B-ORG)', 'Diego(I-ORG)', '3(O)', 'NEW(B-ORG)', 'YORK(I-ORG)', '2(O)', '((O)', '10(O)', 'innings(O)', ')(O)']",San(B-ORG) Diego(I-ORG) 3(O) NEW(B-ORG) YORK(I-ORG) 2(O) ((O) 10(O) innings(O) )(O),"Input: San Diego 3 NEW YORK 2 ( 10 innings )
Output: San(B-ORG) Diego(I-ORG) 3(O) NEW(B-ORG) YORK(I-ORG) 2(O) ((O) 10(O) innings(O) )(O)"
11364,"['Ambassador' 'Abdulsamad' 'Hameed' 'Ali' 'told' 'INA' 'there' 'was'
 'only' 'one' 'diplomat' 'among' 'the' '199' 'passengers' 'and' 'crew'
 'on' 'the' 'Sudan' 'Airways' 'Airbus' '.']","['O', 'B-PER', 'I-PER', 'I-PER', 'O', 'B-ORG', 'O', 'O', 'O', 'O', 'O', 'O', 'O', 'O', 'O', 'O', 'O', 'O', 'O', 'B-ORG', 'I-ORG', 'B-MISC', 'O']",Ambassador Abdulsamad Hameed Ali told INA there was only one diplomat among the 199 passengers and crew on the Sudan Airways Airbus .,"['Ambassador(O)', 'Abdulsamad(B-PER)', 'Hameed(I-PER)', 'Ali(I-PER)', 'told(O)', 'INA(B-ORG)', 'there(O)', 'was(O)', 'only(O)', 'one(O)', 'diplomat(O)', 'among(O)', 'the(O)', '199(O)', 'passengers(O)', 'and(O)', 'crew(O)', 'on(O)', 'the(O)', 'Sudan(B-ORG)', 'Airways(I-ORG)', 'Airbus(B-MISC)', '.(O)']",Ambassador(O) Abdulsamad(B-PER) Hameed(I-PER) Ali(I-PER) told(O) INA(B-ORG) there(O) was(O) only(O) one(O) diplomat(O) among(O) the(O) 199(O) passengers(O) and(O) crew(O) on(O) the(O) Sudan(B-ORG) Airways(I-ORG) Airbus(B-MISC) .(O),"Input: Ambassador Abdulsamad Hameed Ali told INA there was only one diplomat among the 199 passengers and crew on the Sudan Airways Airbus .
Output: Ambassador(O) Abdulsamad(B-PER) Hameed(I-PER) Ali(I-PER) told(O) INA(B-ORG) there(O) was(O) only(O) one(O) diplomat(O) among(O) the(O) 199(O) passengers(O) and(O) crew(O) on(O) the(O) Sudan(B-ORG) Airways(I-ORG) Airbus(B-MISC) .(O)"
13359,"['SBC' 'Warburg' 'said' 'it' 'is' 'maintaining' 'its' 'forecast' 'for'
 'five' 'percent' 'growth' 'in' 'rental' 'incomes' 'during' '1996' ','
 'but' 'it' 'has' 'shaved' 'its' 'forecast' 'for' 'capital' 'growth' 'to'
 'five' 'percent' 'from' 'six' '.']","['B-ORG', 'I-ORG', 'O', 'O', 'O', 'O', 'O', 'O', 'O', 'O', 'O', 'O', 'O', 'O', 'O', 'O', 'O', 'O', 'O', 'O', 'O', 'O', 'O', 'O', 'O', 'O', 'O', 'O', 'O', 'O', 'O', 'O', 'O']","SBC Warburg said it is maintaining its forecast for five percent growth in rental incomes during 1996 , but it has shaved its forecast for capital growth to five percent from six .","['SBC(B-ORG)', 'Warburg(I-ORG)', 'said(O)', 'it(O)', 'is(O)', 'maintaining(O)', 'its(O)', 'forecast(O)', 'for(O)', 'five(O)', 'percent(O)', 'growth(O)', 'in(O)', 'rental(O)', 'incomes(O)', 'during(O)', '1996(O)', ',(O)', 'but(O)', 'it(O)', 'has(O)', 'shaved(O)', 'its(O)', 'forecast(O)', 'for(O)', 'capital(O)', 'growth(O)', 'to(O)', 'five(O)', 'percent(O)', 'from(O)', 'six(O)', '.(O)']","SBC(B-ORG) Warburg(I-ORG) said(O) it(O) is(O) maintaining(O) its(O) forecast(O) for(O) five(O) percent(O) growth(O) in(O) rental(O) incomes(O) during(O) 1996(O) ,(O) but(O) it(O) has(O) shaved(O) its(O) forecast(O) for(O) capital(O) growth(O) to(O) five(O) percent(O) from(O) six(O) .(O)","Input: SBC Warburg said it is maintaining its forecast for five percent growth in rental incomes during 1996 , but it has shaved its forecast for capital growth to five percent from six .
Output: SBC(B-ORG) Warburg(I-ORG) said(O) it(O) is(O) maintaining(O) its(O) forecast(O) for(O) five(O) percent(O) growth(O) in(O) rental(O) incomes(O) during(O) 1996(O) ,(O) but(O) it(O) has(O) shaved(O) its(O) forecast(O) for(O) capital(O) growth(O) to(O) five(O) percent(O) from(O) six(O) .(O)"
12772,['Dutch' 'Queen' 'Beatrix' 'to' 'visit' 'S.' 'Africa' 'in' 'October' '.'],"['B-MISC', 'O', 'B-PER', 'O', 'O', 'B-LOC', 'I-LOC', 'O', 'O', 'O']",Dutch Queen Beatrix to visit S. Africa in October .,"['Dutch(B-MISC)', 'Queen(O)', 'Beatrix(B-PER)', 'to(O)', 'visit(O)', 'S.(B-LOC)', 'Africa(I-LOC)', 'in(O)', 'October(O)', '.(O)']",Dutch(B-MISC) Queen(O) Beatrix(B-PER) to(O) visit(O) S.(B-LOC) Africa(I-LOC) in(O) October(O) .(O),"Input: Dutch Queen Beatrix to visit S. Africa in October .
Output: Dutch(B-MISC) Queen(O) Beatrix(B-PER) to(O) visit(O) S.(B-LOC) Africa(I-LOC) in(O) October(O) .(O)"
4777,['Jos' 'Verstappen' '(' 'Netherlands' ')' '1'],"['B-PER', 'I-PER', 'O', 'B-LOC', 'O', 'O']",Jos Verstappen ( Netherlands ) 1,"['Jos(B-PER)', 'Verstappen(I-PER)', '((O)', 'Netherlands(B-LOC)', ')(O)', '1(O)']",Jos(B-PER) Verstappen(I-PER) ((O) Netherlands(B-LOC) )(O) 1(O),"Input: Jos Verstappen ( Netherlands ) 1
Output: Jos(B-PER) Verstappen(I-PER) ((O) Netherlands(B-LOC) )(O) 1(O)"
2012,"['Martin' 'was' 'pleased' 'with' 'his' 'victory' 'over' 'Pioline' ','
 'his' 'first' 'in' 'five' 'meetings' 'with' 'the' '11th-ranked'
 'Frenchman' '.' '""']","['B-PER', 'O', 'O', 'O', 'O', 'O', 'O', 'B-PER', 'O', 'O', 'O', 'O', 'O', 'O', 'O', 'O', 'O', 'B-MISC', 'O', 'O']","Martin was pleased with his victory over Pioline , his first in five meetings with the 11th-ranked Frenchman . ""","['Martin(B-PER)', 'was(O)', 'pleased(O)', 'with(O)', 'his(O)', 'victory(O)', 'over(O)', 'Pioline(B-PER)', ',(O)', 'his(O)', 'first(O)', 'in(O)', 'five(O)', 'meetings(O)', 'with(O)', 'the(O)', '11th-ranked(O)', 'Frenchman(B-MISC)', '.(O)', '""(O)']","Martin(B-PER) was(O) pleased(O) with(O) his(O) victory(O) over(O) Pioline(B-PER) ,(O) his(O) first(O) in(O) five(O) meetings(O) with(O) the(O) 11th-ranked(O) Frenchman(B-MISC) .(O) ""(O)","Input: Martin was pleased with his victory over Pioline , his first in five meetings with the 11th-ranked Frenchman . ""
Output: Martin(B-PER) was(O) pleased(O) with(O) his(O) victory(O) over(O) Pioline(B-PER) ,(O) his(O) first(O) in(O) five(O) meetings(O) with(O) the(O) 11th-ranked(O) Frenchman(B-MISC) .(O) ""(O)"
7196,"['CRICKET' '-' 'SCOREBOARD-AUSTRALIA' 'V' 'ZIMBABWE' 'ONE-DAY'
 'SCOREBOARD' '.']","['O', 'O', 'B-MISC', 'O', 'B-LOC', 'O', 'O', 'O']",CRICKET - SCOREBOARD-AUSTRALIA V ZIMBABWE ONE-DAY SCOREBOARD .,"['CRICKET(O)', '-(O)', 'SCOREBOARD-AUSTRALIA(B-MISC)', 'V(O)', 'ZIMBABWE(B-LOC)', 'ONE-DAY(O)', 'SCOREBOARD(O)', '.(O)']",CRICKET(O) -(O) SCOREBOARD-AUSTRALIA(B-MISC) V(O) ZIMBABWE(B-LOC) ONE-DAY(O) SCOREBOARD(O) .(O),"Input: CRICKET - SCOREBOARD-AUSTRALIA V ZIMBABWE ONE-DAY SCOREBOARD .
Output: CRICKET(O) -(O) SCOREBOARD-AUSTRALIA(B-MISC) V(O) ZIMBABWE(B-LOC) ONE-DAY(O) SCOREBOARD(O) .(O)"
12709,['BRITAIN' 'WELCOMES' 'ROMANIA-HUNGARY' 'TREATY' 'ACCORD' '.'],"['B-LOC', 'O', 'B-MISC', 'O', 'O', 'O']",BRITAIN WELCOMES ROMANIA-HUNGARY TREATY ACCORD .,"['BRITAIN(B-LOC)', 'WELCOMES(O)', 'ROMANIA-HUNGARY(B-MISC)', 'TREATY(O)', 'ACCORD(O)', '.(O)']",BRITAIN(B-LOC) WELCOMES(O) ROMANIA-HUNGARY(B-MISC) TREATY(O) ACCORD(O) .(O),"Input: BRITAIN WELCOMES ROMANIA-HUNGARY TREATY ACCORD .
Output: BRITAIN(B-LOC) WELCOMES(O) ROMANIA-HUNGARY(B-MISC) TREATY(O) ACCORD(O) .(O)"
8384,"['1' '-' 'Jansher' 'Khan' '(' 'Pakistnn' ')' 'beat' 'Jackie' 'Lee' '('
 'Hong' 'Kong' ')' '15-8' '15-8']","['O', 'O', 'B-PER', 'I-PER', 'O', 'O', 'O', 'O', 'B-PER', 'I-PER', 'O', 'B-LOC', 'I-LOC', 'O', 'O', 'O']",1 - Jansher Khan ( Pakistnn ) beat Jackie Lee ( Hong Kong ) 15-8 15-8,"['1(O)', '-(O)', 'Jansher(B-PER)', 'Khan(I-PER)', '((O)', 'Pakistnn(O)', ')(O)', 'beat(O)', 'Jackie(B-PER)', 'Lee(I-PER)', '((O)', 'Hong(B-LOC)', 'Kong(I-LOC)', ')(O)', '15-8(O)', '15-8(O)']",1(O) -(O) Jansher(B-PER) Khan(I-PER) ((O) Pakistnn(O) )(O) beat(O) Jackie(B-PER) Lee(I-PER) ((O) Hong(B-LOC) Kong(I-LOC) )(O) 15-8(O) 15-8(O),"Input: 1 - Jansher Khan ( Pakistnn ) beat Jackie Lee ( Hong Kong ) 15-8 15-8
Output: 1(O) -(O) Jansher(B-PER) Khan(I-PER) ((O) Pakistnn(O) )(O) beat(O) Jackie(B-PER) Lee(I-PER) ((O) Hong(B-LOC) Kong(I-LOC) )(O) 15-8(O) 15-8(O)"
4936,['Chelsea' '3' '2' '1' '0' '3' '0' '7'],"['B-ORG', 'O', 'O', 'O', 'O', 'O', 'O', 'O']",Chelsea 3 2 1 0 3 0 7,"['Chelsea(B-ORG)', '3(O)', '2(O)', '1(O)', '0(O)', '3(O)', '0(O)', '7(O)']",Chelsea(B-ORG) 3(O) 2(O) 1(O) 0(O) 3(O) 0(O) 7(O),"Input: Chelsea 3 2 1 0 3 0 7
Output: Chelsea(B-ORG) 3(O) 2(O) 1(O) 0(O) 3(O) 0(O) 7(O)"
13890,"['""' 'A' 'preview' 'of' 'the' 'second' 'half' 'of' '1996' 'does' 'not'
 'reveal' 'any' 'signs' 'of' 'a' 'significant' 'improvement' 'in' 'market'
 'conditions' ',' '""' 'Lenzing' 'said' 'in' 'a' 'statement' 'released'
 'ahead' 'of' 'its' 'earnings' 'conference' '.']","['O', 'O', 'O', 'O', 'O', 'O', 'O', 'O', 'O', 'O', 'O', 'O', 'O', 'O', 'O', 'O', 'O', 'O', 'O', 'O', 'O', 'O', 'O', 'B-ORG', 'O', 'O', 'O', 'O', 'O', 'O', 'O', 'O', 'O', 'O', 'O']",""" A preview of the second half of 1996 does not reveal any signs of a significant improvement in market conditions , "" Lenzing said in a statement released ahead of its earnings conference .","['""(O)', 'A(O)', 'preview(O)', 'of(O)', 'the(O)', 'second(O)', 'half(O)', 'of(O)', '1996(O)', 'does(O)', 'not(O)', 'reveal(O)', 'any(O)', 'signs(O)', 'of(O)', 'a(O)', 'significant(O)', 'improvement(O)', 'in(O)', 'market(O)', 'conditions(O)', ',(O)', '""(O)', 'Lenzing(B-ORG)', 'said(O)', 'in(O)', 'a(O)', 'statement(O)', 'released(O)', 'ahead(O)', 'of(O)', 'its(O)', 'earnings(O)', 'conference(O)', '.(O)']","""(O) A(O) preview(O) of(O) the(O) second(O) half(O) of(O) 1996(O) does(O) not(O) reveal(O) any(O) signs(O) of(O) a(O) significant(O) improvement(O) in(O) market(O) conditions(O) ,(O) ""(O) Lenzing(B-ORG) said(O) in(O) a(O) statement(O) released(O) ahead(O) of(O) its(O) earnings(O) conference(O) .(O)","Input: "" A preview of the second half of 1996 does not reveal any signs of a significant improvement in market conditions , "" Lenzing said in a statement released ahead of its earnings conference .
Output: ""(O) A(O) preview(O) of(O) the(O) second(O) half(O) of(O) 1996(O) does(O) not(O) reveal(O) any(O) signs(O) of(O) a(O) significant(O) improvement(O) in(O) market(O) conditions(O) ,(O) ""(O) Lenzing(B-ORG) said(O) in(O) a(O) statement(O) released(O) ahead(O) of(O) its(O) earnings(O) conference(O) .(O)"
8655,['PARIS' '1996-08-27'],"['B-LOC', 'O']",PARIS 1996-08-27,"['PARIS(B-LOC)', '1996-08-27(O)']",PARIS(B-LOC) 1996-08-27(O),"Input: PARIS 1996-08-27
Output: PARIS(B-LOC) 1996-08-27(O)"
1371,"['That' ""'s"" 'wrong' ',' '""' 'the' 'pilot' 'told' 'private' 'Ihlas' 'news'
 'agency' 'in' 'English' '.']","['O', 'O', 'O', 'O', 'O', 'O', 'O', 'O', 'O', 'B-ORG', 'O', 'O', 'O', 'B-MISC', 'O']","That 's wrong , "" the pilot told private Ihlas news agency in English .","['That(O)', ""'s(O)"", 'wrong(O)', ',(O)', '""(O)', 'the(O)', 'pilot(O)', 'told(O)', 'private(O)', 'Ihlas(B-ORG)', 'news(O)', 'agency(O)', 'in(O)', 'English(B-MISC)', '.(O)']","That(O) 's(O) wrong(O) ,(O) ""(O) the(O) pilot(O) told(O) private(O) Ihlas(B-ORG) news(O) agency(O) in(O) English(B-MISC) .(O)","Input: That 's wrong , "" the pilot told private Ihlas news agency in English .
Output: That(O) 's(O) wrong(O) ,(O) ""(O) the(O) pilot(O) told(O) private(O) Ihlas(B-ORG) news(O) agency(O) in(O) English(B-MISC) .(O)"
1893,"['2' '-' 'Conchita' 'Martinez' '(' 'Spain' ')' 'beat' 'Nathalie' 'Tauziat'
 '(' 'France' ')']","['O', 'O', 'B-PER', 'I-PER', 'O', 'B-LOC', 'O', 'O', 'B-PER', 'I-PER', 'O', 'B-LOC', 'O']",2 - Conchita Martinez ( Spain ) beat Nathalie Tauziat ( France ),"['2(O)', '-(O)', 'Conchita(B-PER)', 'Martinez(I-PER)', '((O)', 'Spain(B-LOC)', ')(O)', 'beat(O)', 'Nathalie(B-PER)', 'Tauziat(I-PER)', '((O)', 'France(B-LOC)', ')(O)']",2(O) -(O) Conchita(B-PER) Martinez(I-PER) ((O) Spain(B-LOC) )(O) beat(O) Nathalie(B-PER) Tauziat(I-PER) ((O) France(B-LOC) )(O),"Input: 2 - Conchita Martinez ( Spain ) beat Nathalie Tauziat ( France )
Output: 2(O) -(O) Conchita(B-PER) Martinez(I-PER) ((O) Spain(B-LOC) )(O) beat(O) Nathalie(B-PER) Tauziat(I-PER) ((O) France(B-LOC) )(O)"
5810,['Penrith' '21' '6' '1' '14' '339' '448' '13'],"['B-ORG', 'O', 'O', 'O', 'O', 'O', 'O', 'O']",Penrith 21 6 1 14 339 448 13,"['Penrith(B-ORG)', '21(O)', '6(O)', '1(O)', '14(O)', '339(O)', '448(O)', '13(O)']",Penrith(B-ORG) 21(O) 6(O) 1(O) 14(O) 339(O) 448(O) 13(O),"Input: Penrith 21 6 1 14 339 448 13
Output: Penrith(B-ORG) 21(O) 6(O) 1(O) 14(O) 339(O) 448(O) 13(O)"
4017,"['for' ',' 'against' ',' 'points' ')' ':']","['O', 'O', 'O', 'O', 'O', 'O', 'O']","for , against , points ) :","['for(O)', ',(O)', 'against(O)', ',(O)', 'points(O)', ')(O)', ':(O)']","for(O) ,(O) against(O) ,(O) points(O) )(O) :(O)","Input: for , against , points ) :
Output: for(O) ,(O) against(O) ,(O) points(O) )(O) :(O)"
10844,['R.' 'Dravid' 'not' 'out' '7'],"['B-PER', 'I-PER', 'O', 'O', 'O']",R. Dravid not out 7,"['R.(B-PER)', 'Dravid(I-PER)', 'not(O)', 'out(O)', '7(O)']",R.(B-PER) Dravid(I-PER) not(O) out(O) 7(O),"Input: R. Dravid not out 7
Output: R.(B-PER) Dravid(I-PER) not(O) out(O) 7(O)"
8357,['Aamir' 'Sohail' '11' '3' '24' '0' '-'],"['B-PER', 'I-PER', 'O', 'O', 'O', 'O', 'O']",Aamir Sohail 11 3 24 0 -,"['Aamir(B-PER)', 'Sohail(I-PER)', '11(O)', '3(O)', '24(O)', '0(O)', '-(O)']",Aamir(B-PER) Sohail(I-PER) 11(O) 3(O) 24(O) 0(O) -(O),"Input: Aamir Sohail 11 3 24 0 -
Output: Aamir(B-PER) Sohail(I-PER) 11(O) 3(O) 24(O) 0(O) -(O)"
4721,['2.' 'Ian' 'Mackie' '(' 'Britain' ')' '10.17'],"['O', 'B-PER', 'I-PER', 'O', 'B-LOC', 'O', 'O']",2. Ian Mackie ( Britain ) 10.17,"['2.(O)', 'Ian(B-PER)', 'Mackie(I-PER)', '((O)', 'Britain(B-LOC)', ')(O)', '10.17(O)']",2.(O) Ian(B-PER) Mackie(I-PER) ((O) Britain(B-LOC) )(O) 10.17(O),"Input: 2. Ian Mackie ( Britain ) 10.17
Output: 2.(O) Ian(B-PER) Mackie(I-PER) ((O) Britain(B-LOC) )(O) 10.17(O)"
2684,['SYDNEY' '1996-08-23'],"['B-LOC', 'O']",SYDNEY 1996-08-23,"['SYDNEY(B-LOC)', '1996-08-23(O)']",SYDNEY(B-LOC) 1996-08-23(O),"Input: SYDNEY 1996-08-23
Output: SYDNEY(B-LOC) 1996-08-23(O)"
12662,['Ajax' 'Amsterdam' '3' '2' '0' '1' '2' '2' '6'],"['B-ORG', 'I-ORG', 'O', 'O', 'O', 'O', 'O', 'O', 'O']",Ajax Amsterdam 3 2 0 1 2 2 6,"['Ajax(B-ORG)', 'Amsterdam(I-ORG)', '3(O)', '2(O)', '0(O)', '1(O)', '2(O)', '2(O)', '6(O)']",Ajax(B-ORG) Amsterdam(I-ORG) 3(O) 2(O) 0(O) 1(O) 2(O) 2(O) 6(O),"Input: Ajax Amsterdam 3 2 0 1 2 2 6
Output: Ajax(B-ORG) Amsterdam(I-ORG) 3(O) 2(O) 0(O) 1(O) 2(O) 2(O) 6(O)"
7517,"['It' 'was' 'softer' 'in' 'the' 'morning' 'due' 'to' 'relatively' 'ample'
 'rupiah' 'liquidity' 'but' 'recovered' 'later' '.']","['O', 'O', 'O', 'O', 'O', 'O', 'O', 'O', 'O', 'O', 'O', 'O', 'O', 'O', 'O', 'O']",It was softer in the morning due to relatively ample rupiah liquidity but recovered later .,"['It(O)', 'was(O)', 'softer(O)', 'in(O)', 'the(O)', 'morning(O)', 'due(O)', 'to(O)', 'relatively(O)', 'ample(O)', 'rupiah(O)', 'liquidity(O)', 'but(O)', 'recovered(O)', 'later(O)', '.(O)']",It(O) was(O) softer(O) in(O) the(O) morning(O) due(O) to(O) relatively(O) ample(O) rupiah(O) liquidity(O) but(O) recovered(O) later(O) .(O),"Input: It was softer in the morning due to relatively ample rupiah liquidity but recovered later .
Output: It(O) was(O) softer(O) in(O) the(O) morning(O) due(O) to(O) relatively(O) ample(O) rupiah(O) liquidity(O) but(O) recovered(O) later(O) .(O)"
9474,['Sayed' 'Salahuddin'],"['B-PER', 'I-PER']",Sayed Salahuddin,"['Sayed(B-PER)', 'Salahuddin(I-PER)']",Sayed(B-PER) Salahuddin(I-PER),"Input: Sayed Salahuddin
Output: Sayed(B-PER) Salahuddin(I-PER)"
11936,"['""' 'There' 'were' 'big' 'buyers' 'at' 'the' 'base' 'of' 'where' 'the'
 'market' 'sold' 'to' ',' 'and' 'when' 'the' 'currency' 'got' 'bought'
 'back' 'on' 'talk' 'of' 'a' 'samurai' 'the' 'market' 'got' 'bought'
 'back' 'again' ',' '""' 'a' 'dealer' 'said' '.']","['O', 'O', 'O', 'O', 'O', 'O', 'O', 'O', 'O', 'O', 'O', 'O', 'O', 'O', 'O', 'O', 'O', 'O', 'O', 'O', 'O', 'O', 'O', 'O', 'O', 'O', 'O', 'O', 'O', 'O', 'O', 'O', 'O', 'O', 'O', 'O', 'O', 'O', 'O']",""" There were big buyers at the base of where the market sold to , and when the currency got bought back on talk of a samurai the market got bought back again , "" a dealer said .","['""(O)', 'There(O)', 'were(O)', 'big(O)', 'buyers(O)', 'at(O)', 'the(O)', 'base(O)', 'of(O)', 'where(O)', 'the(O)', 'market(O)', 'sold(O)', 'to(O)', ',(O)', 'and(O)', 'when(O)', 'the(O)', 'currency(O)', 'got(O)', 'bought(O)', 'back(O)', 'on(O)', 'talk(O)', 'of(O)', 'a(O)', 'samurai(O)', 'the(O)', 'market(O)', 'got(O)', 'bought(O)', 'back(O)', 'again(O)', ',(O)', '""(O)', 'a(O)', 'dealer(O)', 'said(O)', '.(O)']","""(O) There(O) were(O) big(O) buyers(O) at(O) the(O) base(O) of(O) where(O) the(O) market(O) sold(O) to(O) ,(O) and(O) when(O) the(O) currency(O) got(O) bought(O) back(O) on(O) talk(O) of(O) a(O) samurai(O) the(O) market(O) got(O) bought(O) back(O) again(O) ,(O) ""(O) a(O) dealer(O) said(O) .(O)","Input: "" There were big buyers at the base of where the market sold to , and when the currency got bought back on talk of a samurai the market got bought back again , "" a dealer said .
Output: ""(O) There(O) were(O) big(O) buyers(O) at(O) the(O) base(O) of(O) where(O) the(O) market(O) sold(O) to(O) ,(O) and(O) when(O) the(O) currency(O) got(O) bought(O) back(O) on(O) talk(O) of(O) a(O) samurai(O) the(O) market(O) got(O) bought(O) back(O) again(O) ,(O) ""(O) a(O) dealer(O) said(O) .(O)"
2377,['4.' 'Mary' 'Onyali' '(' 'Nigeria' ')' '11.09'],"['O', 'B-PER', 'I-PER', 'O', 'B-LOC', 'O', 'O']",4. Mary Onyali ( Nigeria ) 11.09,"['4.(O)', 'Mary(B-PER)', 'Onyali(I-PER)', '((O)', 'Nigeria(B-LOC)', ')(O)', '11.09(O)']",4.(O) Mary(B-PER) Onyali(I-PER) ((O) Nigeria(B-LOC) )(O) 11.09(O),"Input: 4. Mary Onyali ( Nigeria ) 11.09
Output: 4.(O) Mary(B-PER) Onyali(I-PER) ((O) Nigeria(B-LOC) )(O) 11.09(O)"
13575,['German' 'anti-nuclear' 'activists' 'in' 'pantomime' 'protest' '.'],"['B-MISC', 'O', 'O', 'O', 'O', 'O', 'O']",German anti-nuclear activists in pantomime protest .,"['German(B-MISC)', 'anti-nuclear(O)', 'activists(O)', 'in(O)', 'pantomime(O)', 'protest(O)', '.(O)']",German(B-MISC) anti-nuclear(O) activists(O) in(O) pantomime(O) protest(O) .(O),"Input: German anti-nuclear activists in pantomime protest .
Output: German(B-MISC) anti-nuclear(O) activists(O) in(O) pantomime(O) protest(O) .(O)"
9274,['Pendleton' 'OR' '---' '---' '---' '---' '4.7300' 'up' '.01'],"['B-LOC', 'B-LOC', 'O', 'O', 'O', 'O', 'O', 'O', 'O']",Pendleton OR --- --- --- --- 4.7300 up .01,"['Pendleton(B-LOC)', 'OR(B-LOC)', '---(O)', '---(O)', '---(O)', '---(O)', '4.7300(O)', 'up(O)', '.01(O)']",Pendleton(B-LOC) OR(B-LOC) ---(O) ---(O) ---(O) ---(O) 4.7300(O) up(O) .01(O),"Input: Pendleton OR --- --- --- --- 4.7300 up .01
Output: Pendleton(B-LOC) OR(B-LOC) ---(O) ---(O) ---(O) ---(O) 4.7300(O) up(O) .01(O)"
8163,"['KIMBERLEY' ',' 'South' 'Africa' '1996-08-27']","['B-LOC', 'O', 'B-LOC', 'I-LOC', 'O']","KIMBERLEY , South Africa 1996-08-27","['KIMBERLEY(B-LOC)', ',(O)', 'South(B-LOC)', 'Africa(I-LOC)', '1996-08-27(O)']","KIMBERLEY(B-LOC) ,(O) South(B-LOC) Africa(I-LOC) 1996-08-27(O)","Input: KIMBERLEY , South Africa 1996-08-27
Output: KIMBERLEY(B-LOC) ,(O) South(B-LOC) Africa(I-LOC) 1996-08-27(O)"
395,['Second' 'round'],"['O', 'O']",Second round,"['Second(O)', 'round(O)']",Second(O) round(O),"Input: Second round
Output: Second(O) round(O)"
8855,"['On' 'Monday' ',' 'the' 'company' 'said' 'it' 'had' 'agreed' 'to' 'be'
 'acquired' 'by' 'WorldCom' 'Inc' 'in' 'a' 'deal' 'valued' 'at' '$' '14'
 'billion' '.']","['O', 'O', 'O', 'O', 'O', 'O', 'O', 'O', 'O', 'O', 'O', 'O', 'O', 'B-ORG', 'I-ORG', 'O', 'O', 'O', 'O', 'O', 'O', 'O', 'O', 'O']","On Monday , the company said it had agreed to be acquired by WorldCom Inc in a deal valued at $ 14 billion .","['On(O)', 'Monday(O)', ',(O)', 'the(O)', 'company(O)', 'said(O)', 'it(O)', 'had(O)', 'agreed(O)', 'to(O)', 'be(O)', 'acquired(O)', 'by(O)', 'WorldCom(B-ORG)', 'Inc(I-ORG)', 'in(O)', 'a(O)', 'deal(O)', 'valued(O)', 'at(O)', '$(O)', '14(O)', 'billion(O)', '.(O)']","On(O) Monday(O) ,(O) the(O) company(O) said(O) it(O) had(O) agreed(O) to(O) be(O) acquired(O) by(O) WorldCom(B-ORG) Inc(I-ORG) in(O) a(O) deal(O) valued(O) at(O) $(O) 14(O) billion(O) .(O)","Input: On Monday , the company said it had agreed to be acquired by WorldCom Inc in a deal valued at $ 14 billion .
Output: On(O) Monday(O) ,(O) the(O) company(O) said(O) it(O) had(O) agreed(O) to(O) be(O) acquired(O) by(O) WorldCom(B-ORG) Inc(I-ORG) in(O) a(O) deal(O) valued(O) at(O) $(O) 14(O) billion(O) .(O)"
6256,['Advanced' 'Medical' 'buying' 'IVAC' 'Medical' '.'],"['B-ORG', 'I-ORG', 'O', 'B-ORG', 'I-ORG', 'O']",Advanced Medical buying IVAC Medical .,"['Advanced(B-ORG)', 'Medical(I-ORG)', 'buying(O)', 'IVAC(B-ORG)', 'Medical(I-ORG)', '.(O)']",Advanced(B-ORG) Medical(I-ORG) buying(O) IVAC(B-ORG) Medical(I-ORG) .(O),"Input: Advanced Medical buying IVAC Medical .
Output: Advanced(B-ORG) Medical(I-ORG) buying(O) IVAC(B-ORG) Medical(I-ORG) .(O)"
4016,"['Standings' '(' 'tabulated' 'under' 'played' ',' 'won' ',' 'drawn' ','
 'lost' ',' 'goals']","['O', 'O', 'O', 'O', 'O', 'O', 'O', 'O', 'O', 'O', 'O', 'O', 'O']","Standings ( tabulated under played , won , drawn , lost , goals","['Standings(O)', '((O)', 'tabulated(O)', 'under(O)', 'played(O)', ',(O)', 'won(O)', ',(O)', 'drawn(O)', ',(O)', 'lost(O)', ',(O)', 'goals(O)']","Standings(O) ((O) tabulated(O) under(O) played(O) ,(O) won(O) ,(O) drawn(O) ,(O) lost(O) ,(O) goals(O)","Input: Standings ( tabulated under played , won , drawn , lost , goals
Output: Standings(O) ((O) tabulated(O) under(O) played(O) ,(O) won(O) ,(O) drawn(O) ,(O) lost(O) ,(O) goals(O)"
8713,['Hansa' 'Rostock' '3' '0' '2' '1' '3' '4' '2'],"['B-ORG', 'I-ORG', 'O', 'O', 'O', 'O', 'O', 'O', 'O']",Hansa Rostock 3 0 2 1 3 4 2,"['Hansa(B-ORG)', 'Rostock(I-ORG)', '3(O)', '0(O)', '2(O)', '1(O)', '3(O)', '4(O)', '2(O)']",Hansa(B-ORG) Rostock(I-ORG) 3(O) 0(O) 2(O) 1(O) 3(O) 4(O) 2(O),"Input: Hansa Rostock 3 0 2 1 3 4 2
Output: Hansa(B-ORG) Rostock(I-ORG) 3(O) 0(O) 2(O) 1(O) 3(O) 4(O) 2(O)"
8623,"['""' 'Towards' 'the' 'end' 'of' 'my' 'match' 'my' 'stomach' 'felt' 'like'
 'week-old' 'sushi' ',' '""' 'said' 'Washington' '.' '""']","['O', 'O', 'O', 'O', 'O', 'O', 'O', 'O', 'O', 'O', 'O', 'O', 'O', 'O', 'O', 'O', 'B-LOC', 'O', 'O']",""" Towards the end of my match my stomach felt like week-old sushi , "" said Washington . ""","['""(O)', 'Towards(O)', 'the(O)', 'end(O)', 'of(O)', 'my(O)', 'match(O)', 'my(O)', 'stomach(O)', 'felt(O)', 'like(O)', 'week-old(O)', 'sushi(O)', ',(O)', '""(O)', 'said(O)', 'Washington(B-LOC)', '.(O)', '""(O)']","""(O) Towards(O) the(O) end(O) of(O) my(O) match(O) my(O) stomach(O) felt(O) like(O) week-old(O) sushi(O) ,(O) ""(O) said(O) Washington(B-LOC) .(O) ""(O)","Input: "" Towards the end of my match my stomach felt like week-old sushi , "" said Washington . ""
Output: ""(O) Towards(O) the(O) end(O) of(O) my(O) match(O) my(O) stomach(O) felt(O) like(O) week-old(O) sushi(O) ,(O) ""(O) said(O) Washington(B-LOC) .(O) ""(O)"
6242,"['I' 'think' 'we' 'can' 'look' 'forward' 'to' 'further' 'growth' '""' '.']","['O', 'O', 'O', 'O', 'O', 'O', 'O', 'O', 'O', 'O', 'O']","I think we can look forward to further growth "" .","['I(O)', 'think(O)', 'we(O)', 'can(O)', 'look(O)', 'forward(O)', 'to(O)', 'further(O)', 'growth(O)', '""(O)', '.(O)']","I(O) think(O) we(O) can(O) look(O) forward(O) to(O) further(O) growth(O) ""(O) .(O)","Input: I think we can look forward to further growth "" .
Output: I(O) think(O) we(O) can(O) look(O) forward(O) to(O) further(O) growth(O) ""(O) .(O)"
2335,"['Men' ""'s"" '110' 'metres' 'hurdles']","['O', 'O', 'O', 'O', 'O']",Men 's 110 metres hurdles,"['Men(O)', ""'s(O)"", '110(O)', 'metres(O)', 'hurdles(O)']",Men(O) 's(O) 110(O) metres(O) hurdles(O),"Input: Men 's 110 metres hurdles
Output: Men(O) 's(O) 110(O) metres(O) hurdles(O)"
12118,"['-' 'Caja' 'de' 'Madrid' 'stagnates' 'during' 'struggle' 'for'
 'presidency']","['O', 'B-ORG', 'I-ORG', 'I-ORG', 'O', 'O', 'O', 'O', 'O']",- Caja de Madrid stagnates during struggle for presidency,"['-(O)', 'Caja(B-ORG)', 'de(I-ORG)', 'Madrid(I-ORG)', 'stagnates(O)', 'during(O)', 'struggle(O)', 'for(O)', 'presidency(O)']",-(O) Caja(B-ORG) de(I-ORG) Madrid(I-ORG) stagnates(O) during(O) struggle(O) for(O) presidency(O),"Input: - Caja de Madrid stagnates during struggle for presidency
Output: -(O) Caja(B-ORG) de(I-ORG) Madrid(I-ORG) stagnates(O) during(O) struggle(O) for(O) presidency(O)"
12968,['Thai' 'poll' 'shows' 'military' 'wants' 'PM' 'Banharn' 'out' '.'],"['B-MISC', 'O', 'O', 'O', 'O', 'O', 'B-PER', 'O', 'O']",Thai poll shows military wants PM Banharn out .,"['Thai(B-MISC)', 'poll(O)', 'shows(O)', 'military(O)', 'wants(O)', 'PM(O)', 'Banharn(B-PER)', 'out(O)', '.(O)']",Thai(B-MISC) poll(O) shows(O) military(O) wants(O) PM(O) Banharn(B-PER) out(O) .(O),"Input: Thai poll shows military wants PM Banharn out .
Output: Thai(B-MISC) poll(O) shows(O) military(O) wants(O) PM(O) Banharn(B-PER) out(O) .(O)"
13267,"['""' 'The' 'fires' 'keep' 'moving' 'back' 'because' 'of' 'the' 'winds' ','
 '""' 'he' 'said' ',' 'forcing' 'the' 'utility' 'to' 'shut' 'those'
 'transmission' 'lines' 'for' 'a' 'second' 'time' 'this' 'week' '.']","['O', 'O', 'O', 'O', 'O', 'O', 'O', 'O', 'O', 'O', 'O', 'O', 'O', 'O', 'O', 'O', 'O', 'O', 'O', 'O', 'O', 'O', 'O', 'O', 'O', 'O', 'O', 'O', 'O', 'O']",""" The fires keep moving back because of the winds , "" he said , forcing the utility to shut those transmission lines for a second time this week .","['""(O)', 'The(O)', 'fires(O)', 'keep(O)', 'moving(O)', 'back(O)', 'because(O)', 'of(O)', 'the(O)', 'winds(O)', ',(O)', '""(O)', 'he(O)', 'said(O)', ',(O)', 'forcing(O)', 'the(O)', 'utility(O)', 'to(O)', 'shut(O)', 'those(O)', 'transmission(O)', 'lines(O)', 'for(O)', 'a(O)', 'second(O)', 'time(O)', 'this(O)', 'week(O)', '.(O)']","""(O) The(O) fires(O) keep(O) moving(O) back(O) because(O) of(O) the(O) winds(O) ,(O) ""(O) he(O) said(O) ,(O) forcing(O) the(O) utility(O) to(O) shut(O) those(O) transmission(O) lines(O) for(O) a(O) second(O) time(O) this(O) week(O) .(O)","Input: "" The fires keep moving back because of the winds , "" he said , forcing the utility to shut those transmission lines for a second time this week .
Output: ""(O) The(O) fires(O) keep(O) moving(O) back(O) because(O) of(O) the(O) winds(O) ,(O) ""(O) he(O) said(O) ,(O) forcing(O) the(O) utility(O) to(O) shut(O) those(O) transmission(O) lines(O) for(O) a(O) second(O) time(O) this(O) week(O) .(O)"
4610,['1.' 'Tortelli' '40' 'points'],"['O', 'B-PER', 'O', 'O']",1. Tortelli 40 points,"['1.(O)', 'Tortelli(B-PER)', '40(O)', 'points(O)']",1.(O) Tortelli(B-PER) 40(O) points(O),"Input: 1. Tortelli 40 points
Output: 1.(O) Tortelli(B-PER) 40(O) points(O)"
2421,"['Women' ""'s"" '1,000' 'metres']","['O', 'O', 'O', 'O']","Women 's 1,000 metres","['Women(O)', ""'s(O)"", '1,000(O)', 'metres(O)']","Women(O) 's(O) 1,000(O) metres(O)","Input: Women 's 1,000 metres
Output: Women(O) 's(O) 1,000(O) metres(O)"
10465,['HOUSTON' '71' '62' '.534' '-'],"['B-ORG', 'O', 'O', 'O', 'O']",HOUSTON 71 62 .534 -,"['HOUSTON(B-ORG)', '71(O)', '62(O)', '.534(O)', '-(O)']",HOUSTON(B-ORG) 71(O) 62(O) .534(O) -(O),"Input: HOUSTON 71 62 .534 -
Output: HOUSTON(B-ORG) 71(O) 62(O) .534(O) -(O)"
6484,['Extras' '(' 'b-6' 'lb-2' 'w-1' 'nb-13' ')' '22'],"['O', 'O', 'O', 'O', 'O', 'O', 'O', 'O']",Extras ( b-6 lb-2 w-1 nb-13 ) 22,"['Extras(O)', '((O)', 'b-6(O)', 'lb-2(O)', 'w-1(O)', 'nb-13(O)', ')(O)', '22(O)']",Extras(O) ((O) b-6(O) lb-2(O) w-1(O) nb-13(O) )(O) 22(O),"Input: Extras ( b-6 lb-2 w-1 nb-13 ) 22
Output: Extras(O) ((O) b-6(O) lb-2(O) w-1(O) nb-13(O) )(O) 22(O)"
8932,['Dmitry' 'Kuznets'],"['B-PER', 'I-PER']",Dmitry Kuznets,"['Dmitry(B-PER)', 'Kuznets(I-PER)']",Dmitry(B-PER) Kuznets(I-PER),"Input: Dmitry Kuznets
Output: Dmitry(B-PER) Kuznets(I-PER)"
11900,"['--' 'Inflows' 'of' 'more' 'than' '$' '500' 'million' 'are' 'seen' 'in'
 'the' 'interbank' 'market' 'and' 'the' 'bourse' 'in' 'the' 'last' 'three'
 'days' 'reflecting' 'confidence' 'in' 'the' 'post-election' 'economic'
 'policy']","['O', 'O', 'O', 'O', 'O', 'O', 'O', 'O', 'O', 'O', 'O', 'O', 'O', 'O', 'O', 'O', 'O', 'O', 'O', 'O', 'O', 'O', 'O', 'O', 'O', 'O', 'O', 'O', 'O']",-- Inflows of more than $ 500 million are seen in the interbank market and the bourse in the last three days reflecting confidence in the post-election economic policy,"['--(O)', 'Inflows(O)', 'of(O)', 'more(O)', 'than(O)', '$(O)', '500(O)', 'million(O)', 'are(O)', 'seen(O)', 'in(O)', 'the(O)', 'interbank(O)', 'market(O)', 'and(O)', 'the(O)', 'bourse(O)', 'in(O)', 'the(O)', 'last(O)', 'three(O)', 'days(O)', 'reflecting(O)', 'confidence(O)', 'in(O)', 'the(O)', 'post-election(O)', 'economic(O)', 'policy(O)']",--(O) Inflows(O) of(O) more(O) than(O) $(O) 500(O) million(O) are(O) seen(O) in(O) the(O) interbank(O) market(O) and(O) the(O) bourse(O) in(O) the(O) last(O) three(O) days(O) reflecting(O) confidence(O) in(O) the(O) post-election(O) economic(O) policy(O),"Input: -- Inflows of more than $ 500 million are seen in the interbank market and the bourse in the last three days reflecting confidence in the post-election economic policy
Output: --(O) Inflows(O) of(O) more(O) than(O) $(O) 500(O) million(O) are(O) seen(O) in(O) the(O) interbank(O) market(O) and(O) the(O) bourse(O) in(O) the(O) last(O) three(O) days(O) reflecting(O) confidence(O) in(O) the(O) post-election(O) economic(O) policy(O)"
5990,['Two' 'Thai' 'border' 'police' 'wounded' 'by' 'Burma' 'gunmen' '.'],"['O', 'B-MISC', 'O', 'O', 'O', 'O', 'B-LOC', 'O', 'O']",Two Thai border police wounded by Burma gunmen .,"['Two(O)', 'Thai(B-MISC)', 'border(O)', 'police(O)', 'wounded(O)', 'by(O)', 'Burma(B-LOC)', 'gunmen(O)', '.(O)']",Two(O) Thai(B-MISC) border(O) police(O) wounded(O) by(O) Burma(B-LOC) gunmen(O) .(O),"Input: Two Thai border police wounded by Burma gunmen .
Output: Two(O) Thai(B-MISC) border(O) police(O) wounded(O) by(O) Burma(B-LOC) gunmen(O) .(O)"
11182,"['Mokhoff' 'said' 'uncertainty' 'about' 'when' 'Gazprom' 'would' 'issue'
 'ADRs' 'and' 'about' 'whether' 'shares' 'from' 'the' 'Russian' 'market'
 'could' 'be' 'converted' 'into' 'ADRs' 'had' 'hurt' 'prices' '.']","['B-PER', 'O', 'O', 'O', 'O', 'B-ORG', 'O', 'O', 'B-MISC', 'O', 'O', 'O', 'O', 'O', 'O', 'B-MISC', 'O', 'O', 'O', 'O', 'O', 'B-MISC', 'O', 'O', 'O', 'O']",Mokhoff said uncertainty about when Gazprom would issue ADRs and about whether shares from the Russian market could be converted into ADRs had hurt prices .,"['Mokhoff(B-PER)', 'said(O)', 'uncertainty(O)', 'about(O)', 'when(O)', 'Gazprom(B-ORG)', 'would(O)', 'issue(O)', 'ADRs(B-MISC)', 'and(O)', 'about(O)', 'whether(O)', 'shares(O)', 'from(O)', 'the(O)', 'Russian(B-MISC)', 'market(O)', 'could(O)', 'be(O)', 'converted(O)', 'into(O)', 'ADRs(B-MISC)', 'had(O)', 'hurt(O)', 'prices(O)', '.(O)']",Mokhoff(B-PER) said(O) uncertainty(O) about(O) when(O) Gazprom(B-ORG) would(O) issue(O) ADRs(B-MISC) and(O) about(O) whether(O) shares(O) from(O) the(O) Russian(B-MISC) market(O) could(O) be(O) converted(O) into(O) ADRs(B-MISC) had(O) hurt(O) prices(O) .(O),"Input: Mokhoff said uncertainty about when Gazprom would issue ADRs and about whether shares from the Russian market could be converted into ADRs had hurt prices .
Output: Mokhoff(B-PER) said(O) uncertainty(O) about(O) when(O) Gazprom(B-ORG) would(O) issue(O) ADRs(B-MISC) and(O) about(O) whether(O) shares(O) from(O) the(O) Russian(B-MISC) market(O) could(O) be(O) converted(O) into(O) ADRs(B-MISC) had(O) hurt(O) prices(O) .(O)"
7773,['Brush' 'Wellman' 'comments' 'on' 'beryllium' 'lawsuits' '.'],"['B-ORG', 'I-ORG', 'O', 'O', 'O', 'O', 'O']",Brush Wellman comments on beryllium lawsuits .,"['Brush(B-ORG)', 'Wellman(I-ORG)', 'comments(O)', 'on(O)', 'beryllium(O)', 'lawsuits(O)', '.(O)']",Brush(B-ORG) Wellman(I-ORG) comments(O) on(O) beryllium(O) lawsuits(O) .(O),"Input: Brush Wellman comments on beryllium lawsuits .
Output: Brush(B-ORG) Wellman(I-ORG) comments(O) on(O) beryllium(O) lawsuits(O) .(O)"
335,"['73' 'D.A.' 'Weibring' ',' 'Brad' 'Bryant' ',' 'Craig' 'Parry' '('
 'Australia' ')' ',']","['O', 'B-PER', 'I-PER', 'O', 'B-PER', 'I-PER', 'O', 'B-PER', 'I-PER', 'O', 'B-LOC', 'O', 'O']","73 D.A. Weibring , Brad Bryant , Craig Parry ( Australia ) ,","['73(O)', 'D.A.(B-PER)', 'Weibring(I-PER)', ',(O)', 'Brad(B-PER)', 'Bryant(I-PER)', ',(O)', 'Craig(B-PER)', 'Parry(I-PER)', '((O)', 'Australia(B-LOC)', ')(O)', ',(O)']","73(O) D.A.(B-PER) Weibring(I-PER) ,(O) Brad(B-PER) Bryant(I-PER) ,(O) Craig(B-PER) Parry(I-PER) ((O) Australia(B-LOC) )(O) ,(O)","Input: 73 D.A. Weibring , Brad Bryant , Craig Parry ( Australia ) ,
Output: 73(O) D.A.(B-PER) Weibring(I-PER) ,(O) Brad(B-PER) Bryant(I-PER) ,(O) Craig(B-PER) Parry(I-PER) ((O) Australia(B-LOC) )(O) ,(O)"
6168,"['The' 'prime' 'minister' 'offered' 'financial' 'grants' 'to' 'the'
 'families' 'of' 'those' 'killed' ',' 'ordered' 'the' 'best' 'possible'
 'medical' 'care' 'for' 'the' 'injured' 'and' 'urged' 'Bogra' 'residents'
 'to' 'call' 'off' 'the' 'strike' '.']","['O', 'O', 'O', 'O', 'O', 'O', 'O', 'O', 'O', 'O', 'O', 'O', 'O', 'O', 'O', 'O', 'O', 'O', 'O', 'O', 'O', 'O', 'O', 'O', 'B-LOC', 'O', 'O', 'O', 'O', 'O', 'O', 'O']","The prime minister offered financial grants to the families of those killed , ordered the best possible medical care for the injured and urged Bogra residents to call off the strike .","['The(O)', 'prime(O)', 'minister(O)', 'offered(O)', 'financial(O)', 'grants(O)', 'to(O)', 'the(O)', 'families(O)', 'of(O)', 'those(O)', 'killed(O)', ',(O)', 'ordered(O)', 'the(O)', 'best(O)', 'possible(O)', 'medical(O)', 'care(O)', 'for(O)', 'the(O)', 'injured(O)', 'and(O)', 'urged(O)', 'Bogra(B-LOC)', 'residents(O)', 'to(O)', 'call(O)', 'off(O)', 'the(O)', 'strike(O)', '.(O)']","The(O) prime(O) minister(O) offered(O) financial(O) grants(O) to(O) the(O) families(O) of(O) those(O) killed(O) ,(O) ordered(O) the(O) best(O) possible(O) medical(O) care(O) for(O) the(O) injured(O) and(O) urged(O) Bogra(B-LOC) residents(O) to(O) call(O) off(O) the(O) strike(O) .(O)","Input: The prime minister offered financial grants to the families of those killed , ordered the best possible medical care for the injured and urged Bogra residents to call off the strike .
Output: The(O) prime(O) minister(O) offered(O) financial(O) grants(O) to(O) the(O) families(O) of(O) those(O) killed(O) ,(O) ordered(O) the(O) best(O) possible(O) medical(O) care(O) for(O) the(O) injured(O) and(O) urged(O) Bogra(B-LOC) residents(O) to(O) call(O) off(O) the(O) strike(O) .(O)"
7651,['CHICAGO' '1996-08-26'],"['B-LOC', 'O']",CHICAGO 1996-08-26,"['CHICAGO(B-LOC)', '1996-08-26(O)']",CHICAGO(B-LOC) 1996-08-26(O),"Input: CHICAGO 1996-08-26
Output: CHICAGO(B-LOC) 1996-08-26(O)"
175,"['The' 'UAE' 'said' 'on' 'Monday' 'it' 'would' 'hand' 'over' 'the' 'three'
 'to' 'the' 'International' 'Red' 'Crescent' ',' 'possibly' 'last'
 'Tuesday' '.']","['O', 'B-LOC', 'O', 'O', 'O', 'O', 'O', 'O', 'O', 'O', 'O', 'O', 'O', 'B-ORG', 'I-ORG', 'I-ORG', 'O', 'O', 'O', 'O', 'O']","The UAE said on Monday it would hand over the three to the International Red Crescent , possibly last Tuesday .","['The(O)', 'UAE(B-LOC)', 'said(O)', 'on(O)', 'Monday(O)', 'it(O)', 'would(O)', 'hand(O)', 'over(O)', 'the(O)', 'three(O)', 'to(O)', 'the(O)', 'International(B-ORG)', 'Red(I-ORG)', 'Crescent(I-ORG)', ',(O)', 'possibly(O)', 'last(O)', 'Tuesday(O)', '.(O)']","The(O) UAE(B-LOC) said(O) on(O) Monday(O) it(O) would(O) hand(O) over(O) the(O) three(O) to(O) the(O) International(B-ORG) Red(I-ORG) Crescent(I-ORG) ,(O) possibly(O) last(O) Tuesday(O) .(O)","Input: The UAE said on Monday it would hand over the three to the International Red Crescent , possibly last Tuesday .
Output: The(O) UAE(B-LOC) said(O) on(O) Monday(O) it(O) would(O) hand(O) over(O) the(O) three(O) to(O) the(O) International(B-ORG) Red(I-ORG) Crescent(I-ORG) ,(O) possibly(O) last(O) Tuesday(O) .(O)"
13395,"['Jet' 'kerosene' 'was' 'assessed' 'at' '$' '27.40' '-' '$' '27.70' 'a'
 'barrel' 'fob' 'Gulf' 'on' 'Thursday' ',' 'up' 'from' '$' '27.22' 'last'
 'week' '.']","['O', 'O', 'O', 'O', 'O', 'O', 'O', 'O', 'O', 'O', 'O', 'O', 'O', 'B-LOC', 'O', 'O', 'O', 'O', 'O', 'O', 'O', 'O', 'O', 'O']","Jet kerosene was assessed at $ 27.40 - $ 27.70 a barrel fob Gulf on Thursday , up from $ 27.22 last week .","['Jet(O)', 'kerosene(O)', 'was(O)', 'assessed(O)', 'at(O)', '$(O)', '27.40(O)', '-(O)', '$(O)', '27.70(O)', 'a(O)', 'barrel(O)', 'fob(O)', 'Gulf(B-LOC)', 'on(O)', 'Thursday(O)', ',(O)', 'up(O)', 'from(O)', '$(O)', '27.22(O)', 'last(O)', 'week(O)', '.(O)']","Jet(O) kerosene(O) was(O) assessed(O) at(O) $(O) 27.40(O) -(O) $(O) 27.70(O) a(O) barrel(O) fob(O) Gulf(B-LOC) on(O) Thursday(O) ,(O) up(O) from(O) $(O) 27.22(O) last(O) week(O) .(O)","Input: Jet kerosene was assessed at $ 27.40 - $ 27.70 a barrel fob Gulf on Thursday , up from $ 27.22 last week .
Output: Jet(O) kerosene(O) was(O) assessed(O) at(O) $(O) 27.40(O) -(O) $(O) 27.70(O) a(O) barrel(O) fob(O) Gulf(B-LOC) on(O) Thursday(O) ,(O) up(O) from(O) $(O) 27.22(O) last(O) week(O) .(O)"
10212,"['""' 'The' 'more' 'important' 'thing' 'for' 'me' 'was' 'to' 'get' 'them'
 'down' 'here' 'and' 'have' 'a' 'chat' '.']","['O', 'O', 'O', 'O', 'O', 'O', 'O', 'O', 'O', 'O', 'O', 'O', 'O', 'O', 'O', 'O', 'O', 'O']",""" The more important thing for me was to get them down here and have a chat .","['""(O)', 'The(O)', 'more(O)', 'important(O)', 'thing(O)', 'for(O)', 'me(O)', 'was(O)', 'to(O)', 'get(O)', 'them(O)', 'down(O)', 'here(O)', 'and(O)', 'have(O)', 'a(O)', 'chat(O)', '.(O)']","""(O) The(O) more(O) important(O) thing(O) for(O) me(O) was(O) to(O) get(O) them(O) down(O) here(O) and(O) have(O) a(O) chat(O) .(O)","Input: "" The more important thing for me was to get them down here and have a chat .
Output: ""(O) The(O) more(O) important(O) thing(O) for(O) me(O) was(O) to(O) get(O) them(O) down(O) here(O) and(O) have(O) a(O) chat(O) .(O)"
13529,"['AJACCIO' ',' 'Corsica' '1996-08-29']","['B-LOC', 'O', 'B-LOC', 'O']","AJACCIO , Corsica 1996-08-29","['AJACCIO(B-LOC)', ',(O)', 'Corsica(B-LOC)', '1996-08-29(O)']","AJACCIO(B-LOC) ,(O) Corsica(B-LOC) 1996-08-29(O)","Input: AJACCIO , Corsica 1996-08-29
Output: AJACCIO(B-LOC) ,(O) Corsica(B-LOC) 1996-08-29(O)"
