id,tokens,ner_tags,text,tokens_tags,ner_text,prompts
10469,['PITTSBURGH' '56' '75' '.427' '14'],"['B-ORG', 'O', 'O', 'O', 'O']",PITTSBURGH 56 75 .427 14,"['PITTSBURGH(B-ORG)', '56(O)', '75(O)', '.427(O)', '14(O)']",PITTSBURGH(B-ORG) 56(O) 75(O) .427(O) 14(O),"Input: PITTSBURGH 56 75 .427 14
Output: PITTSBURGH(B-ORG) 56(O) 75(O) .427(O) 14(O)"
13771,"['Indonesia' 'sought' 'on' 'Thursday' 'to' 'play' 'down' 'a' 'fire' 'bomb'
 'attack' 'on' 'a' 'U.S.' 'consulate' 'earlier' 'this' 'week' ',' 'saying'
 'it' 'was' 'being' 'treated' 'as' 'a' 'criminal' 'rather' 'than' 'a'
 'political' 'act' ',' 'the' 'official' 'Antara' 'news' 'agency' 'said'
 '.']","['B-LOC', 'O', 'O', 'O', 'O', 'O', 'O', 'O', 'O', 'O', 'O', 'O', 'O', 'B-LOC', 'O', 'O', 'O', 'O', 'O', 'O', 'O', 'O', 'O', 'O', 'O', 'O', 'O', 'O', 'O', 'O', 'O', 'O', 'O', 'O', 'O', 'B-LOC', 'O', 'O', 'O', 'O']","Indonesia sought on Thursday to play down a fire bomb attack on a U.S. consulate earlier this week , saying it was being treated as a criminal rather than a political act , the official Antara news agency said .","['Indonesia(B-LOC)', 'sought(O)', 'on(O)', 'Thursday(O)', 'to(O)', 'play(O)', 'down(O)', 'a(O)', 'fire(O)', 'bomb(O)', 'attack(O)', 'on(O)', 'a(O)', 'U.S.(B-LOC)', 'consulate(O)', 'earlier(O)', 'this(O)', 'week(O)', ',(O)', 'saying(O)', 'it(O)', 'was(O)', 'being(O)', 'treated(O)', 'as(O)', 'a(O)', 'criminal(O)', 'rather(O)', 'than(O)', 'a(O)', 'political(O)', 'act(O)', ',(O)', 'the(O)', 'official(O)', 'Antara(B-LOC)', 'news(O)', 'agency(O)', 'said(O)', '.(O)']","Indonesia(B-LOC) sought(O) on(O) Thursday(O) to(O) play(O) down(O) a(O) fire(O) bomb(O) attack(O) on(O) a(O) U.S.(B-LOC) consulate(O) earlier(O) this(O) week(O) ,(O) saying(O) it(O) was(O) being(O) treated(O) as(O) a(O) criminal(O) rather(O) than(O) a(O) political(O) act(O) ,(O) the(O) official(O) Antara(B-LOC) news(O) agency(O) said(O) .(O)","Input: Indonesia sought on Thursday to play down a fire bomb attack on a U.S. consulate earlier this week , saying it was being treated as a criminal rather than a political act , the official Antara news agency said .
Output: Indonesia(B-LOC) sought(O) on(O) Thursday(O) to(O) play(O) down(O) a(O) fire(O) bomb(O) attack(O) on(O) a(O) U.S.(B-LOC) consulate(O) earlier(O) this(O) week(O) ,(O) saying(O) it(O) was(O) being(O) treated(O) as(O) a(O) criminal(O) rather(O) than(O) a(O) political(O) act(O) ,(O) the(O) official(O) Antara(B-LOC) news(O) agency(O) said(O) .(O)"
12773,['JOHANNESBURG' '1996-08-29'],"['B-LOC', 'O']",JOHANNESBURG 1996-08-29,"['JOHANNESBURG(B-LOC)', '1996-08-29(O)']",JOHANNESBURG(B-LOC) 1996-08-29(O),"Input: JOHANNESBURG 1996-08-29
Output: JOHANNESBURG(B-LOC) 1996-08-29(O)"
2408,['7.' 'Samson' 'Kitur' '(' 'Kenya' ')' '45.34'],"['O', 'B-PER', 'I-PER', 'O', 'B-LOC', 'O', 'O']",7. Samson Kitur ( Kenya ) 45.34,"['7.(O)', 'Samson(B-PER)', 'Kitur(I-PER)', '((O)', 'Kenya(B-LOC)', ')(O)', '45.34(O)']",7.(O) Samson(B-PER) Kitur(I-PER) ((O) Kenya(B-LOC) )(O) 45.34(O),"Input: 7. Samson Kitur ( Kenya ) 45.34
Output: 7.(O) Samson(B-PER) Kitur(I-PER) ((O) Kenya(B-LOC) )(O) 45.34(O)"
1793,['$' '387.50' '(' '$' '386.95' ')'],"['O', 'O', 'O', 'O', 'O', 'O']",$ 387.50 ( $ 386.95 ),"['$(O)', '387.50(O)', '((O)', '$(O)', '386.95(O)', ')(O)']",$(O) 387.50(O) ((O) $(O) 386.95(O) )(O),"Input: $ 387.50 ( $ 386.95 )
Output: $(O) 387.50(O) ((O) $(O) 386.95(O) )(O)"
6388,['CRICKET' '-' 'ENGLISH' 'COUNTY' 'CHAMPIONSHIP' 'STANDINGS' '.'],"['O', 'O', 'B-MISC', 'I-MISC', 'I-MISC', 'O', 'O']",CRICKET - ENGLISH COUNTY CHAMPIONSHIP STANDINGS .,"['CRICKET(O)', '-(O)', 'ENGLISH(B-MISC)', 'COUNTY(I-MISC)', 'CHAMPIONSHIP(I-MISC)', 'STANDINGS(O)', '.(O)']",CRICKET(O) -(O) ENGLISH(B-MISC) COUNTY(I-MISC) CHAMPIONSHIP(I-MISC) STANDINGS(O) .(O),"Input: CRICKET - ENGLISH COUNTY CHAMPIONSHIP STANDINGS .
Output: CRICKET(O) -(O) ENGLISH(B-MISC) COUNTY(I-MISC) CHAMPIONSHIP(I-MISC) STANDINGS(O) .(O)"
1361,"['The' 'chairman' 'of' 'national' 'carrier' 'EgyptAir' 'on' 'Thursday'
 'blamed' 'the' 'control' 'tower' 'at' 'Istanbul' 'airport' 'for' 'the'
 'EgyptAir' 'plane' 'accident' '.']","['O', 'O', 'O', 'O', 'O', 'B-ORG', 'O', 'O', 'O', 'O', 'O', 'O', 'O', 'B-LOC', 'O', 'O', 'O', 'B-ORG', 'O', 'O', 'O']",The chairman of national carrier EgyptAir on Thursday blamed the control tower at Istanbul airport for the EgyptAir plane accident .,"['The(O)', 'chairman(O)', 'of(O)', 'national(O)', 'carrier(O)', 'EgyptAir(B-ORG)', 'on(O)', 'Thursday(O)', 'blamed(O)', 'the(O)', 'control(O)', 'tower(O)', 'at(O)', 'Istanbul(B-LOC)', 'airport(O)', 'for(O)', 'the(O)', 'EgyptAir(B-ORG)', 'plane(O)', 'accident(O)', '.(O)']",The(O) chairman(O) of(O) national(O) carrier(O) EgyptAir(B-ORG) on(O) Thursday(O) blamed(O) the(O) control(O) tower(O) at(O) Istanbul(B-LOC) airport(O) for(O) the(O) EgyptAir(B-ORG) plane(O) accident(O) .(O),"Input: The chairman of national carrier EgyptAir on Thursday blamed the control tower at Istanbul airport for the EgyptAir plane accident .
Output: The(O) chairman(O) of(O) national(O) carrier(O) EgyptAir(B-ORG) on(O) Thursday(O) blamed(O) the(O) control(O) tower(O) at(O) Istanbul(B-LOC) airport(O) for(O) the(O) EgyptAir(B-ORG) plane(O) accident(O) .(O)"
12095,"['A' 'human' 'rights' 'activist' 'said' 'on' 'Wednesday' 'he' 'had' 'been'
 'released' 'after' 'more' 'than' 'two' 'weeks' 'in' 'detention' 'that'
 'followed' 'his' 'call' 'for' 'an' 'inquiry' 'into' 'the' 'death' 'of'
 'a' 'Gaza' 'man' 'interrogated' 'by' 'Palestinian' 'police' '.']","['O', 'O', 'O', 'O', 'O', 'O', 'O', 'O', 'O', 'O', 'O', 'O', 'O', 'O', 'O', 'O', 'O', 'O', 'O', 'O', 'O', 'O', 'O', 'O', 'O', 'O', 'O', 'O', 'O', 'O', 'B-LOC', 'O', 'O', 'O', 'B-MISC', 'O', 'O']",A human rights activist said on Wednesday he had been released after more than two weeks in detention that followed his call for an inquiry into the death of a Gaza man interrogated by Palestinian police .,"['A(O)', 'human(O)', 'rights(O)', 'activist(O)', 'said(O)', 'on(O)', 'Wednesday(O)', 'he(O)', 'had(O)', 'been(O)', 'released(O)', 'after(O)', 'more(O)', 'than(O)', 'two(O)', 'weeks(O)', 'in(O)', 'detention(O)', 'that(O)', 'followed(O)', 'his(O)', 'call(O)', 'for(O)', 'an(O)', 'inquiry(O)', 'into(O)', 'the(O)', 'death(O)', 'of(O)', 'a(O)', 'Gaza(B-LOC)', 'man(O)', 'interrogated(O)', 'by(O)', 'Palestinian(B-MISC)', 'police(O)', '.(O)']",A(O) human(O) rights(O) activist(O) said(O) on(O) Wednesday(O) he(O) had(O) been(O) released(O) after(O) more(O) than(O) two(O) weeks(O) in(O) detention(O) that(O) followed(O) his(O) call(O) for(O) an(O) inquiry(O) into(O) the(O) death(O) of(O) a(O) Gaza(B-LOC) man(O) interrogated(O) by(O) Palestinian(B-MISC) police(O) .(O),"Input: A human rights activist said on Wednesday he had been released after more than two weeks in detention that followed his call for an inquiry into the death of a Gaza man interrogated by Palestinian police .
Output: A(O) human(O) rights(O) activist(O) said(O) on(O) Wednesday(O) he(O) had(O) been(O) released(O) after(O) more(O) than(O) two(O) weeks(O) in(O) detention(O) that(O) followed(O) his(O) call(O) for(O) an(O) inquiry(O) into(O) the(O) death(O) of(O) a(O) Gaza(B-LOC) man(O) interrogated(O) by(O) Palestinian(B-MISC) police(O) .(O)"
3526,['Sheffield' '21' '10' '0' '11' '574' '696' '20'],"['B-ORG', 'O', 'O', 'O', 'O', 'O', 'O', 'O']",Sheffield 21 10 0 11 574 696 20,"['Sheffield(B-ORG)', '21(O)', '10(O)', '0(O)', '11(O)', '574(O)', '696(O)', '20(O)']",Sheffield(B-ORG) 21(O) 10(O) 0(O) 11(O) 574(O) 696(O) 20(O),"Input: Sheffield 21 10 0 11 574 696 20
Output: Sheffield(B-ORG) 21(O) 10(O) 0(O) 11(O) 574(O) 696(O) 20(O)"
8156,['He' 'had' 'been' 'in' 'charge' 'for' 'six' 'months' '.'],"['O', 'O', 'O', 'O', 'O', 'O', 'O', 'O', 'O']",He had been in charge for six months .,"['He(O)', 'had(O)', 'been(O)', 'in(O)', 'charge(O)', 'for(O)', 'six(O)', 'months(O)', '.(O)']",He(O) had(O) been(O) in(O) charge(O) for(O) six(O) months(O) .(O),"Input: He had been in charge for six months .
Output: He(O) had(O) been(O) in(O) charge(O) for(O) six(O) months(O) .(O)"
11571,"['He' 'said' 'only' 'the' 'removal' 'of' 'the' 'government' 'and' 'an'
 'early' 'election' 'could' 'save' 'Pakistan' 'from' 'disaster' '.' '""']","['O', 'O', 'O', 'O', 'O', 'O', 'O', 'O', 'O', 'O', 'O', 'O', 'O', 'O', 'B-LOC', 'O', 'O', 'O', 'O']","He said only the removal of the government and an early election could save Pakistan from disaster . ""","['He(O)', 'said(O)', 'only(O)', 'the(O)', 'removal(O)', 'of(O)', 'the(O)', 'government(O)', 'and(O)', 'an(O)', 'early(O)', 'election(O)', 'could(O)', 'save(O)', 'Pakistan(B-LOC)', 'from(O)', 'disaster(O)', '.(O)', '""(O)']","He(O) said(O) only(O) the(O) removal(O) of(O) the(O) government(O) and(O) an(O) early(O) election(O) could(O) save(O) Pakistan(B-LOC) from(O) disaster(O) .(O) ""(O)","Input: He said only the removal of the government and an early election could save Pakistan from disaster . ""
Output: He(O) said(O) only(O) the(O) removal(O) of(O) the(O) government(O) and(O) an(O) early(O) election(O) could(O) save(O) Pakistan(B-LOC) from(O) disaster(O) .(O) ""(O)"
13346,"['He' 'was' 'believed' 'to' 'be' 'suffering' 'from' 'laryngitis' 'and'
 'said' 'he' 'had' 'to' 'go' 'house-hunting' 'with' 'actress' 'girlfriend'
 'Patsy' 'Kensit' '.']","['O', 'O', 'O', 'O', 'O', 'O', 'O', 'O', 'O', 'O', 'O', 'O', 'O', 'O', 'O', 'O', 'O', 'O', 'B-PER', 'I-PER', 'O']",He was believed to be suffering from laryngitis and said he had to go house-hunting with actress girlfriend Patsy Kensit .,"['He(O)', 'was(O)', 'believed(O)', 'to(O)', 'be(O)', 'suffering(O)', 'from(O)', 'laryngitis(O)', 'and(O)', 'said(O)', 'he(O)', 'had(O)', 'to(O)', 'go(O)', 'house-hunting(O)', 'with(O)', 'actress(O)', 'girlfriend(O)', 'Patsy(B-PER)', 'Kensit(I-PER)', '.(O)']",He(O) was(O) believed(O) to(O) be(O) suffering(O) from(O) laryngitis(O) and(O) said(O) he(O) had(O) to(O) go(O) house-hunting(O) with(O) actress(O) girlfriend(O) Patsy(B-PER) Kensit(I-PER) .(O),"Input: He was believed to be suffering from laryngitis and said he had to go house-hunting with actress girlfriend Patsy Kensit .
Output: He(O) was(O) believed(O) to(O) be(O) suffering(O) from(O) laryngitis(O) and(O) said(O) he(O) had(O) to(O) go(O) house-hunting(O) with(O) actress(O) girlfriend(O) Patsy(B-PER) Kensit(I-PER) .(O)"
10735,['0-0' '.'],"['O', 'O']",0-0 .,"['0-0(O)', '.(O)']",0-0(O) .(O),"Input: 0-0 .
Output: 0-0(O) .(O)"
352,"['Gloria' 'Bistrita' 'won' '4-2' 'on' 'aggregate' 'and' 'qualified' 'for'
 'the' 'first' 'round' 'of' 'the' 'Cup' 'winners' 'Cup' '.']","['B-ORG', 'I-ORG', 'O', 'O', 'O', 'O', 'O', 'O', 'O', 'O', 'O', 'O', 'O', 'O', 'B-MISC', 'I-MISC', 'I-MISC', 'O']",Gloria Bistrita won 4-2 on aggregate and qualified for the first round of the Cup winners Cup .,"['Gloria(B-ORG)', 'Bistrita(I-ORG)', 'won(O)', '4-2(O)', 'on(O)', 'aggregate(O)', 'and(O)', 'qualified(O)', 'for(O)', 'the(O)', 'first(O)', 'round(O)', 'of(O)', 'the(O)', 'Cup(B-MISC)', 'winners(I-MISC)', 'Cup(I-MISC)', '.(O)']",Gloria(B-ORG) Bistrita(I-ORG) won(O) 4-2(O) on(O) aggregate(O) and(O) qualified(O) for(O) the(O) first(O) round(O) of(O) the(O) Cup(B-MISC) winners(I-MISC) Cup(I-MISC) .(O),"Input: Gloria Bistrita won 4-2 on aggregate and qualified for the first round of the Cup winners Cup .
Output: Gloria(B-ORG) Bistrita(I-ORG) won(O) 4-2(O) on(O) aggregate(O) and(O) qualified(O) for(O) the(O) first(O) round(O) of(O) the(O) Cup(B-MISC) winners(I-MISC) Cup(I-MISC) .(O)"
13367,['--' 'Reuters' 'Ottawa' 'Burea' '(' '613' ')' '235-6745'],"['O', 'B-ORG', 'I-ORG', 'I-ORG', 'O', 'O', 'O', 'O']",-- Reuters Ottawa Burea ( 613 ) 235-6745,"['--(O)', 'Reuters(B-ORG)', 'Ottawa(I-ORG)', 'Burea(I-ORG)', '((O)', '613(O)', ')(O)', '235-6745(O)']",--(O) Reuters(B-ORG) Ottawa(I-ORG) Burea(I-ORG) ((O) 613(O) )(O) 235-6745(O),"Input: -- Reuters Ottawa Burea ( 613 ) 235-6745
Output: --(O) Reuters(B-ORG) Ottawa(I-ORG) Burea(I-ORG) ((O) 613(O) )(O) 235-6745(O)"
2742,"['Repatriation' 'of' '1.1' 'million' 'Rwandan' 'Hutu' 'refugees'
 'announced' 'by' 'Zaire' 'and' 'Rwanda' 'on' 'Thursday' 'could' 'start'
 'within' 'the' 'next' 'few' 'days' ',' 'an' 'exiled' 'Rwandan' 'Hutu'
 'lobby' 'group' 'said' 'on' 'Friday' '.']","['O', 'O', 'O', 'O', 'B-MISC', 'I-MISC', 'O', 'O', 'O', 'B-LOC', 'O', 'B-LOC', 'O', 'O', 'O', 'O', 'O', 'O', 'O', 'O', 'O', 'O', 'O', 'O', 'B-MISC', 'I-MISC', 'O', 'O', 'O', 'O', 'O', 'O']","Repatriation of 1.1 million Rwandan Hutu refugees announced by Zaire and Rwanda on Thursday could start within the next few days , an exiled Rwandan Hutu lobby group said on Friday .","['Repatriation(O)', 'of(O)', '1.1(O)', 'million(O)', 'Rwandan(B-MISC)', 'Hutu(I-MISC)', 'refugees(O)', 'announced(O)', 'by(O)', 'Zaire(B-LOC)', 'and(O)', 'Rwanda(B-LOC)', 'on(O)', 'Thursday(O)', 'could(O)', 'start(O)', 'within(O)', 'the(O)', 'next(O)', 'few(O)', 'days(O)', ',(O)', 'an(O)', 'exiled(O)', 'Rwandan(B-MISC)', 'Hutu(I-MISC)', 'lobby(O)', 'group(O)', 'said(O)', 'on(O)', 'Friday(O)', '.(O)']","Repatriation(O) of(O) 1.1(O) million(O) Rwandan(B-MISC) Hutu(I-MISC) refugees(O) announced(O) by(O) Zaire(B-LOC) and(O) Rwanda(B-LOC) on(O) Thursday(O) could(O) start(O) within(O) the(O) next(O) few(O) days(O) ,(O) an(O) exiled(O) Rwandan(B-MISC) Hutu(I-MISC) lobby(O) group(O) said(O) on(O) Friday(O) .(O)","Input: Repatriation of 1.1 million Rwandan Hutu refugees announced by Zaire and Rwanda on Thursday could start within the next few days , an exiled Rwandan Hutu lobby group said on Friday .
Output: Repatriation(O) of(O) 1.1(O) million(O) Rwandan(B-MISC) Hutu(I-MISC) refugees(O) announced(O) by(O) Zaire(B-LOC) and(O) Rwanda(B-LOC) on(O) Thursday(O) could(O) start(O) within(O) the(O) next(O) few(O) days(O) ,(O) an(O) exiled(O) Rwandan(B-MISC) Hutu(I-MISC) lobby(O) group(O) said(O) on(O) Friday(O) .(O)"
1728,['LATEST' 'ACTUAL'],"['O', 'O']",LATEST ACTUAL,"['LATEST(O)', 'ACTUAL(O)']",LATEST(O) ACTUAL(O),"Input: LATEST ACTUAL
Output: LATEST(O) ACTUAL(O)"
10673,['Attendance'],['O'],Attendance,['Attendance(O)'],Attendance(O),"Input: Attendance
Output: Attendance(O)"
2202,"['Schalke' ',' 'who' 'finished' 'third' 'last' 'season' ',' 'raced' 'to'
 'a' '3-1' 'lead' 'at' 'halftime' '.']","['B-ORG', 'O', 'O', 'O', 'O', 'O', 'O', 'O', 'O', 'O', 'O', 'O', 'O', 'O', 'O', 'O']","Schalke , who finished third last season , raced to a 3-1 lead at halftime .","['Schalke(B-ORG)', ',(O)', 'who(O)', 'finished(O)', 'third(O)', 'last(O)', 'season(O)', ',(O)', 'raced(O)', 'to(O)', 'a(O)', '3-1(O)', 'lead(O)', 'at(O)', 'halftime(O)', '.(O)']","Schalke(B-ORG) ,(O) who(O) finished(O) third(O) last(O) season(O) ,(O) raced(O) to(O) a(O) 3-1(O) lead(O) at(O) halftime(O) .(O)","Input: Schalke , who finished third last season , raced to a 3-1 lead at halftime .
Output: Schalke(B-ORG) ,(O) who(O) finished(O) third(O) last(O) season(O) ,(O) raced(O) to(O) a(O) 3-1(O) lead(O) at(O) halftime(O) .(O)"
6686,['MTK' '3' 'Ferencvaros' '0'],"['B-ORG', 'O', 'B-ORG', 'O']",MTK 3 Ferencvaros 0,"['MTK(B-ORG)', '3(O)', 'Ferencvaros(B-ORG)', '0(O)']",MTK(B-ORG) 3(O) Ferencvaros(B-ORG) 0(O),"Input: MTK 3 Ferencvaros 0
Output: MTK(B-ORG) 3(O) Ferencvaros(B-ORG) 0(O)"
4995,['Asif' 'Mujtaba' 'run' 'out' '13'],"['B-PER', 'I-PER', 'O', 'O', 'O']",Asif Mujtaba run out 13,"['Asif(B-PER)', 'Mujtaba(I-PER)', 'run(O)', 'out(O)', '13(O)']",Asif(B-PER) Mujtaba(I-PER) run(O) out(O) 13(O),"Input: Asif Mujtaba run out 13
Output: Asif(B-PER) Mujtaba(I-PER) run(O) out(O) 13(O)"
2507,['9.' 'Worku' 'Bekila' '(' 'Ethiopia' ')' '28.42.23'],"['O', 'B-PER', 'I-PER', 'O', 'B-LOC', 'O', 'O']",9. Worku Bekila ( Ethiopia ) 28.42.23,"['9.(O)', 'Worku(B-PER)', 'Bekila(I-PER)', '((O)', 'Ethiopia(B-LOC)', ')(O)', '28.42.23(O)']",9.(O) Worku(B-PER) Bekila(I-PER) ((O) Ethiopia(B-LOC) )(O) 28.42.23(O),"Input: 9. Worku Bekila ( Ethiopia ) 28.42.23
Output: 9.(O) Worku(B-PER) Bekila(I-PER) ((O) Ethiopia(B-LOC) )(O) 28.42.23(O)"
484,['6-7' '(' '3-7' ')' '6-4' '6-4'],"['O', 'O', 'O', 'O', 'O', 'O']",6-7 ( 3-7 ) 6-4 6-4,"['6-7(O)', '((O)', '3-7(O)', ')(O)', '6-4(O)', '6-4(O)']",6-7(O) ((O) 3-7(O) )(O) 6-4(O) 6-4(O),"Input: 6-7 ( 3-7 ) 6-4 6-4
Output: 6-7(O) ((O) 3-7(O) )(O) 6-4(O) 6-4(O)"
6092,"['In' 'the' 'future' ',' 'the' 'accountant' 'will' 'be' 'evaluated'
 'solely' 'on' '""' 'knowledge' ',' 'skill' 'and' 'abilities' ',' '""' 'she'
 'said' '.']","['O', 'O', 'O', 'O', 'O', 'O', 'O', 'O', 'O', 'O', 'O', 'O', 'O', 'O', 'O', 'O', 'O', 'O', 'O', 'O', 'O', 'O']","In the future , the accountant will be evaluated solely on "" knowledge , skill and abilities , "" she said .","['In(O)', 'the(O)', 'future(O)', ',(O)', 'the(O)', 'accountant(O)', 'will(O)', 'be(O)', 'evaluated(O)', 'solely(O)', 'on(O)', '""(O)', 'knowledge(O)', ',(O)', 'skill(O)', 'and(O)', 'abilities(O)', ',(O)', '""(O)', 'she(O)', 'said(O)', '.(O)']","In(O) the(O) future(O) ,(O) the(O) accountant(O) will(O) be(O) evaluated(O) solely(O) on(O) ""(O) knowledge(O) ,(O) skill(O) and(O) abilities(O) ,(O) ""(O) she(O) said(O) .(O)","Input: In the future , the accountant will be evaluated solely on "" knowledge , skill and abilities , "" she said .
Output: In(O) the(O) future(O) ,(O) the(O) accountant(O) will(O) be(O) evaluated(O) solely(O) on(O) ""(O) knowledge(O) ,(O) skill(O) and(O) abilities(O) ,(O) ""(O) she(O) said(O) .(O)"
4767,['6.' 'David' 'Coulthard' '(' 'Britain' ')' '18'],"['O', 'B-PER', 'I-PER', 'O', 'B-LOC', 'O', 'O']",6. David Coulthard ( Britain ) 18,"['6.(O)', 'David(B-PER)', 'Coulthard(I-PER)', '((O)', 'Britain(B-LOC)', ')(O)', '18(O)']",6.(O) David(B-PER) Coulthard(I-PER) ((O) Britain(B-LOC) )(O) 18(O),"Input: 6. David Coulthard ( Britain ) 18
Output: 6.(O) David(B-PER) Coulthard(I-PER) ((O) Britain(B-LOC) )(O) 18(O)"
2205,"['In' 'the' 'night' ""'s"" 'only' 'other' 'match' ',' 'Hamburg' 'beat'
 'Hansa' 'Rostock' '1-0' ',' 'Karsten' 'Baeron' 'scoring' 'the' 'winner'
 'after' 'some' 'dazzling' 'build-up' 'from' 'in-form' 'midfielder'
 'Harald' 'Spoerl' '.']","['O', 'O', 'O', 'O', 'O', 'O', 'O', 'O', 'B-ORG', 'O', 'B-ORG', 'I-ORG', 'O', 'O', 'B-PER', 'I-PER', 'O', 'O', 'O', 'O', 'O', 'O', 'O', 'O', 'O', 'O', 'B-PER', 'I-PER', 'O']","In the night 's only other match , Hamburg beat Hansa Rostock 1-0 , Karsten Baeron scoring the winner after some dazzling build-up from in-form midfielder Harald Spoerl .","['In(O)', 'the(O)', 'night(O)', ""'s(O)"", 'only(O)', 'other(O)', 'match(O)', ',(O)', 'Hamburg(B-ORG)', 'beat(O)', 'Hansa(B-ORG)', 'Rostock(I-ORG)', '1-0(O)', ',(O)', 'Karsten(B-PER)', 'Baeron(I-PER)', 'scoring(O)', 'the(O)', 'winner(O)', 'after(O)', 'some(O)', 'dazzling(O)', 'build-up(O)', 'from(O)', 'in-form(O)', 'midfielder(O)', 'Harald(B-PER)', 'Spoerl(I-PER)', '.(O)']","In(O) the(O) night(O) 's(O) only(O) other(O) match(O) ,(O) Hamburg(B-ORG) beat(O) Hansa(B-ORG) Rostock(I-ORG) 1-0(O) ,(O) Karsten(B-PER) Baeron(I-PER) scoring(O) the(O) winner(O) after(O) some(O) dazzling(O) build-up(O) from(O) in-form(O) midfielder(O) Harald(B-PER) Spoerl(I-PER) .(O)","Input: In the night 's only other match , Hamburg beat Hansa Rostock 1-0 , Karsten Baeron scoring the winner after some dazzling build-up from in-form midfielder Harald Spoerl .
Output: In(O) the(O) night(O) 's(O) only(O) other(O) match(O) ,(O) Hamburg(B-ORG) beat(O) Hansa(B-ORG) Rostock(I-ORG) 1-0(O) ,(O) Karsten(B-PER) Baeron(I-PER) scoring(O) the(O) winner(O) after(O) some(O) dazzling(O) build-up(O) from(O) in-form(O) midfielder(O) Harald(B-PER) Spoerl(I-PER) .(O)"
10870,"['India' 'won' 'the' 'toss' 'and' 'elected' 'to' 'bat' 'against' 'Sri'
 'Lanka' 'in' 'the' 'second' 'day-night' 'limited' 'overs' 'cricket'
 'match' 'of' 'the' 'Singer' 'World' 'Series' 'tournament' 'on'
 'Wednesday' '.']","['B-LOC', 'O', 'O', 'O', 'O', 'O', 'O', 'O', 'O', 'B-LOC', 'I-LOC', 'O', 'O', 'O', 'O', 'O', 'O', 'O', 'O', 'O', 'O', 'B-MISC', 'I-MISC', 'I-MISC', 'O', 'O', 'O', 'O']",India won the toss and elected to bat against Sri Lanka in the second day-night limited overs cricket match of the Singer World Series tournament on Wednesday .,"['India(B-LOC)', 'won(O)', 'the(O)', 'toss(O)', 'and(O)', 'elected(O)', 'to(O)', 'bat(O)', 'against(O)', 'Sri(B-LOC)', 'Lanka(I-LOC)', 'in(O)', 'the(O)', 'second(O)', 'day-night(O)', 'limited(O)', 'overs(O)', 'cricket(O)', 'match(O)', 'of(O)', 'the(O)', 'Singer(B-MISC)', 'World(I-MISC)', 'Series(I-MISC)', 'tournament(O)', 'on(O)', 'Wednesday(O)', '.(O)']",India(B-LOC) won(O) the(O) toss(O) and(O) elected(O) to(O) bat(O) against(O) Sri(B-LOC) Lanka(I-LOC) in(O) the(O) second(O) day-night(O) limited(O) overs(O) cricket(O) match(O) of(O) the(O) Singer(B-MISC) World(I-MISC) Series(I-MISC) tournament(O) on(O) Wednesday(O) .(O),"Input: India won the toss and elected to bat against Sri Lanka in the second day-night limited overs cricket match of the Singer World Series tournament on Wednesday .
Output: India(B-LOC) won(O) the(O) toss(O) and(O) elected(O) to(O) bat(O) against(O) Sri(B-LOC) Lanka(I-LOC) in(O) the(O) second(O) day-night(O) limited(O) overs(O) cricket(O) match(O) of(O) the(O) Singer(B-MISC) World(I-MISC) Series(I-MISC) tournament(O) on(O) Wednesday(O) .(O)"
8261,['SOCCER' '-' 'ENGLISH' 'LEAGUE' 'RESULTS' '.'],"['O', 'O', 'B-MISC', 'O', 'O', 'O']",SOCCER - ENGLISH LEAGUE RESULTS .,"['SOCCER(O)', '-(O)', 'ENGLISH(B-MISC)', 'LEAGUE(O)', 'RESULTS(O)', '.(O)']",SOCCER(O) -(O) ENGLISH(B-MISC) LEAGUE(O) RESULTS(O) .(O),"Input: SOCCER - ENGLISH LEAGUE RESULTS .
Output: SOCCER(O) -(O) ENGLISH(B-MISC) LEAGUE(O) RESULTS(O) .(O)"
7457,"['Banco' 'de' 'Mexico' 'sought' 'to' 'inject' '3.412' 'billion' 'pesos'
 'in' 'the' 'secondary' 'market' 'on' 'Monday' 'through' 'three' 'credit'
 'auctions' ',' 'dealers' 'said' '.']","['B-ORG', 'I-ORG', 'I-ORG', 'O', 'O', 'O', 'O', 'O', 'O', 'O', 'O', 'O', 'O', 'O', 'O', 'O', 'O', 'O', 'O', 'O', 'O', 'O', 'O']","Banco de Mexico sought to inject 3.412 billion pesos in the secondary market on Monday through three credit auctions , dealers said .","['Banco(B-ORG)', 'de(I-ORG)', 'Mexico(I-ORG)', 'sought(O)', 'to(O)', 'inject(O)', '3.412(O)', 'billion(O)', 'pesos(O)', 'in(O)', 'the(O)', 'secondary(O)', 'market(O)', 'on(O)', 'Monday(O)', 'through(O)', 'three(O)', 'credit(O)', 'auctions(O)', ',(O)', 'dealers(O)', 'said(O)', '.(O)']","Banco(B-ORG) de(I-ORG) Mexico(I-ORG) sought(O) to(O) inject(O) 3.412(O) billion(O) pesos(O) in(O) the(O) secondary(O) market(O) on(O) Monday(O) through(O) three(O) credit(O) auctions(O) ,(O) dealers(O) said(O) .(O)","Input: Banco de Mexico sought to inject 3.412 billion pesos in the secondary market on Monday through three credit auctions , dealers said .
Output: Banco(B-ORG) de(I-ORG) Mexico(I-ORG) sought(O) to(O) inject(O) 3.412(O) billion(O) pesos(O) in(O) the(O) secondary(O) market(O) on(O) Monday(O) through(O) three(O) credit(O) auctions(O) ,(O) dealers(O) said(O) .(O)"
141,"['Both' 'Iran' 'and' 'Turkey' 'mount' 'air' 'and' 'land' 'strikes' 'at'
 'targets' 'in' 'northern' 'Iraq' 'in' 'pursuit' 'of' 'their' 'own'
 'Kurdish' 'rebels' '.']","['O', 'B-LOC', 'O', 'B-LOC', 'O', 'O', 'O', 'O', 'O', 'O', 'O', 'O', 'O', 'B-LOC', 'O', 'O', 'O', 'O', 'O', 'B-MISC', 'O', 'O']",Both Iran and Turkey mount air and land strikes at targets in northern Iraq in pursuit of their own Kurdish rebels .,"['Both(O)', 'Iran(B-LOC)', 'and(O)', 'Turkey(B-LOC)', 'mount(O)', 'air(O)', 'and(O)', 'land(O)', 'strikes(O)', 'at(O)', 'targets(O)', 'in(O)', 'northern(O)', 'Iraq(B-LOC)', 'in(O)', 'pursuit(O)', 'of(O)', 'their(O)', 'own(O)', 'Kurdish(B-MISC)', 'rebels(O)', '.(O)']",Both(O) Iran(B-LOC) and(O) Turkey(B-LOC) mount(O) air(O) and(O) land(O) strikes(O) at(O) targets(O) in(O) northern(O) Iraq(B-LOC) in(O) pursuit(O) of(O) their(O) own(O) Kurdish(B-MISC) rebels(O) .(O),"Input: Both Iran and Turkey mount air and land strikes at targets in northern Iraq in pursuit of their own Kurdish rebels .
Output: Both(O) Iran(B-LOC) and(O) Turkey(B-LOC) mount(O) air(O) and(O) land(O) strikes(O) at(O) targets(O) in(O) northern(O) Iraq(B-LOC) in(O) pursuit(O) of(O) their(O) own(O) Kurdish(B-MISC) rebels(O) .(O)"
9589,['TORONTO' '1996-08-27'],"['B-LOC', 'O']",TORONTO 1996-08-27,"['TORONTO(B-LOC)', '1996-08-27(O)']",TORONTO(B-LOC) 1996-08-27(O),"Input: TORONTO 1996-08-27
Output: TORONTO(B-LOC) 1996-08-27(O)"
2264,"['STUTTGART' ',' 'Germany' '1996-08-23']","['B-LOC', 'O', 'B-LOC', 'O']","STUTTGART , Germany 1996-08-23","['STUTTGART(B-LOC)', ',(O)', 'Germany(B-LOC)', '1996-08-23(O)']","STUTTGART(B-LOC) ,(O) Germany(B-LOC) 1996-08-23(O)","Input: STUTTGART , Germany 1996-08-23
Output: STUTTGART(B-LOC) ,(O) Germany(B-LOC) 1996-08-23(O)"
12361,['7.' 'Max' 'van' 'Heeswijk' '(' 'Netherlands' ')' 'Motorola' '28'],"['O', 'B-PER', 'I-PER', 'I-PER', 'O', 'B-LOC', 'O', 'B-ORG', 'O']",7. Max van Heeswijk ( Netherlands ) Motorola 28,"['7.(O)', 'Max(B-PER)', 'van(I-PER)', 'Heeswijk(I-PER)', '((O)', 'Netherlands(B-LOC)', ')(O)', 'Motorola(B-ORG)', '28(O)']",7.(O) Max(B-PER) van(I-PER) Heeswijk(I-PER) ((O) Netherlands(B-LOC) )(O) Motorola(B-ORG) 28(O),"Input: 7. Max van Heeswijk ( Netherlands ) Motorola 28
Output: 7.(O) Max(B-PER) van(I-PER) Heeswijk(I-PER) ((O) Netherlands(B-LOC) )(O) Motorola(B-ORG) 28(O)"
5947,"['But' 'local' 'police' ',' 'controlled' 'by' 'nationalist' 'parties' 'in'
 'Moslem' ',' 'Serb' 'and' 'Croat' 'sectors' 'of' 'Bosnia' ',' 'and'
 'civilian' 'mobs' 'have' 'turned' 'ceasefire' 'lines' 'into' 'virtually'
 'impassable' 'borders' '.']","['O', 'O', 'O', 'O', 'O', 'O', 'O', 'O', 'O', 'B-MISC', 'O', 'B-MISC', 'O', 'B-MISC', 'O', 'O', 'B-LOC', 'O', 'O', 'O', 'O', 'O', 'O', 'O', 'O', 'O', 'O', 'O', 'O', 'O']","But local police , controlled by nationalist parties in Moslem , Serb and Croat sectors of Bosnia , and civilian mobs have turned ceasefire lines into virtually impassable borders .","['But(O)', 'local(O)', 'police(O)', ',(O)', 'controlled(O)', 'by(O)', 'nationalist(O)', 'parties(O)', 'in(O)', 'Moslem(B-MISC)', ',(O)', 'Serb(B-MISC)', 'and(O)', 'Croat(B-MISC)', 'sectors(O)', 'of(O)', 'Bosnia(B-LOC)', ',(O)', 'and(O)', 'civilian(O)', 'mobs(O)', 'have(O)', 'turned(O)', 'ceasefire(O)', 'lines(O)', 'into(O)', 'virtually(O)', 'impassable(O)', 'borders(O)', '.(O)']","But(O) local(O) police(O) ,(O) controlled(O) by(O) nationalist(O) parties(O) in(O) Moslem(B-MISC) ,(O) Serb(B-MISC) and(O) Croat(B-MISC) sectors(O) of(O) Bosnia(B-LOC) ,(O) and(O) civilian(O) mobs(O) have(O) turned(O) ceasefire(O) lines(O) into(O) virtually(O) impassable(O) borders(O) .(O)","Input: But local police , controlled by nationalist parties in Moslem , Serb and Croat sectors of Bosnia , and civilian mobs have turned ceasefire lines into virtually impassable borders .
Output: But(O) local(O) police(O) ,(O) controlled(O) by(O) nationalist(O) parties(O) in(O) Moslem(B-MISC) ,(O) Serb(B-MISC) and(O) Croat(B-MISC) sectors(O) of(O) Bosnia(B-LOC) ,(O) and(O) civilian(O) mobs(O) have(O) turned(O) ceasefire(O) lines(O) into(O) virtually(O) impassable(O) borders(O) .(O)"
11781,['--' 'The' 'stock' 'was' 'up' '3/4' 'at' '35-7/8' '.'],"['O', 'O', 'O', 'O', 'O', 'O', 'O', 'O', 'O']",-- The stock was up 3/4 at 35-7/8 .,"['--(O)', 'The(O)', 'stock(O)', 'was(O)', 'up(O)', '3/4(O)', 'at(O)', '35-7/8(O)', '.(O)']",--(O) The(O) stock(O) was(O) up(O) 3/4(O) at(O) 35-7/8(O) .(O),"Input: -- The stock was up 3/4 at 35-7/8 .
Output: --(O) The(O) stock(O) was(O) up(O) 3/4(O) at(O) 35-7/8(O) .(O)"
13210,['THE' 'NATION'],"['B-ORG', 'I-ORG']",THE NATION,"['THE(B-ORG)', 'NATION(I-ORG)']",THE(B-ORG) NATION(I-ORG),"Input: THE NATION
Output: THE(B-ORG) NATION(I-ORG)"
419,['S.' 'Campbell' '69' ';' 'G.' 'Rose' '7-73' ')' '.'],"['B-PER', 'I-PER', 'O', 'O', 'B-PER', 'I-PER', 'O', 'O', 'O']",S. Campbell 69 ; G. Rose 7-73 ) .,"['S.(B-PER)', 'Campbell(I-PER)', '69(O)', ';(O)', 'G.(B-PER)', 'Rose(I-PER)', '7-73(O)', ')(O)', '.(O)']",S.(B-PER) Campbell(I-PER) 69(O) ;(O) G.(B-PER) Rose(I-PER) 7-73(O) )(O) .(O),"Input: S. Campbell 69 ; G. Rose 7-73 ) .
Output: S.(B-PER) Campbell(I-PER) 69(O) ;(O) G.(B-PER) Rose(I-PER) 7-73(O) )(O) .(O)"
243,['Gateway' 'Data' 'Sciences' 'Q2' 'net' 'rises' '.'],"['B-ORG', 'I-ORG', 'I-ORG', 'O', 'O', 'O', 'O']",Gateway Data Sciences Q2 net rises .,"['Gateway(B-ORG)', 'Data(I-ORG)', 'Sciences(I-ORG)', 'Q2(O)', 'net(O)', 'rises(O)', '.(O)']",Gateway(B-ORG) Data(I-ORG) Sciences(I-ORG) Q2(O) net(O) rises(O) .(O),"Input: Gateway Data Sciences Q2 net rises .
Output: Gateway(B-ORG) Data(I-ORG) Sciences(I-ORG) Q2(O) net(O) rises(O) .(O)"
4643,"['7.' 'Jean-Marc' 'Gounon' '(' 'France' ')' '/' 'Eric' 'Bernard' '('
 'France' ')' '/' 'Paul']","['O', 'B-PER', 'I-PER', 'O', 'B-LOC', 'O', 'O', 'B-PER', 'I-PER', 'O', 'B-LOC', 'O', 'O', 'B-PER']",7. Jean-Marc Gounon ( France ) / Eric Bernard ( France ) / Paul,"['7.(O)', 'Jean-Marc(B-PER)', 'Gounon(I-PER)', '((O)', 'France(B-LOC)', ')(O)', '/(O)', 'Eric(B-PER)', 'Bernard(I-PER)', '((O)', 'France(B-LOC)', ')(O)', '/(O)', 'Paul(B-PER)']",7.(O) Jean-Marc(B-PER) Gounon(I-PER) ((O) France(B-LOC) )(O) /(O) Eric(B-PER) Bernard(I-PER) ((O) France(B-LOC) )(O) /(O) Paul(B-PER),"Input: 7. Jean-Marc Gounon ( France ) / Eric Bernard ( France ) / Paul
Output: 7.(O) Jean-Marc(B-PER) Gounon(I-PER) ((O) France(B-LOC) )(O) /(O) Eric(B-PER) Bernard(I-PER) ((O) France(B-LOC) )(O) /(O) Paul(B-PER)"
6232,"['The' 'rand' 'was' 'last' 'bid' 'at' '4.5350' 'against' 'the' 'dollar'
 '.']","['O', 'O', 'O', 'O', 'O', 'O', 'O', 'O', 'O', 'O', 'O']",The rand was last bid at 4.5350 against the dollar .,"['The(O)', 'rand(O)', 'was(O)', 'last(O)', 'bid(O)', 'at(O)', '4.5350(O)', 'against(O)', 'the(O)', 'dollar(O)', '.(O)']",The(O) rand(O) was(O) last(O) bid(O) at(O) 4.5350(O) against(O) the(O) dollar(O) .(O),"Input: The rand was last bid at 4.5350 against the dollar .
Output: The(O) rand(O) was(O) last(O) bid(O) at(O) 4.5350(O) against(O) the(O) dollar(O) .(O)"
9498,"['Nepal' ""'s"" 'centre-right' 'coalition' 'government' 'has' 'offered' 'to'
 'meet' 'the' 'country' ""'s"" 'hardline' 'Maoist' 'communists' 'for'
 'talks' 'in' 'a' 'bid' 'to' 'end' 'an' 'insurgency' 'in' 'Nepal' ""'s""
 'western' 'districts' ',' 'officials' 'said' 'on' 'Tuesday' '.']","['B-LOC', 'O', 'O', 'O', 'O', 'O', 'O', 'O', 'O', 'O', 'O', 'O', 'O', 'B-MISC', 'O', 'O', 'O', 'O', 'O', 'O', 'O', 'O', 'O', 'O', 'O', 'B-LOC', 'O', 'O', 'O', 'O', 'O', 'O', 'O', 'O', 'O']","Nepal 's centre-right coalition government has offered to meet the country 's hardline Maoist communists for talks in a bid to end an insurgency in Nepal 's western districts , officials said on Tuesday .","['Nepal(B-LOC)', ""'s(O)"", 'centre-right(O)', 'coalition(O)', 'government(O)', 'has(O)', 'offered(O)', 'to(O)', 'meet(O)', 'the(O)', 'country(O)', ""'s(O)"", 'hardline(O)', 'Maoist(B-MISC)', 'communists(O)', 'for(O)', 'talks(O)', 'in(O)', 'a(O)', 'bid(O)', 'to(O)', 'end(O)', 'an(O)', 'insurgency(O)', 'in(O)', 'Nepal(B-LOC)', ""'s(O)"", 'western(O)', 'districts(O)', ',(O)', 'officials(O)', 'said(O)', 'on(O)', 'Tuesday(O)', '.(O)']","Nepal(B-LOC) 's(O) centre-right(O) coalition(O) government(O) has(O) offered(O) to(O) meet(O) the(O) country(O) 's(O) hardline(O) Maoist(B-MISC) communists(O) for(O) talks(O) in(O) a(O) bid(O) to(O) end(O) an(O) insurgency(O) in(O) Nepal(B-LOC) 's(O) western(O) districts(O) ,(O) officials(O) said(O) on(O) Tuesday(O) .(O)","Input: Nepal 's centre-right coalition government has offered to meet the country 's hardline Maoist communists for talks in a bid to end an insurgency in Nepal 's western districts , officials said on Tuesday .
Output: Nepal(B-LOC) 's(O) centre-right(O) coalition(O) government(O) has(O) offered(O) to(O) meet(O) the(O) country(O) 's(O) hardline(O) Maoist(B-MISC) communists(O) for(O) talks(O) in(O) a(O) bid(O) to(O) end(O) an(O) insurgency(O) in(O) Nepal(B-LOC) 's(O) western(O) districts(O) ,(O) officials(O) said(O) on(O) Tuesday(O) .(O)"
5741,['0.' 'Halftime' '0-0' '.'],"['O', 'O', 'O', 'O']",0. Halftime 0-0 .,"['0.(O)', 'Halftime(O)', '0-0(O)', '.(O)']",0.(O) Halftime(O) 0-0(O) .(O),"Input: 0. Halftime 0-0 .
Output: 0.(O) Halftime(O) 0-0(O) .(O)"
7545,"['A' 'Sudan' 'Airways' 'plane' 'with' '199' 'passengers' 'and' 'crew'
 'which' 'was' 'hijacked' 'to' 'Cyprus' 'took' 'off' 'from' 'Larnaca'
 'airport' 'after' 'refuelling' 'and' 'headed' 'to' 'Britain' 'early' 'on'
 'Tuesday' ',' 'witnesses' 'said' '.']","['O', 'B-ORG', 'I-ORG', 'O', 'O', 'O', 'O', 'O', 'O', 'O', 'O', 'O', 'O', 'B-LOC', 'O', 'O', 'O', 'B-LOC', 'O', 'O', 'O', 'O', 'O', 'O', 'B-LOC', 'O', 'O', 'O', 'O', 'O', 'O', 'O']","A Sudan Airways plane with 199 passengers and crew which was hijacked to Cyprus took off from Larnaca airport after refuelling and headed to Britain early on Tuesday , witnesses said .","['A(O)', 'Sudan(B-ORG)', 'Airways(I-ORG)', 'plane(O)', 'with(O)', '199(O)', 'passengers(O)', 'and(O)', 'crew(O)', 'which(O)', 'was(O)', 'hijacked(O)', 'to(O)', 'Cyprus(B-LOC)', 'took(O)', 'off(O)', 'from(O)', 'Larnaca(B-LOC)', 'airport(O)', 'after(O)', 'refuelling(O)', 'and(O)', 'headed(O)', 'to(O)', 'Britain(B-LOC)', 'early(O)', 'on(O)', 'Tuesday(O)', ',(O)', 'witnesses(O)', 'said(O)', '.(O)']","A(O) Sudan(B-ORG) Airways(I-ORG) plane(O) with(O) 199(O) passengers(O) and(O) crew(O) which(O) was(O) hijacked(O) to(O) Cyprus(B-LOC) took(O) off(O) from(O) Larnaca(B-LOC) airport(O) after(O) refuelling(O) and(O) headed(O) to(O) Britain(B-LOC) early(O) on(O) Tuesday(O) ,(O) witnesses(O) said(O) .(O)","Input: A Sudan Airways plane with 199 passengers and crew which was hijacked to Cyprus took off from Larnaca airport after refuelling and headed to Britain early on Tuesday , witnesses said .
Output: A(O) Sudan(B-ORG) Airways(I-ORG) plane(O) with(O) 199(O) passengers(O) and(O) crew(O) which(O) was(O) hijacked(O) to(O) Cyprus(B-LOC) took(O) off(O) from(O) Larnaca(B-LOC) airport(O) after(O) refuelling(O) and(O) headed(O) to(O) Britain(B-LOC) early(O) on(O) Tuesday(O) ,(O) witnesses(O) said(O) .(O)"
482,"['Daniel' 'Nestor' '(' 'Canada' ')' 'beat' '1' '-' 'Thomas' 'Muster' '('
 'Austria' ')' '6-3' '7-5']","['B-PER', 'I-PER', 'O', 'B-LOC', 'O', 'O', 'O', 'O', 'B-PER', 'I-PER', 'O', 'B-LOC', 'O', 'O', 'O']",Daniel Nestor ( Canada ) beat 1 - Thomas Muster ( Austria ) 6-3 7-5,"['Daniel(B-PER)', 'Nestor(I-PER)', '((O)', 'Canada(B-LOC)', ')(O)', 'beat(O)', '1(O)', '-(O)', 'Thomas(B-PER)', 'Muster(I-PER)', '((O)', 'Austria(B-LOC)', ')(O)', '6-3(O)', '7-5(O)']",Daniel(B-PER) Nestor(I-PER) ((O) Canada(B-LOC) )(O) beat(O) 1(O) -(O) Thomas(B-PER) Muster(I-PER) ((O) Austria(B-LOC) )(O) 6-3(O) 7-5(O),"Input: Daniel Nestor ( Canada ) beat 1 - Thomas Muster ( Austria ) 6-3 7-5
Output: Daniel(B-PER) Nestor(I-PER) ((O) Canada(B-LOC) )(O) beat(O) 1(O) -(O) Thomas(B-PER) Muster(I-PER) ((O) Austria(B-LOC) )(O) 6-3(O) 7-5(O)"
10417,['Netherlands' ')' '6-2' '6-1'],"['B-LOC', 'O', 'O', 'O']",Netherlands ) 6-2 6-1,"['Netherlands(B-LOC)', ')(O)', '6-2(O)', '6-1(O)']",Netherlands(B-LOC) )(O) 6-2(O) 6-1(O),"Input: Netherlands ) 6-2 6-1
Output: Netherlands(B-LOC) )(O) 6-2(O) 6-1(O)"
4458,"['The' 'fledgling' 'company' ',' 'established' 'in' 'a' 'ground-floor'
 'office' 'here' 'over' 'the' 'last' 'two' 'weeks' ',' 'has' 'received'
 'venture' 'financing' 'from' 'Bessemer' 'Venture' 'Partners' 'of' 'Menlo'
 'Park' ',' 'Calif' '..']","['O', 'O', 'O', 'O', 'O', 'O', 'O', 'O', 'O', 'O', 'O', 'O', 'O', 'O', 'O', 'O', 'O', 'O', 'O', 'O', 'O', 'B-ORG', 'I-ORG', 'I-ORG', 'O', 'B-LOC', 'I-LOC', 'O', 'B-LOC', 'O']","The fledgling company , established in a ground-floor office here over the last two weeks , has received venture financing from Bessemer Venture Partners of Menlo Park , Calif ..","['The(O)', 'fledgling(O)', 'company(O)', ',(O)', 'established(O)', 'in(O)', 'a(O)', 'ground-floor(O)', 'office(O)', 'here(O)', 'over(O)', 'the(O)', 'last(O)', 'two(O)', 'weeks(O)', ',(O)', 'has(O)', 'received(O)', 'venture(O)', 'financing(O)', 'from(O)', 'Bessemer(B-ORG)', 'Venture(I-ORG)', 'Partners(I-ORG)', 'of(O)', 'Menlo(B-LOC)', 'Park(I-LOC)', ',(O)', 'Calif(B-LOC)', '..(O)']","The(O) fledgling(O) company(O) ,(O) established(O) in(O) a(O) ground-floor(O) office(O) here(O) over(O) the(O) last(O) two(O) weeks(O) ,(O) has(O) received(O) venture(O) financing(O) from(O) Bessemer(B-ORG) Venture(I-ORG) Partners(I-ORG) of(O) Menlo(B-LOC) Park(I-LOC) ,(O) Calif(B-LOC) ..(O)","Input: The fledgling company , established in a ground-floor office here over the last two weeks , has received venture financing from Bessemer Venture Partners of Menlo Park , Calif ..
Output: The(O) fledgling(O) company(O) ,(O) established(O) in(O) a(O) ground-floor(O) office(O) here(O) over(O) the(O) last(O) two(O) weeks(O) ,(O) has(O) received(O) venture(O) financing(O) from(O) Bessemer(B-ORG) Venture(I-ORG) Partners(I-ORG) of(O) Menlo(B-LOC) Park(I-LOC) ,(O) Calif(B-LOC) ..(O)"
7236,['Result' ':' 'Australia' 'won' 'by' '125' 'runs' '.'],"['O', 'O', 'B-LOC', 'O', 'O', 'O', 'O', 'O']",Result : Australia won by 125 runs .,"['Result(O)', ':(O)', 'Australia(B-LOC)', 'won(O)', 'by(O)', '125(O)', 'runs(O)', '.(O)']",Result(O) :(O) Australia(B-LOC) won(O) by(O) 125(O) runs(O) .(O),"Input: Result : Australia won by 125 runs .
Output: Result(O) :(O) Australia(B-LOC) won(O) by(O) 125(O) runs(O) .(O)"
10454,['BOSTON' 'AT' 'CALIFORNIA'],"['B-ORG', 'O', 'B-LOC']",BOSTON AT CALIFORNIA,"['BOSTON(B-ORG)', 'AT(O)', 'CALIFORNIA(B-LOC)']",BOSTON(B-ORG) AT(O) CALIFORNIA(B-LOC),"Input: BOSTON AT CALIFORNIA
Output: BOSTON(B-ORG) AT(O) CALIFORNIA(B-LOC)"
2424,['2.' 'Maria' 'Mutola' '(' 'Mozambique' ')' '2:29.66'],"['O', 'B-PER', 'I-PER', 'O', 'B-LOC', 'O', 'O']",2. Maria Mutola ( Mozambique ) 2:29.66,"['2.(O)', 'Maria(B-PER)', 'Mutola(I-PER)', '((O)', 'Mozambique(B-LOC)', ')(O)', '2:29.66(O)']",2.(O) Maria(B-PER) Mutola(I-PER) ((O) Mozambique(B-LOC) )(O) 2:29.66(O),"Input: 2. Maria Mutola ( Mozambique ) 2:29.66
Output: 2.(O) Maria(B-PER) Mutola(I-PER) ((O) Mozambique(B-LOC) )(O) 2:29.66(O)"
11555,"['--' 'Zurich' 'Editorial' ',' '+41' '1' '631' '7340']","['O', 'B-ORG', 'I-ORG', 'O', 'O', 'O', 'O', 'O']","-- Zurich Editorial , +41 1 631 7340","['--(O)', 'Zurich(B-ORG)', 'Editorial(I-ORG)', ',(O)', '+41(O)', '1(O)', '631(O)', '7340(O)']","--(O) Zurich(B-ORG) Editorial(I-ORG) ,(O) +41(O) 1(O) 631(O) 7340(O)","Input: -- Zurich Editorial , +41 1 631 7340
Output: --(O) Zurich(B-ORG) Editorial(I-ORG) ,(O) +41(O) 1(O) 631(O) 7340(O)"
7595,"['and' 'East' 'coast' ',' 'delivered' 'to' 'consumer' '65-66' 'cents' '/'
 'pound']","['O', 'B-LOC', 'I-LOC', 'O', 'O', 'O', 'O', 'O', 'O', 'O', 'O']","and East coast , delivered to consumer 65-66 cents / pound","['and(O)', 'East(B-LOC)', 'coast(I-LOC)', ',(O)', 'delivered(O)', 'to(O)', 'consumer(O)', '65-66(O)', 'cents(O)', '/(O)', 'pound(O)']","and(O) East(B-LOC) coast(I-LOC) ,(O) delivered(O) to(O) consumer(O) 65-66(O) cents(O) /(O) pound(O)","Input: and East coast , delivered to consumer 65-66 cents / pound
Output: and(O) East(B-LOC) coast(I-LOC) ,(O) delivered(O) to(O) consumer(O) 65-66(O) cents(O) /(O) pound(O)"
3390,"['Kankkunen' 'has' 'set' 'an' 'astonishing' 'pace' 'for' 'a' 'driver'
 'who' 'has' 'not' 'rallied' 'for' 'three' 'months' '.']","['B-PER', 'O', 'O', 'O', 'O', 'O', 'O', 'O', 'O', 'O', 'O', 'O', 'O', 'O', 'O', 'O', 'O']",Kankkunen has set an astonishing pace for a driver who has not rallied for three months .,"['Kankkunen(B-PER)', 'has(O)', 'set(O)', 'an(O)', 'astonishing(O)', 'pace(O)', 'for(O)', 'a(O)', 'driver(O)', 'who(O)', 'has(O)', 'not(O)', 'rallied(O)', 'for(O)', 'three(O)', 'months(O)', '.(O)']",Kankkunen(B-PER) has(O) set(O) an(O) astonishing(O) pace(O) for(O) a(O) driver(O) who(O) has(O) not(O) rallied(O) for(O) three(O) months(O) .(O),"Input: Kankkunen has set an astonishing pace for a driver who has not rallied for three months .
Output: Kankkunen(B-PER) has(O) set(O) an(O) astonishing(O) pace(O) for(O) a(O) driver(O) who(O) has(O) not(O) rallied(O) for(O) three(O) months(O) .(O)"
7857,"['Asked' 'if' 'Chelsea' 'would' 'have' 'a' 'prominent' 'role' 'in' 'the'
 'campaign' ',' 'White' 'House' 'spokesman' 'Mike' 'McCurry' 'said' ':'
 '""' 'She' ""'ll"" 'do' 'what' 'she' 'did' 'today' 'when' 'she' 'can' '.']","['O', 'O', 'B-PER', 'O', 'O', 'O', 'O', 'O', 'O', 'O', 'O', 'O', 'B-LOC', 'I-LOC', 'O', 'B-PER', 'I-PER', 'O', 'O', 'O', 'O', 'O', 'O', 'O', 'O', 'O', 'O', 'O', 'O', 'O', 'O']","Asked if Chelsea would have a prominent role in the campaign , White House spokesman Mike McCurry said : "" She 'll do what she did today when she can .","['Asked(O)', 'if(O)', 'Chelsea(B-PER)', 'would(O)', 'have(O)', 'a(O)', 'prominent(O)', 'role(O)', 'in(O)', 'the(O)', 'campaign(O)', ',(O)', 'White(B-LOC)', 'House(I-LOC)', 'spokesman(O)', 'Mike(B-PER)', 'McCurry(I-PER)', 'said(O)', ':(O)', '""(O)', 'She(O)', ""'ll(O)"", 'do(O)', 'what(O)', 'she(O)', 'did(O)', 'today(O)', 'when(O)', 'she(O)', 'can(O)', '.(O)']","Asked(O) if(O) Chelsea(B-PER) would(O) have(O) a(O) prominent(O) role(O) in(O) the(O) campaign(O) ,(O) White(B-LOC) House(I-LOC) spokesman(O) Mike(B-PER) McCurry(I-PER) said(O) :(O) ""(O) She(O) 'll(O) do(O) what(O) she(O) did(O) today(O) when(O) she(O) can(O) .(O)","Input: Asked if Chelsea would have a prominent role in the campaign , White House spokesman Mike McCurry said : "" She 'll do what she did today when she can .
Output: Asked(O) if(O) Chelsea(B-PER) would(O) have(O) a(O) prominent(O) role(O) in(O) the(O) campaign(O) ,(O) White(B-LOC) House(I-LOC) spokesman(O) Mike(B-PER) McCurry(I-PER) said(O) :(O) ""(O) She(O) 'll(O) do(O) what(O) she(O) did(O) today(O) when(O) she(O) can(O) .(O)"
2131,['BASEBALL' '-' 'MAJOR' 'LEAGUE' 'RESULTS' 'THURSDAY' '.'],"['O', 'O', 'B-MISC', 'I-MISC', 'O', 'O', 'O']",BASEBALL - MAJOR LEAGUE RESULTS THURSDAY .,"['BASEBALL(O)', '-(O)', 'MAJOR(B-MISC)', 'LEAGUE(I-MISC)', 'RESULTS(O)', 'THURSDAY(O)', '.(O)']",BASEBALL(O) -(O) MAJOR(B-MISC) LEAGUE(I-MISC) RESULTS(O) THURSDAY(O) .(O),"Input: BASEBALL - MAJOR LEAGUE RESULTS THURSDAY .
Output: BASEBALL(O) -(O) MAJOR(B-MISC) LEAGUE(I-MISC) RESULTS(O) THURSDAY(O) .(O)"
1119,"['Second-ranked' 'Austrian' 'Thomas' 'Muster' ',' 'who' 'was' 'seeded'
 'third' ',' 'did' 'not' 'have' 'the' 'luck' 'of' 'the' 'draw' 'with'
 'him' '.']","['O', 'B-MISC', 'B-PER', 'I-PER', 'O', 'O', 'O', 'O', 'O', 'O', 'O', 'O', 'O', 'O', 'O', 'O', 'O', 'O', 'O', 'O', 'O']","Second-ranked Austrian Thomas Muster , who was seeded third , did not have the luck of the draw with him .","['Second-ranked(O)', 'Austrian(B-MISC)', 'Thomas(B-PER)', 'Muster(I-PER)', ',(O)', 'who(O)', 'was(O)', 'seeded(O)', 'third(O)', ',(O)', 'did(O)', 'not(O)', 'have(O)', 'the(O)', 'luck(O)', 'of(O)', 'the(O)', 'draw(O)', 'with(O)', 'him(O)', '.(O)']","Second-ranked(O) Austrian(B-MISC) Thomas(B-PER) Muster(I-PER) ,(O) who(O) was(O) seeded(O) third(O) ,(O) did(O) not(O) have(O) the(O) luck(O) of(O) the(O) draw(O) with(O) him(O) .(O)","Input: Second-ranked Austrian Thomas Muster , who was seeded third , did not have the luck of the draw with him .
Output: Second-ranked(O) Austrian(B-MISC) Thomas(B-PER) Muster(I-PER) ,(O) who(O) was(O) seeded(O) third(O) ,(O) did(O) not(O) have(O) the(O) luck(O) of(O) the(O) draw(O) with(O) him(O) .(O)"
13754,['SEOUL' '1996-08-29'],"['B-LOC', 'O']",SEOUL 1996-08-29,"['SEOUL(B-LOC)', '1996-08-29(O)']",SEOUL(B-LOC) 1996-08-29(O),"Input: SEOUL 1996-08-29
Output: SEOUL(B-LOC) 1996-08-29(O)"
11846,['First' '24' 'weeks' '1996'],"['O', 'O', 'O', 'O']",First 24 weeks 1996,"['First(O)', '24(O)', 'weeks(O)', '1996(O)']",First(O) 24(O) weeks(O) 1996(O),"Input: First 24 weeks 1996
Output: First(O) 24(O) weeks(O) 1996(O)"
7186,['GAK' '6' '1' '3' '2' '8' '10' '6'],"['B-ORG', 'O', 'O', 'O', 'O', 'O', 'O', 'O']",GAK 6 1 3 2 8 10 6,"['GAK(B-ORG)', '6(O)', '1(O)', '3(O)', '2(O)', '8(O)', '10(O)', '6(O)']",GAK(B-ORG) 6(O) 1(O) 3(O) 2(O) 8(O) 10(O) 6(O),"Input: GAK 6 1 3 2 8 10 6
Output: GAK(B-ORG) 6(O) 1(O) 3(O) 2(O) 8(O) 10(O) 6(O)"
3613,['Raith' '0' 'Motherwell' '3'],"['B-ORG', 'O', 'B-ORG', 'O']",Raith 0 Motherwell 3,"['Raith(B-ORG)', '0(O)', 'Motherwell(B-ORG)', '3(O)']",Raith(B-ORG) 0(O) Motherwell(B-ORG) 3(O),"Input: Raith 0 Motherwell 3
Output: Raith(B-ORG) 0(O) Motherwell(B-ORG) 3(O)"
1168,['Anyang' '0' '2' '0' '5' '5' '2'],"['B-ORG', 'O', 'O', 'O', 'O', 'O', 'O']",Anyang 0 2 0 5 5 2,"['Anyang(B-ORG)', '0(O)', '2(O)', '0(O)', '5(O)', '5(O)', '2(O)']",Anyang(B-ORG) 0(O) 2(O) 0(O) 5(O) 5(O) 2(O),"Input: Anyang 0 2 0 5 5 2
Output: Anyang(B-ORG) 0(O) 2(O) 0(O) 5(O) 5(O) 2(O)"
11334,"['The' 'council' 'was' 'meeting' 'in' 'Ramallah' 'to' 'discuss' 'Israel'
 ""'s"" 'new' 'policy' 'of' 'Jewish' 'settlement' 'expansion' 'and' 'its'
 'uncompromising' 'line' 'on' 'Jerusalem' 'since' 'Prime' 'Minister'
 'Benjamin' 'Netanyahu' 'took' 'office' 'in' 'June' '.']","['O', 'O', 'O', 'O', 'O', 'B-LOC', 'O', 'O', 'B-LOC', 'O', 'O', 'O', 'O', 'B-MISC', 'O', 'O', 'O', 'O', 'O', 'O', 'O', 'B-LOC', 'O', 'O', 'O', 'B-PER', 'I-PER', 'O', 'O', 'O', 'O', 'O']",The council was meeting in Ramallah to discuss Israel 's new policy of Jewish settlement expansion and its uncompromising line on Jerusalem since Prime Minister Benjamin Netanyahu took office in June .,"['The(O)', 'council(O)', 'was(O)', 'meeting(O)', 'in(O)', 'Ramallah(B-LOC)', 'to(O)', 'discuss(O)', 'Israel(B-LOC)', ""'s(O)"", 'new(O)', 'policy(O)', 'of(O)', 'Jewish(B-MISC)', 'settlement(O)', 'expansion(O)', 'and(O)', 'its(O)', 'uncompromising(O)', 'line(O)', 'on(O)', 'Jerusalem(B-LOC)', 'since(O)', 'Prime(O)', 'Minister(O)', 'Benjamin(B-PER)', 'Netanyahu(I-PER)', 'took(O)', 'office(O)', 'in(O)', 'June(O)', '.(O)']",The(O) council(O) was(O) meeting(O) in(O) Ramallah(B-LOC) to(O) discuss(O) Israel(B-LOC) 's(O) new(O) policy(O) of(O) Jewish(B-MISC) settlement(O) expansion(O) and(O) its(O) uncompromising(O) line(O) on(O) Jerusalem(B-LOC) since(O) Prime(O) Minister(O) Benjamin(B-PER) Netanyahu(I-PER) took(O) office(O) in(O) June(O) .(O),"Input: The council was meeting in Ramallah to discuss Israel 's new policy of Jewish settlement expansion and its uncompromising line on Jerusalem since Prime Minister Benjamin Netanyahu took office in June .
Output: The(O) council(O) was(O) meeting(O) in(O) Ramallah(B-LOC) to(O) discuss(O) Israel(B-LOC) 's(O) new(O) policy(O) of(O) Jewish(B-MISC) settlement(O) expansion(O) and(O) its(O) uncompromising(O) line(O) on(O) Jerusalem(B-LOC) since(O) Prime(O) Minister(O) Benjamin(B-PER) Netanyahu(I-PER) took(O) office(O) in(O) June(O) .(O)"
10402,"['Helena' 'Sukova' '(' 'Czech' 'Republic' ')' 'beat' 'Paola' 'Suarez' '('
 'Argentina' ')' '6-' '4' '7-6' '(' '7-2' ')']","['B-PER', 'I-PER', 'O', 'B-LOC', 'I-LOC', 'O', 'O', 'B-PER', 'I-PER', 'O', 'B-LOC', 'O', 'O', 'O', 'O', 'O', 'O', 'O']",Helena Sukova ( Czech Republic ) beat Paola Suarez ( Argentina ) 6- 4 7-6 ( 7-2 ),"['Helena(B-PER)', 'Sukova(I-PER)', '((O)', 'Czech(B-LOC)', 'Republic(I-LOC)', ')(O)', 'beat(O)', 'Paola(B-PER)', 'Suarez(I-PER)', '((O)', 'Argentina(B-LOC)', ')(O)', '6-(O)', '4(O)', '7-6(O)', '((O)', '7-2(O)', ')(O)']",Helena(B-PER) Sukova(I-PER) ((O) Czech(B-LOC) Republic(I-LOC) )(O) beat(O) Paola(B-PER) Suarez(I-PER) ((O) Argentina(B-LOC) )(O) 6-(O) 4(O) 7-6(O) ((O) 7-2(O) )(O),"Input: Helena Sukova ( Czech Republic ) beat Paola Suarez ( Argentina ) 6- 4 7-6 ( 7-2 )
Output: Helena(B-PER) Sukova(I-PER) ((O) Czech(B-LOC) Republic(I-LOC) )(O) beat(O) Paola(B-PER) Suarez(I-PER) ((O) Argentina(B-LOC) )(O) 6-(O) 4(O) 7-6(O) ((O) 7-2(O) )(O)"
215,['The' 'three' 'main' 'lists' 'have' 'been' 'prepared' '.'],"['O', 'O', 'O', 'O', 'O', 'O', 'O', 'O']",The three main lists have been prepared .,"['The(O)', 'three(O)', 'main(O)', 'lists(O)', 'have(O)', 'been(O)', 'prepared(O)', '.(O)']",The(O) three(O) main(O) lists(O) have(O) been(O) prepared(O) .(O),"Input: The three main lists have been prepared .
Output: The(O) three(O) main(O) lists(O) have(O) been(O) prepared(O) .(O)"
7074,"['He' 'added' 'a' 'three-run' 'homer' 'in' 'the' 'eighth' 'off' 'John'
 'Ericks' 'to' 'make' 'it' '13-8' '.']","['O', 'O', 'O', 'O', 'O', 'O', 'O', 'O', 'O', 'B-PER', 'I-PER', 'O', 'O', 'O', 'O', 'O']",He added a three-run homer in the eighth off John Ericks to make it 13-8 .,"['He(O)', 'added(O)', 'a(O)', 'three-run(O)', 'homer(O)', 'in(O)', 'the(O)', 'eighth(O)', 'off(O)', 'John(B-PER)', 'Ericks(I-PER)', 'to(O)', 'make(O)', 'it(O)', '13-8(O)', '.(O)']",He(O) added(O) a(O) three-run(O) homer(O) in(O) the(O) eighth(O) off(O) John(B-PER) Ericks(I-PER) to(O) make(O) it(O) 13-8(O) .(O),"Input: He added a three-run homer in the eighth off John Ericks to make it 13-8 .
Output: He(O) added(O) a(O) three-run(O) homer(O) in(O) the(O) eighth(O) off(O) John(B-PER) Ericks(I-PER) to(O) make(O) it(O) 13-8(O) .(O)"
3352,"['-' 'Talks' 'will' 'resume' 'next' 'Tuesday' 'in' 'an' 'attempt' 'to'
 'avoid' 'a' 'major' 'strike' 'in' 'Irish' 'retail' 'chain' 'Dunnes'
 'Stores' '.']","['O', 'O', 'O', 'O', 'O', 'O', 'O', 'O', 'O', 'O', 'O', 'O', 'O', 'O', 'O', 'B-MISC', 'O', 'O', 'B-ORG', 'I-ORG', 'O']",- Talks will resume next Tuesday in an attempt to avoid a major strike in Irish retail chain Dunnes Stores .,"['-(O)', 'Talks(O)', 'will(O)', 'resume(O)', 'next(O)', 'Tuesday(O)', 'in(O)', 'an(O)', 'attempt(O)', 'to(O)', 'avoid(O)', 'a(O)', 'major(O)', 'strike(O)', 'in(O)', 'Irish(B-MISC)', 'retail(O)', 'chain(O)', 'Dunnes(B-ORG)', 'Stores(I-ORG)', '.(O)']",-(O) Talks(O) will(O) resume(O) next(O) Tuesday(O) in(O) an(O) attempt(O) to(O) avoid(O) a(O) major(O) strike(O) in(O) Irish(B-MISC) retail(O) chain(O) Dunnes(B-ORG) Stores(I-ORG) .(O),"Input: - Talks will resume next Tuesday in an attempt to avoid a major strike in Irish retail chain Dunnes Stores .
Output: -(O) Talks(O) will(O) resume(O) next(O) Tuesday(O) in(O) an(O) attempt(O) to(O) avoid(O) a(O) major(O) strike(O) in(O) Irish(B-MISC) retail(O) chain(O) Dunnes(B-ORG) Stores(I-ORG) .(O)"
6189,"['""' 'They' 'did' 'a' 'good' 'job' 'this' 'year' ',' 'but' 'they' 'need'
 'good' 'diesel' 'and' 'good' 'engine' 'oil' ',' '""' 'said' 'Ivan'
 'Odnosum' '.' '""']","['O', 'O', 'O', 'O', 'O', 'O', 'O', 'O', 'O', 'O', 'O', 'O', 'O', 'O', 'O', 'O', 'O', 'O', 'O', 'O', 'O', 'B-PER', 'I-PER', 'O', 'O']",""" They did a good job this year , but they need good diesel and good engine oil , "" said Ivan Odnosum . ""","['""(O)', 'They(O)', 'did(O)', 'a(O)', 'good(O)', 'job(O)', 'this(O)', 'year(O)', ',(O)', 'but(O)', 'they(O)', 'need(O)', 'good(O)', 'diesel(O)', 'and(O)', 'good(O)', 'engine(O)', 'oil(O)', ',(O)', '""(O)', 'said(O)', 'Ivan(B-PER)', 'Odnosum(I-PER)', '.(O)', '""(O)']","""(O) They(O) did(O) a(O) good(O) job(O) this(O) year(O) ,(O) but(O) they(O) need(O) good(O) diesel(O) and(O) good(O) engine(O) oil(O) ,(O) ""(O) said(O) Ivan(B-PER) Odnosum(I-PER) .(O) ""(O)","Input: "" They did a good job this year , but they need good diesel and good engine oil , "" said Ivan Odnosum . ""
Output: ""(O) They(O) did(O) a(O) good(O) job(O) this(O) year(O) ,(O) but(O) they(O) need(O) good(O) diesel(O) and(O) good(O) engine(O) oil(O) ,(O) ""(O) said(O) Ivan(B-PER) Odnosum(I-PER) .(O) ""(O)"
773,['CHICAGO' '69' '59' '.539' '7' '1/2'],"['B-ORG', 'O', 'O', 'O', 'O', 'O']",CHICAGO 69 59 .539 7 1/2,"['CHICAGO(B-ORG)', '69(O)', '59(O)', '.539(O)', '7(O)', '1/2(O)']",CHICAGO(B-ORG) 69(O) 59(O) .539(O) 7(O) 1/2(O),"Input: CHICAGO 69 59 .539 7 1/2
Output: CHICAGO(B-ORG) 69(O) 59(O) .539(O) 7(O) 1/2(O)"
12607,"['The' 'fourth-seeded' 'Spaniard' ',' 'who' 'is' 'tackling' 'the' 'world'
 'class' 'traffic' 'of' 'New' 'York' 'City' 'as' 'a' 'warm-up' 'by'
 'driving' 'to' 'the' 'tennis' 'centre' 'for' 'her' 'matches' ',' 'ran'
 'over' 'France' ""'s"" 'Nathalie' 'Tauziat' '6-1' '6-3' 'on' 'Wednesday'
 'to' 'take' 'her' 'place' 'in' 'the' 'third' 'round' '.']","['O', 'O', 'B-MISC', 'O', 'O', 'O', 'O', 'O', 'O', 'O', 'O', 'O', 'B-LOC', 'I-LOC', 'I-LOC', 'O', 'O', 'O', 'O', 'O', 'O', 'O', 'O', 'O', 'O', 'O', 'O', 'O', 'O', 'O', 'B-LOC', 'O', 'B-PER', 'I-PER', 'O', 'O', 'O', 'O', 'O', 'O', 'O', 'O', 'O', 'O', 'O', 'O', 'O']","The fourth-seeded Spaniard , who is tackling the world class traffic of New York City as a warm-up by driving to the tennis centre for her matches , ran over France 's Nathalie Tauziat 6-1 6-3 on Wednesday to take her place in the third round .","['The(O)', 'fourth-seeded(O)', 'Spaniard(B-MISC)', ',(O)', 'who(O)', 'is(O)', 'tackling(O)', 'the(O)', 'world(O)', 'class(O)', 'traffic(O)', 'of(O)', 'New(B-LOC)', 'York(I-LOC)', 'City(I-LOC)', 'as(O)', 'a(O)', 'warm-up(O)', 'by(O)', 'driving(O)', 'to(O)', 'the(O)', 'tennis(O)', 'centre(O)', 'for(O)', 'her(O)', 'matches(O)', ',(O)', 'ran(O)', 'over(O)', 'France(B-LOC)', ""'s(O)"", 'Nathalie(B-PER)', 'Tauziat(I-PER)', '6-1(O)', '6-3(O)', 'on(O)', 'Wednesday(O)', 'to(O)', 'take(O)', 'her(O)', 'place(O)', 'in(O)', 'the(O)', 'third(O)', 'round(O)', '.(O)']","The(O) fourth-seeded(O) Spaniard(B-MISC) ,(O) who(O) is(O) tackling(O) the(O) world(O) class(O) traffic(O) of(O) New(B-LOC) York(I-LOC) City(I-LOC) as(O) a(O) warm-up(O) by(O) driving(O) to(O) the(O) tennis(O) centre(O) for(O) her(O) matches(O) ,(O) ran(O) over(O) France(B-LOC) 's(O) Nathalie(B-PER) Tauziat(I-PER) 6-1(O) 6-3(O) on(O) Wednesday(O) to(O) take(O) her(O) place(O) in(O) the(O) third(O) round(O) .(O)","Input: The fourth-seeded Spaniard , who is tackling the world class traffic of New York City as a warm-up by driving to the tennis centre for her matches , ran over France 's Nathalie Tauziat 6-1 6-3 on Wednesday to take her place in the third round .
Output: The(O) fourth-seeded(O) Spaniard(B-MISC) ,(O) who(O) is(O) tackling(O) the(O) world(O) class(O) traffic(O) of(O) New(B-LOC) York(I-LOC) City(I-LOC) as(O) a(O) warm-up(O) by(O) driving(O) to(O) the(O) tennis(O) centre(O) for(O) her(O) matches(O) ,(O) ran(O) over(O) France(B-LOC) 's(O) Nathalie(B-PER) Tauziat(I-PER) 6-1(O) 6-3(O) on(O) Wednesday(O) to(O) take(O) her(O) place(O) in(O) the(O) third(O) round(O) .(O)"
6303,['Lakes' 'Rally' 'which' 'ended' 'on' 'Monday' ':'],"['B-MISC', 'I-MISC', 'O', 'O', 'O', 'O', 'O']",Lakes Rally which ended on Monday :,"['Lakes(B-MISC)', 'Rally(I-MISC)', 'which(O)', 'ended(O)', 'on(O)', 'Monday(O)', ':(O)']",Lakes(B-MISC) Rally(I-MISC) which(O) ended(O) on(O) Monday(O) :(O),"Input: Lakes Rally which ended on Monday :
Output: Lakes(B-MISC) Rally(I-MISC) which(O) ended(O) on(O) Monday(O) :(O)"
3888,['California' '2' 'BALTIMORE' '0'],"['B-ORG', 'O', 'B-ORG', 'O']",California 2 BALTIMORE 0,"['California(B-ORG)', '2(O)', 'BALTIMORE(B-ORG)', '0(O)']",California(B-ORG) 2(O) BALTIMORE(B-ORG) 0(O),"Input: California 2 BALTIMORE 0
Output: California(B-ORG) 2(O) BALTIMORE(B-ORG) 0(O)"
11929,['NZ' 'bills' 'gain' 'ground' 'after' 'see-saw' 'session' '.'],"['B-LOC', 'O', 'O', 'O', 'O', 'O', 'O', 'O']",NZ bills gain ground after see-saw session .,"['NZ(B-LOC)', 'bills(O)', 'gain(O)', 'ground(O)', 'after(O)', 'see-saw(O)', 'session(O)', '.(O)']",NZ(B-LOC) bills(O) gain(O) ground(O) after(O) see-saw(O) session(O) .(O),"Input: NZ bills gain ground after see-saw session .
Output: NZ(B-LOC) bills(O) gain(O) ground(O) after(O) see-saw(O) session(O) .(O)"
5878,['Footscray' '21' '5' '1' '15' '1578' '2060' '76.6' '22'],"['B-ORG', 'O', 'O', 'O', 'O', 'O', 'O', 'O', 'O']",Footscray 21 5 1 15 1578 2060 76.6 22,"['Footscray(B-ORG)', '21(O)', '5(O)', '1(O)', '15(O)', '1578(O)', '2060(O)', '76.6(O)', '22(O)']",Footscray(B-ORG) 21(O) 5(O) 1(O) 15(O) 1578(O) 2060(O) 76.6(O) 22(O),"Input: Footscray 21 5 1 15 1578 2060 76.6 22
Output: Footscray(B-ORG) 21(O) 5(O) 1(O) 15(O) 1578(O) 2060(O) 76.6(O) 22(O)"
12056,"['He' 'said' 'there' 'was' 'no' 'immediate' 'explanation' 'for' 'the'
 'attack' 'or' 'any' 'information' 'on' 'those' 'responsible' '.']","['O', 'O', 'O', 'O', 'O', 'O', 'O', 'O', 'O', 'O', 'O', 'O', 'O', 'O', 'O', 'O', 'O']",He said there was no immediate explanation for the attack or any information on those responsible .,"['He(O)', 'said(O)', 'there(O)', 'was(O)', 'no(O)', 'immediate(O)', 'explanation(O)', 'for(O)', 'the(O)', 'attack(O)', 'or(O)', 'any(O)', 'information(O)', 'on(O)', 'those(O)', 'responsible(O)', '.(O)']",He(O) said(O) there(O) was(O) no(O) immediate(O) explanation(O) for(O) the(O) attack(O) or(O) any(O) information(O) on(O) those(O) responsible(O) .(O),"Input: He said there was no immediate explanation for the attack or any information on those responsible .
Output: He(O) said(O) there(O) was(O) no(O) immediate(O) explanation(O) for(O) the(O) attack(O) or(O) any(O) information(O) on(O) those(O) responsible(O) .(O)"
10540,"['The' 'equaliser' 'came' 'in' 'the' '73rd' 'minute' 'when' 'Swedish'
 'international' 'Henke' 'Larsson' 'scored' 'from' 'close' 'range' 'and'
 '10' 'minutes' 'later' 'Jean-Paul' 'van' 'Gastel' 'gave' 'Feyenoord' 'a'
 '2-1' 'victory' 'from' 'the' 'penalty' 'spot' '.']","['O', 'O', 'O', 'O', 'O', 'O', 'O', 'O', 'B-MISC', 'O', 'B-PER', 'I-PER', 'O', 'O', 'O', 'O', 'O', 'O', 'O', 'O', 'B-PER', 'I-PER', 'I-PER', 'O', 'B-ORG', 'O', 'O', 'O', 'O', 'O', 'O', 'O', 'O']",The equaliser came in the 73rd minute when Swedish international Henke Larsson scored from close range and 10 minutes later Jean-Paul van Gastel gave Feyenoord a 2-1 victory from the penalty spot .,"['The(O)', 'equaliser(O)', 'came(O)', 'in(O)', 'the(O)', '73rd(O)', 'minute(O)', 'when(O)', 'Swedish(B-MISC)', 'international(O)', 'Henke(B-PER)', 'Larsson(I-PER)', 'scored(O)', 'from(O)', 'close(O)', 'range(O)', 'and(O)', '10(O)', 'minutes(O)', 'later(O)', 'Jean-Paul(B-PER)', 'van(I-PER)', 'Gastel(I-PER)', 'gave(O)', 'Feyenoord(B-ORG)', 'a(O)', '2-1(O)', 'victory(O)', 'from(O)', 'the(O)', 'penalty(O)', 'spot(O)', '.(O)']",The(O) equaliser(O) came(O) in(O) the(O) 73rd(O) minute(O) when(O) Swedish(B-MISC) international(O) Henke(B-PER) Larsson(I-PER) scored(O) from(O) close(O) range(O) and(O) 10(O) minutes(O) later(O) Jean-Paul(B-PER) van(I-PER) Gastel(I-PER) gave(O) Feyenoord(B-ORG) a(O) 2-1(O) victory(O) from(O) the(O) penalty(O) spot(O) .(O),"Input: The equaliser came in the 73rd minute when Swedish international Henke Larsson scored from close range and 10 minutes later Jean-Paul van Gastel gave Feyenoord a 2-1 victory from the penalty spot .
Output: The(O) equaliser(O) came(O) in(O) the(O) 73rd(O) minute(O) when(O) Swedish(B-MISC) international(O) Henke(B-PER) Larsson(I-PER) scored(O) from(O) close(O) range(O) and(O) 10(O) minutes(O) later(O) Jean-Paul(B-PER) van(I-PER) Gastel(I-PER) gave(O) Feyenoord(B-ORG) a(O) 2-1(O) victory(O) from(O) the(O) penalty(O) spot(O) .(O)"
35,"['The' 'foreign' 'ministry' ""'s"" 'Shen' 'told' 'Reuters' 'Television' 'in'
 'an' 'interview' 'he' 'had' 'read' 'reports' 'of' 'Tang' ""'s"" 'comments'
 'but' 'gave' 'no' 'details' 'of' 'why' 'the' 'negotiator' 'had'
 'considered' 'the' 'time' 'right' 'for' 'talks' 'with' 'Taiwan' ','
 'which' 'Beijing' 'considers' 'a' 'renegade' 'province' '.']","['O', 'O', 'O', 'O', 'B-ORG', 'O', 'B-ORG', 'I-ORG', 'O', 'O', 'O', 'O', 'O', 'O', 'O', 'O', 'B-PER', 'O', 'O', 'O', 'O', 'O', 'O', 'O', 'O', 'O', 'O', 'O', 'O', 'O', 'O', 'O', 'O', 'O', 'O', 'B-LOC', 'O', 'O', 'B-LOC', 'O', 'O', 'O', 'O', 'O']","The foreign ministry 's Shen told Reuters Television in an interview he had read reports of Tang 's comments but gave no details of why the negotiator had considered the time right for talks with Taiwan , which Beijing considers a renegade province .","['The(O)', 'foreign(O)', 'ministry(O)', ""'s(O)"", 'Shen(B-ORG)', 'told(O)', 'Reuters(B-ORG)', 'Television(I-ORG)', 'in(O)', 'an(O)', 'interview(O)', 'he(O)', 'had(O)', 'read(O)', 'reports(O)', 'of(O)', 'Tang(B-PER)', ""'s(O)"", 'comments(O)', 'but(O)', 'gave(O)', 'no(O)', 'details(O)', 'of(O)', 'why(O)', 'the(O)', 'negotiator(O)', 'had(O)', 'considered(O)', 'the(O)', 'time(O)', 'right(O)', 'for(O)', 'talks(O)', 'with(O)', 'Taiwan(B-LOC)', ',(O)', 'which(O)', 'Beijing(B-LOC)', 'considers(O)', 'a(O)', 'renegade(O)', 'province(O)', '.(O)']","The(O) foreign(O) ministry(O) 's(O) Shen(B-ORG) told(O) Reuters(B-ORG) Television(I-ORG) in(O) an(O) interview(O) he(O) had(O) read(O) reports(O) of(O) Tang(B-PER) 's(O) comments(O) but(O) gave(O) no(O) details(O) of(O) why(O) the(O) negotiator(O) had(O) considered(O) the(O) time(O) right(O) for(O) talks(O) with(O) Taiwan(B-LOC) ,(O) which(O) Beijing(B-LOC) considers(O) a(O) renegade(O) province(O) .(O)","Input: The foreign ministry 's Shen told Reuters Television in an interview he had read reports of Tang 's comments but gave no details of why the negotiator had considered the time right for talks with Taiwan , which Beijing considers a renegade province .
Output: The(O) foreign(O) ministry(O) 's(O) Shen(B-ORG) told(O) Reuters(B-ORG) Television(I-ORG) in(O) an(O) interview(O) he(O) had(O) read(O) reports(O) of(O) Tang(B-PER) 's(O) comments(O) but(O) gave(O) no(O) details(O) of(O) why(O) the(O) negotiator(O) had(O) considered(O) the(O) time(O) right(O) for(O) talks(O) with(O) Taiwan(B-LOC) ,(O) which(O) Beijing(B-LOC) considers(O) a(O) renegade(O) province(O) .(O)"
8497,"['Women' ""'s"" 'singles']","['O', 'O', 'O']",Women 's singles,"['Women(O)', ""'s(O)"", 'singles(O)']",Women(O) 's(O) singles(O),"Input: Women 's singles
Output: Women(O) 's(O) singles(O)"
6914,['Khouribga' '3' 'Mohammedia' '0'],"['B-ORG', 'O', 'B-ORG', 'O']",Khouribga 3 Mohammedia 0,"['Khouribga(B-ORG)', '3(O)', 'Mohammedia(B-ORG)', '0(O)']",Khouribga(B-ORG) 3(O) Mohammedia(B-ORG) 0(O),"Input: Khouribga 3 Mohammedia 0
Output: Khouribga(B-ORG) 3(O) Mohammedia(B-ORG) 0(O)"
1021,"['The' 'company' 'said' 'it' 'continues' 'to' 'believe' 'the' 'majority'
 'of' 'the' 'community' 'liaison' 'costs' 'are' 'coverable' 'under' 'the'
 'terms' 'of' 'the' 'Medicare' 'program' '.']","['O', 'O', 'O', 'O', 'O', 'O', 'O', 'O', 'O', 'O', 'O', 'O', 'O', 'O', 'O', 'O', 'O', 'O', 'O', 'O', 'O', 'B-MISC', 'O', 'O']",The company said it continues to believe the majority of the community liaison costs are coverable under the terms of the Medicare program .,"['The(O)', 'company(O)', 'said(O)', 'it(O)', 'continues(O)', 'to(O)', 'believe(O)', 'the(O)', 'majority(O)', 'of(O)', 'the(O)', 'community(O)', 'liaison(O)', 'costs(O)', 'are(O)', 'coverable(O)', 'under(O)', 'the(O)', 'terms(O)', 'of(O)', 'the(O)', 'Medicare(B-MISC)', 'program(O)', '.(O)']",The(O) company(O) said(O) it(O) continues(O) to(O) believe(O) the(O) majority(O) of(O) the(O) community(O) liaison(O) costs(O) are(O) coverable(O) under(O) the(O) terms(O) of(O) the(O) Medicare(B-MISC) program(O) .(O),"Input: The company said it continues to believe the majority of the community liaison costs are coverable under the terms of the Medicare program .
Output: The(O) company(O) said(O) it(O) continues(O) to(O) believe(O) the(O) majority(O) of(O) the(O) community(O) liaison(O) costs(O) are(O) coverable(O) under(O) the(O) terms(O) of(O) the(O) Medicare(B-MISC) program(O) .(O)"
13352,"['Shares' 'in' 'Slough' ',' 'which' 'earlier' 'announced' 'a' '14'
 'percent' 'rise' 'in' 'first-half' 'pretax' 'profit' 'to' '37.4'
 'million' 'stg' ',' 'climbed' 'nearly' 'six' 'percent' ',' 'or' '14p'
 'to' '250' 'pence' 'at' '1009' 'GMT' ',' 'while' 'British' 'Land' 'added'
 '12-1' '/' '2p' 'to' '468p' ',' 'Land' 'Securities' 'rose' '5-1' '/' '2p'
 'to' '691p' 'and' 'Hammerson' 'was' '8p' 'higher' 'at' '390' '.']","['O', 'O', 'B-ORG', 'O', 'O', 'O', 'O', 'O', 'O', 'O', 'O', 'O', 'O', 'O', 'O', 'O', 'O', 'O', 'O', 'O', 'O', 'O', 'O', 'O', 'O', 'O', 'O', 'O', 'O', 'O', 'O', 'O', 'B-MISC', 'O', 'O', 'B-ORG', 'I-ORG', 'O', 'O', 'O', 'O', 'O', 'O', 'O', 'B-ORG', 'I-ORG', 'O', 'O', 'O', 'O', 'O', 'O', 'O', 'B-ORG', 'O', 'O', 'O', 'O', 'O', 'O']","Shares in Slough , which earlier announced a 14 percent rise in first-half pretax profit to 37.4 million stg , climbed nearly six percent , or 14p to 250 pence at 1009 GMT , while British Land added 12-1 / 2p to 468p , Land Securities rose 5-1 / 2p to 691p and Hammerson was 8p higher at 390 .","['Shares(O)', 'in(O)', 'Slough(B-ORG)', ',(O)', 'which(O)', 'earlier(O)', 'announced(O)', 'a(O)', '14(O)', 'percent(O)', 'rise(O)', 'in(O)', 'first-half(O)', 'pretax(O)', 'profit(O)', 'to(O)', '37.4(O)', 'million(O)', 'stg(O)', ',(O)', 'climbed(O)', 'nearly(O)', 'six(O)', 'percent(O)', ',(O)', 'or(O)', '14p(O)', 'to(O)', '250(O)', 'pence(O)', 'at(O)', '1009(O)', 'GMT(B-MISC)', ',(O)', 'while(O)', 'British(B-ORG)', 'Land(I-ORG)', 'added(O)', '12-1(O)', '/(O)', '2p(O)', 'to(O)', '468p(O)', ',(O)', 'Land(B-ORG)', 'Securities(I-ORG)', 'rose(O)', '5-1(O)', '/(O)', '2p(O)', 'to(O)', '691p(O)', 'and(O)', 'Hammerson(B-ORG)', 'was(O)', '8p(O)', 'higher(O)', 'at(O)', '390(O)', '.(O)']","Shares(O) in(O) Slough(B-ORG) ,(O) which(O) earlier(O) announced(O) a(O) 14(O) percent(O) rise(O) in(O) first-half(O) pretax(O) profit(O) to(O) 37.4(O) million(O) stg(O) ,(O) climbed(O) nearly(O) six(O) percent(O) ,(O) or(O) 14p(O) to(O) 250(O) pence(O) at(O) 1009(O) GMT(B-MISC) ,(O) while(O) British(B-ORG) Land(I-ORG) added(O) 12-1(O) /(O) 2p(O) to(O) 468p(O) ,(O) Land(B-ORG) Securities(I-ORG) rose(O) 5-1(O) /(O) 2p(O) to(O) 691p(O) and(O) Hammerson(B-ORG) was(O) 8p(O) higher(O) at(O) 390(O) .(O)","Input: Shares in Slough , which earlier announced a 14 percent rise in first-half pretax profit to 37.4 million stg , climbed nearly six percent , or 14p to 250 pence at 1009 GMT , while British Land added 12-1 / 2p to 468p , Land Securities rose 5-1 / 2p to 691p and Hammerson was 8p higher at 390 .
Output: Shares(O) in(O) Slough(B-ORG) ,(O) which(O) earlier(O) announced(O) a(O) 14(O) percent(O) rise(O) in(O) first-half(O) pretax(O) profit(O) to(O) 37.4(O) million(O) stg(O) ,(O) climbed(O) nearly(O) six(O) percent(O) ,(O) or(O) 14p(O) to(O) 250(O) pence(O) at(O) 1009(O) GMT(B-MISC) ,(O) while(O) British(B-ORG) Land(I-ORG) added(O) 12-1(O) /(O) 2p(O) to(O) 468p(O) ,(O) Land(B-ORG) Securities(I-ORG) rose(O) 5-1(O) /(O) 2p(O) to(O) 691p(O) and(O) Hammerson(B-ORG) was(O) 8p(O) higher(O) at(O) 390(O) .(O)"
4606,['4.' 'Frederic' 'Vialle' '(' 'France' ')' 'Yamaha'],"['O', 'B-PER', 'I-PER', 'O', 'B-LOC', 'O', 'B-ORG']",4. Frederic Vialle ( France ) Yamaha,"['4.(O)', 'Frederic(B-PER)', 'Vialle(I-PER)', '((O)', 'France(B-LOC)', ')(O)', 'Yamaha(B-ORG)']",4.(O) Frederic(B-PER) Vialle(I-PER) ((O) France(B-LOC) )(O) Yamaha(B-ORG),"Input: 4. Frederic Vialle ( France ) Yamaha
Output: 4.(O) Frederic(B-PER) Vialle(I-PER) ((O) France(B-LOC) )(O) Yamaha(B-ORG)"
10390,"['Andrei' 'Medvedev' '(' 'Ukraine' ')' 'beat' 'Jean-Philippe' 'Fleurian'
 '(' 'France' ')' '6-2' '6-0' '6-1']","['B-PER', 'I-PER', 'O', 'B-LOC', 'O', 'O', 'B-PER', 'I-PER', 'O', 'B-LOC', 'O', 'O', 'O', 'O']",Andrei Medvedev ( Ukraine ) beat Jean-Philippe Fleurian ( France ) 6-2 6-0 6-1,"['Andrei(B-PER)', 'Medvedev(I-PER)', '((O)', 'Ukraine(B-LOC)', ')(O)', 'beat(O)', 'Jean-Philippe(B-PER)', 'Fleurian(I-PER)', '((O)', 'France(B-LOC)', ')(O)', '6-2(O)', '6-0(O)', '6-1(O)']",Andrei(B-PER) Medvedev(I-PER) ((O) Ukraine(B-LOC) )(O) beat(O) Jean-Philippe(B-PER) Fleurian(I-PER) ((O) France(B-LOC) )(O) 6-2(O) 6-0(O) 6-1(O),"Input: Andrei Medvedev ( Ukraine ) beat Jean-Philippe Fleurian ( France ) 6-2 6-0 6-1
Output: Andrei(B-PER) Medvedev(I-PER) ((O) Ukraine(B-LOC) )(O) beat(O) Jean-Philippe(B-PER) Fleurian(I-PER) ((O) France(B-LOC) )(O) 6-2(O) 6-0(O) 6-1(O)"
6747,['Results' 'of' 'weekend' 'matches'],"['O', 'O', 'O', 'O']",Results of weekend matches,"['Results(O)', 'of(O)', 'weekend(O)', 'matches(O)']",Results(O) of(O) weekend(O) matches(O),"Input: Results of weekend matches
Output: Results(O) of(O) weekend(O) matches(O)"
10145,"['I' 'do' ""n't"" 'know' 'if' 'I' 'can' 'go' 'any' 'faster' '.']","['O', 'O', 'O', 'O', 'O', 'O', 'O', 'O', 'O', 'O', 'O']",I do n't know if I can go any faster .,"['I(O)', 'do(O)', ""n't(O)"", 'know(O)', 'if(O)', 'I(O)', 'can(O)', 'go(O)', 'any(O)', 'faster(O)', '.(O)']",I(O) do(O) n't(O) know(O) if(O) I(O) can(O) go(O) any(O) faster(O) .(O),"Input: I do n't know if I can go any faster .
Output: I(O) do(O) n't(O) know(O) if(O) I(O) can(O) go(O) any(O) faster(O) .(O)"
151,"['Israel' 'approves' 'Arafat' ""'s"" 'flight' 'to' 'West' 'Bank' '.']","['B-LOC', 'O', 'B-PER', 'O', 'O', 'O', 'B-LOC', 'I-LOC', 'O']",Israel approves Arafat 's flight to West Bank .,"['Israel(B-LOC)', 'approves(O)', 'Arafat(B-PER)', ""'s(O)"", 'flight(O)', 'to(O)', 'West(B-LOC)', 'Bank(I-LOC)', '.(O)']",Israel(B-LOC) approves(O) Arafat(B-PER) 's(O) flight(O) to(O) West(B-LOC) Bank(I-LOC) .(O),"Input: Israel approves Arafat 's flight to West Bank .
Output: Israel(B-LOC) approves(O) Arafat(B-PER) 's(O) flight(O) to(O) West(B-LOC) Bank(I-LOC) .(O)"
10681,"['Groningen' '1' '(' 'Gorre' '66th' ')' 'Roda' 'JC' 'Kerkrade' '1' '('
 'Vurens' '3rd' ')']","['B-ORG', 'O', 'O', 'B-PER', 'O', 'O', 'B-ORG', 'I-ORG', 'I-ORG', 'O', 'O', 'B-PER', 'O', 'O']",Groningen 1 ( Gorre 66th ) Roda JC Kerkrade 1 ( Vurens 3rd ),"['Groningen(B-ORG)', '1(O)', '((O)', 'Gorre(B-PER)', '66th(O)', ')(O)', 'Roda(B-ORG)', 'JC(I-ORG)', 'Kerkrade(I-ORG)', '1(O)', '((O)', 'Vurens(B-PER)', '3rd(O)', ')(O)']",Groningen(B-ORG) 1(O) ((O) Gorre(B-PER) 66th(O) )(O) Roda(B-ORG) JC(I-ORG) Kerkrade(I-ORG) 1(O) ((O) Vurens(B-PER) 3rd(O) )(O),"Input: Groningen 1 ( Gorre 66th ) Roda JC Kerkrade 1 ( Vurens 3rd )
Output: Groningen(B-ORG) 1(O) ((O) Gorre(B-PER) 66th(O) )(O) Roda(B-ORG) JC(I-ORG) Kerkrade(I-ORG) 1(O) ((O) Vurens(B-PER) 3rd(O) )(O)"
11117,"['Some' '50' 'million' 'Guinean' 'francs' '(' '$' '50,000' ')' 'has'
 'been' 'pumped' 'into' 'the' 'exercise' 'to' 'deter' 'the' 'inspectors'
 'from' 'taking' 'bribes' '.']","['O', 'O', 'O', 'B-MISC', 'O', 'O', 'O', 'O', 'O', 'O', 'O', 'O', 'O', 'O', 'O', 'O', 'O', 'O', 'O', 'O', 'O', 'O', 'O']","Some 50 million Guinean francs ( $ 50,000 ) has been pumped into the exercise to deter the inspectors from taking bribes .","['Some(O)', '50(O)', 'million(O)', 'Guinean(B-MISC)', 'francs(O)', '((O)', '$(O)', '50,000(O)', ')(O)', 'has(O)', 'been(O)', 'pumped(O)', 'into(O)', 'the(O)', 'exercise(O)', 'to(O)', 'deter(O)', 'the(O)', 'inspectors(O)', 'from(O)', 'taking(O)', 'bribes(O)', '.(O)']","Some(O) 50(O) million(O) Guinean(B-MISC) francs(O) ((O) $(O) 50,000(O) )(O) has(O) been(O) pumped(O) into(O) the(O) exercise(O) to(O) deter(O) the(O) inspectors(O) from(O) taking(O) bribes(O) .(O)","Input: Some 50 million Guinean francs ( $ 50,000 ) has been pumped into the exercise to deter the inspectors from taking bribes .
Output: Some(O) 50(O) million(O) Guinean(B-MISC) francs(O) ((O) $(O) 50,000(O) )(O) has(O) been(O) pumped(O) into(O) the(O) exercise(O) to(O) deter(O) the(O) inspectors(O) from(O) taking(O) bribes(O) .(O)"
10951,['COMEX' 'copper' 'ends' 'higher' 'after' 'late' 'recovery' '.'],"['B-ORG', 'O', 'O', 'O', 'O', 'O', 'O', 'O']",COMEX copper ends higher after late recovery .,"['COMEX(B-ORG)', 'copper(O)', 'ends(O)', 'higher(O)', 'after(O)', 'late(O)', 'recovery(O)', '.(O)']",COMEX(B-ORG) copper(O) ends(O) higher(O) after(O) late(O) recovery(O) .(O),"Input: COMEX copper ends higher after late recovery .
Output: COMEX(B-ORG) copper(O) ends(O) higher(O) after(O) late(O) recovery(O) .(O)"
13836,"['PRODUCER' 'PRICES' '(' '%' ')' 'Jun' '-' '0.2' '+0.1' '+0.2' '119.6**'
 '-']","['O', 'O', 'O', 'O', 'O', 'O', 'O', 'O', 'O', 'O', 'O', 'O']",PRODUCER PRICES ( % ) Jun - 0.2 +0.1 +0.2 119.6** -,"['PRODUCER(O)', 'PRICES(O)', '((O)', '%(O)', ')(O)', 'Jun(O)', '-(O)', '0.2(O)', '+0.1(O)', '+0.2(O)', '119.6**(O)', '-(O)']",PRODUCER(O) PRICES(O) ((O) %(O) )(O) Jun(O) -(O) 0.2(O) +0.1(O) +0.2(O) 119.6**(O) -(O),"Input: PRODUCER PRICES ( % ) Jun - 0.2 +0.1 +0.2 119.6** -
Output: PRODUCER(O) PRICES(O) ((O) %(O) )(O) Jun(O) -(O) 0.2(O) +0.1(O) +0.2(O) 119.6**(O) -(O)"
10171,['Wolverhampton' '1' 'Queens' 'Park' 'Rangers' '1'],"['B-ORG', 'O', 'B-ORG', 'I-ORG', 'I-ORG', 'O']",Wolverhampton 1 Queens Park Rangers 1,"['Wolverhampton(B-ORG)', '1(O)', 'Queens(B-ORG)', 'Park(I-ORG)', 'Rangers(I-ORG)', '1(O)']",Wolverhampton(B-ORG) 1(O) Queens(B-ORG) Park(I-ORG) Rangers(I-ORG) 1(O),"Input: Wolverhampton 1 Queens Park Rangers 1
Output: Wolverhampton(B-ORG) 1(O) Queens(B-ORG) Park(I-ORG) Rangers(I-ORG) 1(O)"
13280,['Martin' 'Wolk'],"['B-PER', 'I-PER']",Martin Wolk,"['Martin(B-PER)', 'Wolk(I-PER)']",Martin(B-PER) Wolk(I-PER),"Input: Martin Wolk
Output: Martin(B-PER) Wolk(I-PER)"
575,['Dynamo' 'Batumi' 'win' '9-0' 'on' 'aggregate' '.'],"['B-ORG', 'I-ORG', 'O', 'O', 'O', 'O', 'O']",Dynamo Batumi win 9-0 on aggregate .,"['Dynamo(B-ORG)', 'Batumi(I-ORG)', 'win(O)', '9-0(O)', 'on(O)', 'aggregate(O)', '.(O)']",Dynamo(B-ORG) Batumi(I-ORG) win(O) 9-0(O) on(O) aggregate(O) .(O),"Input: Dynamo Batumi win 9-0 on aggregate .
Output: Dynamo(B-ORG) Batumi(I-ORG) win(O) 9-0(O) on(O) aggregate(O) .(O)"
7272,"['The' 'ferry' ',' 'which' 'was' 'towed' 'into' 'port' ',' 'had' 'been'
 'bound' 'for' 'Jersey' ',' 'another' 'in' 'a' 'cluster' 'of' 'small'
 'British-ruled' 'islands' 'off' 'north-west' 'France' '.']","['O', 'O', 'O', 'O', 'O', 'O', 'O', 'O', 'O', 'O', 'O', 'O', 'O', 'B-LOC', 'O', 'O', 'O', 'O', 'O', 'O', 'O', 'B-MISC', 'O', 'O', 'O', 'B-LOC', 'O']","The ferry , which was towed into port , had been bound for Jersey , another in a cluster of small British-ruled islands off north-west France .","['The(O)', 'ferry(O)', ',(O)', 'which(O)', 'was(O)', 'towed(O)', 'into(O)', 'port(O)', ',(O)', 'had(O)', 'been(O)', 'bound(O)', 'for(O)', 'Jersey(B-LOC)', ',(O)', 'another(O)', 'in(O)', 'a(O)', 'cluster(O)', 'of(O)', 'small(O)', 'British-ruled(B-MISC)', 'islands(O)', 'off(O)', 'north-west(O)', 'France(B-LOC)', '.(O)']","The(O) ferry(O) ,(O) which(O) was(O) towed(O) into(O) port(O) ,(O) had(O) been(O) bound(O) for(O) Jersey(B-LOC) ,(O) another(O) in(O) a(O) cluster(O) of(O) small(O) British-ruled(B-MISC) islands(O) off(O) north-west(O) France(B-LOC) .(O)","Input: The ferry , which was towed into port , had been bound for Jersey , another in a cluster of small British-ruled islands off north-west France .
Output: The(O) ferry(O) ,(O) which(O) was(O) towed(O) into(O) port(O) ,(O) had(O) been(O) bound(O) for(O) Jersey(B-LOC) ,(O) another(O) in(O) a(O) cluster(O) of(O) small(O) British-ruled(B-MISC) islands(O) off(O) north-west(O) France(B-LOC) .(O)"
11800,"['The' 'arrangement' 'calls' 'for' 'investors' 'to' 'make' 'additional'
 'payments' 'to' 'fund' 'Equitas' 'but' 'also' 'provides' 'them' 'with'
 '3.2' 'billion' 'stg' 'in' 'compensation' 'to' 'help' 'reduce' 'their'
 'prior' 'outstanding' 'liabilities' '.']","['O', 'O', 'O', 'O', 'O', 'O', 'O', 'O', 'O', 'O', 'O', 'B-ORG', 'O', 'O', 'O', 'O', 'O', 'O', 'O', 'O', 'O', 'O', 'O', 'O', 'O', 'O', 'O', 'O', 'O', 'O']",The arrangement calls for investors to make additional payments to fund Equitas but also provides them with 3.2 billion stg in compensation to help reduce their prior outstanding liabilities .,"['The(O)', 'arrangement(O)', 'calls(O)', 'for(O)', 'investors(O)', 'to(O)', 'make(O)', 'additional(O)', 'payments(O)', 'to(O)', 'fund(O)', 'Equitas(B-ORG)', 'but(O)', 'also(O)', 'provides(O)', 'them(O)', 'with(O)', '3.2(O)', 'billion(O)', 'stg(O)', 'in(O)', 'compensation(O)', 'to(O)', 'help(O)', 'reduce(O)', 'their(O)', 'prior(O)', 'outstanding(O)', 'liabilities(O)', '.(O)']",The(O) arrangement(O) calls(O) for(O) investors(O) to(O) make(O) additional(O) payments(O) to(O) fund(O) Equitas(B-ORG) but(O) also(O) provides(O) them(O) with(O) 3.2(O) billion(O) stg(O) in(O) compensation(O) to(O) help(O) reduce(O) their(O) prior(O) outstanding(O) liabilities(O) .(O),"Input: The arrangement calls for investors to make additional payments to fund Equitas but also provides them with 3.2 billion stg in compensation to help reduce their prior outstanding liabilities .
Output: The(O) arrangement(O) calls(O) for(O) investors(O) to(O) make(O) additional(O) payments(O) to(O) fund(O) Equitas(B-ORG) but(O) also(O) provides(O) them(O) with(O) 3.2(O) billion(O) stg(O) in(O) compensation(O) to(O) help(O) reduce(O) their(O) prior(O) outstanding(O) liabilities(O) .(O)"
1344,"['""' 'They' 'made' 'me' 'sign' 'an' 'undertaking' 'not' 'to' 'sell' 'the'
 'books' 'to' 'anyone' 'at' 'the' 'risk' 'of' 'legal' 'action' '.']","['O', 'O', 'O', 'O', 'O', 'O', 'O', 'O', 'O', 'O', 'O', 'O', 'O', 'O', 'O', 'O', 'O', 'O', 'O', 'O', 'O']",""" They made me sign an undertaking not to sell the books to anyone at the risk of legal action .","['""(O)', 'They(O)', 'made(O)', 'me(O)', 'sign(O)', 'an(O)', 'undertaking(O)', 'not(O)', 'to(O)', 'sell(O)', 'the(O)', 'books(O)', 'to(O)', 'anyone(O)', 'at(O)', 'the(O)', 'risk(O)', 'of(O)', 'legal(O)', 'action(O)', '.(O)']","""(O) They(O) made(O) me(O) sign(O) an(O) undertaking(O) not(O) to(O) sell(O) the(O) books(O) to(O) anyone(O) at(O) the(O) risk(O) of(O) legal(O) action(O) .(O)","Input: "" They made me sign an undertaking not to sell the books to anyone at the risk of legal action .
Output: ""(O) They(O) made(O) me(O) sign(O) an(O) undertaking(O) not(O) to(O) sell(O) the(O) books(O) to(O) anyone(O) at(O) the(O) risk(O) of(O) legal(O) action(O) .(O)"
7657,"['Attempts' 'to' 'move' 'prices' 'higher' 'again' 'Tuesday' 'could' 'be'
 'offset' 'by' 'expected' 'increased' 'hog' 'marketings' 'this' 'week' ','
 'sources' 'said' '.']","['O', 'O', 'O', 'O', 'O', 'O', 'O', 'O', 'O', 'O', 'O', 'O', 'O', 'O', 'O', 'O', 'O', 'O', 'O', 'O', 'O']","Attempts to move prices higher again Tuesday could be offset by expected increased hog marketings this week , sources said .","['Attempts(O)', 'to(O)', 'move(O)', 'prices(O)', 'higher(O)', 'again(O)', 'Tuesday(O)', 'could(O)', 'be(O)', 'offset(O)', 'by(O)', 'expected(O)', 'increased(O)', 'hog(O)', 'marketings(O)', 'this(O)', 'week(O)', ',(O)', 'sources(O)', 'said(O)', '.(O)']","Attempts(O) to(O) move(O) prices(O) higher(O) again(O) Tuesday(O) could(O) be(O) offset(O) by(O) expected(O) increased(O) hog(O) marketings(O) this(O) week(O) ,(O) sources(O) said(O) .(O)","Input: Attempts to move prices higher again Tuesday could be offset by expected increased hog marketings this week , sources said .
Output: Attempts(O) to(O) move(O) prices(O) higher(O) again(O) Tuesday(O) could(O) be(O) offset(O) by(O) expected(O) increased(O) hog(O) marketings(O) this(O) week(O) ,(O) sources(O) said(O) .(O)"
2441,['1.' 'Cathy' 'Freeman' '(' 'Australia' ')' '49.48' 'seconds'],"['O', 'B-PER', 'I-PER', 'O', 'B-LOC', 'O', 'O', 'O']",1. Cathy Freeman ( Australia ) 49.48 seconds,"['1.(O)', 'Cathy(B-PER)', 'Freeman(I-PER)', '((O)', 'Australia(B-LOC)', ')(O)', '49.48(O)', 'seconds(O)']",1.(O) Cathy(B-PER) Freeman(I-PER) ((O) Australia(B-LOC) )(O) 49.48(O) seconds(O),"Input: 1. Cathy Freeman ( Australia ) 49.48 seconds
Output: 1.(O) Cathy(B-PER) Freeman(I-PER) ((O) Australia(B-LOC) )(O) 49.48(O) seconds(O)"
11659,"['Louis' 'Viannet' ',' 'leader' 'of' 'France' ""'s"" 'Communist-led' 'CGT'
 'union' ',' 'criticised' 'government' 'plans' 'for' 'spending' 'cuts'
 'in' 'the' '1997' 'budget' 'on' 'Wednesday' 'and' 'warned' 'of' 'labour'
 'unrest' 'as' 'France' 'gets' 'back' 'to' 'work' 'after' 'the' 'holidays'
 '.']","['B-PER', 'I-PER', 'O', 'O', 'O', 'B-LOC', 'O', 'B-MISC', 'B-ORG', 'O', 'O', 'O', 'O', 'O', 'O', 'O', 'O', 'O', 'O', 'O', 'O', 'O', 'O', 'O', 'O', 'O', 'O', 'O', 'O', 'B-LOC', 'O', 'O', 'O', 'O', 'O', 'O', 'O', 'O']","Louis Viannet , leader of France 's Communist-led CGT union , criticised government plans for spending cuts in the 1997 budget on Wednesday and warned of labour unrest as France gets back to work after the holidays .","['Louis(B-PER)', 'Viannet(I-PER)', ',(O)', 'leader(O)', 'of(O)', 'France(B-LOC)', ""'s(O)"", 'Communist-led(B-MISC)', 'CGT(B-ORG)', 'union(O)', ',(O)', 'criticised(O)', 'government(O)', 'plans(O)', 'for(O)', 'spending(O)', 'cuts(O)', 'in(O)', 'the(O)', '1997(O)', 'budget(O)', 'on(O)', 'Wednesday(O)', 'and(O)', 'warned(O)', 'of(O)', 'labour(O)', 'unrest(O)', 'as(O)', 'France(B-LOC)', 'gets(O)', 'back(O)', 'to(O)', 'work(O)', 'after(O)', 'the(O)', 'holidays(O)', '.(O)']","Louis(B-PER) Viannet(I-PER) ,(O) leader(O) of(O) France(B-LOC) 's(O) Communist-led(B-MISC) CGT(B-ORG) union(O) ,(O) criticised(O) government(O) plans(O) for(O) spending(O) cuts(O) in(O) the(O) 1997(O) budget(O) on(O) Wednesday(O) and(O) warned(O) of(O) labour(O) unrest(O) as(O) France(B-LOC) gets(O) back(O) to(O) work(O) after(O) the(O) holidays(O) .(O)","Input: Louis Viannet , leader of France 's Communist-led CGT union , criticised government plans for spending cuts in the 1997 budget on Wednesday and warned of labour unrest as France gets back to work after the holidays .
Output: Louis(B-PER) Viannet(I-PER) ,(O) leader(O) of(O) France(B-LOC) 's(O) Communist-led(B-MISC) CGT(B-ORG) union(O) ,(O) criticised(O) government(O) plans(O) for(O) spending(O) cuts(O) in(O) the(O) 1997(O) budget(O) on(O) Wednesday(O) and(O) warned(O) of(O) labour(O) unrest(O) as(O) France(B-LOC) gets(O) back(O) to(O) work(O) after(O) the(O) holidays(O) .(O)"
7590,"['(' 'low' 'lead' ',' '50' 'ppm' ')' '9.0-10.5' 'cents' '/' 'pound']","['O', 'O', 'O', 'O', 'O', 'O', 'O', 'O', 'O', 'O', 'O']","( low lead , 50 ppm ) 9.0-10.5 cents / pound","['((O)', 'low(O)', 'lead(O)', ',(O)', '50(O)', 'ppm(O)', ')(O)', '9.0-10.5(O)', 'cents(O)', '/(O)', 'pound(O)']","((O) low(O) lead(O) ,(O) 50(O) ppm(O) )(O) 9.0-10.5(O) cents(O) /(O) pound(O)","Input: ( low lead , 50 ppm ) 9.0-10.5 cents / pound
Output: ((O) low(O) lead(O) ,(O) 50(O) ppm(O) )(O) 9.0-10.5(O) cents(O) /(O) pound(O)"
6611,['Kryvbas' 'Kryvy' 'Rig' '1' 'Karpaty' 'Lviv' '2'],"['B-ORG', 'I-ORG', 'I-ORG', 'O', 'B-ORG', 'I-ORG', 'O']",Kryvbas Kryvy Rig 1 Karpaty Lviv 2,"['Kryvbas(B-ORG)', 'Kryvy(I-ORG)', 'Rig(I-ORG)', '1(O)', 'Karpaty(B-ORG)', 'Lviv(I-ORG)', '2(O)']",Kryvbas(B-ORG) Kryvy(I-ORG) Rig(I-ORG) 1(O) Karpaty(B-ORG) Lviv(I-ORG) 2(O),"Input: Kryvbas Kryvy Rig 1 Karpaty Lviv 2
Output: Kryvbas(B-ORG) Kryvy(I-ORG) Rig(I-ORG) 1(O) Karpaty(B-ORG) Lviv(I-ORG) 2(O)"
893,['Result' 'of' 'a' 'Dutch' 'first'],"['O', 'O', 'O', 'B-MISC', 'O']",Result of a Dutch first,"['Result(O)', 'of(O)', 'a(O)', 'Dutch(B-MISC)', 'first(O)']",Result(O) of(O) a(O) Dutch(B-MISC) first(O),"Input: Result of a Dutch first
Output: Result(O) of(O) a(O) Dutch(B-MISC) first(O)"
8818,['Price' 'Volume' 'Turnover'],"['O', 'O', 'O']",Price Volume Turnover,"['Price(O)', 'Volume(O)', 'Turnover(O)']",Price(O) Volume(O) Turnover(O),"Input: Price Volume Turnover
Output: Price(O) Volume(O) Turnover(O)"
7000,"['""' 'I' 'think' 'he' 'deserves' 'to' 'be' 'seeded' 'as' 'everybody'
 'else' 'who' 'is' 'in' 'the' 'top' '16' 'deserves' 'to' 'be' 'seeded' ','
 '""' 'Stich' 'said' '.']","['O', 'O', 'O', 'O', 'O', 'O', 'O', 'O', 'O', 'O', 'O', 'O', 'O', 'O', 'O', 'O', 'O', 'O', 'O', 'O', 'O', 'O', 'O', 'B-PER', 'O', 'O']",""" I think he deserves to be seeded as everybody else who is in the top 16 deserves to be seeded , "" Stich said .","['""(O)', 'I(O)', 'think(O)', 'he(O)', 'deserves(O)', 'to(O)', 'be(O)', 'seeded(O)', 'as(O)', 'everybody(O)', 'else(O)', 'who(O)', 'is(O)', 'in(O)', 'the(O)', 'top(O)', '16(O)', 'deserves(O)', 'to(O)', 'be(O)', 'seeded(O)', ',(O)', '""(O)', 'Stich(B-PER)', 'said(O)', '.(O)']","""(O) I(O) think(O) he(O) deserves(O) to(O) be(O) seeded(O) as(O) everybody(O) else(O) who(O) is(O) in(O) the(O) top(O) 16(O) deserves(O) to(O) be(O) seeded(O) ,(O) ""(O) Stich(B-PER) said(O) .(O)","Input: "" I think he deserves to be seeded as everybody else who is in the top 16 deserves to be seeded , "" Stich said .
Output: ""(O) I(O) think(O) he(O) deserves(O) to(O) be(O) seeded(O) as(O) everybody(O) else(O) who(O) is(O) in(O) the(O) top(O) 16(O) deserves(O) to(O) be(O) seeded(O) ,(O) ""(O) Stich(B-PER) said(O) .(O)"
10146,"['Who' 'knows' 'what' 'will' 'happen' 'in' 'the' 'later' 'stages' '?' '""']","['O', 'O', 'O', 'O', 'O', 'O', 'O', 'O', 'O', 'O', 'O']","Who knows what will happen in the later stages ? ""","['Who(O)', 'knows(O)', 'what(O)', 'will(O)', 'happen(O)', 'in(O)', 'the(O)', 'later(O)', 'stages(O)', '?(O)', '""(O)']","Who(O) knows(O) what(O) will(O) happen(O) in(O) the(O) later(O) stages(O) ?(O) ""(O)","Input: Who knows what will happen in the later stages ? ""
Output: Who(O) knows(O) what(O) will(O) happen(O) in(O) the(O) later(O) stages(O) ?(O) ""(O)"
422,"['At' 'Colchester' ':' 'Gloucestershire' '280' '(' 'J.' 'Russell' '63' ','
 'A.' 'Symonds']","['O', 'B-LOC', 'O', 'B-ORG', 'O', 'O', 'B-PER', 'I-PER', 'O', 'O', 'B-PER', 'I-PER']","At Colchester : Gloucestershire 280 ( J. Russell 63 , A. Symonds","['At(O)', 'Colchester(B-LOC)', ':(O)', 'Gloucestershire(B-ORG)', '280(O)', '((O)', 'J.(B-PER)', 'Russell(I-PER)', '63(O)', ',(O)', 'A.(B-PER)', 'Symonds(I-PER)']","At(O) Colchester(B-LOC) :(O) Gloucestershire(B-ORG) 280(O) ((O) J.(B-PER) Russell(I-PER) 63(O) ,(O) A.(B-PER) Symonds(I-PER)","Input: At Colchester : Gloucestershire 280 ( J. Russell 63 , A. Symonds
Output: At(O) Colchester(B-LOC) :(O) Gloucestershire(B-ORG) 280(O) ((O) J.(B-PER) Russell(I-PER) 63(O) ,(O) A.(B-PER) Symonds(I-PER)"
2250,"['ATHLETICS' '-' 'WOMEN' ""'S"" '1,000' 'METRES' 'WORLD' 'RECORD'
 'EVOLUTION' '.']","['O', 'O', 'O', 'O', 'O', 'O', 'O', 'O', 'O', 'O']","ATHLETICS - WOMEN 'S 1,000 METRES WORLD RECORD EVOLUTION .","['ATHLETICS(O)', '-(O)', 'WOMEN(O)', ""'S(O)"", '1,000(O)', 'METRES(O)', 'WORLD(O)', 'RECORD(O)', 'EVOLUTION(O)', '.(O)']","ATHLETICS(O) -(O) WOMEN(O) 'S(O) 1,000(O) METRES(O) WORLD(O) RECORD(O) EVOLUTION(O) .(O)","Input: ATHLETICS - WOMEN 'S 1,000 METRES WORLD RECORD EVOLUTION .
Output: ATHLETICS(O) -(O) WOMEN(O) 'S(O) 1,000(O) METRES(O) WORLD(O) RECORD(O) EVOLUTION(O) .(O)"
7633,"['They' 'said' 'there' 'was' 'no' 'sign' 'of' 'foul' 'play' 'and' 'that'
 'investigators' 'believed' 'the' 'death' 'was' 'a' 'suicide' '.']","['O', 'O', 'O', 'O', 'O', 'O', 'O', 'O', 'O', 'O', 'O', 'O', 'O', 'O', 'O', 'O', 'O', 'O', 'O']",They said there was no sign of foul play and that investigators believed the death was a suicide .,"['They(O)', 'said(O)', 'there(O)', 'was(O)', 'no(O)', 'sign(O)', 'of(O)', 'foul(O)', 'play(O)', 'and(O)', 'that(O)', 'investigators(O)', 'believed(O)', 'the(O)', 'death(O)', 'was(O)', 'a(O)', 'suicide(O)', '.(O)']",They(O) said(O) there(O) was(O) no(O) sign(O) of(O) foul(O) play(O) and(O) that(O) investigators(O) believed(O) the(O) death(O) was(O) a(O) suicide(O) .(O),"Input: They said there was no sign of foul play and that investigators believed the death was a suicide .
Output: They(O) said(O) there(O) was(O) no(O) sign(O) of(O) foul(O) play(O) and(O) that(O) investigators(O) believed(O) the(O) death(O) was(O) a(O) suicide(O) .(O)"
12408,['Partizan' 'beat' 'Benetton' '97-94' '(' 'halftime' '39-32' ')' '.'],"['B-ORG', 'O', 'B-ORG', 'O', 'O', 'O', 'O', 'O', 'O']",Partizan beat Benetton 97-94 ( halftime 39-32 ) .,"['Partizan(B-ORG)', 'beat(O)', 'Benetton(B-ORG)', '97-94(O)', '((O)', 'halftime(O)', '39-32(O)', ')(O)', '.(O)']",Partizan(B-ORG) beat(O) Benetton(B-ORG) 97-94(O) ((O) halftime(O) 39-32(O) )(O) .(O),"Input: Partizan beat Benetton 97-94 ( halftime 39-32 ) .
Output: Partizan(B-ORG) beat(O) Benetton(B-ORG) 97-94(O) ((O) halftime(O) 39-32(O) )(O) .(O)"
4250,"['Nicaraguan' 'President' 'Violeta' 'Chamorro' 'was' 'due' 'to' 'fly' 'to'
 'the' 'United' 'States' 'on' 'Saturday' 'for' 'a' 'medical' 'check-up'
 'to' 'determine' 'if' 'surgery' 'was' 'needed' 'on' 'the' 'lower' 'part'
 'of' 'her' 'spinal' 'column' ',' 'the' 'government' 'said' 'on' 'Friday'
 '.']","['B-MISC', 'O', 'B-PER', 'I-PER', 'O', 'O', 'O', 'O', 'O', 'O', 'B-LOC', 'I-LOC', 'O', 'O', 'O', 'O', 'O', 'O', 'O', 'O', 'O', 'O', 'O', 'O', 'O', 'O', 'O', 'O', 'O', 'O', 'O', 'O', 'O', 'O', 'O', 'O', 'O', 'O', 'O']","Nicaraguan President Violeta Chamorro was due to fly to the United States on Saturday for a medical check-up to determine if surgery was needed on the lower part of her spinal column , the government said on Friday .","['Nicaraguan(B-MISC)', 'President(O)', 'Violeta(B-PER)', 'Chamorro(I-PER)', 'was(O)', 'due(O)', 'to(O)', 'fly(O)', 'to(O)', 'the(O)', 'United(B-LOC)', 'States(I-LOC)', 'on(O)', 'Saturday(O)', 'for(O)', 'a(O)', 'medical(O)', 'check-up(O)', 'to(O)', 'determine(O)', 'if(O)', 'surgery(O)', 'was(O)', 'needed(O)', 'on(O)', 'the(O)', 'lower(O)', 'part(O)', 'of(O)', 'her(O)', 'spinal(O)', 'column(O)', ',(O)', 'the(O)', 'government(O)', 'said(O)', 'on(O)', 'Friday(O)', '.(O)']","Nicaraguan(B-MISC) President(O) Violeta(B-PER) Chamorro(I-PER) was(O) due(O) to(O) fly(O) to(O) the(O) United(B-LOC) States(I-LOC) on(O) Saturday(O) for(O) a(O) medical(O) check-up(O) to(O) determine(O) if(O) surgery(O) was(O) needed(O) on(O) the(O) lower(O) part(O) of(O) her(O) spinal(O) column(O) ,(O) the(O) government(O) said(O) on(O) Friday(O) .(O)","Input: Nicaraguan President Violeta Chamorro was due to fly to the United States on Saturday for a medical check-up to determine if surgery was needed on the lower part of her spinal column , the government said on Friday .
Output: Nicaraguan(B-MISC) President(O) Violeta(B-PER) Chamorro(I-PER) was(O) due(O) to(O) fly(O) to(O) the(O) United(B-LOC) States(I-LOC) on(O) Saturday(O) for(O) a(O) medical(O) check-up(O) to(O) determine(O) if(O) surgery(O) was(O) needed(O) on(O) the(O) lower(O) part(O) of(O) her(O) spinal(O) column(O) ,(O) the(O) government(O) said(O) on(O) Friday(O) .(O)"
3250,['Orii' '-' '96/97' 'group' 'forecast' '.'],"['B-ORG', 'O', 'O', 'O', 'O', 'O']",Orii - 96/97 group forecast .,"['Orii(B-ORG)', '-(O)', '96/97(O)', 'group(O)', 'forecast(O)', '.(O)']",Orii(B-ORG) -(O) 96/97(O) group(O) forecast(O) .(O),"Input: Orii - 96/97 group forecast .
Output: Orii(B-ORG) -(O) 96/97(O) group(O) forecast(O) .(O)"
3940,"['Nice' '1' '(' 'Debbah' '39th' ')' 'Bastia' '1' '(' 'Drobnjak' '82nd' ')'
 '.']","['B-ORG', 'O', 'O', 'B-PER', 'O', 'O', 'B-ORG', 'O', 'O', 'B-PER', 'O', 'O', 'O']",Nice 1 ( Debbah 39th ) Bastia 1 ( Drobnjak 82nd ) .,"['Nice(B-ORG)', '1(O)', '((O)', 'Debbah(B-PER)', '39th(O)', ')(O)', 'Bastia(B-ORG)', '1(O)', '((O)', 'Drobnjak(B-PER)', '82nd(O)', ')(O)', '.(O)']",Nice(B-ORG) 1(O) ((O) Debbah(B-PER) 39th(O) )(O) Bastia(B-ORG) 1(O) ((O) Drobnjak(B-PER) 82nd(O) )(O) .(O),"Input: Nice 1 ( Debbah 39th ) Bastia 1 ( Drobnjak 82nd ) .
Output: Nice(B-ORG) 1(O) ((O) Debbah(B-PER) 39th(O) )(O) Bastia(B-ORG) 1(O) ((O) Drobnjak(B-PER) 82nd(O) )(O) .(O)"
1177,"['An' 'outbreak' 'of' 'cholera' 'has' 'killed' 'five' 'people' 'in' 'the'
 'central' 'Senegal' 'town' 'of' 'Kaolack' ',' 'where' 'health'
 'authorities' 'have' 'recorded' '291' 'cases' 'since' 'August' '11' ','
 'a' 'medical' 'official' 'said' 'on' 'Thursday' '.']","['O', 'O', 'O', 'O', 'O', 'O', 'O', 'O', 'O', 'O', 'O', 'B-LOC', 'O', 'O', 'B-LOC', 'O', 'O', 'O', 'O', 'O', 'O', 'O', 'O', 'O', 'O', 'O', 'O', 'O', 'O', 'O', 'O', 'O', 'O', 'O']","An outbreak of cholera has killed five people in the central Senegal town of Kaolack , where health authorities have recorded 291 cases since August 11 , a medical official said on Thursday .","['An(O)', 'outbreak(O)', 'of(O)', 'cholera(O)', 'has(O)', 'killed(O)', 'five(O)', 'people(O)', 'in(O)', 'the(O)', 'central(O)', 'Senegal(B-LOC)', 'town(O)', 'of(O)', 'Kaolack(B-LOC)', ',(O)', 'where(O)', 'health(O)', 'authorities(O)', 'have(O)', 'recorded(O)', '291(O)', 'cases(O)', 'since(O)', 'August(O)', '11(O)', ',(O)', 'a(O)', 'medical(O)', 'official(O)', 'said(O)', 'on(O)', 'Thursday(O)', '.(O)']","An(O) outbreak(O) of(O) cholera(O) has(O) killed(O) five(O) people(O) in(O) the(O) central(O) Senegal(B-LOC) town(O) of(O) Kaolack(B-LOC) ,(O) where(O) health(O) authorities(O) have(O) recorded(O) 291(O) cases(O) since(O) August(O) 11(O) ,(O) a(O) medical(O) official(O) said(O) on(O) Thursday(O) .(O)","Input: An outbreak of cholera has killed five people in the central Senegal town of Kaolack , where health authorities have recorded 291 cases since August 11 , a medical official said on Thursday .
Output: An(O) outbreak(O) of(O) cholera(O) has(O) killed(O) five(O) people(O) in(O) the(O) central(O) Senegal(B-LOC) town(O) of(O) Kaolack(B-LOC) ,(O) where(O) health(O) authorities(O) have(O) recorded(O) 291(O) cases(O) since(O) August(O) 11(O) ,(O) a(O) medical(O) official(O) said(O) on(O) Thursday(O) .(O)"
11192,"['Athens' 'and' 'Tirana' 'signed' 'an' 'accord' 'in' 'May' 'to' 'legalise'
 'the' 'status' 'of' 'Albanian' 'immigrant' 'workers' ',' 'estimated' 'at'
 '350,000' ',' 'and' 'remove' 'a' 'long-standing' 'stumbling' 'block' 'in'
 'relations' 'between' 'the' 'two' 'Balkan' 'neighbours' '.']","['B-LOC', 'O', 'B-LOC', 'O', 'O', 'O', 'O', 'O', 'O', 'O', 'O', 'O', 'O', 'B-MISC', 'O', 'O', 'O', 'O', 'O', 'O', 'O', 'O', 'O', 'O', 'O', 'O', 'O', 'O', 'O', 'O', 'O', 'O', 'B-LOC', 'O', 'O']","Athens and Tirana signed an accord in May to legalise the status of Albanian immigrant workers , estimated at 350,000 , and remove a long-standing stumbling block in relations between the two Balkan neighbours .","['Athens(B-LOC)', 'and(O)', 'Tirana(B-LOC)', 'signed(O)', 'an(O)', 'accord(O)', 'in(O)', 'May(O)', 'to(O)', 'legalise(O)', 'the(O)', 'status(O)', 'of(O)', 'Albanian(B-MISC)', 'immigrant(O)', 'workers(O)', ',(O)', 'estimated(O)', 'at(O)', '350,000(O)', ',(O)', 'and(O)', 'remove(O)', 'a(O)', 'long-standing(O)', 'stumbling(O)', 'block(O)', 'in(O)', 'relations(O)', 'between(O)', 'the(O)', 'two(O)', 'Balkan(B-LOC)', 'neighbours(O)', '.(O)']","Athens(B-LOC) and(O) Tirana(B-LOC) signed(O) an(O) accord(O) in(O) May(O) to(O) legalise(O) the(O) status(O) of(O) Albanian(B-MISC) immigrant(O) workers(O) ,(O) estimated(O) at(O) 350,000(O) ,(O) and(O) remove(O) a(O) long-standing(O) stumbling(O) block(O) in(O) relations(O) between(O) the(O) two(O) Balkan(B-LOC) neighbours(O) .(O)","Input: Athens and Tirana signed an accord in May to legalise the status of Albanian immigrant workers , estimated at 350,000 , and remove a long-standing stumbling block in relations between the two Balkan neighbours .
Output: Athens(B-LOC) and(O) Tirana(B-LOC) signed(O) an(O) accord(O) in(O) May(O) to(O) legalise(O) the(O) status(O) of(O) Albanian(B-MISC) immigrant(O) workers(O) ,(O) estimated(O) at(O) 350,000(O) ,(O) and(O) remove(O) a(O) long-standing(O) stumbling(O) block(O) in(O) relations(O) between(O) the(O) two(O) Balkan(B-LOC) neighbours(O) .(O)"
10307,"['Brazil' '-' 'Donizetti' '(' '47th' ')' ',' 'Ronaldo' '(' '85th' ')']","['B-LOC', 'O', 'B-PER', 'O', 'O', 'O', 'O', 'B-PER', 'O', 'O', 'O']","Brazil - Donizetti ( 47th ) , Ronaldo ( 85th )","['Brazil(B-LOC)', '-(O)', 'Donizetti(B-PER)', '((O)', '47th(O)', ')(O)', ',(O)', 'Ronaldo(B-PER)', '((O)', '85th(O)', ')(O)']","Brazil(B-LOC) -(O) Donizetti(B-PER) ((O) 47th(O) )(O) ,(O) Ronaldo(B-PER) ((O) 85th(O) )(O)","Input: Brazil - Donizetti ( 47th ) , Ronaldo ( 85th )
Output: Brazil(B-LOC) -(O) Donizetti(B-PER) ((O) 47th(O) )(O) ,(O) Ronaldo(B-PER) ((O) 85th(O) )(O)"
950,['4.' 'Faroe' 'Islands' '8.56'],"['O', 'B-LOC', 'I-LOC', 'O']",4. Faroe Islands 8.56,"['4.(O)', 'Faroe(B-LOC)', 'Islands(I-LOC)', '8.56(O)']",4.(O) Faroe(B-LOC) Islands(I-LOC) 8.56(O),"Input: 4. Faroe Islands 8.56
Output: 4.(O) Faroe(B-LOC) Islands(I-LOC) 8.56(O)"
8277,['Chesterfield' '1' 'Walsall' '0'],"['B-ORG', 'O', 'B-ORG', 'O']",Chesterfield 1 Walsall 0,"['Chesterfield(B-ORG)', '1(O)', 'Walsall(B-ORG)', '0(O)']",Chesterfield(B-ORG) 1(O) Walsall(B-ORG) 0(O),"Input: Chesterfield 1 Walsall 0
Output: Chesterfield(B-ORG) 1(O) Walsall(B-ORG) 0(O)"
10631,"['11,500' '.']","['O', 'O']","11,500 .","['11,500(O)', '.(O)']","11,500(O) .(O)","Input: 11,500 .
Output: 11,500(O) .(O)"
11577,"['India' ""'s"" 'leading' 'cement' 'firm' 'Associated' 'Cement' 'Companies'
 '(' 'ACC' ')' 'said' 'on' 'Wednesday' 'its' 'cement' 'sales' 'rose' 'to'
 '3.1' 'million' 'tonnes' 'in' 'April-July' '1996' 'from' '2.93' 'million'
 'a' 'year' 'ago' '.']","['B-LOC', 'O', 'O', 'O', 'O', 'B-ORG', 'I-ORG', 'I-ORG', 'O', 'B-ORG', 'O', 'O', 'O', 'O', 'O', 'O', 'O', 'O', 'O', 'O', 'O', 'O', 'O', 'O', 'O', 'O', 'O', 'O', 'O', 'O', 'O', 'O']",India 's leading cement firm Associated Cement Companies ( ACC ) said on Wednesday its cement sales rose to 3.1 million tonnes in April-July 1996 from 2.93 million a year ago .,"['India(B-LOC)', ""'s(O)"", 'leading(O)', 'cement(O)', 'firm(O)', 'Associated(B-ORG)', 'Cement(I-ORG)', 'Companies(I-ORG)', '((O)', 'ACC(B-ORG)', ')(O)', 'said(O)', 'on(O)', 'Wednesday(O)', 'its(O)', 'cement(O)', 'sales(O)', 'rose(O)', 'to(O)', '3.1(O)', 'million(O)', 'tonnes(O)', 'in(O)', 'April-July(O)', '1996(O)', 'from(O)', '2.93(O)', 'million(O)', 'a(O)', 'year(O)', 'ago(O)', '.(O)']",India(B-LOC) 's(O) leading(O) cement(O) firm(O) Associated(B-ORG) Cement(I-ORG) Companies(I-ORG) ((O) ACC(B-ORG) )(O) said(O) on(O) Wednesday(O) its(O) cement(O) sales(O) rose(O) to(O) 3.1(O) million(O) tonnes(O) in(O) April-July(O) 1996(O) from(O) 2.93(O) million(O) a(O) year(O) ago(O) .(O),"Input: India 's leading cement firm Associated Cement Companies ( ACC ) said on Wednesday its cement sales rose to 3.1 million tonnes in April-July 1996 from 2.93 million a year ago .
Output: India(B-LOC) 's(O) leading(O) cement(O) firm(O) Associated(B-ORG) Cement(I-ORG) Companies(I-ORG) ((O) ACC(B-ORG) )(O) said(O) on(O) Wednesday(O) its(O) cement(O) sales(O) rose(O) to(O) 3.1(O) million(O) tonnes(O) in(O) April-July(O) 1996(O) from(O) 2.93(O) million(O) a(O) year(O) ago(O) .(O)"
2273,"['Thomas' 'Gogele' '(' 'Germany' ')' '67' '65' ',' 'Paul' 'Broadhurst'
 '62' '70' ',']","['B-PER', 'I-PER', 'O', 'B-LOC', 'O', 'O', 'O', 'O', 'B-PER', 'I-PER', 'O', 'O', 'O']","Thomas Gogele ( Germany ) 67 65 , Paul Broadhurst 62 70 ,","['Thomas(B-PER)', 'Gogele(I-PER)', '((O)', 'Germany(B-LOC)', ')(O)', '67(O)', '65(O)', ',(O)', 'Paul(B-PER)', 'Broadhurst(I-PER)', '62(O)', '70(O)', ',(O)']","Thomas(B-PER) Gogele(I-PER) ((O) Germany(B-LOC) )(O) 67(O) 65(O) ,(O) Paul(B-PER) Broadhurst(I-PER) 62(O) 70(O) ,(O)","Input: Thomas Gogele ( Germany ) 67 65 , Paul Broadhurst 62 70 ,
Output: Thomas(B-PER) Gogele(I-PER) ((O) Germany(B-LOC) )(O) 67(O) 65(O) ,(O) Paul(B-PER) Broadhurst(I-PER) 62(O) 70(O) ,(O)"
9090,"['The' 'Netherlands' 'government' 'has' 'ruled' 'out' 'paying' 'ransom'
 'money' 'for' 'a' 'Dutch' 'couple' 'kidnapped' 'from' 'their' 'farm' ','
 'while' 'Costa' 'Rican' 'authorities' 'said' 'on' 'Tuesday' 'they' 'had'
 'no' 'leads' 'in' 'the' 'case' '.']","['B-LOC', 'I-LOC', 'O', 'O', 'O', 'O', 'O', 'O', 'O', 'O', 'O', 'B-MISC', 'O', 'O', 'O', 'O', 'O', 'O', 'O', 'B-MISC', 'I-MISC', 'O', 'O', 'O', 'O', 'O', 'O', 'O', 'O', 'O', 'O', 'O', 'O']","The Netherlands government has ruled out paying ransom money for a Dutch couple kidnapped from their farm , while Costa Rican authorities said on Tuesday they had no leads in the case .","['The(B-LOC)', 'Netherlands(I-LOC)', 'government(O)', 'has(O)', 'ruled(O)', 'out(O)', 'paying(O)', 'ransom(O)', 'money(O)', 'for(O)', 'a(O)', 'Dutch(B-MISC)', 'couple(O)', 'kidnapped(O)', 'from(O)', 'their(O)', 'farm(O)', ',(O)', 'while(O)', 'Costa(B-MISC)', 'Rican(I-MISC)', 'authorities(O)', 'said(O)', 'on(O)', 'Tuesday(O)', 'they(O)', 'had(O)', 'no(O)', 'leads(O)', 'in(O)', 'the(O)', 'case(O)', '.(O)']","The(B-LOC) Netherlands(I-LOC) government(O) has(O) ruled(O) out(O) paying(O) ransom(O) money(O) for(O) a(O) Dutch(B-MISC) couple(O) kidnapped(O) from(O) their(O) farm(O) ,(O) while(O) Costa(B-MISC) Rican(I-MISC) authorities(O) said(O) on(O) Tuesday(O) they(O) had(O) no(O) leads(O) in(O) the(O) case(O) .(O)","Input: The Netherlands government has ruled out paying ransom money for a Dutch couple kidnapped from their farm , while Costa Rican authorities said on Tuesday they had no leads in the case .
Output: The(B-LOC) Netherlands(I-LOC) government(O) has(O) ruled(O) out(O) paying(O) ransom(O) money(O) for(O) a(O) Dutch(B-MISC) couple(O) kidnapped(O) from(O) their(O) farm(O) ,(O) while(O) Costa(B-MISC) Rican(I-MISC) authorities(O) said(O) on(O) Tuesday(O) they(O) had(O) no(O) leads(O) in(O) the(O) case(O) .(O)"
3315,['TOKYO' '1996-08-23'],"['B-LOC', 'O']",TOKYO 1996-08-23,"['TOKYO(B-LOC)', '1996-08-23(O)']",TOKYO(B-LOC) 1996-08-23(O),"Input: TOKYO 1996-08-23
Output: TOKYO(B-LOC) 1996-08-23(O)"
3504,"['+5' 'Mark' ""O'Meara"" 'through' '15']","['O', 'B-PER', 'I-PER', 'O', 'O']",+5 Mark O'Meara through 15,"['+5(O)', 'Mark(B-PER)', ""O'Meara(I-PER)"", 'through(O)', '15(O)']",+5(O) Mark(B-PER) O'Meara(I-PER) through(O) 15(O),"Input: +5 Mark O'Meara through 15
Output: +5(O) Mark(B-PER) O'Meara(I-PER) through(O) 15(O)"
9105,"['A' 'swell' 'of' 'protest' 'is' 'growing' 'within' 'Venezuela' ""'s""
 'trade' 'unions' 'at' 'the' 'proposed' 'year-end' 'privatization' 'of'
 'the' 'state-owned' 'holding' 'company' 'Corporacion' 'Venezolana' 'de'
 'Guayana' '(' 'CVG' ')' ',' 'CVG' 'union' 'leaders' 'said' 'Tuesday' '.']","['O', 'O', 'O', 'O', 'O', 'O', 'O', 'B-LOC', 'O', 'O', 'O', 'O', 'O', 'O', 'O', 'O', 'O', 'O', 'O', 'O', 'O', 'B-ORG', 'I-ORG', 'I-ORG', 'I-ORG', 'O', 'B-ORG', 'O', 'O', 'B-ORG', 'O', 'O', 'O', 'O', 'O']","A swell of protest is growing within Venezuela 's trade unions at the proposed year-end privatization of the state-owned holding company Corporacion Venezolana de Guayana ( CVG ) , CVG union leaders said Tuesday .","['A(O)', 'swell(O)', 'of(O)', 'protest(O)', 'is(O)', 'growing(O)', 'within(O)', 'Venezuela(B-LOC)', ""'s(O)"", 'trade(O)', 'unions(O)', 'at(O)', 'the(O)', 'proposed(O)', 'year-end(O)', 'privatization(O)', 'of(O)', 'the(O)', 'state-owned(O)', 'holding(O)', 'company(O)', 'Corporacion(B-ORG)', 'Venezolana(I-ORG)', 'de(I-ORG)', 'Guayana(I-ORG)', '((O)', 'CVG(B-ORG)', ')(O)', ',(O)', 'CVG(B-ORG)', 'union(O)', 'leaders(O)', 'said(O)', 'Tuesday(O)', '.(O)']","A(O) swell(O) of(O) protest(O) is(O) growing(O) within(O) Venezuela(B-LOC) 's(O) trade(O) unions(O) at(O) the(O) proposed(O) year-end(O) privatization(O) of(O) the(O) state-owned(O) holding(O) company(O) Corporacion(B-ORG) Venezolana(I-ORG) de(I-ORG) Guayana(I-ORG) ((O) CVG(B-ORG) )(O) ,(O) CVG(B-ORG) union(O) leaders(O) said(O) Tuesday(O) .(O)","Input: A swell of protest is growing within Venezuela 's trade unions at the proposed year-end privatization of the state-owned holding company Corporacion Venezolana de Guayana ( CVG ) , CVG union leaders said Tuesday .
Output: A(O) swell(O) of(O) protest(O) is(O) growing(O) within(O) Venezuela(B-LOC) 's(O) trade(O) unions(O) at(O) the(O) proposed(O) year-end(O) privatization(O) of(O) the(O) state-owned(O) holding(O) company(O) Corporacion(B-ORG) Venezolana(I-ORG) de(I-ORG) Guayana(I-ORG) ((O) CVG(B-ORG) )(O) ,(O) CVG(B-ORG) union(O) leaders(O) said(O) Tuesday(O) .(O)"
3722,"['7' '-' 'Todd' 'Martin' '(' 'U.S.' ')' 'beat' 'Alex' ""O'Brien"" '(' 'U.S.'
 ')' '6-4' '6-4']","['O', 'O', 'B-PER', 'I-PER', 'O', 'B-LOC', 'O', 'O', 'B-PER', 'I-PER', 'O', 'B-LOC', 'O', 'O', 'O']",7 - Todd Martin ( U.S. ) beat Alex O'Brien ( U.S. ) 6-4 6-4,"['7(O)', '-(O)', 'Todd(B-PER)', 'Martin(I-PER)', '((O)', 'U.S.(B-LOC)', ')(O)', 'beat(O)', 'Alex(B-PER)', ""O'Brien(I-PER)"", '((O)', 'U.S.(B-LOC)', ')(O)', '6-4(O)', '6-4(O)']",7(O) -(O) Todd(B-PER) Martin(I-PER) ((O) U.S.(B-LOC) )(O) beat(O) Alex(B-PER) O'Brien(I-PER) ((O) U.S.(B-LOC) )(O) 6-4(O) 6-4(O),"Input: 7 - Todd Martin ( U.S. ) beat Alex O'Brien ( U.S. ) 6-4 6-4
Output: 7(O) -(O) Todd(B-PER) Martin(I-PER) ((O) U.S.(B-LOC) )(O) beat(O) Alex(B-PER) O'Brien(I-PER) ((O) U.S.(B-LOC) )(O) 6-4(O) 6-4(O)"
254,['Operating' 'Income' '906' '962' '599' '515'],"['O', 'O', 'O', 'O', 'O', 'O']",Operating Income 906 962 599 515,"['Operating(O)', 'Income(O)', '906(O)', '962(O)', '599(O)', '515(O)']",Operating(O) Income(O) 906(O) 962(O) 599(O) 515(O),"Input: Operating Income 906 962 599 515
Output: Operating(O) Income(O) 906(O) 962(O) 599(O) 515(O)"
12047,['Dividend' 'payable' 'October' '8'],"['O', 'O', 'O', 'O']",Dividend payable October 8,"['Dividend(O)', 'payable(O)', 'October(O)', '8(O)']",Dividend(O) payable(O) October(O) 8(O),"Input: Dividend payable October 8
Output: Dividend(O) payable(O) October(O) 8(O)"
13351,"['A' 'strong' 'set' 'of' 'interim' 'results' 'and' 'an' 'upbeat' 'outlook'
 'from' 'Slough' 'Estates' 'Plc' 'helped' 'to' 'boost' 'the' 'property'
 'sector' 'on' 'Thursday' '.']","['O', 'O', 'O', 'O', 'O', 'O', 'O', 'O', 'O', 'O', 'O', 'B-ORG', 'I-ORG', 'I-ORG', 'O', 'O', 'O', 'O', 'O', 'O', 'O', 'O', 'O']",A strong set of interim results and an upbeat outlook from Slough Estates Plc helped to boost the property sector on Thursday .,"['A(O)', 'strong(O)', 'set(O)', 'of(O)', 'interim(O)', 'results(O)', 'and(O)', 'an(O)', 'upbeat(O)', 'outlook(O)', 'from(O)', 'Slough(B-ORG)', 'Estates(I-ORG)', 'Plc(I-ORG)', 'helped(O)', 'to(O)', 'boost(O)', 'the(O)', 'property(O)', 'sector(O)', 'on(O)', 'Thursday(O)', '.(O)']",A(O) strong(O) set(O) of(O) interim(O) results(O) and(O) an(O) upbeat(O) outlook(O) from(O) Slough(B-ORG) Estates(I-ORG) Plc(I-ORG) helped(O) to(O) boost(O) the(O) property(O) sector(O) on(O) Thursday(O) .(O),"Input: A strong set of interim results and an upbeat outlook from Slough Estates Plc helped to boost the property sector on Thursday .
Output: A(O) strong(O) set(O) of(O) interim(O) results(O) and(O) an(O) upbeat(O) outlook(O) from(O) Slough(B-ORG) Estates(I-ORG) Plc(I-ORG) helped(O) to(O) boost(O) the(O) property(O) sector(O) on(O) Thursday(O) .(O)"
10602,['Lucchese' '1' 'Vicenza' '2'],"['B-ORG', 'O', 'B-ORG', 'O']",Lucchese 1 Vicenza 2,"['Lucchese(B-ORG)', '1(O)', 'Vicenza(B-ORG)', '2(O)']",Lucchese(B-ORG) 1(O) Vicenza(B-ORG) 2(O),"Input: Lucchese 1 Vicenza 2
Output: Lucchese(B-ORG) 1(O) Vicenza(B-ORG) 2(O)"
11105,['NAIROBI' '1996-08-28'],"['B-LOC', 'O']",NAIROBI 1996-08-28,"['NAIROBI(B-LOC)', '1996-08-28(O)']",NAIROBI(B-LOC) 1996-08-28(O),"Input: NAIROBI 1996-08-28
Output: NAIROBI(B-LOC) 1996-08-28(O)"
1322,"['He' 'also' 'manages' 'and' 'occasionally' 'plays' 'for' 'one' 'of' 'the'
 'leading' 'local' 'soccer' 'teams' '.']","['O', 'O', 'O', 'O', 'O', 'O', 'O', 'O', 'O', 'O', 'O', 'O', 'O', 'O', 'O']",He also manages and occasionally plays for one of the leading local soccer teams .,"['He(O)', 'also(O)', 'manages(O)', 'and(O)', 'occasionally(O)', 'plays(O)', 'for(O)', 'one(O)', 'of(O)', 'the(O)', 'leading(O)', 'local(O)', 'soccer(O)', 'teams(O)', '.(O)']",He(O) also(O) manages(O) and(O) occasionally(O) plays(O) for(O) one(O) of(O) the(O) leading(O) local(O) soccer(O) teams(O) .(O),"Input: He also manages and occasionally plays for one of the leading local soccer teams .
Output: He(O) also(O) manages(O) and(O) occasionally(O) plays(O) for(O) one(O) of(O) the(O) leading(O) local(O) soccer(O) teams(O) .(O)"
4887,['Standings' ':'],"['O', 'O']",Standings :,"['Standings(O)', ':(O)']",Standings(O) :(O),"Input: Standings :
Output: Standings(O) :(O)"
2384,['1.' 'Regina' 'Jacobs' '(' 'U.S.' ')' '4' 'minutes' '01.77' 'seconds'],"['O', 'B-PER', 'I-PER', 'O', 'B-LOC', 'O', 'O', 'O', 'O', 'O']",1. Regina Jacobs ( U.S. ) 4 minutes 01.77 seconds,"['1.(O)', 'Regina(B-PER)', 'Jacobs(I-PER)', '((O)', 'U.S.(B-LOC)', ')(O)', '4(O)', 'minutes(O)', '01.77(O)', 'seconds(O)']",1.(O) Regina(B-PER) Jacobs(I-PER) ((O) U.S.(B-LOC) )(O) 4(O) minutes(O) 01.77(O) seconds(O),"Input: 1. Regina Jacobs ( U.S. ) 4 minutes 01.77 seconds
Output: 1.(O) Regina(B-PER) Jacobs(I-PER) ((O) U.S.(B-LOC) )(O) 4(O) minutes(O) 01.77(O) seconds(O)"
6171,"['Hundreds' 'of' 'police' 'raided' 'the' 'Dhaka' 'university' 'on'
 'Sunday' ',' 'arresting' 'nearly' '30' 'outsiders' 'who' 'had' 'been'
 'living' 'in' 'student' 'dormitories' 'and' 'seizing' 'weapons' ','
 'university' 'officials' 'said' '.']","['O', 'O', 'O', 'O', 'O', 'B-LOC', 'O', 'O', 'O', 'O', 'O', 'O', 'O', 'O', 'O', 'O', 'O', 'O', 'O', 'O', 'O', 'O', 'O', 'O', 'O', 'O', 'O', 'O', 'O']","Hundreds of police raided the Dhaka university on Sunday , arresting nearly 30 outsiders who had been living in student dormitories and seizing weapons , university officials said .","['Hundreds(O)', 'of(O)', 'police(O)', 'raided(O)', 'the(O)', 'Dhaka(B-LOC)', 'university(O)', 'on(O)', 'Sunday(O)', ',(O)', 'arresting(O)', 'nearly(O)', '30(O)', 'outsiders(O)', 'who(O)', 'had(O)', 'been(O)', 'living(O)', 'in(O)', 'student(O)', 'dormitories(O)', 'and(O)', 'seizing(O)', 'weapons(O)', ',(O)', 'university(O)', 'officials(O)', 'said(O)', '.(O)']","Hundreds(O) of(O) police(O) raided(O) the(O) Dhaka(B-LOC) university(O) on(O) Sunday(O) ,(O) arresting(O) nearly(O) 30(O) outsiders(O) who(O) had(O) been(O) living(O) in(O) student(O) dormitories(O) and(O) seizing(O) weapons(O) ,(O) university(O) officials(O) said(O) .(O)","Input: Hundreds of police raided the Dhaka university on Sunday , arresting nearly 30 outsiders who had been living in student dormitories and seizing weapons , university officials said .
Output: Hundreds(O) of(O) police(O) raided(O) the(O) Dhaka(B-LOC) university(O) on(O) Sunday(O) ,(O) arresting(O) nearly(O) 30(O) outsiders(O) who(O) had(O) been(O) living(O) in(O) student(O) dormitories(O) and(O) seizing(O) weapons(O) ,(O) university(O) officials(O) said(O) .(O)"
12532,['CALIFORNIA' '61' '72' '.459' '14'],"['B-ORG', 'O', 'O', 'O', 'O']",CALIFORNIA 61 72 .459 14,"['CALIFORNIA(B-ORG)', '61(O)', '72(O)', '.459(O)', '14(O)']",CALIFORNIA(B-ORG) 61(O) 72(O) .459(O) 14(O),"Input: CALIFORNIA 61 72 .459 14
Output: CALIFORNIA(B-ORG) 61(O) 72(O) .459(O) 14(O)"
5850,['West' 'Coast' '24' '.'],"['B-ORG', 'I-ORG', 'O', 'O']",West Coast 24 .,"['West(B-ORG)', 'Coast(I-ORG)', '24(O)', '.(O)']",West(B-ORG) Coast(I-ORG) 24(O) .(O),"Input: West Coast 24 .
Output: West(B-ORG) Coast(I-ORG) 24(O) .(O)"
11186,"['--' 'Julie' 'Tolkacheva' ',' 'Moscow' 'Newsroom' ',' '+7095' '941'
 '8520']","['O', 'B-PER', 'I-PER', 'O', 'B-ORG', 'I-ORG', 'O', 'O', 'O', 'O']","-- Julie Tolkacheva , Moscow Newsroom , +7095 941 8520","['--(O)', 'Julie(B-PER)', 'Tolkacheva(I-PER)', ',(O)', 'Moscow(B-ORG)', 'Newsroom(I-ORG)', ',(O)', '+7095(O)', '941(O)', '8520(O)']","--(O) Julie(B-PER) Tolkacheva(I-PER) ,(O) Moscow(B-ORG) Newsroom(I-ORG) ,(O) +7095(O) 941(O) 8520(O)","Input: -- Julie Tolkacheva , Moscow Newsroom , +7095 941 8520
Output: --(O) Julie(B-PER) Tolkacheva(I-PER) ,(O) Moscow(B-ORG) Newsroom(I-ORG) ,(O) +7095(O) 941(O) 8520(O)"
4601,['6.' 'Erik' 'Camerlengo' '(' 'Italy' ')' 'Yamaha'],"['O', 'B-PER', 'I-PER', 'O', 'B-LOC', 'O', 'B-ORG']",6. Erik Camerlengo ( Italy ) Yamaha,"['6.(O)', 'Erik(B-PER)', 'Camerlengo(I-PER)', '((O)', 'Italy(B-LOC)', ')(O)', 'Yamaha(B-ORG)']",6.(O) Erik(B-PER) Camerlengo(I-PER) ((O) Italy(B-LOC) )(O) Yamaha(B-ORG),"Input: 6. Erik Camerlengo ( Italy ) Yamaha
Output: 6.(O) Erik(B-PER) Camerlengo(I-PER) ((O) Italy(B-LOC) )(O) Yamaha(B-ORG)"
5183,['Chernomorets' 'Novorossiisk' '2' 'Rostselmash' 'Rostov' '1'],"['B-ORG', 'I-ORG', 'O', 'B-ORG', 'I-ORG', 'O']",Chernomorets Novorossiisk 2 Rostselmash Rostov 1,"['Chernomorets(B-ORG)', 'Novorossiisk(I-ORG)', '2(O)', 'Rostselmash(B-ORG)', 'Rostov(I-ORG)', '1(O)']",Chernomorets(B-ORG) Novorossiisk(I-ORG) 2(O) Rostselmash(B-ORG) Rostov(I-ORG) 1(O),"Input: Chernomorets Novorossiisk 2 Rostselmash Rostov 1
Output: Chernomorets(B-ORG) Novorossiisk(I-ORG) 2(O) Rostselmash(B-ORG) Rostov(I-ORG) 1(O)"
12126,"['German' 'authorities' 'could' 'not' 'immediately' 'be' 'reached' 'for'
 'comment' '.']","['B-MISC', 'O', 'O', 'O', 'O', 'O', 'O', 'O', 'O', 'O']",German authorities could not immediately be reached for comment .,"['German(B-MISC)', 'authorities(O)', 'could(O)', 'not(O)', 'immediately(O)', 'be(O)', 'reached(O)', 'for(O)', 'comment(O)', '.(O)']",German(B-MISC) authorities(O) could(O) not(O) immediately(O) be(O) reached(O) for(O) comment(O) .(O),"Input: German authorities could not immediately be reached for comment .
Output: German(B-MISC) authorities(O) could(O) not(O) immediately(O) be(O) reached(O) for(O) comment(O) .(O)"
10849,"['Did' 'not' 'bat' ':' 'A.' 'Kumble' ',' 'N.' 'Mongia' ',' 'V.' 'Prasad'
 ',' 'A.' 'Kapoor' '.']","['O', 'O', 'O', 'O', 'B-PER', 'I-PER', 'O', 'B-PER', 'I-PER', 'O', 'B-PER', 'I-PER', 'O', 'B-PER', 'I-PER', 'O']","Did not bat : A. Kumble , N. Mongia , V. Prasad , A. Kapoor .","['Did(O)', 'not(O)', 'bat(O)', ':(O)', 'A.(B-PER)', 'Kumble(I-PER)', ',(O)', 'N.(B-PER)', 'Mongia(I-PER)', ',(O)', 'V.(B-PER)', 'Prasad(I-PER)', ',(O)', 'A.(B-PER)', 'Kapoor(I-PER)', '.(O)']","Did(O) not(O) bat(O) :(O) A.(B-PER) Kumble(I-PER) ,(O) N.(B-PER) Mongia(I-PER) ,(O) V.(B-PER) Prasad(I-PER) ,(O) A.(B-PER) Kapoor(I-PER) .(O)","Input: Did not bat : A. Kumble , N. Mongia , V. Prasad , A. Kapoor .
Output: Did(O) not(O) bat(O) :(O) A.(B-PER) Kumble(I-PER) ,(O) N.(B-PER) Mongia(I-PER) ,(O) V.(B-PER) Prasad(I-PER) ,(O) A.(B-PER) Kapoor(I-PER) .(O)"
6280,"['The' 'deal' 'is' 'expected' 'to' 'close' 'by' 'the' 'first' 'quarter'
 'of' '1997' ',' 'subject' 'to' 'regulatory' 'approval' '.']","['O', 'O', 'O', 'O', 'O', 'O', 'O', 'O', 'O', 'O', 'O', 'O', 'O', 'O', 'O', 'O', 'O', 'O']","The deal is expected to close by the first quarter of 1997 , subject to regulatory approval .","['The(O)', 'deal(O)', 'is(O)', 'expected(O)', 'to(O)', 'close(O)', 'by(O)', 'the(O)', 'first(O)', 'quarter(O)', 'of(O)', '1997(O)', ',(O)', 'subject(O)', 'to(O)', 'regulatory(O)', 'approval(O)', '.(O)']","The(O) deal(O) is(O) expected(O) to(O) close(O) by(O) the(O) first(O) quarter(O) of(O) 1997(O) ,(O) subject(O) to(O) regulatory(O) approval(O) .(O)","Input: The deal is expected to close by the first quarter of 1997 , subject to regulatory approval .
Output: The(O) deal(O) is(O) expected(O) to(O) close(O) by(O) the(O) first(O) quarter(O) of(O) 1997(O) ,(O) subject(O) to(O) regulatory(O) approval(O) .(O)"
2701,"['The' 'club' ',' 'founded' 'in' '1961' ',' 'has' 'a' 'loyal' 'following'
 'in' 'Taibe' ',' 'an' 'Arab' 'town' 'of' '28,000' 'in' 'the' 'heart' 'of'
 'Israel' '.']","['O', 'O', 'O', 'O', 'O', 'O', 'O', 'O', 'O', 'O', 'O', 'O', 'B-LOC', 'O', 'O', 'B-MISC', 'O', 'O', 'O', 'O', 'O', 'O', 'O', 'B-LOC', 'O']","The club , founded in 1961 , has a loyal following in Taibe , an Arab town of 28,000 in the heart of Israel .","['The(O)', 'club(O)', ',(O)', 'founded(O)', 'in(O)', '1961(O)', ',(O)', 'has(O)', 'a(O)', 'loyal(O)', 'following(O)', 'in(O)', 'Taibe(B-LOC)', ',(O)', 'an(O)', 'Arab(B-MISC)', 'town(O)', 'of(O)', '28,000(O)', 'in(O)', 'the(O)', 'heart(O)', 'of(O)', 'Israel(B-LOC)', '.(O)']","The(O) club(O) ,(O) founded(O) in(O) 1961(O) ,(O) has(O) a(O) loyal(O) following(O) in(O) Taibe(B-LOC) ,(O) an(O) Arab(B-MISC) town(O) of(O) 28,000(O) in(O) the(O) heart(O) of(O) Israel(B-LOC) .(O)","Input: The club , founded in 1961 , has a loyal following in Taibe , an Arab town of 28,000 in the heart of Israel .
Output: The(O) club(O) ,(O) founded(O) in(O) 1961(O) ,(O) has(O) a(O) loyal(O) following(O) in(O) Taibe(B-LOC) ,(O) an(O) Arab(B-MISC) town(O) of(O) 28,000(O) in(O) the(O) heart(O) of(O) Israel(B-LOC) .(O)"
13694,"['""' 'Our' 'trend' 'growth' 'rate' 'of' 'five' 'percent' 'in' 'real'
 'terms' 'is' 'pretty' 'solid' ',' '""' 'Tsang' 'told' 'a' 'news'
 'conference' 'after' 'meeting' 'New' 'Zealand' 'Finance' 'Minister'
 'Bill' 'Birch' '.']","['O', 'O', 'O', 'O', 'O', 'O', 'O', 'O', 'O', 'O', 'O', 'O', 'O', 'O', 'O', 'O', 'B-PER', 'O', 'O', 'O', 'O', 'O', 'O', 'B-LOC', 'I-LOC', 'O', 'O', 'B-PER', 'I-PER', 'O']",""" Our trend growth rate of five percent in real terms is pretty solid , "" Tsang told a news conference after meeting New Zealand Finance Minister Bill Birch .","['""(O)', 'Our(O)', 'trend(O)', 'growth(O)', 'rate(O)', 'of(O)', 'five(O)', 'percent(O)', 'in(O)', 'real(O)', 'terms(O)', 'is(O)', 'pretty(O)', 'solid(O)', ',(O)', '""(O)', 'Tsang(B-PER)', 'told(O)', 'a(O)', 'news(O)', 'conference(O)', 'after(O)', 'meeting(O)', 'New(B-LOC)', 'Zealand(I-LOC)', 'Finance(O)', 'Minister(O)', 'Bill(B-PER)', 'Birch(I-PER)', '.(O)']","""(O) Our(O) trend(O) growth(O) rate(O) of(O) five(O) percent(O) in(O) real(O) terms(O) is(O) pretty(O) solid(O) ,(O) ""(O) Tsang(B-PER) told(O) a(O) news(O) conference(O) after(O) meeting(O) New(B-LOC) Zealand(I-LOC) Finance(O) Minister(O) Bill(B-PER) Birch(I-PER) .(O)","Input: "" Our trend growth rate of five percent in real terms is pretty solid , "" Tsang told a news conference after meeting New Zealand Finance Minister Bill Birch .
Output: ""(O) Our(O) trend(O) growth(O) rate(O) of(O) five(O) percent(O) in(O) real(O) terms(O) is(O) pretty(O) solid(O) ,(O) ""(O) Tsang(B-PER) told(O) a(O) news(O) conference(O) after(O) meeting(O) New(B-LOC) Zealand(I-LOC) Finance(O) Minister(O) Bill(B-PER) Birch(I-PER) .(O)"
13512,"['""' 'These' '(' 'writings' ')' 'are' 'not' 'only' 'poetic' 'but' 'a'
 'linguistic' 'treasure' 'trove' '.']","['O', 'O', 'O', 'O', 'O', 'O', 'O', 'O', 'O', 'O', 'O', 'O', 'O', 'O', 'O']",""" These ( writings ) are not only poetic but a linguistic treasure trove .","['""(O)', 'These(O)', '((O)', 'writings(O)', ')(O)', 'are(O)', 'not(O)', 'only(O)', 'poetic(O)', 'but(O)', 'a(O)', 'linguistic(O)', 'treasure(O)', 'trove(O)', '.(O)']","""(O) These(O) ((O) writings(O) )(O) are(O) not(O) only(O) poetic(O) but(O) a(O) linguistic(O) treasure(O) trove(O) .(O)","Input: "" These ( writings ) are not only poetic but a linguistic treasure trove .
Output: ""(O) These(O) ((O) writings(O) )(O) are(O) not(O) only(O) poetic(O) but(O) a(O) linguistic(O) treasure(O) trove(O) .(O)"
4834,['3.' 'Kocinski' '254'],"['O', 'B-PER', 'O']",3. Kocinski 254,"['3.(O)', 'Kocinski(B-PER)', '254(O)']",3.(O) Kocinski(B-PER) 254(O),"Input: 3. Kocinski 254
Output: 3.(O) Kocinski(B-PER) 254(O)"
1864,"['England' 'batsman' 'John' 'Crawley' 'was' 'forced' 'to' 'endure' 'a'
 'frustrating' 'delay' 'of' 'over' 'three' 'hours' 'before' 'resuming'
 'his' 'quest' 'for' 'a' 'maiden' 'test' 'century' 'in' 'the' 'third'
 'test' 'against' 'Pakistan' 'on' 'Friday' '.']","['B-LOC', 'O', 'B-PER', 'I-PER', 'O', 'O', 'O', 'O', 'O', 'O', 'O', 'O', 'O', 'O', 'O', 'O', 'O', 'O', 'O', 'O', 'O', 'O', 'O', 'O', 'O', 'O', 'O', 'O', 'O', 'B-LOC', 'O', 'O', 'O']",England batsman John Crawley was forced to endure a frustrating delay of over three hours before resuming his quest for a maiden test century in the third test against Pakistan on Friday .,"['England(B-LOC)', 'batsman(O)', 'John(B-PER)', 'Crawley(I-PER)', 'was(O)', 'forced(O)', 'to(O)', 'endure(O)', 'a(O)', 'frustrating(O)', 'delay(O)', 'of(O)', 'over(O)', 'three(O)', 'hours(O)', 'before(O)', 'resuming(O)', 'his(O)', 'quest(O)', 'for(O)', 'a(O)', 'maiden(O)', 'test(O)', 'century(O)', 'in(O)', 'the(O)', 'third(O)', 'test(O)', 'against(O)', 'Pakistan(B-LOC)', 'on(O)', 'Friday(O)', '.(O)']",England(B-LOC) batsman(O) John(B-PER) Crawley(I-PER) was(O) forced(O) to(O) endure(O) a(O) frustrating(O) delay(O) of(O) over(O) three(O) hours(O) before(O) resuming(O) his(O) quest(O) for(O) a(O) maiden(O) test(O) century(O) in(O) the(O) third(O) test(O) against(O) Pakistan(B-LOC) on(O) Friday(O) .(O),"Input: England batsman John Crawley was forced to endure a frustrating delay of over three hours before resuming his quest for a maiden test century in the third test against Pakistan on Friday .
Output: England(B-LOC) batsman(O) John(B-PER) Crawley(I-PER) was(O) forced(O) to(O) endure(O) a(O) frustrating(O) delay(O) of(O) over(O) three(O) hours(O) before(O) resuming(O) his(O) quest(O) for(O) a(O) maiden(O) test(O) century(O) in(O) the(O) third(O) test(O) against(O) Pakistan(B-LOC) on(O) Friday(O) .(O)"
5586,"['2.' 'Colin' 'Montgomerie' '429,449']","['O', 'B-PER', 'I-PER', 'O']","2. Colin Montgomerie 429,449","['2.(O)', 'Colin(B-PER)', 'Montgomerie(I-PER)', '429,449(O)']","2.(O) Colin(B-PER) Montgomerie(I-PER) 429,449(O)","Input: 2. Colin Montgomerie 429,449
Output: 2.(O) Colin(B-PER) Montgomerie(I-PER) 429,449(O)"
3016,"['A' 'consortium' 'of' 'telephone' 'companies' 'and' 'The' 'Walt' 'Disney'
 'Co' '.']","['O', 'O', 'O', 'O', 'O', 'O', 'B-ORG', 'I-ORG', 'I-ORG', 'I-ORG', 'O']",A consortium of telephone companies and The Walt Disney Co .,"['A(O)', 'consortium(O)', 'of(O)', 'telephone(O)', 'companies(O)', 'and(O)', 'The(B-ORG)', 'Walt(I-ORG)', 'Disney(I-ORG)', 'Co(I-ORG)', '.(O)']",A(O) consortium(O) of(O) telephone(O) companies(O) and(O) The(B-ORG) Walt(I-ORG) Disney(I-ORG) Co(I-ORG) .(O),"Input: A consortium of telephone companies and The Walt Disney Co .
Output: A(O) consortium(O) of(O) telephone(O) companies(O) and(O) The(B-ORG) Walt(I-ORG) Disney(I-ORG) Co(I-ORG) .(O)"
5482,"['The' 'scored' 'stayed' 'level' 'to' 'the' 'final' 'minutes' 'but' 'with'
 'a' 'penalty' 'shoot' 'out' 'looming' ',' 'Batistuta' 'took' 'charge' '.']","['O', 'O', 'O', 'O', 'O', 'O', 'O', 'O', 'O', 'O', 'O', 'O', 'O', 'O', 'O', 'O', 'B-PER', 'O', 'O', 'O']","The scored stayed level to the final minutes but with a penalty shoot out looming , Batistuta took charge .","['The(O)', 'scored(O)', 'stayed(O)', 'level(O)', 'to(O)', 'the(O)', 'final(O)', 'minutes(O)', 'but(O)', 'with(O)', 'a(O)', 'penalty(O)', 'shoot(O)', 'out(O)', 'looming(O)', ',(O)', 'Batistuta(B-PER)', 'took(O)', 'charge(O)', '.(O)']","The(O) scored(O) stayed(O) level(O) to(O) the(O) final(O) minutes(O) but(O) with(O) a(O) penalty(O) shoot(O) out(O) looming(O) ,(O) Batistuta(B-PER) took(O) charge(O) .(O)","Input: The scored stayed level to the final minutes but with a penalty shoot out looming , Batistuta took charge .
Output: The(O) scored(O) stayed(O) level(O) to(O) the(O) final(O) minutes(O) but(O) with(O) a(O) penalty(O) shoot(O) out(O) looming(O) ,(O) Batistuta(B-PER) took(O) charge(O) .(O)"
9702,['But' 'she' 'said' 'more' 'had' 'to' 'be' 'done' '.'],"['O', 'O', 'O', 'O', 'O', 'O', 'O', 'O', 'O']",But she said more had to be done .,"['But(O)', 'she(O)', 'said(O)', 'more(O)', 'had(O)', 'to(O)', 'be(O)', 'done(O)', '.(O)']",But(O) she(O) said(O) more(O) had(O) to(O) be(O) done(O) .(O),"Input: But she said more had to be done .
Output: But(O) she(O) said(O) more(O) had(O) to(O) be(O) done(O) .(O)"
9025,['Thompson' 'has' 'denied' 'the' 'charges' '.'],"['B-PER', 'O', 'O', 'O', 'O', 'O']",Thompson has denied the charges .,"['Thompson(B-PER)', 'has(O)', 'denied(O)', 'the(O)', 'charges(O)', '.(O)']",Thompson(B-PER) has(O) denied(O) the(O) charges(O) .(O),"Input: Thompson has denied the charges .
Output: Thompson(B-PER) has(O) denied(O) the(O) charges(O) .(O)"
7862,['Dutch' 'closing' 'share' 'market' 'report' '.'],"['B-MISC', 'O', 'O', 'O', 'O', 'O']",Dutch closing share market report .,"['Dutch(B-MISC)', 'closing(O)', 'share(O)', 'market(O)', 'report(O)', '.(O)']",Dutch(B-MISC) closing(O) share(O) market(O) report(O) .(O),"Input: Dutch closing share market report .
Output: Dutch(B-MISC) closing(O) share(O) market(O) report(O) .(O)"
5806,['Parramatta' '21' '10' '1' '10' '388' '391' '21'],"['B-ORG', 'O', 'O', 'O', 'O', 'O', 'O', 'O']",Parramatta 21 10 1 10 388 391 21,"['Parramatta(B-ORG)', '21(O)', '10(O)', '1(O)', '10(O)', '388(O)', '391(O)', '21(O)']",Parramatta(B-ORG) 21(O) 10(O) 1(O) 10(O) 388(O) 391(O) 21(O),"Input: Parramatta 21 10 1 10 388 391 21
Output: Parramatta(B-ORG) 21(O) 10(O) 1(O) 10(O) 388(O) 391(O) 21(O)"
3573,['English' 'County' 'Championship' 'cricket' 'matches' 'on' 'Saturday' ':'],"['B-MISC', 'I-MISC', 'I-MISC', 'O', 'O', 'O', 'O', 'O']",English County Championship cricket matches on Saturday :,"['English(B-MISC)', 'County(I-MISC)', 'Championship(I-MISC)', 'cricket(O)', 'matches(O)', 'on(O)', 'Saturday(O)', ':(O)']",English(B-MISC) County(I-MISC) Championship(I-MISC) cricket(O) matches(O) on(O) Saturday(O) :(O),"Input: English County Championship cricket matches on Saturday :
Output: English(B-MISC) County(I-MISC) Championship(I-MISC) cricket(O) matches(O) on(O) Saturday(O) :(O)"
9130,"['Under' 'the' 'plan' ',' 'the' 'federal' 'government' 'would' 'provide'
 '100' 'percent' 'of' 'the' 'financing' 'needed' 'to' 'restructure' 'debt'
 'of' 'state' 'banks' 'being' 'privatized' ',' 'liquidated' 'or' 'turned'
 'into' 'development' 'banks' '.']","['O', 'O', 'O', 'O', 'O', 'O', 'O', 'O', 'O', 'O', 'O', 'O', 'O', 'O', 'O', 'O', 'O', 'O', 'O', 'O', 'O', 'O', 'O', 'O', 'O', 'O', 'O', 'O', 'O', 'O', 'O']","Under the plan , the federal government would provide 100 percent of the financing needed to restructure debt of state banks being privatized , liquidated or turned into development banks .","['Under(O)', 'the(O)', 'plan(O)', ',(O)', 'the(O)', 'federal(O)', 'government(O)', 'would(O)', 'provide(O)', '100(O)', 'percent(O)', 'of(O)', 'the(O)', 'financing(O)', 'needed(O)', 'to(O)', 'restructure(O)', 'debt(O)', 'of(O)', 'state(O)', 'banks(O)', 'being(O)', 'privatized(O)', ',(O)', 'liquidated(O)', 'or(O)', 'turned(O)', 'into(O)', 'development(O)', 'banks(O)', '.(O)']","Under(O) the(O) plan(O) ,(O) the(O) federal(O) government(O) would(O) provide(O) 100(O) percent(O) of(O) the(O) financing(O) needed(O) to(O) restructure(O) debt(O) of(O) state(O) banks(O) being(O) privatized(O) ,(O) liquidated(O) or(O) turned(O) into(O) development(O) banks(O) .(O)","Input: Under the plan , the federal government would provide 100 percent of the financing needed to restructure debt of state banks being privatized , liquidated or turned into development banks .
Output: Under(O) the(O) plan(O) ,(O) the(O) federal(O) government(O) would(O) provide(O) 100(O) percent(O) of(O) the(O) financing(O) needed(O) to(O) restructure(O) debt(O) of(O) state(O) banks(O) being(O) privatized(O) ,(O) liquidated(O) or(O) turned(O) into(O) development(O) banks(O) .(O)"
104,"['Syria' 'accused' 'Israel' 'on' 'Wednesday' 'of' 'launching' 'a'
 'hysterical' 'campaign' 'against' 'it' 'after' 'Israeli' 'television'
 'reported' 'that' 'Damascus' 'had' 'recently' 'test' 'fired' 'a'
 'missile' '.']","['B-LOC', 'O', 'B-LOC', 'O', 'O', 'O', 'O', 'O', 'O', 'O', 'O', 'O', 'O', 'B-MISC', 'O', 'O', 'O', 'B-LOC', 'O', 'O', 'O', 'O', 'O', 'O', 'O']",Syria accused Israel on Wednesday of launching a hysterical campaign against it after Israeli television reported that Damascus had recently test fired a missile .,"['Syria(B-LOC)', 'accused(O)', 'Israel(B-LOC)', 'on(O)', 'Wednesday(O)', 'of(O)', 'launching(O)', 'a(O)', 'hysterical(O)', 'campaign(O)', 'against(O)', 'it(O)', 'after(O)', 'Israeli(B-MISC)', 'television(O)', 'reported(O)', 'that(O)', 'Damascus(B-LOC)', 'had(O)', 'recently(O)', 'test(O)', 'fired(O)', 'a(O)', 'missile(O)', '.(O)']",Syria(B-LOC) accused(O) Israel(B-LOC) on(O) Wednesday(O) of(O) launching(O) a(O) hysterical(O) campaign(O) against(O) it(O) after(O) Israeli(B-MISC) television(O) reported(O) that(O) Damascus(B-LOC) had(O) recently(O) test(O) fired(O) a(O) missile(O) .(O),"Input: Syria accused Israel on Wednesday of launching a hysterical campaign against it after Israeli television reported that Damascus had recently test fired a missile .
Output: Syria(B-LOC) accused(O) Israel(B-LOC) on(O) Wednesday(O) of(O) launching(O) a(O) hysterical(O) campaign(O) against(O) it(O) after(O) Israeli(B-MISC) television(O) reported(O) that(O) Damascus(B-LOC) had(O) recently(O) test(O) fired(O) a(O) missile(O) .(O)"
3482,['0' 'Nick' 'Faldo' '(' 'Britain' ')' 'through' '5'],"['O', 'B-PER', 'I-PER', 'O', 'B-LOC', 'O', 'O', 'O']",0 Nick Faldo ( Britain ) through 5,"['0(O)', 'Nick(B-PER)', 'Faldo(I-PER)', '((O)', 'Britain(B-LOC)', ')(O)', 'through(O)', '5(O)']",0(O) Nick(B-PER) Faldo(I-PER) ((O) Britain(B-LOC) )(O) through(O) 5(O),"Input: 0 Nick Faldo ( Britain ) through 5
Output: 0(O) Nick(B-PER) Faldo(I-PER) ((O) Britain(B-LOC) )(O) through(O) 5(O)"
10075,['Leading' 'overall' 'standings' 'after' 'second' 'stage' '.'],"['O', 'O', 'O', 'O', 'O', 'O', 'O']",Leading overall standings after second stage .,"['Leading(O)', 'overall(O)', 'standings(O)', 'after(O)', 'second(O)', 'stage(O)', '.(O)']",Leading(O) overall(O) standings(O) after(O) second(O) stage(O) .(O),"Input: Leading overall standings after second stage .
Output: Leading(O) overall(O) standings(O) after(O) second(O) stage(O) .(O)"
5342,"['lost' ',' 'winning' 'percentage' 'and' 'games' 'behind' ')' ':']","['O', 'O', 'O', 'O', 'O', 'O', 'O', 'O', 'O']","lost , winning percentage and games behind ) :","['lost(O)', ',(O)', 'winning(O)', 'percentage(O)', 'and(O)', 'games(O)', 'behind(O)', ')(O)', ':(O)']","lost(O) ,(O) winning(O) percentage(O) and(O) games(O) behind(O) )(O) :(O)","Input: lost , winning percentage and games behind ) :
Output: lost(O) ,(O) winning(O) percentage(O) and(O) games(O) behind(O) )(O) :(O)"
1247,"['He' 'said' 'the' 'women' 'reported' 'the' 'blackmail' 'letters' 'and'
 'police' 'caught' 'the' 'girl' 'on' 'Wednesday' 'as' 'she' 'tried' 'to'
 'pick' 'up' 'the' 'cash' 'at' 'the' 'Sierakowice' 'railway' 'station' '.']","['O', 'O', 'O', 'O', 'O', 'O', 'O', 'O', 'O', 'O', 'O', 'O', 'O', 'O', 'O', 'O', 'O', 'O', 'O', 'O', 'O', 'O', 'O', 'O', 'O', 'B-LOC', 'O', 'O', 'O']",He said the women reported the blackmail letters and police caught the girl on Wednesday as she tried to pick up the cash at the Sierakowice railway station .,"['He(O)', 'said(O)', 'the(O)', 'women(O)', 'reported(O)', 'the(O)', 'blackmail(O)', 'letters(O)', 'and(O)', 'police(O)', 'caught(O)', 'the(O)', 'girl(O)', 'on(O)', 'Wednesday(O)', 'as(O)', 'she(O)', 'tried(O)', 'to(O)', 'pick(O)', 'up(O)', 'the(O)', 'cash(O)', 'at(O)', 'the(O)', 'Sierakowice(B-LOC)', 'railway(O)', 'station(O)', '.(O)']",He(O) said(O) the(O) women(O) reported(O) the(O) blackmail(O) letters(O) and(O) police(O) caught(O) the(O) girl(O) on(O) Wednesday(O) as(O) she(O) tried(O) to(O) pick(O) up(O) the(O) cash(O) at(O) the(O) Sierakowice(B-LOC) railway(O) station(O) .(O),"Input: He said the women reported the blackmail letters and police caught the girl on Wednesday as she tried to pick up the cash at the Sierakowice railway station .
Output: He(O) said(O) the(O) women(O) reported(O) the(O) blackmail(O) letters(O) and(O) police(O) caught(O) the(O) girl(O) on(O) Wednesday(O) as(O) she(O) tried(O) to(O) pick(O) up(O) the(O) cash(O) at(O) the(O) Sierakowice(B-LOC) railway(O) station(O) .(O)"
2055,"['Open' 'badminton' 'tournament' 'on' 'Friday' '(' 'prefix' 'numbers'
 'denote']","['B-MISC', 'O', 'O', 'O', 'O', 'O', 'O', 'O', 'O']",Open badminton tournament on Friday ( prefix numbers denote,"['Open(B-MISC)', 'badminton(O)', 'tournament(O)', 'on(O)', 'Friday(O)', '((O)', 'prefix(O)', 'numbers(O)', 'denote(O)']",Open(B-MISC) badminton(O) tournament(O) on(O) Friday(O) ((O) prefix(O) numbers(O) denote(O),"Input: Open badminton tournament on Friday ( prefix numbers denote
Output: Open(B-MISC) badminton(O) tournament(O) on(O) Friday(O) ((O) prefix(O) numbers(O) denote(O)"
5922,"['One' 'has' 'to' 'feel' 'a' 'bit' 'guilty' 'to' 'feel' 'the' 'need' 'for'
 'reconciling' 'yourself' 'to' 'a' 'historical' 'adversary' ',' '""' 'he'
 'said' '.']","['O', 'O', 'O', 'O', 'O', 'O', 'O', 'O', 'O', 'O', 'O', 'O', 'O', 'O', 'O', 'O', 'O', 'O', 'O', 'O', 'O', 'O', 'O']","One has to feel a bit guilty to feel the need for reconciling yourself to a historical adversary , "" he said .","['One(O)', 'has(O)', 'to(O)', 'feel(O)', 'a(O)', 'bit(O)', 'guilty(O)', 'to(O)', 'feel(O)', 'the(O)', 'need(O)', 'for(O)', 'reconciling(O)', 'yourself(O)', 'to(O)', 'a(O)', 'historical(O)', 'adversary(O)', ',(O)', '""(O)', 'he(O)', 'said(O)', '.(O)']","One(O) has(O) to(O) feel(O) a(O) bit(O) guilty(O) to(O) feel(O) the(O) need(O) for(O) reconciling(O) yourself(O) to(O) a(O) historical(O) adversary(O) ,(O) ""(O) he(O) said(O) .(O)","Input: One has to feel a bit guilty to feel the need for reconciling yourself to a historical adversary , "" he said .
Output: One(O) has(O) to(O) feel(O) a(O) bit(O) guilty(O) to(O) feel(O) the(O) need(O) for(O) reconciling(O) yourself(O) to(O) a(O) historical(O) adversary(O) ,(O) ""(O) he(O) said(O) .(O)"
12585,['Results' 'of' 'Major' 'League'],"['O', 'O', 'B-MISC', 'I-MISC']",Results of Major League,"['Results(O)', 'of(O)', 'Major(B-MISC)', 'League(I-MISC)']",Results(O) of(O) Major(B-MISC) League(I-MISC),"Input: Results of Major League
Output: Results(O) of(O) Major(B-MISC) League(I-MISC)"
408,"['In' 'a' 'telephone' 'call' 'to' 'a' 'local' 'newspaper' 'from' 'his'
 'holiday' 'home' 'in' 'Spain' ',' 'Dalglish' 'said' ':' '""' 'We' 'came'
 'to' 'the' 'same' 'opinion' ',' 'albeit' 'the' 'club' 'came' 'to' 'it'
 'a' 'little' 'bit' 'earlier' 'than' 'me' '.' '""']","['O', 'O', 'O', 'O', 'O', 'O', 'O', 'O', 'O', 'O', 'O', 'O', 'O', 'B-LOC', 'O', 'B-PER', 'O', 'O', 'O', 'O', 'O', 'O', 'O', 'O', 'O', 'O', 'O', 'O', 'O', 'O', 'O', 'O', 'O', 'O', 'O', 'O', 'O', 'O', 'O', 'O']","In a telephone call to a local newspaper from his holiday home in Spain , Dalglish said : "" We came to the same opinion , albeit the club came to it a little bit earlier than me . ""","['In(O)', 'a(O)', 'telephone(O)', 'call(O)', 'to(O)', 'a(O)', 'local(O)', 'newspaper(O)', 'from(O)', 'his(O)', 'holiday(O)', 'home(O)', 'in(O)', 'Spain(B-LOC)', ',(O)', 'Dalglish(B-PER)', 'said(O)', ':(O)', '""(O)', 'We(O)', 'came(O)', 'to(O)', 'the(O)', 'same(O)', 'opinion(O)', ',(O)', 'albeit(O)', 'the(O)', 'club(O)', 'came(O)', 'to(O)', 'it(O)', 'a(O)', 'little(O)', 'bit(O)', 'earlier(O)', 'than(O)', 'me(O)', '.(O)', '""(O)']","In(O) a(O) telephone(O) call(O) to(O) a(O) local(O) newspaper(O) from(O) his(O) holiday(O) home(O) in(O) Spain(B-LOC) ,(O) Dalglish(B-PER) said(O) :(O) ""(O) We(O) came(O) to(O) the(O) same(O) opinion(O) ,(O) albeit(O) the(O) club(O) came(O) to(O) it(O) a(O) little(O) bit(O) earlier(O) than(O) me(O) .(O) ""(O)","Input: In a telephone call to a local newspaper from his holiday home in Spain , Dalglish said : "" We came to the same opinion , albeit the club came to it a little bit earlier than me . ""
Output: In(O) a(O) telephone(O) call(O) to(O) a(O) local(O) newspaper(O) from(O) his(O) holiday(O) home(O) in(O) Spain(B-LOC) ,(O) Dalglish(B-PER) said(O) :(O) ""(O) We(O) came(O) to(O) the(O) same(O) opinion(O) ,(O) albeit(O) the(O) club(O) came(O) to(O) it(O) a(O) little(O) bit(O) earlier(O) than(O) me(O) .(O) ""(O)"
6356,['Tottenham' '3' '1' '2' '0' '3' '1' '5'],"['B-ORG', 'O', 'O', 'O', 'O', 'O', 'O', 'O']",Tottenham 3 1 2 0 3 1 5,"['Tottenham(B-ORG)', '3(O)', '1(O)', '2(O)', '0(O)', '3(O)', '1(O)', '5(O)']",Tottenham(B-ORG) 3(O) 1(O) 2(O) 0(O) 3(O) 1(O) 5(O),"Input: Tottenham 3 1 2 0 3 1 5
Output: Tottenham(B-ORG) 3(O) 1(O) 2(O) 0(O) 3(O) 1(O) 5(O)"
11591,"['The' 'loan' 'is' 'at' 'LIBOR' 'plus' 'one' 'percent' ',' 'it' 'said' '.']","['O', 'O', 'O', 'O', 'B-MISC', 'O', 'O', 'O', 'O', 'O', 'O', 'O']","The loan is at LIBOR plus one percent , it said .","['The(O)', 'loan(O)', 'is(O)', 'at(O)', 'LIBOR(B-MISC)', 'plus(O)', 'one(O)', 'percent(O)', ',(O)', 'it(O)', 'said(O)', '.(O)']","The(O) loan(O) is(O) at(O) LIBOR(B-MISC) plus(O) one(O) percent(O) ,(O) it(O) said(O) .(O)","Input: The loan is at LIBOR plus one percent , it said .
Output: The(O) loan(O) is(O) at(O) LIBOR(B-MISC) plus(O) one(O) percent(O) ,(O) it(O) said(O) .(O)"
9490,"['The' 'State' '(' 'central' ')' 'Bank' 'of' 'Pakistan' 'auctioned'
 'three-' ',' 'five-' 'and' '10-year' 'federal' 'investment' 'bonds'
 'worth' '1.38' 'billion' 'rupees' 'on' 'Tuesday' '.']","['O', 'B-ORG', 'I-ORG', 'I-ORG', 'I-ORG', 'I-ORG', 'O', 'B-LOC', 'O', 'O', 'O', 'O', 'O', 'O', 'O', 'O', 'O', 'O', 'O', 'O', 'O', 'O', 'O', 'O']","The State ( central ) Bank of Pakistan auctioned three- , five- and 10-year federal investment bonds worth 1.38 billion rupees on Tuesday .","['The(O)', 'State(B-ORG)', '((I-ORG)', 'central(I-ORG)', ')(I-ORG)', 'Bank(I-ORG)', 'of(O)', 'Pakistan(B-LOC)', 'auctioned(O)', 'three-(O)', ',(O)', 'five-(O)', 'and(O)', '10-year(O)', 'federal(O)', 'investment(O)', 'bonds(O)', 'worth(O)', '1.38(O)', 'billion(O)', 'rupees(O)', 'on(O)', 'Tuesday(O)', '.(O)']","The(O) State(B-ORG) ((I-ORG) central(I-ORG) )(I-ORG) Bank(I-ORG) of(O) Pakistan(B-LOC) auctioned(O) three-(O) ,(O) five-(O) and(O) 10-year(O) federal(O) investment(O) bonds(O) worth(O) 1.38(O) billion(O) rupees(O) on(O) Tuesday(O) .(O)","Input: The State ( central ) Bank of Pakistan auctioned three- , five- and 10-year federal investment bonds worth 1.38 billion rupees on Tuesday .
Output: The(O) State(B-ORG) ((I-ORG) central(I-ORG) )(I-ORG) Bank(I-ORG) of(O) Pakistan(B-LOC) auctioned(O) three-(O) ,(O) five-(O) and(O) 10-year(O) federal(O) investment(O) bonds(O) worth(O) 1.38(O) billion(O) rupees(O) on(O) Tuesday(O) .(O)"
11355,"['Hostilities' 'between' 'the' 'two' 'warring' 'Iraqi' 'Kurdish'
 'factions' 'have' 'continued' 'in' 'the' 'last' 'few' 'days' 'despite'
 'a' 'U.S.-brokered' 'ceasefire' 'last' 'Friday' '.']","['O', 'O', 'O', 'O', 'O', 'B-MISC', 'I-MISC', 'O', 'O', 'O', 'O', 'O', 'O', 'O', 'O', 'O', 'O', 'B-MISC', 'O', 'O', 'O', 'O']",Hostilities between the two warring Iraqi Kurdish factions have continued in the last few days despite a U.S.-brokered ceasefire last Friday .,"['Hostilities(O)', 'between(O)', 'the(O)', 'two(O)', 'warring(O)', 'Iraqi(B-MISC)', 'Kurdish(I-MISC)', 'factions(O)', 'have(O)', 'continued(O)', 'in(O)', 'the(O)', 'last(O)', 'few(O)', 'days(O)', 'despite(O)', 'a(O)', 'U.S.-brokered(B-MISC)', 'ceasefire(O)', 'last(O)', 'Friday(O)', '.(O)']",Hostilities(O) between(O) the(O) two(O) warring(O) Iraqi(B-MISC) Kurdish(I-MISC) factions(O) have(O) continued(O) in(O) the(O) last(O) few(O) days(O) despite(O) a(O) U.S.-brokered(B-MISC) ceasefire(O) last(O) Friday(O) .(O),"Input: Hostilities between the two warring Iraqi Kurdish factions have continued in the last few days despite a U.S.-brokered ceasefire last Friday .
Output: Hostilities(O) between(O) the(O) two(O) warring(O) Iraqi(B-MISC) Kurdish(I-MISC) factions(O) have(O) continued(O) in(O) the(O) last(O) few(O) days(O) despite(O) a(O) U.S.-brokered(B-MISC) ceasefire(O) last(O) Friday(O) .(O)"
9859,"['June' 'mill' 'output' 'data' 'were' 'revised' 'slightly' 'downward' 'to'
 '210,622' 'tonnes' 'from' 'the' 'preliminary' '210,683' ',' 'while'
 'shipments' 'were' 'revised' 'marginally' 'upward' 'to' '213,989'
 'tonnes' 'from' '213,845' '.']","['O', 'O', 'O', 'O', 'O', 'O', 'O', 'O', 'O', 'O', 'O', 'O', 'O', 'O', 'O', 'O', 'O', 'O', 'O', 'O', 'O', 'O', 'O', 'O', 'O', 'O', 'O', 'O']","June mill output data were revised slightly downward to 210,622 tonnes from the preliminary 210,683 , while shipments were revised marginally upward to 213,989 tonnes from 213,845 .","['June(O)', 'mill(O)', 'output(O)', 'data(O)', 'were(O)', 'revised(O)', 'slightly(O)', 'downward(O)', 'to(O)', '210,622(O)', 'tonnes(O)', 'from(O)', 'the(O)', 'preliminary(O)', '210,683(O)', ',(O)', 'while(O)', 'shipments(O)', 'were(O)', 'revised(O)', 'marginally(O)', 'upward(O)', 'to(O)', '213,989(O)', 'tonnes(O)', 'from(O)', '213,845(O)', '.(O)']","June(O) mill(O) output(O) data(O) were(O) revised(O) slightly(O) downward(O) to(O) 210,622(O) tonnes(O) from(O) the(O) preliminary(O) 210,683(O) ,(O) while(O) shipments(O) were(O) revised(O) marginally(O) upward(O) to(O) 213,989(O) tonnes(O) from(O) 213,845(O) .(O)","Input: June mill output data were revised slightly downward to 210,622 tonnes from the preliminary 210,683 , while shipments were revised marginally upward to 213,989 tonnes from 213,845 .
Output: June(O) mill(O) output(O) data(O) were(O) revised(O) slightly(O) downward(O) to(O) 210,622(O) tonnes(O) from(O) the(O) preliminary(O) 210,683(O) ,(O) while(O) shipments(O) were(O) revised(O) marginally(O) upward(O) to(O) 213,989(O) tonnes(O) from(O) 213,845(O) .(O)"
8649,['SOCCER' '-' 'FRENCH' 'FIRST' 'DIVISION' 'SUMMARY' '.'],"['O', 'O', 'B-MISC', 'O', 'O', 'O', 'O']",SOCCER - FRENCH FIRST DIVISION SUMMARY .,"['SOCCER(O)', '-(O)', 'FRENCH(B-MISC)', 'FIRST(O)', 'DIVISION(O)', 'SUMMARY(O)', '.(O)']",SOCCER(O) -(O) FRENCH(B-MISC) FIRST(O) DIVISION(O) SUMMARY(O) .(O),"Input: SOCCER - FRENCH FIRST DIVISION SUMMARY .
Output: SOCCER(O) -(O) FRENCH(B-MISC) FIRST(O) DIVISION(O) SUMMARY(O) .(O)"
4698,['3.' 'Phylis' 'Smith' '(' 'Britain' ')' '52.53'],"['O', 'B-PER', 'I-PER', 'O', 'B-LOC', 'O', 'O']",3. Phylis Smith ( Britain ) 52.53,"['3.(O)', 'Phylis(B-PER)', 'Smith(I-PER)', '((O)', 'Britain(B-LOC)', ')(O)', '52.53(O)']",3.(O) Phylis(B-PER) Smith(I-PER) ((O) Britain(B-LOC) )(O) 52.53(O),"Input: 3. Phylis Smith ( Britain ) 52.53
Output: 3.(O) Phylis(B-PER) Smith(I-PER) ((O) Britain(B-LOC) )(O) 52.53(O)"
478,['Results' 'from' 'the' 'Canadian' 'Open'],"['O', 'O', 'O', 'B-MISC', 'I-MISC']",Results from the Canadian Open,"['Results(O)', 'from(O)', 'the(O)', 'Canadian(B-MISC)', 'Open(I-MISC)']",Results(O) from(O) the(O) Canadian(B-MISC) Open(I-MISC),"Input: Results from the Canadian Open
Output: Results(O) from(O) the(O) Canadian(B-MISC) Open(I-MISC)"
7428,['BOGOTA' '1996-08-26'],"['B-LOC', 'O']",BOGOTA 1996-08-26,"['BOGOTA(B-LOC)', '1996-08-26(O)']",BOGOTA(B-LOC) 1996-08-26(O),"Input: BOGOTA 1996-08-26
Output: BOGOTA(B-LOC) 1996-08-26(O)"
1332,"['Cheung' 'was' 'being' 'detained' 'pending' 'formal' 'charges' ','
 'police' 'said' '.']","['B-PER', 'O', 'O', 'O', 'O', 'O', 'O', 'O', 'O', 'O', 'O']","Cheung was being detained pending formal charges , police said .","['Cheung(B-PER)', 'was(O)', 'being(O)', 'detained(O)', 'pending(O)', 'formal(O)', 'charges(O)', ',(O)', 'police(O)', 'said(O)', '.(O)']","Cheung(B-PER) was(O) being(O) detained(O) pending(O) formal(O) charges(O) ,(O) police(O) said(O) .(O)","Input: Cheung was being detained pending formal charges , police said .
Output: Cheung(B-PER) was(O) being(O) detained(O) pending(O) formal(O) charges(O) ,(O) police(O) said(O) .(O)"
6295,"['St' 'Helens' ""'s"" 'triumph' 'marked' 'the' 'end' 'of' 'Wigan' ""'s""
 'seven-year' 'reign' 'as' 'British' 'champions' '.']","['B-ORG', 'I-ORG', 'O', 'O', 'O', 'O', 'O', 'O', 'B-ORG', 'O', 'O', 'O', 'O', 'B-MISC', 'O', 'O']",St Helens 's triumph marked the end of Wigan 's seven-year reign as British champions .,"['St(B-ORG)', 'Helens(I-ORG)', ""'s(O)"", 'triumph(O)', 'marked(O)', 'the(O)', 'end(O)', 'of(O)', 'Wigan(B-ORG)', ""'s(O)"", 'seven-year(O)', 'reign(O)', 'as(O)', 'British(B-MISC)', 'champions(O)', '.(O)']",St(B-ORG) Helens(I-ORG) 's(O) triumph(O) marked(O) the(O) end(O) of(O) Wigan(B-ORG) 's(O) seven-year(O) reign(O) as(O) British(B-MISC) champions(O) .(O),"Input: St Helens 's triumph marked the end of Wigan 's seven-year reign as British champions .
Output: St(B-ORG) Helens(I-ORG) 's(O) triumph(O) marked(O) the(O) end(O) of(O) Wigan(B-ORG) 's(O) seven-year(O) reign(O) as(O) British(B-MISC) champions(O) .(O)"
13548,"['""' 'Together' 'with' 'subsidiaries' 'OMLX' ',' 'the' 'London'
 'Securities' '&' 'Derivatives' 'Exchange' 'and' 'OM' 'Stockholm' ',' 'OM'
 'Gruppen' 'will' 'open' 'an' 'international' 'electronic' 'bourse' 'for'
 'forest' 'products' 'in' 'the' 'first' 'half' 'of' '1997' ',' '""' 'OM'
 'Gruppen' 'said' 'in' 'a' 'statement' '.']","['O', 'O', 'O', 'O', 'B-ORG', 'O', 'O', 'B-ORG', 'I-ORG', 'I-ORG', 'I-ORG', 'I-ORG', 'O', 'B-ORG', 'I-ORG', 'O', 'B-ORG', 'I-ORG', 'O', 'O', 'O', 'O', 'O', 'O', 'O', 'O', 'O', 'O', 'O', 'O', 'O', 'O', 'O', 'O', 'O', 'B-ORG', 'I-ORG', 'O', 'O', 'O', 'O', 'O']",""" Together with subsidiaries OMLX , the London Securities & Derivatives Exchange and OM Stockholm , OM Gruppen will open an international electronic bourse for forest products in the first half of 1997 , "" OM Gruppen said in a statement .","['""(O)', 'Together(O)', 'with(O)', 'subsidiaries(O)', 'OMLX(B-ORG)', ',(O)', 'the(O)', 'London(B-ORG)', 'Securities(I-ORG)', '&(I-ORG)', 'Derivatives(I-ORG)', 'Exchange(I-ORG)', 'and(O)', 'OM(B-ORG)', 'Stockholm(I-ORG)', ',(O)', 'OM(B-ORG)', 'Gruppen(I-ORG)', 'will(O)', 'open(O)', 'an(O)', 'international(O)', 'electronic(O)', 'bourse(O)', 'for(O)', 'forest(O)', 'products(O)', 'in(O)', 'the(O)', 'first(O)', 'half(O)', 'of(O)', '1997(O)', ',(O)', '""(O)', 'OM(B-ORG)', 'Gruppen(I-ORG)', 'said(O)', 'in(O)', 'a(O)', 'statement(O)', '.(O)']","""(O) Together(O) with(O) subsidiaries(O) OMLX(B-ORG) ,(O) the(O) London(B-ORG) Securities(I-ORG) &(I-ORG) Derivatives(I-ORG) Exchange(I-ORG) and(O) OM(B-ORG) Stockholm(I-ORG) ,(O) OM(B-ORG) Gruppen(I-ORG) will(O) open(O) an(O) international(O) electronic(O) bourse(O) for(O) forest(O) products(O) in(O) the(O) first(O) half(O) of(O) 1997(O) ,(O) ""(O) OM(B-ORG) Gruppen(I-ORG) said(O) in(O) a(O) statement(O) .(O)","Input: "" Together with subsidiaries OMLX , the London Securities & Derivatives Exchange and OM Stockholm , OM Gruppen will open an international electronic bourse for forest products in the first half of 1997 , "" OM Gruppen said in a statement .
Output: ""(O) Together(O) with(O) subsidiaries(O) OMLX(B-ORG) ,(O) the(O) London(B-ORG) Securities(I-ORG) &(I-ORG) Derivatives(I-ORG) Exchange(I-ORG) and(O) OM(B-ORG) Stockholm(I-ORG) ,(O) OM(B-ORG) Gruppen(I-ORG) will(O) open(O) an(O) international(O) electronic(O) bourse(O) for(O) forest(O) products(O) in(O) the(O) first(O) half(O) of(O) 1997(O) ,(O) ""(O) OM(B-ORG) Gruppen(I-ORG) said(O) in(O) a(O) statement(O) .(O)"
12427,"['Standings' 'after' 'games' 'played' 'on' 'Wednesday' '(' 'tabulate'
 'under' '-']","['O', 'O', 'O', 'O', 'O', 'O', 'O', 'O', 'O', 'O']",Standings after games played on Wednesday ( tabulate under -,"['Standings(O)', 'after(O)', 'games(O)', 'played(O)', 'on(O)', 'Wednesday(O)', '((O)', 'tabulate(O)', 'under(O)', '-(O)']",Standings(O) after(O) games(O) played(O) on(O) Wednesday(O) ((O) tabulate(O) under(O) -(O),"Input: Standings after games played on Wednesday ( tabulate under -
Output: Standings(O) after(O) games(O) played(O) on(O) Wednesday(O) ((O) tabulate(O) under(O) -(O)"
9468,"['The' 'Islamist' 'conference' ',' 'due' 'to' 'be' 'held' 'in' 'London'
 'on' 'September' '8' ',' 'has' 'caused' 'concern' 'in' 'countries' 'such'
 'as' 'Algeria' 'and' 'Egypt' ',' 'which' 'are' 'fighting' 'armed'
 'Islamic' 'militants' '.']","['O', 'B-MISC', 'O', 'O', 'O', 'O', 'O', 'O', 'O', 'B-LOC', 'O', 'O', 'O', 'O', 'O', 'O', 'O', 'O', 'O', 'O', 'O', 'B-LOC', 'O', 'B-LOC', 'O', 'O', 'O', 'O', 'O', 'B-MISC', 'O', 'O']","The Islamist conference , due to be held in London on September 8 , has caused concern in countries such as Algeria and Egypt , which are fighting armed Islamic militants .","['The(O)', 'Islamist(B-MISC)', 'conference(O)', ',(O)', 'due(O)', 'to(O)', 'be(O)', 'held(O)', 'in(O)', 'London(B-LOC)', 'on(O)', 'September(O)', '8(O)', ',(O)', 'has(O)', 'caused(O)', 'concern(O)', 'in(O)', 'countries(O)', 'such(O)', 'as(O)', 'Algeria(B-LOC)', 'and(O)', 'Egypt(B-LOC)', ',(O)', 'which(O)', 'are(O)', 'fighting(O)', 'armed(O)', 'Islamic(B-MISC)', 'militants(O)', '.(O)']","The(O) Islamist(B-MISC) conference(O) ,(O) due(O) to(O) be(O) held(O) in(O) London(B-LOC) on(O) September(O) 8(O) ,(O) has(O) caused(O) concern(O) in(O) countries(O) such(O) as(O) Algeria(B-LOC) and(O) Egypt(B-LOC) ,(O) which(O) are(O) fighting(O) armed(O) Islamic(B-MISC) militants(O) .(O)","Input: The Islamist conference , due to be held in London on September 8 , has caused concern in countries such as Algeria and Egypt , which are fighting armed Islamic militants .
Output: The(O) Islamist(B-MISC) conference(O) ,(O) due(O) to(O) be(O) held(O) in(O) London(B-LOC) on(O) September(O) 8(O) ,(O) has(O) caused(O) concern(O) in(O) countries(O) such(O) as(O) Algeria(B-LOC) and(O) Egypt(B-LOC) ,(O) which(O) are(O) fighting(O) armed(O) Islamic(B-MISC) militants(O) .(O)"
10719,['SV' 'Hamburg' '4' '2' '0' '2' '7' '7' '6'],"['B-ORG', 'I-ORG', 'O', 'O', 'O', 'O', 'O', 'O', 'O']",SV Hamburg 4 2 0 2 7 7 6,"['SV(B-ORG)', 'Hamburg(I-ORG)', '4(O)', '2(O)', '0(O)', '2(O)', '7(O)', '7(O)', '6(O)']",SV(B-ORG) Hamburg(I-ORG) 4(O) 2(O) 0(O) 2(O) 7(O) 7(O) 6(O),"Input: SV Hamburg 4 2 0 2 7 7 6
Output: SV(B-ORG) Hamburg(I-ORG) 4(O) 2(O) 0(O) 2(O) 7(O) 7(O) 6(O)"
8126,['JAKARTA' '1996-08-27'],"['B-LOC', 'O']",JAKARTA 1996-08-27,"['JAKARTA(B-LOC)', '1996-08-27(O)']",JAKARTA(B-LOC) 1996-08-27(O),"Input: JAKARTA 1996-08-27
Output: JAKARTA(B-LOC) 1996-08-27(O)"
7539,"['The' 'question' 'of' 'whether' 'Perry' 'should' 'resign' 'remained'
 'open' ',' 'the' 'Pennsylvania' 'Republican' 'said' '.']","['O', 'O', 'O', 'O', 'B-PER', 'O', 'O', 'O', 'O', 'O', 'O', 'B-LOC', 'B-MISC', 'O', 'O']","The question of whether Perry should resign remained open , the Pennsylvania Republican said .","['The(O)', 'question(O)', 'of(O)', 'whether(O)', 'Perry(B-PER)', 'should(O)', 'resign(O)', 'remained(O)', 'open(O)', ',(O)', 'the(O)', 'Pennsylvania(B-LOC)', 'Republican(B-MISC)', 'said(O)', '.(O)']","The(O) question(O) of(O) whether(O) Perry(B-PER) should(O) resign(O) remained(O) open(O) ,(O) the(O) Pennsylvania(B-LOC) Republican(B-MISC) said(O) .(O)","Input: The question of whether Perry should resign remained open , the Pennsylvania Republican said .
Output: The(O) question(O) of(O) whether(O) Perry(B-PER) should(O) resign(O) remained(O) open(O) ,(O) the(O) Pennsylvania(B-LOC) Republican(B-MISC) said(O) .(O)"
5286,['Gold' 'Coast' '21' '5' '1' '15' '351' '483' '11'],"['B-ORG', 'I-ORG', 'O', 'O', 'O', 'O', 'O', 'O', 'O']",Gold Coast 21 5 1 15 351 483 11,"['Gold(B-ORG)', 'Coast(I-ORG)', '21(O)', '5(O)', '1(O)', '15(O)', '351(O)', '483(O)', '11(O)']",Gold(B-ORG) Coast(I-ORG) 21(O) 5(O) 1(O) 15(O) 351(O) 483(O) 11(O),"Input: Gold Coast 21 5 1 15 351 483 11
Output: Gold(B-ORG) Coast(I-ORG) 21(O) 5(O) 1(O) 15(O) 351(O) 483(O) 11(O)"
12242,['8.' 'Bart' 'Voskamp' '(' 'Netherlands' ')' 'TVM' '53'],"['O', 'B-PER', 'I-PER', 'O', 'B-LOC', 'O', 'B-ORG', 'O']",8. Bart Voskamp ( Netherlands ) TVM 53,"['8.(O)', 'Bart(B-PER)', 'Voskamp(I-PER)', '((O)', 'Netherlands(B-LOC)', ')(O)', 'TVM(B-ORG)', '53(O)']",8.(O) Bart(B-PER) Voskamp(I-PER) ((O) Netherlands(B-LOC) )(O) TVM(B-ORG) 53(O),"Input: 8. Bart Voskamp ( Netherlands ) TVM 53
Output: 8.(O) Bart(B-PER) Voskamp(I-PER) ((O) Netherlands(B-LOC) )(O) TVM(B-ORG) 53(O)"
6333,"['Home' 'fans' 'frequently' 'booed' 'their' 'own' 'side' 'until' 'Sharpe'
 'turned' 'the' 'jeers' 'to' 'cheers' '.']","['O', 'O', 'O', 'O', 'O', 'O', 'O', 'O', 'B-PER', 'O', 'O', 'O', 'O', 'O', 'O']",Home fans frequently booed their own side until Sharpe turned the jeers to cheers .,"['Home(O)', 'fans(O)', 'frequently(O)', 'booed(O)', 'their(O)', 'own(O)', 'side(O)', 'until(O)', 'Sharpe(B-PER)', 'turned(O)', 'the(O)', 'jeers(O)', 'to(O)', 'cheers(O)', '.(O)']",Home(O) fans(O) frequently(O) booed(O) their(O) own(O) side(O) until(O) Sharpe(B-PER) turned(O) the(O) jeers(O) to(O) cheers(O) .(O),"Input: Home fans frequently booed their own side until Sharpe turned the jeers to cheers .
Output: Home(O) fans(O) frequently(O) booed(O) their(O) own(O) side(O) until(O) Sharpe(B-PER) turned(O) the(O) jeers(O) to(O) cheers(O) .(O)"
10570,['ROME' '1996-08-28'],"['B-LOC', 'O']",ROME 1996-08-28,"['ROME(B-LOC)', '1996-08-28(O)']",ROME(B-LOC) 1996-08-28(O),"Input: ROME 1996-08-28
Output: ROME(B-LOC) 1996-08-28(O)"
6956,"['It' 'was' 'maybe' 'my' 'best' 'first' 'round' 'match' 'in' 'a' 'Grand'
 'Slam' 'I' 'ever' 'played' '.' '""']","['O', 'O', 'O', 'O', 'O', 'O', 'O', 'O', 'O', 'O', 'B-MISC', 'I-MISC', 'O', 'O', 'O', 'O', 'O']","It was maybe my best first round match in a Grand Slam I ever played . ""","['It(O)', 'was(O)', 'maybe(O)', 'my(O)', 'best(O)', 'first(O)', 'round(O)', 'match(O)', 'in(O)', 'a(O)', 'Grand(B-MISC)', 'Slam(I-MISC)', 'I(O)', 'ever(O)', 'played(O)', '.(O)', '""(O)']","It(O) was(O) maybe(O) my(O) best(O) first(O) round(O) match(O) in(O) a(O) Grand(B-MISC) Slam(I-MISC) I(O) ever(O) played(O) .(O) ""(O)","Input: It was maybe my best first round match in a Grand Slam I ever played . ""
Output: It(O) was(O) maybe(O) my(O) best(O) first(O) round(O) match(O) in(O) a(O) Grand(B-MISC) Slam(I-MISC) I(O) ever(O) played(O) .(O) ""(O)"
5025,"['Standings' '(' 'tabulated' 'under' 'played' ',' 'won' ',' 'drawn' ','
 'lost' ',' 'goals']","['O', 'O', 'O', 'O', 'O', 'O', 'O', 'O', 'O', 'O', 'O', 'O', 'O']","Standings ( tabulated under played , won , drawn , lost , goals","['Standings(O)', '((O)', 'tabulated(O)', 'under(O)', 'played(O)', ',(O)', 'won(O)', ',(O)', 'drawn(O)', ',(O)', 'lost(O)', ',(O)', 'goals(O)']","Standings(O) ((O) tabulated(O) under(O) played(O) ,(O) won(O) ,(O) drawn(O) ,(O) lost(O) ,(O) goals(O)","Input: Standings ( tabulated under played , won , drawn , lost , goals
Output: Standings(O) ((O) tabulated(O) under(O) played(O) ,(O) won(O) ,(O) drawn(O) ,(O) lost(O) ,(O) goals(O)"
7352,['ZAGREB' '1996-08-26'],"['B-LOC', 'O']",ZAGREB 1996-08-26,"['ZAGREB(B-LOC)', '1996-08-26(O)']",ZAGREB(B-LOC) 1996-08-26(O),"Input: ZAGREB 1996-08-26
Output: ZAGREB(B-LOC) 1996-08-26(O)"
10610,['Monza' '0' 'Napoli' '1'],"['B-ORG', 'O', 'B-ORG', 'O']",Monza 0 Napoli 1,"['Monza(B-ORG)', '0(O)', 'Napoli(B-ORG)', '1(O)']",Monza(B-ORG) 0(O) Napoli(B-ORG) 1(O),"Input: Monza 0 Napoli 1
Output: Monza(B-ORG) 0(O) Napoli(B-ORG) 1(O)"
8500,"['4' '-' 'Conchita' 'Martinez' '(' 'Spain' ')' 'beat' 'Ruxandra'
 'Dragomir' '(' 'Romania' ')' '6-2' '6-0']","['O', 'O', 'B-PER', 'I-PER', 'O', 'B-LOC', 'O', 'O', 'B-PER', 'I-PER', 'O', 'B-LOC', 'O', 'O', 'O']",4 - Conchita Martinez ( Spain ) beat Ruxandra Dragomir ( Romania ) 6-2 6-0,"['4(O)', '-(O)', 'Conchita(B-PER)', 'Martinez(I-PER)', '((O)', 'Spain(B-LOC)', ')(O)', 'beat(O)', 'Ruxandra(B-PER)', 'Dragomir(I-PER)', '((O)', 'Romania(B-LOC)', ')(O)', '6-2(O)', '6-0(O)']",4(O) -(O) Conchita(B-PER) Martinez(I-PER) ((O) Spain(B-LOC) )(O) beat(O) Ruxandra(B-PER) Dragomir(I-PER) ((O) Romania(B-LOC) )(O) 6-2(O) 6-0(O),"Input: 4 - Conchita Martinez ( Spain ) beat Ruxandra Dragomir ( Romania ) 6-2 6-0
Output: 4(O) -(O) Conchita(B-PER) Martinez(I-PER) ((O) Spain(B-LOC) )(O) beat(O) Ruxandra(B-PER) Dragomir(I-PER) ((O) Romania(B-LOC) )(O) 6-2(O) 6-0(O)"
5647,['(' 'Spain' ')' '66' '64' '69' '.'],"['O', 'B-LOC', 'O', 'O', 'O', 'O', 'O']",( Spain ) 66 64 69 .,"['((O)', 'Spain(B-LOC)', ')(O)', '66(O)', '64(O)', '69(O)', '.(O)']",((O) Spain(B-LOC) )(O) 66(O) 64(O) 69(O) .(O),"Input: ( Spain ) 66 64 69 .
Output: ((O) Spain(B-LOC) )(O) 66(O) 64(O) 69(O) .(O)"
923,"['Lanner' '(' 'Sweden' ')' ',' 'Wayne' 'Riley' '(' 'Australia' ')']","['B-PER', 'O', 'B-LOC', 'O', 'O', 'B-PER', 'I-PER', 'O', 'B-LOC', 'O']","Lanner ( Sweden ) , Wayne Riley ( Australia )","['Lanner(B-PER)', '((O)', 'Sweden(B-LOC)', ')(O)', ',(O)', 'Wayne(B-PER)', 'Riley(I-PER)', '((O)', 'Australia(B-LOC)', ')(O)']","Lanner(B-PER) ((O) Sweden(B-LOC) )(O) ,(O) Wayne(B-PER) Riley(I-PER) ((O) Australia(B-LOC) )(O)","Input: Lanner ( Sweden ) , Wayne Riley ( Australia )
Output: Lanner(B-PER) ((O) Sweden(B-LOC) )(O) ,(O) Wayne(B-PER) Riley(I-PER) ((O) Australia(B-LOC) )(O)"
8760,['MILAN' '1996-08-27'],"['B-LOC', 'O']",MILAN 1996-08-27,"['MILAN(B-LOC)', '1996-08-27(O)']",MILAN(B-LOC) 1996-08-27(O),"Input: MILAN 1996-08-27
Output: MILAN(B-LOC) 1996-08-27(O)"
7750,"['""' 'There' 'is' 'no' 'market' 'at' 'the' 'moment' ',' '""' 'one'
 'Rotterdam' 'trader' 'said' '.' '""']","['O', 'O', 'O', 'O', 'O', 'O', 'O', 'O', 'O', 'O', 'O', 'B-LOC', 'O', 'O', 'O', 'O']",""" There is no market at the moment , "" one Rotterdam trader said . ""","['""(O)', 'There(O)', 'is(O)', 'no(O)', 'market(O)', 'at(O)', 'the(O)', 'moment(O)', ',(O)', '""(O)', 'one(O)', 'Rotterdam(B-LOC)', 'trader(O)', 'said(O)', '.(O)', '""(O)']","""(O) There(O) is(O) no(O) market(O) at(O) the(O) moment(O) ,(O) ""(O) one(O) Rotterdam(B-LOC) trader(O) said(O) .(O) ""(O)","Input: "" There is no market at the moment , "" one Rotterdam trader said . ""
Output: ""(O) There(O) is(O) no(O) market(O) at(O) the(O) moment(O) ,(O) ""(O) one(O) Rotterdam(B-LOC) trader(O) said(O) .(O) ""(O)"
5088,['SOCCER' '-' 'YUGOSLAV' 'LEAGUE' 'RESULTS' '.'],"['O', 'O', 'B-MISC', 'O', 'O', 'O']",SOCCER - YUGOSLAV LEAGUE RESULTS .,"['SOCCER(O)', '-(O)', 'YUGOSLAV(B-MISC)', 'LEAGUE(O)', 'RESULTS(O)', '.(O)']",SOCCER(O) -(O) YUGOSLAV(B-MISC) LEAGUE(O) RESULTS(O) .(O),"Input: SOCCER - YUGOSLAV LEAGUE RESULTS .
Output: SOCCER(O) -(O) YUGOSLAV(B-MISC) LEAGUE(O) RESULTS(O) .(O)"
9194,"['Muratovic' 'is' 'also' 'due' 'to' 'meet' 'with' 'President' 'Suleyman'
 'Demirel' ',' 'Foreign' 'Minister' 'Tansu' 'Ciller' 'and' 'Turkish'
 'businessman' ',' 'the' 'ministry' 'official' 'said' '.']","['B-PER', 'O', 'O', 'O', 'O', 'O', 'O', 'O', 'B-PER', 'I-PER', 'O', 'O', 'O', 'B-PER', 'I-PER', 'O', 'B-MISC', 'O', 'O', 'O', 'O', 'O', 'O', 'O']","Muratovic is also due to meet with President Suleyman Demirel , Foreign Minister Tansu Ciller and Turkish businessman , the ministry official said .","['Muratovic(B-PER)', 'is(O)', 'also(O)', 'due(O)', 'to(O)', 'meet(O)', 'with(O)', 'President(O)', 'Suleyman(B-PER)', 'Demirel(I-PER)', ',(O)', 'Foreign(O)', 'Minister(O)', 'Tansu(B-PER)', 'Ciller(I-PER)', 'and(O)', 'Turkish(B-MISC)', 'businessman(O)', ',(O)', 'the(O)', 'ministry(O)', 'official(O)', 'said(O)', '.(O)']","Muratovic(B-PER) is(O) also(O) due(O) to(O) meet(O) with(O) President(O) Suleyman(B-PER) Demirel(I-PER) ,(O) Foreign(O) Minister(O) Tansu(B-PER) Ciller(I-PER) and(O) Turkish(B-MISC) businessman(O) ,(O) the(O) ministry(O) official(O) said(O) .(O)","Input: Muratovic is also due to meet with President Suleyman Demirel , Foreign Minister Tansu Ciller and Turkish businessman , the ministry official said .
Output: Muratovic(B-PER) is(O) also(O) due(O) to(O) meet(O) with(O) President(O) Suleyman(B-PER) Demirel(I-PER) ,(O) Foreign(O) Minister(O) Tansu(B-PER) Ciller(I-PER) and(O) Turkish(B-MISC) businessman(O) ,(O) the(O) ministry(O) official(O) said(O) .(O)"
4159,['Scorer' ':' 'Issa' 'Alloush' '(' '45th' 'minute' ')' '.'],"['O', 'O', 'B-PER', 'I-PER', 'O', 'O', 'O', 'O', 'O']",Scorer : Issa Alloush ( 45th minute ) .,"['Scorer(O)', ':(O)', 'Issa(B-PER)', 'Alloush(I-PER)', '((O)', '45th(O)', 'minute(O)', ')(O)', '.(O)']",Scorer(O) :(O) Issa(B-PER) Alloush(I-PER) ((O) 45th(O) minute(O) )(O) .(O),"Input: Scorer : Issa Alloush ( 45th minute ) .
Output: Scorer(O) :(O) Issa(B-PER) Alloush(I-PER) ((O) 45th(O) minute(O) )(O) .(O)"
5288,['South' 'Queensland' '21' '4' '0' '17' '210' '460' '8'],"['B-ORG', 'I-ORG', 'O', 'O', 'O', 'O', 'O', 'O', 'O']",South Queensland 21 4 0 17 210 460 8,"['South(B-ORG)', 'Queensland(I-ORG)', '21(O)', '4(O)', '0(O)', '17(O)', '210(O)', '460(O)', '8(O)']",South(B-ORG) Queensland(I-ORG) 21(O) 4(O) 0(O) 17(O) 210(O) 460(O) 8(O),"Input: South Queensland 21 4 0 17 210 460 8
Output: South(B-ORG) Queensland(I-ORG) 21(O) 4(O) 0(O) 17(O) 210(O) 460(O) 8(O)"
11601,"['""' 'There' 'is' 'little' 'we' 'can' 'do' 'when' 'at' 'mid-sea' '.']","['O', 'O', 'O', 'O', 'O', 'O', 'O', 'O', 'O', 'O', 'O']",""" There is little we can do when at mid-sea .","['""(O)', 'There(O)', 'is(O)', 'little(O)', 'we(O)', 'can(O)', 'do(O)', 'when(O)', 'at(O)', 'mid-sea(O)', '.(O)']","""(O) There(O) is(O) little(O) we(O) can(O) do(O) when(O) at(O) mid-sea(O) .(O)","Input: "" There is little we can do when at mid-sea .
Output: ""(O) There(O) is(O) little(O) we(O) can(O) do(O) when(O) at(O) mid-sea(O) .(O)"
11604,"['Rameswaram' 'is' '15' 'km' '(' '10' 'miles' ')' 'off' 'the' 'coast' 'of'
 'Sri' 'Lanka' '.']","['B-LOC', 'O', 'O', 'O', 'O', 'O', 'O', 'O', 'O', 'O', 'O', 'O', 'B-LOC', 'I-LOC', 'O']",Rameswaram is 15 km ( 10 miles ) off the coast of Sri Lanka .,"['Rameswaram(B-LOC)', 'is(O)', '15(O)', 'km(O)', '((O)', '10(O)', 'miles(O)', ')(O)', 'off(O)', 'the(O)', 'coast(O)', 'of(O)', 'Sri(B-LOC)', 'Lanka(I-LOC)', '.(O)']",Rameswaram(B-LOC) is(O) 15(O) km(O) ((O) 10(O) miles(O) )(O) off(O) the(O) coast(O) of(O) Sri(B-LOC) Lanka(I-LOC) .(O),"Input: Rameswaram is 15 km ( 10 miles ) off the coast of Sri Lanka .
Output: Rameswaram(B-LOC) is(O) 15(O) km(O) ((O) 10(O) miles(O) )(O) off(O) the(O) coast(O) of(O) Sri(B-LOC) Lanka(I-LOC) .(O)"
5173,['Zaglebie' 'Lubin' '7' '1' '3' '3' '10' '12' '6'],"['B-ORG', 'I-ORG', 'O', 'O', 'O', 'O', 'O', 'O', 'O']",Zaglebie Lubin 7 1 3 3 10 12 6,"['Zaglebie(B-ORG)', 'Lubin(I-ORG)', '7(O)', '1(O)', '3(O)', '3(O)', '10(O)', '12(O)', '6(O)']",Zaglebie(B-ORG) Lubin(I-ORG) 7(O) 1(O) 3(O) 3(O) 10(O) 12(O) 6(O),"Input: Zaglebie Lubin 7 1 3 3 10 12 6
Output: Zaglebie(B-ORG) Lubin(I-ORG) 7(O) 1(O) 3(O) 3(O) 10(O) 12(O) 6(O)"
9083,"['Brazil' ""'s"" 'Eletropaulo' 'names' 'new' 'president' '.']","['B-LOC', 'O', 'B-ORG', 'O', 'O', 'O', 'O']",Brazil 's Eletropaulo names new president .,"['Brazil(B-LOC)', ""'s(O)"", 'Eletropaulo(B-ORG)', 'names(O)', 'new(O)', 'president(O)', '.(O)']",Brazil(B-LOC) 's(O) Eletropaulo(B-ORG) names(O) new(O) president(O) .(O),"Input: Brazil 's Eletropaulo names new president .
Output: Brazil(B-LOC) 's(O) Eletropaulo(B-ORG) names(O) new(O) president(O) .(O)"
12931,['[' 'CORRECTED' '05:53' 'GMT' ']'],"['O', 'O', 'O', 'B-MISC', 'O']",[ CORRECTED 05:53 GMT ],"['[(O)', 'CORRECTED(O)', '05:53(O)', 'GMT(B-MISC)', '](O)']",[(O) CORRECTED(O) 05:53(O) GMT(B-MISC) ](O),"Input: [ CORRECTED 05:53 GMT ]
Output: [(O) CORRECTED(O) 05:53(O) GMT(B-MISC) ](O)"
8625,"['Chang' 'and' 'Washington' 'were' 'the' 'only' 'men' ""'s"" 'seeds' 'in'
 'action' 'on' 'a' 'day' 'that' 'saw' 'two' 'seeded' 'women' ""'s""
 'players' 'fall' '.']","['B-PER', 'O', 'B-PER', 'O', 'O', 'O', 'O', 'O', 'O', 'O', 'O', 'O', 'O', 'O', 'O', 'O', 'O', 'O', 'O', 'O', 'O', 'O', 'O']",Chang and Washington were the only men 's seeds in action on a day that saw two seeded women 's players fall .,"['Chang(B-PER)', 'and(O)', 'Washington(B-PER)', 'were(O)', 'the(O)', 'only(O)', 'men(O)', ""'s(O)"", 'seeds(O)', 'in(O)', 'action(O)', 'on(O)', 'a(O)', 'day(O)', 'that(O)', 'saw(O)', 'two(O)', 'seeded(O)', 'women(O)', ""'s(O)"", 'players(O)', 'fall(O)', '.(O)']",Chang(B-PER) and(O) Washington(B-PER) were(O) the(O) only(O) men(O) 's(O) seeds(O) in(O) action(O) on(O) a(O) day(O) that(O) saw(O) two(O) seeded(O) women(O) 's(O) players(O) fall(O) .(O),"Input: Chang and Washington were the only men 's seeds in action on a day that saw two seeded women 's players fall .
Output: Chang(B-PER) and(O) Washington(B-PER) were(O) the(O) only(O) men(O) 's(O) seeds(O) in(O) action(O) on(O) a(O) day(O) that(O) saw(O) two(O) seeded(O) women(O) 's(O) players(O) fall(O) .(O)"
9171,"['""' 'We' 'have' 'to' 'revised' 'down' 'our' 'target' 'due' 'to' 'weak'
 'sales' 'performance' 'in' 'the' 'third' 'quarter' ',' '""' 'said'
 'Komala' '.']","['O', 'O', 'O', 'O', 'O', 'O', 'O', 'O', 'O', 'O', 'O', 'O', 'O', 'O', 'O', 'O', 'O', 'O', 'O', 'O', 'B-PER', 'O']",""" We have to revised down our target due to weak sales performance in the third quarter , "" said Komala .","['""(O)', 'We(O)', 'have(O)', 'to(O)', 'revised(O)', 'down(O)', 'our(O)', 'target(O)', 'due(O)', 'to(O)', 'weak(O)', 'sales(O)', 'performance(O)', 'in(O)', 'the(O)', 'third(O)', 'quarter(O)', ',(O)', '""(O)', 'said(O)', 'Komala(B-PER)', '.(O)']","""(O) We(O) have(O) to(O) revised(O) down(O) our(O) target(O) due(O) to(O) weak(O) sales(O) performance(O) in(O) the(O) third(O) quarter(O) ,(O) ""(O) said(O) Komala(B-PER) .(O)","Input: "" We have to revised down our target due to weak sales performance in the third quarter , "" said Komala .
Output: ""(O) We(O) have(O) to(O) revised(O) down(O) our(O) target(O) due(O) to(O) weak(O) sales(O) performance(O) in(O) the(O) third(O) quarter(O) ,(O) ""(O) said(O) Komala(B-PER) .(O)"
5152,['Slask' 'Wroclaw' '3' 'Odra' 'Wodzislaw' '1'],"['B-ORG', 'I-ORG', 'O', 'B-ORG', 'I-ORG', 'O']",Slask Wroclaw 3 Odra Wodzislaw 1,"['Slask(B-ORG)', 'Wroclaw(I-ORG)', '3(O)', 'Odra(B-ORG)', 'Wodzislaw(I-ORG)', '1(O)']",Slask(B-ORG) Wroclaw(I-ORG) 3(O) Odra(B-ORG) Wodzislaw(I-ORG) 1(O),"Input: Slask Wroclaw 3 Odra Wodzislaw 1
Output: Slask(B-ORG) Wroclaw(I-ORG) 3(O) Odra(B-ORG) Wodzislaw(I-ORG) 1(O)"
11063,"['""' 'After' 'examining' 'the' 'dossier' 'of' 'the' 'Burundi-Central'
 'Africa' 'match' ',' 'we' 'decided' '...']","['O', 'O', 'O', 'O', 'O', 'O', 'O', 'B-MISC', 'I-MISC', 'O', 'O', 'O', 'O', 'O']",""" After examining the dossier of the Burundi-Central Africa match , we decided ...","['""(O)', 'After(O)', 'examining(O)', 'the(O)', 'dossier(O)', 'of(O)', 'the(O)', 'Burundi-Central(B-MISC)', 'Africa(I-MISC)', 'match(O)', ',(O)', 'we(O)', 'decided(O)', '...(O)']","""(O) After(O) examining(O) the(O) dossier(O) of(O) the(O) Burundi-Central(B-MISC) Africa(I-MISC) match(O) ,(O) we(O) decided(O) ...(O)","Input: "" After examining the dossier of the Burundi-Central Africa match , we decided ...
Output: ""(O) After(O) examining(O) the(O) dossier(O) of(O) the(O) Burundi-Central(B-MISC) Africa(I-MISC) match(O) ,(O) we(O) decided(O) ...(O)"
11862,"['Two' 'Italian' 'magazines' 'published' 'pictures' 'on' 'Wednesday' 'of'
 'Daniel' 'Ducruet' ',' 'Princess' 'Stephanie' 'of' 'Monaco' ""'s""
 'husband' 'and' 'former' 'bodyguard' ',' 'cavorting' 'naked' 'with'
 'another' 'woman' 'by' 'a' 'poolside' 'in' 'France' '.']","['O', 'B-MISC', 'O', 'O', 'O', 'O', 'O', 'O', 'B-PER', 'I-PER', 'O', 'O', 'B-PER', 'O', 'B-LOC', 'O', 'O', 'O', 'O', 'O', 'O', 'O', 'O', 'O', 'O', 'O', 'O', 'O', 'O', 'O', 'B-LOC', 'O']","Two Italian magazines published pictures on Wednesday of Daniel Ducruet , Princess Stephanie of Monaco 's husband and former bodyguard , cavorting naked with another woman by a poolside in France .","['Two(O)', 'Italian(B-MISC)', 'magazines(O)', 'published(O)', 'pictures(O)', 'on(O)', 'Wednesday(O)', 'of(O)', 'Daniel(B-PER)', 'Ducruet(I-PER)', ',(O)', 'Princess(O)', 'Stephanie(B-PER)', 'of(O)', 'Monaco(B-LOC)', ""'s(O)"", 'husband(O)', 'and(O)', 'former(O)', 'bodyguard(O)', ',(O)', 'cavorting(O)', 'naked(O)', 'with(O)', 'another(O)', 'woman(O)', 'by(O)', 'a(O)', 'poolside(O)', 'in(O)', 'France(B-LOC)', '.(O)']","Two(O) Italian(B-MISC) magazines(O) published(O) pictures(O) on(O) Wednesday(O) of(O) Daniel(B-PER) Ducruet(I-PER) ,(O) Princess(O) Stephanie(B-PER) of(O) Monaco(B-LOC) 's(O) husband(O) and(O) former(O) bodyguard(O) ,(O) cavorting(O) naked(O) with(O) another(O) woman(O) by(O) a(O) poolside(O) in(O) France(B-LOC) .(O)","Input: Two Italian magazines published pictures on Wednesday of Daniel Ducruet , Princess Stephanie of Monaco 's husband and former bodyguard , cavorting naked with another woman by a poolside in France .
Output: Two(O) Italian(B-MISC) magazines(O) published(O) pictures(O) on(O) Wednesday(O) of(O) Daniel(B-PER) Ducruet(I-PER) ,(O) Princess(O) Stephanie(B-PER) of(O) Monaco(B-LOC) 's(O) husband(O) and(O) former(O) bodyguard(O) ,(O) cavorting(O) naked(O) with(O) another(O) woman(O) by(O) a(O) poolside(O) in(O) France(B-LOC) .(O)"
4480,"['""' 'This' 'is' 'a' 'major' 'championship' 'golf' 'course' ',' 'and'
 'for' 'me' 'to' 'perform' 'well' 'on' 'this' 'style' 'of' 'course' 'is'
 'a' 'big' 'step' 'up' 'for' 'me' 'in' 'my' 'career' 'and' 'my'
 'performance' 'in' 'future' 'majors' ',' '""' 'he' 'said' '.']","['O', 'O', 'O', 'O', 'O', 'O', 'O', 'O', 'O', 'O', 'O', 'O', 'O', 'O', 'O', 'O', 'O', 'O', 'O', 'O', 'O', 'O', 'O', 'O', 'O', 'O', 'O', 'O', 'O', 'O', 'O', 'O', 'O', 'O', 'O', 'O', 'O', 'O', 'O', 'O', 'O']",""" This is a major championship golf course , and for me to perform well on this style of course is a big step up for me in my career and my performance in future majors , "" he said .","['""(O)', 'This(O)', 'is(O)', 'a(O)', 'major(O)', 'championship(O)', 'golf(O)', 'course(O)', ',(O)', 'and(O)', 'for(O)', 'me(O)', 'to(O)', 'perform(O)', 'well(O)', 'on(O)', 'this(O)', 'style(O)', 'of(O)', 'course(O)', 'is(O)', 'a(O)', 'big(O)', 'step(O)', 'up(O)', 'for(O)', 'me(O)', 'in(O)', 'my(O)', 'career(O)', 'and(O)', 'my(O)', 'performance(O)', 'in(O)', 'future(O)', 'majors(O)', ',(O)', '""(O)', 'he(O)', 'said(O)', '.(O)']","""(O) This(O) is(O) a(O) major(O) championship(O) golf(O) course(O) ,(O) and(O) for(O) me(O) to(O) perform(O) well(O) on(O) this(O) style(O) of(O) course(O) is(O) a(O) big(O) step(O) up(O) for(O) me(O) in(O) my(O) career(O) and(O) my(O) performance(O) in(O) future(O) majors(O) ,(O) ""(O) he(O) said(O) .(O)","Input: "" This is a major championship golf course , and for me to perform well on this style of course is a big step up for me in my career and my performance in future majors , "" he said .
Output: ""(O) This(O) is(O) a(O) major(O) championship(O) golf(O) course(O) ,(O) and(O) for(O) me(O) to(O) perform(O) well(O) on(O) this(O) style(O) of(O) course(O) is(O) a(O) big(O) step(O) up(O) for(O) me(O) in(O) my(O) career(O) and(O) my(O) performance(O) in(O) future(O) majors(O) ,(O) ""(O) he(O) said(O) .(O)"
6043,"['Earlier' ',' 'the' 'director' 'of' 'the' 'president' ""'s"" 'office'
 'denied' 'a' 'report' 'in' 'Israel' ""'s"" 'Yedioth' 'Ahronoth' 'newspaper'
 'that' 'Weizman' 'had' 'already' 'invited' 'Arafat' 'to' 'his' 'private'
 'home' 'for' 'talks' 'in' 'the' 'coming' 'week' 'on' 'the' 'future' 'of'
 'the' 'Israel-PLO' 'peace' 'process' '.']","['O', 'O', 'O', 'O', 'O', 'O', 'O', 'O', 'O', 'O', 'O', 'O', 'O', 'B-LOC', 'O', 'B-ORG', 'I-ORG', 'O', 'O', 'B-PER', 'O', 'O', 'O', 'B-PER', 'O', 'O', 'O', 'O', 'O', 'O', 'O', 'O', 'O', 'O', 'O', 'O', 'O', 'O', 'O', 'B-MISC', 'O', 'O', 'O']","Earlier , the director of the president 's office denied a report in Israel 's Yedioth Ahronoth newspaper that Weizman had already invited Arafat to his private home for talks in the coming week on the future of the Israel-PLO peace process .","['Earlier(O)', ',(O)', 'the(O)', 'director(O)', 'of(O)', 'the(O)', 'president(O)', ""'s(O)"", 'office(O)', 'denied(O)', 'a(O)', 'report(O)', 'in(O)', 'Israel(B-LOC)', ""'s(O)"", 'Yedioth(B-ORG)', 'Ahronoth(I-ORG)', 'newspaper(O)', 'that(O)', 'Weizman(B-PER)', 'had(O)', 'already(O)', 'invited(O)', 'Arafat(B-PER)', 'to(O)', 'his(O)', 'private(O)', 'home(O)', 'for(O)', 'talks(O)', 'in(O)', 'the(O)', 'coming(O)', 'week(O)', 'on(O)', 'the(O)', 'future(O)', 'of(O)', 'the(O)', 'Israel-PLO(B-MISC)', 'peace(O)', 'process(O)', '.(O)']","Earlier(O) ,(O) the(O) director(O) of(O) the(O) president(O) 's(O) office(O) denied(O) a(O) report(O) in(O) Israel(B-LOC) 's(O) Yedioth(B-ORG) Ahronoth(I-ORG) newspaper(O) that(O) Weizman(B-PER) had(O) already(O) invited(O) Arafat(B-PER) to(O) his(O) private(O) home(O) for(O) talks(O) in(O) the(O) coming(O) week(O) on(O) the(O) future(O) of(O) the(O) Israel-PLO(B-MISC) peace(O) process(O) .(O)","Input: Earlier , the director of the president 's office denied a report in Israel 's Yedioth Ahronoth newspaper that Weizman had already invited Arafat to his private home for talks in the coming week on the future of the Israel-PLO peace process .
Output: Earlier(O) ,(O) the(O) director(O) of(O) the(O) president(O) 's(O) office(O) denied(O) a(O) report(O) in(O) Israel(B-LOC) 's(O) Yedioth(B-ORG) Ahronoth(I-ORG) newspaper(O) that(O) Weizman(B-PER) had(O) already(O) invited(O) Arafat(B-PER) to(O) his(O) private(O) home(O) for(O) talks(O) in(O) the(O) coming(O) week(O) on(O) the(O) future(O) of(O) the(O) Israel-PLO(B-MISC) peace(O) process(O) .(O)"
5216,['MELBOURNE' '1996-08-25'],"['B-LOC', 'O']",MELBOURNE 1996-08-25,"['MELBOURNE(B-LOC)', '1996-08-25(O)']",MELBOURNE(B-LOC) 1996-08-25(O),"Input: MELBOURNE 1996-08-25
Output: MELBOURNE(B-LOC) 1996-08-25(O)"
4071,['Freiburg' '1' 'Cologne' '3'],"['B-ORG', 'O', 'B-ORG', 'O']",Freiburg 1 Cologne 3,"['Freiburg(B-ORG)', '1(O)', 'Cologne(B-ORG)', '3(O)']",Freiburg(B-ORG) 1(O) Cologne(B-ORG) 3(O),"Input: Freiburg 1 Cologne 3
Output: Freiburg(B-ORG) 1(O) Cologne(B-ORG) 3(O)"
1547,"['India' 'says' 'sees' 'no' 'arms' 'race' 'with' 'China' ',' 'Pakistan'
 '.']","['B-LOC', 'O', 'O', 'O', 'O', 'O', 'O', 'B-LOC', 'O', 'B-LOC', 'O']","India says sees no arms race with China , Pakistan .","['India(B-LOC)', 'says(O)', 'sees(O)', 'no(O)', 'arms(O)', 'race(O)', 'with(O)', 'China(B-LOC)', ',(O)', 'Pakistan(B-LOC)', '.(O)']","India(B-LOC) says(O) sees(O) no(O) arms(O) race(O) with(O) China(B-LOC) ,(O) Pakistan(B-LOC) .(O)","Input: India says sees no arms race with China , Pakistan .
Output: India(B-LOC) says(O) sees(O) no(O) arms(O) race(O) with(O) China(B-LOC) ,(O) Pakistan(B-LOC) .(O)"
3061,"['""' 'It' 'did' ""n't"" 'do' 'as' 'well' 'as' 'it' 'could' 'have' ',' '""'
 'said' 'Rob' 'Enderle' ',' 'an' 'analyst' 'with' 'Giga' 'Information'
 'Group' '.']","['O', 'O', 'O', 'O', 'O', 'O', 'O', 'O', 'O', 'O', 'O', 'O', 'O', 'O', 'B-PER', 'I-PER', 'O', 'O', 'O', 'O', 'B-ORG', 'I-ORG', 'I-ORG', 'O']",""" It did n't do as well as it could have , "" said Rob Enderle , an analyst with Giga Information Group .","['""(O)', 'It(O)', 'did(O)', ""n't(O)"", 'do(O)', 'as(O)', 'well(O)', 'as(O)', 'it(O)', 'could(O)', 'have(O)', ',(O)', '""(O)', 'said(O)', 'Rob(B-PER)', 'Enderle(I-PER)', ',(O)', 'an(O)', 'analyst(O)', 'with(O)', 'Giga(B-ORG)', 'Information(I-ORG)', 'Group(I-ORG)', '.(O)']","""(O) It(O) did(O) n't(O) do(O) as(O) well(O) as(O) it(O) could(O) have(O) ,(O) ""(O) said(O) Rob(B-PER) Enderle(I-PER) ,(O) an(O) analyst(O) with(O) Giga(B-ORG) Information(I-ORG) Group(I-ORG) .(O)","Input: "" It did n't do as well as it could have , "" said Rob Enderle , an analyst with Giga Information Group .
Output: ""(O) It(O) did(O) n't(O) do(O) as(O) well(O) as(O) it(O) could(O) have(O) ,(O) ""(O) said(O) Rob(B-PER) Enderle(I-PER) ,(O) an(O) analyst(O) with(O) Giga(B-ORG) Information(I-ORG) Group(I-ORG) .(O)"
11879,['The' 'Commission' 'released' 'the' 'following' 'documents' ':'],"['O', 'B-ORG', 'O', 'O', 'O', 'O', 'O']",The Commission released the following documents :,"['The(O)', 'Commission(B-ORG)', 'released(O)', 'the(O)', 'following(O)', 'documents(O)', ':(O)']",The(O) Commission(B-ORG) released(O) the(O) following(O) documents(O) :(O),"Input: The Commission released the following documents :
Output: The(O) Commission(B-ORG) released(O) the(O) following(O) documents(O) :(O)"
7527,"['He' 'said' 'liquidity' 'would' 'be' 'the' 'main' 'concern' 'for' 'the'
 'next' 'few' 'days' '.']","['O', 'O', 'O', 'O', 'O', 'O', 'O', 'O', 'O', 'O', 'O', 'O', 'O', 'O']",He said liquidity would be the main concern for the next few days .,"['He(O)', 'said(O)', 'liquidity(O)', 'would(O)', 'be(O)', 'the(O)', 'main(O)', 'concern(O)', 'for(O)', 'the(O)', 'next(O)', 'few(O)', 'days(O)', '.(O)']",He(O) said(O) liquidity(O) would(O) be(O) the(O) main(O) concern(O) for(O) the(O) next(O) few(O) days(O) .(O),"Input: He said liquidity would be the main concern for the next few days .
Output: He(O) said(O) liquidity(O) would(O) be(O) the(O) main(O) concern(O) for(O) the(O) next(O) few(O) days(O) .(O)"
9623,"['Commercial' 'TV' 'includes' 'pro' 'rata' 'share' 'of' 'sales' 'and'
 'operating' 'profits' 'in' 'Dutch' 'group' 'HMG' 'and' 'Belgium' ""'s""
 'VTM' '.']","['O', 'O', 'O', 'O', 'O', 'O', 'O', 'O', 'O', 'O', 'O', 'O', 'B-MISC', 'O', 'B-ORG', 'O', 'B-LOC', 'O', 'B-ORG', 'O']",Commercial TV includes pro rata share of sales and operating profits in Dutch group HMG and Belgium 's VTM .,"['Commercial(O)', 'TV(O)', 'includes(O)', 'pro(O)', 'rata(O)', 'share(O)', 'of(O)', 'sales(O)', 'and(O)', 'operating(O)', 'profits(O)', 'in(O)', 'Dutch(B-MISC)', 'group(O)', 'HMG(B-ORG)', 'and(O)', 'Belgium(B-LOC)', ""'s(O)"", 'VTM(B-ORG)', '.(O)']",Commercial(O) TV(O) includes(O) pro(O) rata(O) share(O) of(O) sales(O) and(O) operating(O) profits(O) in(O) Dutch(B-MISC) group(O) HMG(B-ORG) and(O) Belgium(B-LOC) 's(O) VTM(B-ORG) .(O),"Input: Commercial TV includes pro rata share of sales and operating profits in Dutch group HMG and Belgium 's VTM .
Output: Commercial(O) TV(O) includes(O) pro(O) rata(O) share(O) of(O) sales(O) and(O) operating(O) profits(O) in(O) Dutch(B-MISC) group(O) HMG(B-ORG) and(O) Belgium(B-LOC) 's(O) VTM(B-ORG) .(O)"
4672,['1.' 'Isel' 'Lopez' '(' 'Cuba' ')' '61.36'],"['O', 'B-PER', 'I-PER', 'O', 'B-LOC', 'O', 'O']",1. Isel Lopez ( Cuba ) 61.36,"['1.(O)', 'Isel(B-PER)', 'Lopez(I-PER)', '((O)', 'Cuba(B-LOC)', ')(O)', '61.36(O)']",1.(O) Isel(B-PER) Lopez(I-PER) ((O) Cuba(B-LOC) )(O) 61.36(O),"Input: 1. Isel Lopez ( Cuba ) 61.36
Output: 1.(O) Isel(B-PER) Lopez(I-PER) ((O) Cuba(B-LOC) )(O) 61.36(O)"
7118,['MILWAUKEE' 'AT' 'CHICAGO'],"['B-ORG', 'O', 'B-LOC']",MILWAUKEE AT CHICAGO,"['MILWAUKEE(B-ORG)', 'AT(O)', 'CHICAGO(B-LOC)']",MILWAUKEE(B-ORG) AT(O) CHICAGO(B-LOC),"Input: MILWAUKEE AT CHICAGO
Output: MILWAUKEE(B-ORG) AT(O) CHICAGO(B-LOC)"
10648,"['Smicer' 'pushed' 'the' 'ball' 'home' 'in' 'injury' 'time' 'to' 'lead'
 'his' 'team' 'to' 'a' '3-2' 'victory' 'over' 'Montpellier' ',' 'who'
 'were' 'leading' '2-1' 'until' 'Cameroon' ""'s"" 'Marc-Vivien' 'Foe'
 'equalised' 'on' 'a' 'header' 'in' 'the' '85th' 'minute' '.']","['B-PER', 'O', 'O', 'O', 'O', 'O', 'O', 'O', 'O', 'O', 'O', 'O', 'O', 'O', 'O', 'O', 'O', 'B-ORG', 'O', 'O', 'O', 'O', 'O', 'O', 'B-LOC', 'O', 'B-PER', 'I-PER', 'O', 'O', 'O', 'O', 'O', 'O', 'O', 'O', 'O']","Smicer pushed the ball home in injury time to lead his team to a 3-2 victory over Montpellier , who were leading 2-1 until Cameroon 's Marc-Vivien Foe equalised on a header in the 85th minute .","['Smicer(B-PER)', 'pushed(O)', 'the(O)', 'ball(O)', 'home(O)', 'in(O)', 'injury(O)', 'time(O)', 'to(O)', 'lead(O)', 'his(O)', 'team(O)', 'to(O)', 'a(O)', '3-2(O)', 'victory(O)', 'over(O)', 'Montpellier(B-ORG)', ',(O)', 'who(O)', 'were(O)', 'leading(O)', '2-1(O)', 'until(O)', 'Cameroon(B-LOC)', ""'s(O)"", 'Marc-Vivien(B-PER)', 'Foe(I-PER)', 'equalised(O)', 'on(O)', 'a(O)', 'header(O)', 'in(O)', 'the(O)', '85th(O)', 'minute(O)', '.(O)']","Smicer(B-PER) pushed(O) the(O) ball(O) home(O) in(O) injury(O) time(O) to(O) lead(O) his(O) team(O) to(O) a(O) 3-2(O) victory(O) over(O) Montpellier(B-ORG) ,(O) who(O) were(O) leading(O) 2-1(O) until(O) Cameroon(B-LOC) 's(O) Marc-Vivien(B-PER) Foe(I-PER) equalised(O) on(O) a(O) header(O) in(O) the(O) 85th(O) minute(O) .(O)","Input: Smicer pushed the ball home in injury time to lead his team to a 3-2 victory over Montpellier , who were leading 2-1 until Cameroon 's Marc-Vivien Foe equalised on a header in the 85th minute .
Output: Smicer(B-PER) pushed(O) the(O) ball(O) home(O) in(O) injury(O) time(O) to(O) lead(O) his(O) team(O) to(O) a(O) 3-2(O) victory(O) over(O) Montpellier(B-ORG) ,(O) who(O) were(O) leading(O) 2-1(O) until(O) Cameroon(B-LOC) 's(O) Marc-Vivien(B-PER) Foe(I-PER) equalised(O) on(O) a(O) header(O) in(O) the(O) 85th(O) minute(O) .(O)"
5713,['Attendance' 'not' 'given' '.'],"['O', 'O', 'O', 'O']",Attendance not given .,"['Attendance(O)', 'not(O)', 'given(O)', '.(O)']",Attendance(O) not(O) given(O) .(O),"Input: Attendance not given .
Output: Attendance(O) not(O) given(O) .(O)"
2134,"['Baseball' 'games' 'played' 'on' 'Thursday' '(' 'home' 'team' 'in' 'CAPS'
 ')' ':']","['O', 'O', 'O', 'O', 'O', 'O', 'O', 'O', 'O', 'O', 'O', 'O']",Baseball games played on Thursday ( home team in CAPS ) :,"['Baseball(O)', 'games(O)', 'played(O)', 'on(O)', 'Thursday(O)', '((O)', 'home(O)', 'team(O)', 'in(O)', 'CAPS(O)', ')(O)', ':(O)']",Baseball(O) games(O) played(O) on(O) Thursday(O) ((O) home(O) team(O) in(O) CAPS(O) )(O) :(O),"Input: Baseball games played on Thursday ( home team in CAPS ) :
Output: Baseball(O) games(O) played(O) on(O) Thursday(O) ((O) home(O) team(O) in(O) CAPS(O) )(O) :(O)"
5407,"['In' 'Cleveland' ',' 'Kevin' 'Seitzer' ""'s"" 'two-out' 'single' 'in' 'the'
 'top' 'of' 'the' '10th' 'brought' 'home' 'David' 'Hulse' 'with' 'the'
 'winning' 'run' 'as' 'the' 'Milwaukee' 'Brewers' 'sent' 'the' 'Cleveland'
 'Indians' 'to' 'their' 'third' 'straight' 'extra-inning' 'defeat' '4-3'
 '.']","['O', 'B-ORG', 'O', 'B-PER', 'I-PER', 'O', 'O', 'O', 'O', 'O', 'O', 'O', 'O', 'O', 'O', 'O', 'B-PER', 'I-PER', 'O', 'O', 'O', 'O', 'O', 'O', 'B-ORG', 'I-ORG', 'O', 'O', 'B-ORG', 'I-ORG', 'O', 'O', 'O', 'O', 'O', 'O', 'O', 'O']","In Cleveland , Kevin Seitzer 's two-out single in the top of the 10th brought home David Hulse with the winning run as the Milwaukee Brewers sent the Cleveland Indians to their third straight extra-inning defeat 4-3 .","['In(O)', 'Cleveland(B-ORG)', ',(O)', 'Kevin(B-PER)', 'Seitzer(I-PER)', ""'s(O)"", 'two-out(O)', 'single(O)', 'in(O)', 'the(O)', 'top(O)', 'of(O)', 'the(O)', '10th(O)', 'brought(O)', 'home(O)', 'David(B-PER)', 'Hulse(I-PER)', 'with(O)', 'the(O)', 'winning(O)', 'run(O)', 'as(O)', 'the(O)', 'Milwaukee(B-ORG)', 'Brewers(I-ORG)', 'sent(O)', 'the(O)', 'Cleveland(B-ORG)', 'Indians(I-ORG)', 'to(O)', 'their(O)', 'third(O)', 'straight(O)', 'extra-inning(O)', 'defeat(O)', '4-3(O)', '.(O)']","In(O) Cleveland(B-ORG) ,(O) Kevin(B-PER) Seitzer(I-PER) 's(O) two-out(O) single(O) in(O) the(O) top(O) of(O) the(O) 10th(O) brought(O) home(O) David(B-PER) Hulse(I-PER) with(O) the(O) winning(O) run(O) as(O) the(O) Milwaukee(B-ORG) Brewers(I-ORG) sent(O) the(O) Cleveland(B-ORG) Indians(I-ORG) to(O) their(O) third(O) straight(O) extra-inning(O) defeat(O) 4-3(O) .(O)","Input: In Cleveland , Kevin Seitzer 's two-out single in the top of the 10th brought home David Hulse with the winning run as the Milwaukee Brewers sent the Cleveland Indians to their third straight extra-inning defeat 4-3 .
Output: In(O) Cleveland(B-ORG) ,(O) Kevin(B-PER) Seitzer(I-PER) 's(O) two-out(O) single(O) in(O) the(O) top(O) of(O) the(O) 10th(O) brought(O) home(O) David(B-PER) Hulse(I-PER) with(O) the(O) winning(O) run(O) as(O) the(O) Milwaukee(B-ORG) Brewers(I-ORG) sent(O) the(O) Cleveland(B-ORG) Indians(I-ORG) to(O) their(O) third(O) straight(O) extra-inning(O) defeat(O) 4-3(O) .(O)"
13986,"['Kombouare' 'has' 'signed' 'a' 'two-year' 'contract' 'and' 'will' 'make'
 'his' 'debut' 'against' 'Morton' 'in' 'the' 'Scottish' 'League' 'Cup'
 'on' 'Tuesday' '.']","['B-PER', 'O', 'O', 'O', 'O', 'O', 'O', 'O', 'O', 'O', 'O', 'O', 'B-PER', 'O', 'O', 'B-MISC', 'I-MISC', 'I-MISC', 'O', 'O', 'O']",Kombouare has signed a two-year contract and will make his debut against Morton in the Scottish League Cup on Tuesday .,"['Kombouare(B-PER)', 'has(O)', 'signed(O)', 'a(O)', 'two-year(O)', 'contract(O)', 'and(O)', 'will(O)', 'make(O)', 'his(O)', 'debut(O)', 'against(O)', 'Morton(B-PER)', 'in(O)', 'the(O)', 'Scottish(B-MISC)', 'League(I-MISC)', 'Cup(I-MISC)', 'on(O)', 'Tuesday(O)', '.(O)']",Kombouare(B-PER) has(O) signed(O) a(O) two-year(O) contract(O) and(O) will(O) make(O) his(O) debut(O) against(O) Morton(B-PER) in(O) the(O) Scottish(B-MISC) League(I-MISC) Cup(I-MISC) on(O) Tuesday(O) .(O),"Input: Kombouare has signed a two-year contract and will make his debut against Morton in the Scottish League Cup on Tuesday .
Output: Kombouare(B-PER) has(O) signed(O) a(O) two-year(O) contract(O) and(O) will(O) make(O) his(O) debut(O) against(O) Morton(B-PER) in(O) the(O) Scottish(B-MISC) League(I-MISC) Cup(I-MISC) on(O) Tuesday(O) .(O)"
7484,"['Senior' 'Sergeant' 'Dave' 'Pearson' 'of' 'Auckland' 'police' 'said'
 'John' 'Grant' 'Fagan' 'was' 'in' 'police' 'custody' ',' 'but' 'further'
 'details' 'of' 'his' 'capture' 'would' 'not' 'be' 'released' 'until' 'a'
 'press' 'conference' 'later' 'in' 'the' 'day' '.']","['O', 'O', 'B-PER', 'I-PER', 'O', 'B-LOC', 'O', 'O', 'B-PER', 'I-PER', 'I-PER', 'O', 'O', 'O', 'O', 'O', 'O', 'O', 'O', 'O', 'O', 'O', 'O', 'O', 'O', 'O', 'O', 'O', 'O', 'O', 'O', 'O', 'O', 'O', 'O']","Senior Sergeant Dave Pearson of Auckland police said John Grant Fagan was in police custody , but further details of his capture would not be released until a press conference later in the day .","['Senior(O)', 'Sergeant(O)', 'Dave(B-PER)', 'Pearson(I-PER)', 'of(O)', 'Auckland(B-LOC)', 'police(O)', 'said(O)', 'John(B-PER)', 'Grant(I-PER)', 'Fagan(I-PER)', 'was(O)', 'in(O)', 'police(O)', 'custody(O)', ',(O)', 'but(O)', 'further(O)', 'details(O)', 'of(O)', 'his(O)', 'capture(O)', 'would(O)', 'not(O)', 'be(O)', 'released(O)', 'until(O)', 'a(O)', 'press(O)', 'conference(O)', 'later(O)', 'in(O)', 'the(O)', 'day(O)', '.(O)']","Senior(O) Sergeant(O) Dave(B-PER) Pearson(I-PER) of(O) Auckland(B-LOC) police(O) said(O) John(B-PER) Grant(I-PER) Fagan(I-PER) was(O) in(O) police(O) custody(O) ,(O) but(O) further(O) details(O) of(O) his(O) capture(O) would(O) not(O) be(O) released(O) until(O) a(O) press(O) conference(O) later(O) in(O) the(O) day(O) .(O)","Input: Senior Sergeant Dave Pearson of Auckland police said John Grant Fagan was in police custody , but further details of his capture would not be released until a press conference later in the day .
Output: Senior(O) Sergeant(O) Dave(B-PER) Pearson(I-PER) of(O) Auckland(B-LOC) police(O) said(O) John(B-PER) Grant(I-PER) Fagan(I-PER) was(O) in(O) police(O) custody(O) ,(O) but(O) further(O) details(O) of(O) his(O) capture(O) would(O) not(O) be(O) released(O) until(O) a(O) press(O) conference(O) later(O) in(O) the(O) day(O) .(O)"
10330,"['BASKETBALL' '-' 'FORMULA' 'SHELL' 'WIN' 'GAME' 'ONE' 'IN' 'PHILIPPINES'
 '.']","['O', 'O', 'B-ORG', 'I-ORG', 'O', 'O', 'O', 'O', 'O', 'O']",BASKETBALL - FORMULA SHELL WIN GAME ONE IN PHILIPPINES .,"['BASKETBALL(O)', '-(O)', 'FORMULA(B-ORG)', 'SHELL(I-ORG)', 'WIN(O)', 'GAME(O)', 'ONE(O)', 'IN(O)', 'PHILIPPINES(O)', '.(O)']",BASKETBALL(O) -(O) FORMULA(B-ORG) SHELL(I-ORG) WIN(O) GAME(O) ONE(O) IN(O) PHILIPPINES(O) .(O),"Input: BASKETBALL - FORMULA SHELL WIN GAME ONE IN PHILIPPINES .
Output: BASKETBALL(O) -(O) FORMULA(B-ORG) SHELL(I-ORG) WIN(O) GAME(O) ONE(O) IN(O) PHILIPPINES(O) .(O)"
10211,"['""' 'They' 'had' 'some' 'scans' 'and' 'X-rays' 'yesterday' 'and' 'they'
 ""'re"" 'out' ',' '""' 'said' 'Hoddle' '.']","['O', 'O', 'O', 'O', 'O', 'O', 'O', 'O', 'O', 'O', 'O', 'O', 'O', 'O', 'O', 'B-PER', 'O']",""" They had some scans and X-rays yesterday and they 're out , "" said Hoddle .","['""(O)', 'They(O)', 'had(O)', 'some(O)', 'scans(O)', 'and(O)', 'X-rays(O)', 'yesterday(O)', 'and(O)', 'they(O)', ""'re(O)"", 'out(O)', ',(O)', '""(O)', 'said(O)', 'Hoddle(B-PER)', '.(O)']","""(O) They(O) had(O) some(O) scans(O) and(O) X-rays(O) yesterday(O) and(O) they(O) 're(O) out(O) ,(O) ""(O) said(O) Hoddle(B-PER) .(O)","Input: "" They had some scans and X-rays yesterday and they 're out , "" said Hoddle .
Output: ""(O) They(O) had(O) some(O) scans(O) and(O) X-rays(O) yesterday(O) and(O) they(O) 're(O) out(O) ,(O) ""(O) said(O) Hoddle(B-PER) .(O)"
7811,['Year' 'Amount' 'Coupon' 'Yield' 'Price' 'Conc' '.'],"['O', 'O', 'O', 'O', 'O', 'O', 'O']",Year Amount Coupon Yield Price Conc .,"['Year(O)', 'Amount(O)', 'Coupon(O)', 'Yield(O)', 'Price(O)', 'Conc(O)', '.(O)']",Year(O) Amount(O) Coupon(O) Yield(O) Price(O) Conc(O) .(O),"Input: Year Amount Coupon Yield Price Conc .
Output: Year(O) Amount(O) Coupon(O) Yield(O) Price(O) Conc(O) .(O)"
13494,"['A' 'freed' 'black' 'man' 'writes' 'to' 'his' 'still-enslaved' 'wife' ','
 'a' 'mother' 'pleads' 'with' 'Abraham' 'Lincoln' 'on' 'behalf' 'of' 'her'
 'son' 'and' 'a' 'maimed' 'soldier' 'poses' 'for' 'an' 'official'
 'photograph' 'in' 'newly' 'reopened' 'records' 'that' 'bring' 'the'
 'U.S.' 'Civil' 'War' 'back' 'to' 'life' '.']","['O', 'O', 'O', 'O', 'O', 'O', 'O', 'O', 'O', 'O', 'O', 'O', 'O', 'O', 'B-PER', 'I-PER', 'O', 'O', 'O', 'O', 'O', 'O', 'O', 'O', 'O', 'O', 'O', 'O', 'O', 'O', 'O', 'O', 'O', 'O', 'O', 'O', 'O', 'B-MISC', 'I-MISC', 'I-MISC', 'O', 'O', 'O', 'O']","A freed black man writes to his still-enslaved wife , a mother pleads with Abraham Lincoln on behalf of her son and a maimed soldier poses for an official photograph in newly reopened records that bring the U.S. Civil War back to life .","['A(O)', 'freed(O)', 'black(O)', 'man(O)', 'writes(O)', 'to(O)', 'his(O)', 'still-enslaved(O)', 'wife(O)', ',(O)', 'a(O)', 'mother(O)', 'pleads(O)', 'with(O)', 'Abraham(B-PER)', 'Lincoln(I-PER)', 'on(O)', 'behalf(O)', 'of(O)', 'her(O)', 'son(O)', 'and(O)', 'a(O)', 'maimed(O)', 'soldier(O)', 'poses(O)', 'for(O)', 'an(O)', 'official(O)', 'photograph(O)', 'in(O)', 'newly(O)', 'reopened(O)', 'records(O)', 'that(O)', 'bring(O)', 'the(O)', 'U.S.(B-MISC)', 'Civil(I-MISC)', 'War(I-MISC)', 'back(O)', 'to(O)', 'life(O)', '.(O)']","A(O) freed(O) black(O) man(O) writes(O) to(O) his(O) still-enslaved(O) wife(O) ,(O) a(O) mother(O) pleads(O) with(O) Abraham(B-PER) Lincoln(I-PER) on(O) behalf(O) of(O) her(O) son(O) and(O) a(O) maimed(O) soldier(O) poses(O) for(O) an(O) official(O) photograph(O) in(O) newly(O) reopened(O) records(O) that(O) bring(O) the(O) U.S.(B-MISC) Civil(I-MISC) War(I-MISC) back(O) to(O) life(O) .(O)","Input: A freed black man writes to his still-enslaved wife , a mother pleads with Abraham Lincoln on behalf of her son and a maimed soldier poses for an official photograph in newly reopened records that bring the U.S. Civil War back to life .
Output: A(O) freed(O) black(O) man(O) writes(O) to(O) his(O) still-enslaved(O) wife(O) ,(O) a(O) mother(O) pleads(O) with(O) Abraham(B-PER) Lincoln(I-PER) on(O) behalf(O) of(O) her(O) son(O) and(O) a(O) maimed(O) soldier(O) poses(O) for(O) an(O) official(O) photograph(O) in(O) newly(O) reopened(O) records(O) that(O) bring(O) the(O) U.S.(B-MISC) Civil(I-MISC) War(I-MISC) back(O) to(O) life(O) .(O)"
3488,['+2' 'D.A.' 'Weibring' 'through' '12'],"['O', 'B-PER', 'I-PER', 'O', 'O']",+2 D.A. Weibring through 12,"['+2(O)', 'D.A.(B-PER)', 'Weibring(I-PER)', 'through(O)', '12(O)']",+2(O) D.A.(B-PER) Weibring(I-PER) through(O) 12(O),"Input: +2 D.A. Weibring through 12
Output: +2(O) D.A.(B-PER) Weibring(I-PER) through(O) 12(O)"
8093,"['""' 'But' 'they' 'are' 'more' 'alert' 'than' 'they' 'were' '3-4' 'years'
 'ago' '.']","['O', 'O', 'O', 'O', 'O', 'O', 'O', 'O', 'O', 'O', 'O', 'O', 'O']",""" But they are more alert than they were 3-4 years ago .","['""(O)', 'But(O)', 'they(O)', 'are(O)', 'more(O)', 'alert(O)', 'than(O)', 'they(O)', 'were(O)', '3-4(O)', 'years(O)', 'ago(O)', '.(O)']","""(O) But(O) they(O) are(O) more(O) alert(O) than(O) they(O) were(O) 3-4(O) years(O) ago(O) .(O)","Input: "" But they are more alert than they were 3-4 years ago .
Output: ""(O) But(O) they(O) are(O) more(O) alert(O) than(O) they(O) were(O) 3-4(O) years(O) ago(O) .(O)"
12650,['Feyenoord' '2' 'Graafschap' 'Doetinchem' '1'],"['B-ORG', 'O', 'B-ORG', 'I-ORG', 'O']",Feyenoord 2 Graafschap Doetinchem 1,"['Feyenoord(B-ORG)', '2(O)', 'Graafschap(B-ORG)', 'Doetinchem(I-ORG)', '1(O)']",Feyenoord(B-ORG) 2(O) Graafschap(B-ORG) Doetinchem(I-ORG) 1(O),"Input: Feyenoord 2 Graafschap Doetinchem 1
Output: Feyenoord(B-ORG) 2(O) Graafschap(B-ORG) Doetinchem(I-ORG) 1(O)"
14033,['SOCCER' '-' 'ENGLISH' 'SOCCER' 'RESULTS' '.'],"['O', 'O', 'B-MISC', 'O', 'O', 'O']",SOCCER - ENGLISH SOCCER RESULTS .,"['SOCCER(O)', '-(O)', 'ENGLISH(B-MISC)', 'SOCCER(O)', 'RESULTS(O)', '.(O)']",SOCCER(O) -(O) ENGLISH(B-MISC) SOCCER(O) RESULTS(O) .(O),"Input: SOCCER - ENGLISH SOCCER RESULTS .
Output: SOCCER(O) -(O) ENGLISH(B-MISC) SOCCER(O) RESULTS(O) .(O)"
4293,"['The' 'rival' 'Kurdistan' 'Democratic' 'Party' '(' 'KDP' ')' ',' 'which'
 'accuses' 'Iran' 'of' 'supporting' 'the' 'PUK' ',' 'said' 'on' 'Thursday'
 'that' 'its' 'forces' 'had' 'halted' 'an' 'Iranian-backed' 'attack' 'by'
 'thousands' 'of' 'PUK' 'fighters' '.']","['O', 'O', 'B-ORG', 'I-ORG', 'I-ORG', 'O', 'B-ORG', 'O', 'O', 'O', 'O', 'B-LOC', 'O', 'O', 'O', 'B-ORG', 'O', 'O', 'O', 'O', 'O', 'O', 'O', 'O', 'O', 'O', 'O', 'O', 'O', 'O', 'O', 'B-ORG', 'O', 'O']","The rival Kurdistan Democratic Party ( KDP ) , which accuses Iran of supporting the PUK , said on Thursday that its forces had halted an Iranian-backed attack by thousands of PUK fighters .","['The(O)', 'rival(O)', 'Kurdistan(B-ORG)', 'Democratic(I-ORG)', 'Party(I-ORG)', '((O)', 'KDP(B-ORG)', ')(O)', ',(O)', 'which(O)', 'accuses(O)', 'Iran(B-LOC)', 'of(O)', 'supporting(O)', 'the(O)', 'PUK(B-ORG)', ',(O)', 'said(O)', 'on(O)', 'Thursday(O)', 'that(O)', 'its(O)', 'forces(O)', 'had(O)', 'halted(O)', 'an(O)', 'Iranian-backed(O)', 'attack(O)', 'by(O)', 'thousands(O)', 'of(O)', 'PUK(B-ORG)', 'fighters(O)', '.(O)']","The(O) rival(O) Kurdistan(B-ORG) Democratic(I-ORG) Party(I-ORG) ((O) KDP(B-ORG) )(O) ,(O) which(O) accuses(O) Iran(B-LOC) of(O) supporting(O) the(O) PUK(B-ORG) ,(O) said(O) on(O) Thursday(O) that(O) its(O) forces(O) had(O) halted(O) an(O) Iranian-backed(O) attack(O) by(O) thousands(O) of(O) PUK(B-ORG) fighters(O) .(O)","Input: The rival Kurdistan Democratic Party ( KDP ) , which accuses Iran of supporting the PUK , said on Thursday that its forces had halted an Iranian-backed attack by thousands of PUK fighters .
Output: The(O) rival(O) Kurdistan(B-ORG) Democratic(I-ORG) Party(I-ORG) ((O) KDP(B-ORG) )(O) ,(O) which(O) accuses(O) Iran(B-LOC) of(O) supporting(O) the(O) PUK(B-ORG) ,(O) said(O) on(O) Thursday(O) that(O) its(O) forces(O) had(O) halted(O) an(O) Iranian-backed(O) attack(O) by(O) thousands(O) of(O) PUK(B-ORG) fighters(O) .(O)"
12837,"['Voters' 'will' 'be' 'choosing' 'a' 'three-member' 'presidency' 'and' 'a'
 'parliament' 'to' 'rule' 'over' 'a' 'loose' 'union' 'of' 'Bosnia' ','
 'comprised' 'of' 'a' 'Serb' 'republic' 'and' 'a' 'Moslem-Croat'
 'federation' '.']","['O', 'O', 'O', 'O', 'O', 'O', 'O', 'O', 'O', 'O', 'O', 'O', 'O', 'O', 'O', 'O', 'O', 'B-LOC', 'O', 'O', 'O', 'O', 'B-MISC', 'O', 'O', 'O', 'B-MISC', 'O', 'O']","Voters will be choosing a three-member presidency and a parliament to rule over a loose union of Bosnia , comprised of a Serb republic and a Moslem-Croat federation .","['Voters(O)', 'will(O)', 'be(O)', 'choosing(O)', 'a(O)', 'three-member(O)', 'presidency(O)', 'and(O)', 'a(O)', 'parliament(O)', 'to(O)', 'rule(O)', 'over(O)', 'a(O)', 'loose(O)', 'union(O)', 'of(O)', 'Bosnia(B-LOC)', ',(O)', 'comprised(O)', 'of(O)', 'a(O)', 'Serb(B-MISC)', 'republic(O)', 'and(O)', 'a(O)', 'Moslem-Croat(B-MISC)', 'federation(O)', '.(O)']","Voters(O) will(O) be(O) choosing(O) a(O) three-member(O) presidency(O) and(O) a(O) parliament(O) to(O) rule(O) over(O) a(O) loose(O) union(O) of(O) Bosnia(B-LOC) ,(O) comprised(O) of(O) a(O) Serb(B-MISC) republic(O) and(O) a(O) Moslem-Croat(B-MISC) federation(O) .(O)","Input: Voters will be choosing a three-member presidency and a parliament to rule over a loose union of Bosnia , comprised of a Serb republic and a Moslem-Croat federation .
Output: Voters(O) will(O) be(O) choosing(O) a(O) three-member(O) presidency(O) and(O) a(O) parliament(O) to(O) rule(O) over(O) a(O) loose(O) union(O) of(O) Bosnia(B-LOC) ,(O) comprised(O) of(O) a(O) Serb(B-MISC) republic(O) and(O) a(O) Moslem-Croat(B-MISC) federation(O) .(O)"
5835,"['It' ""'s"" 'amazing' 'just' 'how' 'big' 'this' 'ground' 'was' 'yesterday'
 '.' ""'""]","['O', 'O', 'O', 'O', 'O', 'O', 'O', 'O', 'O', 'O', 'O', 'O']",It 's amazing just how big this ground was yesterday . ',"['It(O)', ""'s(O)"", 'amazing(O)', 'just(O)', 'how(O)', 'big(O)', 'this(O)', 'ground(O)', 'was(O)', 'yesterday(O)', '.(O)', ""'(O)""]",It(O) 's(O) amazing(O) just(O) how(O) big(O) this(O) ground(O) was(O) yesterday(O) .(O) '(O),"Input: It 's amazing just how big this ground was yesterday . '
Output: It(O) 's(O) amazing(O) just(O) how(O) big(O) this(O) ground(O) was(O) yesterday(O) .(O) '(O)"
868,"['In' 'Detroit' ',' 'Brad' 'Ausmus' ""'s"" 'three-run' 'homer' 'capped' 'a'
 'four-run' 'eighth' 'and' 'lifted' 'the' 'Tigers' 'to' 'a' '7-4'
 'victory' 'over' 'the' 'reeling' 'Chicago' 'White' 'Sox' '.']","['O', 'B-LOC', 'O', 'B-PER', 'I-PER', 'O', 'O', 'O', 'O', 'O', 'O', 'O', 'O', 'O', 'O', 'B-ORG', 'O', 'O', 'O', 'O', 'O', 'O', 'O', 'B-ORG', 'I-ORG', 'I-ORG', 'O']","In Detroit , Brad Ausmus 's three-run homer capped a four-run eighth and lifted the Tigers to a 7-4 victory over the reeling Chicago White Sox .","['In(O)', 'Detroit(B-LOC)', ',(O)', 'Brad(B-PER)', 'Ausmus(I-PER)', ""'s(O)"", 'three-run(O)', 'homer(O)', 'capped(O)', 'a(O)', 'four-run(O)', 'eighth(O)', 'and(O)', 'lifted(O)', 'the(O)', 'Tigers(B-ORG)', 'to(O)', 'a(O)', '7-4(O)', 'victory(O)', 'over(O)', 'the(O)', 'reeling(O)', 'Chicago(B-ORG)', 'White(I-ORG)', 'Sox(I-ORG)', '.(O)']","In(O) Detroit(B-LOC) ,(O) Brad(B-PER) Ausmus(I-PER) 's(O) three-run(O) homer(O) capped(O) a(O) four-run(O) eighth(O) and(O) lifted(O) the(O) Tigers(B-ORG) to(O) a(O) 7-4(O) victory(O) over(O) the(O) reeling(O) Chicago(B-ORG) White(I-ORG) Sox(I-ORG) .(O)","Input: In Detroit , Brad Ausmus 's three-run homer capped a four-run eighth and lifted the Tigers to a 7-4 victory over the reeling Chicago White Sox .
Output: In(O) Detroit(B-LOC) ,(O) Brad(B-PER) Ausmus(I-PER) 's(O) three-run(O) homer(O) capped(O) a(O) four-run(O) eighth(O) and(O) lifted(O) the(O) Tigers(B-ORG) to(O) a(O) 7-4(O) victory(O) over(O) the(O) reeling(O) Chicago(B-ORG) White(I-ORG) Sox(I-ORG) .(O)"
2538,['x-Olympiakos' 'v' 'Ferencvaros' '(' 'Hungary' ')'],"['B-ORG', 'O', 'B-ORG', 'O', 'B-LOC', 'O']",x-Olympiakos v Ferencvaros ( Hungary ),"['x-Olympiakos(B-ORG)', 'v(O)', 'Ferencvaros(B-ORG)', '((O)', 'Hungary(B-LOC)', ')(O)']",x-Olympiakos(B-ORG) v(O) Ferencvaros(B-ORG) ((O) Hungary(B-LOC) )(O),"Input: x-Olympiakos v Ferencvaros ( Hungary )
Output: x-Olympiakos(B-ORG) v(O) Ferencvaros(B-ORG) ((O) Hungary(B-LOC) )(O)"
1107,['Bill' 'Berkrot'],"['B-PER', 'I-PER']",Bill Berkrot,"['Bill(B-PER)', 'Berkrot(I-PER)']",Bill(B-PER) Berkrot(I-PER),"Input: Bill Berkrot
Output: Bill(B-PER) Berkrot(I-PER)"
13175,"['DECATUR' ',' 'IL' '/' 'CLINTON' 'AND' 'CEDAR' 'RAPIDS' ',' 'IA']","['B-ORG', 'O', 'B-LOC', 'O', 'B-ORG', 'I-ORG', 'I-ORG', 'I-ORG', 'O', 'B-LOC']","DECATUR , IL / CLINTON AND CEDAR RAPIDS , IA","['DECATUR(B-ORG)', ',(O)', 'IL(B-LOC)', '/(O)', 'CLINTON(B-ORG)', 'AND(I-ORG)', 'CEDAR(I-ORG)', 'RAPIDS(I-ORG)', ',(O)', 'IA(B-LOC)']","DECATUR(B-ORG) ,(O) IL(B-LOC) /(O) CLINTON(B-ORG) AND(I-ORG) CEDAR(I-ORG) RAPIDS(I-ORG) ,(O) IA(B-LOC)","Input: DECATUR , IL / CLINTON AND CEDAR RAPIDS , IA
Output: DECATUR(B-ORG) ,(O) IL(B-LOC) /(O) CLINTON(B-ORG) AND(I-ORG) CEDAR(I-ORG) RAPIDS(I-ORG) ,(O) IA(B-LOC)"
7075,"['At' 'Florida' ',' 'Edgar' 'Renteria' ""'s"" 'two-out' 'single' 'in' 'the'
 'bottom' 'of' 'the' 'ninth' 'inning' 'scored' 'Jesus' 'Tavarez' 'with'
 'the' 'winning' 'run' 'as' 'the' 'Florida' 'Marlins' 'edged' 'the'
 'Cincinnati' 'Reds' '6-5' '.']","['O', 'B-LOC', 'O', 'B-PER', 'I-PER', 'O', 'O', 'O', 'O', 'O', 'O', 'O', 'O', 'O', 'O', 'O', 'B-PER', 'I-PER', 'O', 'O', 'O', 'O', 'O', 'O', 'B-ORG', 'I-ORG', 'O', 'O', 'B-ORG', 'I-ORG', 'O', 'O']","At Florida , Edgar Renteria 's two-out single in the bottom of the ninth inning scored Jesus Tavarez with the winning run as the Florida Marlins edged the Cincinnati Reds 6-5 .","['At(O)', 'Florida(B-LOC)', ',(O)', 'Edgar(B-PER)', 'Renteria(I-PER)', ""'s(O)"", 'two-out(O)', 'single(O)', 'in(O)', 'the(O)', 'bottom(O)', 'of(O)', 'the(O)', 'ninth(O)', 'inning(O)', 'scored(O)', 'Jesus(B-PER)', 'Tavarez(I-PER)', 'with(O)', 'the(O)', 'winning(O)', 'run(O)', 'as(O)', 'the(O)', 'Florida(B-ORG)', 'Marlins(I-ORG)', 'edged(O)', 'the(O)', 'Cincinnati(B-ORG)', 'Reds(I-ORG)', '6-5(O)', '.(O)']","At(O) Florida(B-LOC) ,(O) Edgar(B-PER) Renteria(I-PER) 's(O) two-out(O) single(O) in(O) the(O) bottom(O) of(O) the(O) ninth(O) inning(O) scored(O) Jesus(B-PER) Tavarez(I-PER) with(O) the(O) winning(O) run(O) as(O) the(O) Florida(B-ORG) Marlins(I-ORG) edged(O) the(O) Cincinnati(B-ORG) Reds(I-ORG) 6-5(O) .(O)","Input: At Florida , Edgar Renteria 's two-out single in the bottom of the ninth inning scored Jesus Tavarez with the winning run as the Florida Marlins edged the Cincinnati Reds 6-5 .
Output: At(O) Florida(B-LOC) ,(O) Edgar(B-PER) Renteria(I-PER) 's(O) two-out(O) single(O) in(O) the(O) bottom(O) of(O) the(O) ninth(O) inning(O) scored(O) Jesus(B-PER) Tavarez(I-PER) with(O) the(O) winning(O) run(O) as(O) the(O) Florida(B-ORG) Marlins(I-ORG) edged(O) the(O) Cincinnati(B-ORG) Reds(I-ORG) 6-5(O) .(O)"
11584,"['ACC' ""'s"" 'own' 'export' 'performance' 'was' 'marginally' 'better'
 'than' 'in' '1994/95' 'on' 'account' 'of' 'a' '36' 'percent' 'rise' 'in'
 'exports' 'to' 'Nepal' 'and' 'the' 'opening' 'of' 'a' 'new' 'market' '-'
 'Sri' 'Lanka' ',' 'he' 'said' '.']","['B-ORG', 'O', 'O', 'O', 'O', 'O', 'O', 'O', 'O', 'O', 'O', 'O', 'O', 'O', 'O', 'O', 'O', 'O', 'O', 'O', 'O', 'B-LOC', 'O', 'O', 'O', 'O', 'O', 'O', 'O', 'O', 'B-LOC', 'I-LOC', 'O', 'O', 'O', 'O']","ACC 's own export performance was marginally better than in 1994/95 on account of a 36 percent rise in exports to Nepal and the opening of a new market - Sri Lanka , he said .","['ACC(B-ORG)', ""'s(O)"", 'own(O)', 'export(O)', 'performance(O)', 'was(O)', 'marginally(O)', 'better(O)', 'than(O)', 'in(O)', '1994/95(O)', 'on(O)', 'account(O)', 'of(O)', 'a(O)', '36(O)', 'percent(O)', 'rise(O)', 'in(O)', 'exports(O)', 'to(O)', 'Nepal(B-LOC)', 'and(O)', 'the(O)', 'opening(O)', 'of(O)', 'a(O)', 'new(O)', 'market(O)', '-(O)', 'Sri(B-LOC)', 'Lanka(I-LOC)', ',(O)', 'he(O)', 'said(O)', '.(O)']","ACC(B-ORG) 's(O) own(O) export(O) performance(O) was(O) marginally(O) better(O) than(O) in(O) 1994/95(O) on(O) account(O) of(O) a(O) 36(O) percent(O) rise(O) in(O) exports(O) to(O) Nepal(B-LOC) and(O) the(O) opening(O) of(O) a(O) new(O) market(O) -(O) Sri(B-LOC) Lanka(I-LOC) ,(O) he(O) said(O) .(O)","Input: ACC 's own export performance was marginally better than in 1994/95 on account of a 36 percent rise in exports to Nepal and the opening of a new market - Sri Lanka , he said .
Output: ACC(B-ORG) 's(O) own(O) export(O) performance(O) was(O) marginally(O) better(O) than(O) in(O) 1994/95(O) on(O) account(O) of(O) a(O) 36(O) percent(O) rise(O) in(O) exports(O) to(O) Nepal(B-LOC) and(O) the(O) opening(O) of(O) a(O) new(O) market(O) -(O) Sri(B-LOC) Lanka(I-LOC) ,(O) he(O) said(O) .(O)"
13333,['Pro' 'forma' 'net' 'income'],"['O', 'O', 'O', 'O']",Pro forma net income,"['Pro(O)', 'forma(O)', 'net(O)', 'income(O)']",Pro(O) forma(O) net(O) income(O),"Input: Pro forma net income
Output: Pro(O) forma(O) net(O) income(O)"
8035,['But' 'it' 'recovered' 'at' 'the' 'close' 'of' 'trade' '.'],"['O', 'O', 'O', 'O', 'O', 'O', 'O', 'O', 'O']",But it recovered at the close of trade .,"['But(O)', 'it(O)', 'recovered(O)', 'at(O)', 'the(O)', 'close(O)', 'of(O)', 'trade(O)', '.(O)']",But(O) it(O) recovered(O) at(O) the(O) close(O) of(O) trade(O) .(O),"Input: But it recovered at the close of trade .
Output: But(O) it(O) recovered(O) at(O) the(O) close(O) of(O) trade(O) .(O)"
2867,['WASHINGTON' '1996-08-23'],"['B-LOC', 'O']",WASHINGTON 1996-08-23,"['WASHINGTON(B-LOC)', '1996-08-23(O)']",WASHINGTON(B-LOC) 1996-08-23(O),"Input: WASHINGTON 1996-08-23
Output: WASHINGTON(B-LOC) 1996-08-23(O)"
8817,['Price' 'Max' '.'],"['O', 'O', 'O']",Price Max .,"['Price(O)', 'Max(O)', '.(O)']",Price(O) Max(O) .(O),"Input: Price Max .
Output: Price(O) Max(O) .(O)"
12691,"['Berlin' 'organisers' 'hoped' 'to' 'have' 'American' '1984' 'and' '1988'
 'champion' 'Carl' 'Lewis' 'in' 'the' 'squad' 'but' 'he' 'injured'
 'himself' 'in' 'last' 'Friday' ""'s"" 'Brussels' 'meeting' '.']","['B-LOC', 'O', 'O', 'O', 'O', 'B-MISC', 'O', 'O', 'O', 'O', 'B-PER', 'I-PER', 'O', 'O', 'O', 'O', 'O', 'O', 'O', 'O', 'O', 'O', 'O', 'B-LOC', 'O', 'O']",Berlin organisers hoped to have American 1984 and 1988 champion Carl Lewis in the squad but he injured himself in last Friday 's Brussels meeting .,"['Berlin(B-LOC)', 'organisers(O)', 'hoped(O)', 'to(O)', 'have(O)', 'American(B-MISC)', '1984(O)', 'and(O)', '1988(O)', 'champion(O)', 'Carl(B-PER)', 'Lewis(I-PER)', 'in(O)', 'the(O)', 'squad(O)', 'but(O)', 'he(O)', 'injured(O)', 'himself(O)', 'in(O)', 'last(O)', 'Friday(O)', ""'s(O)"", 'Brussels(B-LOC)', 'meeting(O)', '.(O)']",Berlin(B-LOC) organisers(O) hoped(O) to(O) have(O) American(B-MISC) 1984(O) and(O) 1988(O) champion(O) Carl(B-PER) Lewis(I-PER) in(O) the(O) squad(O) but(O) he(O) injured(O) himself(O) in(O) last(O) Friday(O) 's(O) Brussels(B-LOC) meeting(O) .(O),"Input: Berlin organisers hoped to have American 1984 and 1988 champion Carl Lewis in the squad but he injured himself in last Friday 's Brussels meeting .
Output: Berlin(B-LOC) organisers(O) hoped(O) to(O) have(O) American(B-MISC) 1984(O) and(O) 1988(O) champion(O) Carl(B-PER) Lewis(I-PER) in(O) the(O) squad(O) but(O) he(O) injured(O) himself(O) in(O) last(O) Friday(O) 's(O) Brussels(B-LOC) meeting(O) .(O)"
4226,"['But' 'Gcaleka' 'ran' 'into' 'trouble' 'as' 'soon' 'as' 'he' 'returned'
 'to' 'South' 'Africa' 'with' 'a' 'skull' 'he' 'found' 'in' 'a' 'cottage'
 'in' 'a' 'lonely' 'Highland' 'forest' 'near' 'Inverness' '.']","['O', 'B-PER', 'O', 'O', 'O', 'O', 'O', 'O', 'O', 'O', 'O', 'B-LOC', 'I-LOC', 'O', 'O', 'O', 'O', 'O', 'O', 'O', 'O', 'O', 'O', 'O', 'B-LOC', 'O', 'O', 'B-LOC', 'O']",But Gcaleka ran into trouble as soon as he returned to South Africa with a skull he found in a cottage in a lonely Highland forest near Inverness .,"['But(O)', 'Gcaleka(B-PER)', 'ran(O)', 'into(O)', 'trouble(O)', 'as(O)', 'soon(O)', 'as(O)', 'he(O)', 'returned(O)', 'to(O)', 'South(B-LOC)', 'Africa(I-LOC)', 'with(O)', 'a(O)', 'skull(O)', 'he(O)', 'found(O)', 'in(O)', 'a(O)', 'cottage(O)', 'in(O)', 'a(O)', 'lonely(O)', 'Highland(B-LOC)', 'forest(O)', 'near(O)', 'Inverness(B-LOC)', '.(O)']",But(O) Gcaleka(B-PER) ran(O) into(O) trouble(O) as(O) soon(O) as(O) he(O) returned(O) to(O) South(B-LOC) Africa(I-LOC) with(O) a(O) skull(O) he(O) found(O) in(O) a(O) cottage(O) in(O) a(O) lonely(O) Highland(B-LOC) forest(O) near(O) Inverness(B-LOC) .(O),"Input: But Gcaleka ran into trouble as soon as he returned to South Africa with a skull he found in a cottage in a lonely Highland forest near Inverness .
Output: But(O) Gcaleka(B-PER) ran(O) into(O) trouble(O) as(O) soon(O) as(O) he(O) returned(O) to(O) South(B-LOC) Africa(I-LOC) with(O) a(O) skull(O) he(O) found(O) in(O) a(O) cottage(O) in(O) a(O) lonely(O) Highland(B-LOC) forest(O) near(O) Inverness(B-LOC) .(O)"
727,['Qualifier' 'vs.' 'Michael' 'Stich' '(' 'Germany' ')'],"['O', 'O', 'B-PER', 'I-PER', 'O', 'B-LOC', 'O']",Qualifier vs. Michael Stich ( Germany ),"['Qualifier(O)', 'vs.(O)', 'Michael(B-PER)', 'Stich(I-PER)', '((O)', 'Germany(B-LOC)', ')(O)']",Qualifier(O) vs.(O) Michael(B-PER) Stich(I-PER) ((O) Germany(B-LOC) )(O),"Input: Qualifier vs. Michael Stich ( Germany )
Output: Qualifier(O) vs.(O) Michael(B-PER) Stich(I-PER) ((O) Germany(B-LOC) )(O)"
10769,['Bastia' '4' '2' '2' '0' '4' '1' '8'],"['B-ORG', 'O', 'O', 'O', 'O', 'O', 'O', 'O']",Bastia 4 2 2 0 4 1 8,"['Bastia(B-ORG)', '4(O)', '2(O)', '2(O)', '0(O)', '4(O)', '1(O)', '8(O)']",Bastia(B-ORG) 4(O) 2(O) 2(O) 0(O) 4(O) 1(O) 8(O),"Input: Bastia 4 2 2 0 4 1 8
Output: Bastia(B-ORG) 4(O) 2(O) 2(O) 0(O) 4(O) 1(O) 8(O)"
12530,['SEATTLE' '69' '63' '.523' '5' '1/2'],"['B-ORG', 'O', 'O', 'O', 'O', 'O']",SEATTLE 69 63 .523 5 1/2,"['SEATTLE(B-ORG)', '69(O)', '63(O)', '.523(O)', '5(O)', '1/2(O)']",SEATTLE(B-ORG) 69(O) 63(O) .523(O) 5(O) 1/2(O),"Input: SEATTLE 69 63 .523 5 1/2
Output: SEATTLE(B-ORG) 69(O) 63(O) .523(O) 5(O) 1/2(O)"
328,"['69' 'Justin' 'Leonard' ',' 'Mark' 'Brooks']","['O', 'B-PER', 'I-PER', 'O', 'B-PER', 'I-PER']","69 Justin Leonard , Mark Brooks","['69(O)', 'Justin(B-PER)', 'Leonard(I-PER)', ',(O)', 'Mark(B-PER)', 'Brooks(I-PER)']","69(O) Justin(B-PER) Leonard(I-PER) ,(O) Mark(B-PER) Brooks(I-PER)","Input: 69 Justin Leonard , Mark Brooks
Output: 69(O) Justin(B-PER) Leonard(I-PER) ,(O) Mark(B-PER) Brooks(I-PER)"
5387,['COLORADO' '67' '63' '.515' '3' '1/2'],"['B-ORG', 'O', 'O', 'O', 'O', 'O']",COLORADO 67 63 .515 3 1/2,"['COLORADO(B-ORG)', '67(O)', '63(O)', '.515(O)', '3(O)', '1/2(O)']",COLORADO(B-ORG) 67(O) 63(O) .515(O) 3(O) 1/2(O),"Input: COLORADO 67 63 .515 3 1/2
Output: COLORADO(B-ORG) 67(O) 63(O) .515(O) 3(O) 1/2(O)"
6088,"['What' 'it' 'comes' 'down' 'to' 'is' 'this' ':' 'If' 'you' ""'re"" 'highly'
 'skilled' ',' 'you' ""'ll"" 'benefit' 'nicely' '.']","['O', 'O', 'O', 'O', 'O', 'O', 'O', 'O', 'O', 'O', 'O', 'O', 'O', 'O', 'O', 'O', 'O', 'O', 'O']","What it comes down to is this : If you 're highly skilled , you 'll benefit nicely .","['What(O)', 'it(O)', 'comes(O)', 'down(O)', 'to(O)', 'is(O)', 'this(O)', ':(O)', 'If(O)', 'you(O)', ""'re(O)"", 'highly(O)', 'skilled(O)', ',(O)', 'you(O)', ""'ll(O)"", 'benefit(O)', 'nicely(O)', '.(O)']","What(O) it(O) comes(O) down(O) to(O) is(O) this(O) :(O) If(O) you(O) 're(O) highly(O) skilled(O) ,(O) you(O) 'll(O) benefit(O) nicely(O) .(O)","Input: What it comes down to is this : If you 're highly skilled , you 'll benefit nicely .
Output: What(O) it(O) comes(O) down(O) to(O) is(O) this(O) :(O) If(O) you(O) 're(O) highly(O) skilled(O) ,(O) you(O) 'll(O) benefit(O) nicely(O) .(O)"
1031,"['Oppenheimer' 'Capital' 'LP' 'said' 'on' 'Thursday' 'it' 'will' 'review'
 'its' 'cash' 'distribution' 'rate' 'for' 'the' 'October' 'quarterly'
 'distribution' ',' 'assuming' 'continued' 'favorable' 'results' '.']","['B-ORG', 'I-ORG', 'I-ORG', 'O', 'O', 'O', 'O', 'O', 'O', 'O', 'O', 'O', 'O', 'O', 'O', 'O', 'O', 'O', 'O', 'O', 'O', 'O', 'O', 'O']","Oppenheimer Capital LP said on Thursday it will review its cash distribution rate for the October quarterly distribution , assuming continued favorable results .","['Oppenheimer(B-ORG)', 'Capital(I-ORG)', 'LP(I-ORG)', 'said(O)', 'on(O)', 'Thursday(O)', 'it(O)', 'will(O)', 'review(O)', 'its(O)', 'cash(O)', 'distribution(O)', 'rate(O)', 'for(O)', 'the(O)', 'October(O)', 'quarterly(O)', 'distribution(O)', ',(O)', 'assuming(O)', 'continued(O)', 'favorable(O)', 'results(O)', '.(O)']","Oppenheimer(B-ORG) Capital(I-ORG) LP(I-ORG) said(O) on(O) Thursday(O) it(O) will(O) review(O) its(O) cash(O) distribution(O) rate(O) for(O) the(O) October(O) quarterly(O) distribution(O) ,(O) assuming(O) continued(O) favorable(O) results(O) .(O)","Input: Oppenheimer Capital LP said on Thursday it will review its cash distribution rate for the October quarterly distribution , assuming continued favorable results .
Output: Oppenheimer(B-ORG) Capital(I-ORG) LP(I-ORG) said(O) on(O) Thursday(O) it(O) will(O) review(O) its(O) cash(O) distribution(O) rate(O) for(O) the(O) October(O) quarterly(O) distribution(O) ,(O) assuming(O) continued(O) favorable(O) results(O) .(O)"
4563,['First' 'race'],"['O', 'O']",First race,"['First(O)', 'race(O)']",First(O) race(O),"Input: First race
Output: First(O) race(O)"
4481,"['Mickelson' 'three-stroke' 'lead' 'was' 'cut' 'to' 'two' 'when' 'Mayfair'
 'birdied' 'the' 'course' ""'s"" 'only' 'easy' 'hole' ',' 'the' 'par' 'five'
 'second' 'hole' ',' 'while' 'Mickelson' 'three-putted' 'for' 'par' 'from'
 '25' 'feet' '.']","['B-PER', 'O', 'O', 'O', 'O', 'O', 'O', 'O', 'B-PER', 'O', 'O', 'O', 'O', 'O', 'O', 'O', 'O', 'O', 'O', 'O', 'O', 'O', 'O', 'O', 'B-PER', 'O', 'O', 'O', 'O', 'O', 'O', 'O']","Mickelson three-stroke lead was cut to two when Mayfair birdied the course 's only easy hole , the par five second hole , while Mickelson three-putted for par from 25 feet .","['Mickelson(B-PER)', 'three-stroke(O)', 'lead(O)', 'was(O)', 'cut(O)', 'to(O)', 'two(O)', 'when(O)', 'Mayfair(B-PER)', 'birdied(O)', 'the(O)', 'course(O)', ""'s(O)"", 'only(O)', 'easy(O)', 'hole(O)', ',(O)', 'the(O)', 'par(O)', 'five(O)', 'second(O)', 'hole(O)', ',(O)', 'while(O)', 'Mickelson(B-PER)', 'three-putted(O)', 'for(O)', 'par(O)', 'from(O)', '25(O)', 'feet(O)', '.(O)']","Mickelson(B-PER) three-stroke(O) lead(O) was(O) cut(O) to(O) two(O) when(O) Mayfair(B-PER) birdied(O) the(O) course(O) 's(O) only(O) easy(O) hole(O) ,(O) the(O) par(O) five(O) second(O) hole(O) ,(O) while(O) Mickelson(B-PER) three-putted(O) for(O) par(O) from(O) 25(O) feet(O) .(O)","Input: Mickelson three-stroke lead was cut to two when Mayfair birdied the course 's only easy hole , the par five second hole , while Mickelson three-putted for par from 25 feet .
Output: Mickelson(B-PER) three-stroke(O) lead(O) was(O) cut(O) to(O) two(O) when(O) Mayfair(B-PER) birdied(O) the(O) course(O) 's(O) only(O) easy(O) hole(O) ,(O) the(O) par(O) five(O) second(O) hole(O) ,(O) while(O) Mickelson(B-PER) three-putted(O) for(O) par(O) from(O) 25(O) feet(O) .(O)"
13024,"['The' 'campaign' 'pits' 'Dole' ',' 'a' 'man' 'of' 'quick' 'and'
 'withering' 'wit' 'and' 'long-time' 'public' 'service' ',' 'but'
 'stilted' 'speaking' 'style' ',' 'against' 'the' 'glib' 'and' 'confident'
 'Clinton' ',' 'who' 'has' 'perfected' 'a' 'style' 'that' 'makes' 'direct'
 'eye' 'contact' 'with' 'his' 'audience' '.']","['O', 'O', 'O', 'B-PER', 'O', 'O', 'O', 'O', 'O', 'O', 'O', 'O', 'O', 'O', 'O', 'O', 'O', 'O', 'O', 'O', 'O', 'O', 'O', 'O', 'O', 'O', 'O', 'B-PER', 'O', 'O', 'O', 'O', 'O', 'O', 'O', 'O', 'O', 'O', 'O', 'O', 'O', 'O', 'O']","The campaign pits Dole , a man of quick and withering wit and long-time public service , but stilted speaking style , against the glib and confident Clinton , who has perfected a style that makes direct eye contact with his audience .","['The(O)', 'campaign(O)', 'pits(O)', 'Dole(B-PER)', ',(O)', 'a(O)', 'man(O)', 'of(O)', 'quick(O)', 'and(O)', 'withering(O)', 'wit(O)', 'and(O)', 'long-time(O)', 'public(O)', 'service(O)', ',(O)', 'but(O)', 'stilted(O)', 'speaking(O)', 'style(O)', ',(O)', 'against(O)', 'the(O)', 'glib(O)', 'and(O)', 'confident(O)', 'Clinton(B-PER)', ',(O)', 'who(O)', 'has(O)', 'perfected(O)', 'a(O)', 'style(O)', 'that(O)', 'makes(O)', 'direct(O)', 'eye(O)', 'contact(O)', 'with(O)', 'his(O)', 'audience(O)', '.(O)']","The(O) campaign(O) pits(O) Dole(B-PER) ,(O) a(O) man(O) of(O) quick(O) and(O) withering(O) wit(O) and(O) long-time(O) public(O) service(O) ,(O) but(O) stilted(O) speaking(O) style(O) ,(O) against(O) the(O) glib(O) and(O) confident(O) Clinton(B-PER) ,(O) who(O) has(O) perfected(O) a(O) style(O) that(O) makes(O) direct(O) eye(O) contact(O) with(O) his(O) audience(O) .(O)","Input: The campaign pits Dole , a man of quick and withering wit and long-time public service , but stilted speaking style , against the glib and confident Clinton , who has perfected a style that makes direct eye contact with his audience .
Output: The(O) campaign(O) pits(O) Dole(B-PER) ,(O) a(O) man(O) of(O) quick(O) and(O) withering(O) wit(O) and(O) long-time(O) public(O) service(O) ,(O) but(O) stilted(O) speaking(O) style(O) ,(O) against(O) the(O) glib(O) and(O) confident(O) Clinton(B-PER) ,(O) who(O) has(O) perfected(O) a(O) style(O) that(O) makes(O) direct(O) eye(O) contact(O) with(O) his(O) audience(O) .(O)"
8773,['4.' 'Sven' 'Teutenberg' '(' 'Germany' ')' 'US' 'Postal'],"['O', 'B-PER', 'I-PER', 'O', 'B-LOC', 'O', 'B-ORG', 'I-ORG']",4. Sven Teutenberg ( Germany ) US Postal,"['4.(O)', 'Sven(B-PER)', 'Teutenberg(I-PER)', '((O)', 'Germany(B-LOC)', ')(O)', 'US(B-ORG)', 'Postal(I-ORG)']",4.(O) Sven(B-PER) Teutenberg(I-PER) ((O) Germany(B-LOC) )(O) US(B-ORG) Postal(I-ORG),"Input: 4. Sven Teutenberg ( Germany ) US Postal
Output: 4.(O) Sven(B-PER) Teutenberg(I-PER) ((O) Germany(B-LOC) )(O) US(B-ORG) Postal(I-ORG)"
6281,"['It' 'has' 'already' 'been' 'approved' 'by' 'both' 'companies' ""'""
 'boards' '.']","['O', 'O', 'O', 'O', 'O', 'O', 'O', 'O', 'O', 'O', 'O']",It has already been approved by both companies ' boards .,"['It(O)', 'has(O)', 'already(O)', 'been(O)', 'approved(O)', 'by(O)', 'both(O)', 'companies(O)', ""'(O)"", 'boards(O)', '.(O)']",It(O) has(O) already(O) been(O) approved(O) by(O) both(O) companies(O) '(O) boards(O) .(O),"Input: It has already been approved by both companies ' boards .
Output: It(O) has(O) already(O) been(O) approved(O) by(O) both(O) companies(O) '(O) boards(O) .(O)"
13593,"['Police' 'said' 'the' 'thieves' 'intercepted' 'a' 'woman' 'arriving' 'to'
 'work' 'at' 'the' 'canteen' ',' 'forced' 'her' 'to' 'open' 'the' 'safe'
 'where' 'takings' 'were' 'kept' 'and' 'made' 'off' 'with' 'the' 'cash'
 '.']","['O', 'O', 'O', 'O', 'O', 'O', 'O', 'O', 'O', 'O', 'O', 'O', 'O', 'O', 'O', 'O', 'O', 'O', 'O', 'O', 'O', 'O', 'O', 'O', 'O', 'O', 'O', 'O', 'O', 'O', 'O']","Police said the thieves intercepted a woman arriving to work at the canteen , forced her to open the safe where takings were kept and made off with the cash .","['Police(O)', 'said(O)', 'the(O)', 'thieves(O)', 'intercepted(O)', 'a(O)', 'woman(O)', 'arriving(O)', 'to(O)', 'work(O)', 'at(O)', 'the(O)', 'canteen(O)', ',(O)', 'forced(O)', 'her(O)', 'to(O)', 'open(O)', 'the(O)', 'safe(O)', 'where(O)', 'takings(O)', 'were(O)', 'kept(O)', 'and(O)', 'made(O)', 'off(O)', 'with(O)', 'the(O)', 'cash(O)', '.(O)']","Police(O) said(O) the(O) thieves(O) intercepted(O) a(O) woman(O) arriving(O) to(O) work(O) at(O) the(O) canteen(O) ,(O) forced(O) her(O) to(O) open(O) the(O) safe(O) where(O) takings(O) were(O) kept(O) and(O) made(O) off(O) with(O) the(O) cash(O) .(O)","Input: Police said the thieves intercepted a woman arriving to work at the canteen , forced her to open the safe where takings were kept and made off with the cash .
Output: Police(O) said(O) the(O) thieves(O) intercepted(O) a(O) woman(O) arriving(O) to(O) work(O) at(O) the(O) canteen(O) ,(O) forced(O) her(O) to(O) open(O) the(O) safe(O) where(O) takings(O) were(O) kept(O) and(O) made(O) off(O) with(O) the(O) cash(O) .(O)"
11349,['ANKARA' '1996-08-28'],"['B-LOC', 'O']",ANKARA 1996-08-28,"['ANKARA(B-LOC)', '1996-08-28(O)']",ANKARA(B-LOC) 1996-08-28(O),"Input: ANKARA 1996-08-28
Output: ANKARA(B-LOC) 1996-08-28(O)"
501,"['Todd' 'Woodbridge' '(' 'Australia' 'beat' 'Sebastien' 'Lareau' '('
 'Canada' ')' '6-3']","['B-PER', 'I-PER', 'O', 'B-LOC', 'O', 'B-PER', 'I-PER', 'O', 'B-LOC', 'O', 'O']",Todd Woodbridge ( Australia beat Sebastien Lareau ( Canada ) 6-3,"['Todd(B-PER)', 'Woodbridge(I-PER)', '((O)', 'Australia(B-LOC)', 'beat(O)', 'Sebastien(B-PER)', 'Lareau(I-PER)', '((O)', 'Canada(B-LOC)', ')(O)', '6-3(O)']",Todd(B-PER) Woodbridge(I-PER) ((O) Australia(B-LOC) beat(O) Sebastien(B-PER) Lareau(I-PER) ((O) Canada(B-LOC) )(O) 6-3(O),"Input: Todd Woodbridge ( Australia beat Sebastien Lareau ( Canada ) 6-3
Output: Todd(B-PER) Woodbridge(I-PER) ((O) Australia(B-LOC) beat(O) Sebastien(B-PER) Lareau(I-PER) ((O) Canada(B-LOC) )(O) 6-3(O)"
11353,"['It' 'said' 'the' 'military' 'presence' 'reflects' 'cooperation'
 'between' 'President' 'Saddam' 'Hussein' 'and' 'the' 'PUK' ""'s"" 'rival'
 ',' 'the' 'Kurdistan' 'Democratic' 'Party' '(' 'KDP' ')' '.']","['O', 'O', 'O', 'O', 'O', 'O', 'O', 'O', 'O', 'B-PER', 'I-PER', 'O', 'O', 'B-ORG', 'O', 'O', 'O', 'O', 'B-ORG', 'I-ORG', 'I-ORG', 'O', 'B-ORG', 'O', 'O']","It said the military presence reflects cooperation between President Saddam Hussein and the PUK 's rival , the Kurdistan Democratic Party ( KDP ) .","['It(O)', 'said(O)', 'the(O)', 'military(O)', 'presence(O)', 'reflects(O)', 'cooperation(O)', 'between(O)', 'President(O)', 'Saddam(B-PER)', 'Hussein(I-PER)', 'and(O)', 'the(O)', 'PUK(B-ORG)', ""'s(O)"", 'rival(O)', ',(O)', 'the(O)', 'Kurdistan(B-ORG)', 'Democratic(I-ORG)', 'Party(I-ORG)', '((O)', 'KDP(B-ORG)', ')(O)', '.(O)']","It(O) said(O) the(O) military(O) presence(O) reflects(O) cooperation(O) between(O) President(O) Saddam(B-PER) Hussein(I-PER) and(O) the(O) PUK(B-ORG) 's(O) rival(O) ,(O) the(O) Kurdistan(B-ORG) Democratic(I-ORG) Party(I-ORG) ((O) KDP(B-ORG) )(O) .(O)","Input: It said the military presence reflects cooperation between President Saddam Hussein and the PUK 's rival , the Kurdistan Democratic Party ( KDP ) .
Output: It(O) said(O) the(O) military(O) presence(O) reflects(O) cooperation(O) between(O) President(O) Saddam(B-PER) Hussein(I-PER) and(O) the(O) PUK(B-ORG) 's(O) rival(O) ,(O) the(O) Kurdistan(B-ORG) Democratic(I-ORG) Party(I-ORG) ((O) KDP(B-ORG) )(O) .(O)"
7397,['Unknown' 'group' 'kidnaps' 'Dutch' 'couple' 'in' 'Costa' 'Rica' '.'],"['O', 'O', 'O', 'B-MISC', 'O', 'O', 'B-LOC', 'I-LOC', 'O']",Unknown group kidnaps Dutch couple in Costa Rica .,"['Unknown(O)', 'group(O)', 'kidnaps(O)', 'Dutch(B-MISC)', 'couple(O)', 'in(O)', 'Costa(B-LOC)', 'Rica(I-LOC)', '.(O)']",Unknown(O) group(O) kidnaps(O) Dutch(B-MISC) couple(O) in(O) Costa(B-LOC) Rica(I-LOC) .(O),"Input: Unknown group kidnaps Dutch couple in Costa Rica .
Output: Unknown(O) group(O) kidnaps(O) Dutch(B-MISC) couple(O) in(O) Costa(B-LOC) Rica(I-LOC) .(O)"
5074,['Togo' 'beat' 'Congo' '1-0' '(' 'halftime' '0-0' ')'],"['B-LOC', 'O', 'B-LOC', 'O', 'O', 'O', 'O', 'O']",Togo beat Congo 1-0 ( halftime 0-0 ),"['Togo(B-LOC)', 'beat(O)', 'Congo(B-LOC)', '1-0(O)', '((O)', 'halftime(O)', '0-0(O)', ')(O)']",Togo(B-LOC) beat(O) Congo(B-LOC) 1-0(O) ((O) halftime(O) 0-0(O) )(O),"Input: Togo beat Congo 1-0 ( halftime 0-0 )
Output: Togo(B-LOC) beat(O) Congo(B-LOC) 1-0(O) ((O) halftime(O) 0-0(O) )(O)"
615,['Andreas' 'Andersson' '(' '87th' ')'],"['B-PER', 'I-PER', 'O', 'O', 'O']",Andreas Andersson ( 87th ),"['Andreas(B-PER)', 'Andersson(I-PER)', '((O)', '87th(O)', ')(O)']",Andreas(B-PER) Andersson(I-PER) ((O) 87th(O) )(O),"Input: Andreas Andersson ( 87th )
Output: Andreas(B-PER) Andersson(I-PER) ((O) 87th(O) )(O)"
12352,['9.' 'Olaf' 'Ludwig' '(' 'Germany' ')' 'Telekom' 'all' 'same' 'time'],"['O', 'B-PER', 'I-PER', 'O', 'B-LOC', 'O', 'B-ORG', 'O', 'O', 'O']",9. Olaf Ludwig ( Germany ) Telekom all same time,"['9.(O)', 'Olaf(B-PER)', 'Ludwig(I-PER)', '((O)', 'Germany(B-LOC)', ')(O)', 'Telekom(B-ORG)', 'all(O)', 'same(O)', 'time(O)']",9.(O) Olaf(B-PER) Ludwig(I-PER) ((O) Germany(B-LOC) )(O) Telekom(B-ORG) all(O) same(O) time(O),"Input: 9. Olaf Ludwig ( Germany ) Telekom all same time
Output: 9.(O) Olaf(B-PER) Ludwig(I-PER) ((O) Germany(B-LOC) )(O) Telekom(B-ORG) all(O) same(O) time(O)"
4866,['10.' 'Neil' 'Hodgson' '(' 'Britain' ')' 'Ducati' '82'],"['O', 'B-PER', 'I-PER', 'O', 'B-LOC', 'O', 'B-ORG', 'O']",10. Neil Hodgson ( Britain ) Ducati 82,"['10.(O)', 'Neil(B-PER)', 'Hodgson(I-PER)', '((O)', 'Britain(B-LOC)', ')(O)', 'Ducati(B-ORG)', '82(O)']",10.(O) Neil(B-PER) Hodgson(I-PER) ((O) Britain(B-LOC) )(O) Ducati(B-ORG) 82(O),"Input: 10. Neil Hodgson ( Britain ) Ducati 82
Output: 10.(O) Neil(B-PER) Hodgson(I-PER) ((O) Britain(B-LOC) )(O) Ducati(B-ORG) 82(O)"
6787,"['The' 'problem' 'arose' 'because' 'the' 'Sao' 'Paulo-Santos' 'clash'
 'was' 'selected' 'as' 'the' 'day' ""'s"" 'televised' 'live' 'match' ','
 'forcing' 'it' 'to' 'be' 'put' 'back' 'three' 'hours' 'from' 'the'
 'usual' 'kickoff' 'time' '.']","['O', 'O', 'O', 'O', 'O', 'B-ORG', 'I-ORG', 'O', 'O', 'O', 'O', 'O', 'O', 'O', 'O', 'O', 'O', 'O', 'O', 'O', 'O', 'O', 'O', 'O', 'O', 'O', 'O', 'O', 'O', 'O', 'O', 'O']","The problem arose because the Sao Paulo-Santos clash was selected as the day 's televised live match , forcing it to be put back three hours from the usual kickoff time .","['The(O)', 'problem(O)', 'arose(O)', 'because(O)', 'the(O)', 'Sao(B-ORG)', 'Paulo-Santos(I-ORG)', 'clash(O)', 'was(O)', 'selected(O)', 'as(O)', 'the(O)', 'day(O)', ""'s(O)"", 'televised(O)', 'live(O)', 'match(O)', ',(O)', 'forcing(O)', 'it(O)', 'to(O)', 'be(O)', 'put(O)', 'back(O)', 'three(O)', 'hours(O)', 'from(O)', 'the(O)', 'usual(O)', 'kickoff(O)', 'time(O)', '.(O)']","The(O) problem(O) arose(O) because(O) the(O) Sao(B-ORG) Paulo-Santos(I-ORG) clash(O) was(O) selected(O) as(O) the(O) day(O) 's(O) televised(O) live(O) match(O) ,(O) forcing(O) it(O) to(O) be(O) put(O) back(O) three(O) hours(O) from(O) the(O) usual(O) kickoff(O) time(O) .(O)","Input: The problem arose because the Sao Paulo-Santos clash was selected as the day 's televised live match , forcing it to be put back three hours from the usual kickoff time .
Output: The(O) problem(O) arose(O) because(O) the(O) Sao(B-ORG) Paulo-Santos(I-ORG) clash(O) was(O) selected(O) as(O) the(O) day(O) 's(O) televised(O) live(O) match(O) ,(O) forcing(O) it(O) to(O) be(O) put(O) back(O) three(O) hours(O) from(O) the(O) usual(O) kickoff(O) time(O) .(O)"
3621,['Falkirk' '1' 'Partick' '0'],"['B-ORG', 'O', 'B-ORG', 'O']",Falkirk 1 Partick 0,"['Falkirk(B-ORG)', '1(O)', 'Partick(B-ORG)', '0(O)']",Falkirk(B-ORG) 1(O) Partick(B-ORG) 0(O),"Input: Falkirk 1 Partick 0
Output: Falkirk(B-ORG) 1(O) Partick(B-ORG) 0(O)"
9788,"['PERTH' ',' 'Australia' '1996-08-27']","['B-LOC', 'O', 'B-LOC', 'O']","PERTH , Australia 1996-08-27","['PERTH(B-LOC)', ',(O)', 'Australia(B-LOC)', '1996-08-27(O)']","PERTH(B-LOC) ,(O) Australia(B-LOC) 1996-08-27(O)","Input: PERTH , Australia 1996-08-27
Output: PERTH(B-LOC) ,(O) Australia(B-LOC) 1996-08-27(O)"
2225,['SOCCER' '-' 'FRENCH' 'LEAGUE' 'RESULT' '.'],"['O', 'O', 'B-MISC', 'O', 'O', 'O']",SOCCER - FRENCH LEAGUE RESULT .,"['SOCCER(O)', '-(O)', 'FRENCH(B-MISC)', 'LEAGUE(O)', 'RESULT(O)', '.(O)']",SOCCER(O) -(O) FRENCH(B-MISC) LEAGUE(O) RESULT(O) .(O),"Input: SOCCER - FRENCH LEAGUE RESULT .
Output: SOCCER(O) -(O) FRENCH(B-MISC) LEAGUE(O) RESULT(O) .(O)"
977,['31.' 'Austria' '8.05'],"['O', 'B-LOC', 'O']",31. Austria 8.05,"['31.(O)', 'Austria(B-LOC)', '8.05(O)']",31.(O) Austria(B-LOC) 8.05(O),"Input: 31. Austria 8.05
Output: 31.(O) Austria(B-LOC) 8.05(O)"
12341,"['DOETINCHEM' ',' 'Netherlands' '1996-08-29']","['B-LOC', 'O', 'B-LOC', 'O']","DOETINCHEM , Netherlands 1996-08-29","['DOETINCHEM(B-LOC)', ',(O)', 'Netherlands(B-LOC)', '1996-08-29(O)']","DOETINCHEM(B-LOC) ,(O) Netherlands(B-LOC) 1996-08-29(O)","Input: DOETINCHEM , Netherlands 1996-08-29
Output: DOETINCHEM(B-LOC) ,(O) Netherlands(B-LOC) 1996-08-29(O)"
8211,['Divisionn' 'two'],"['O', 'O']",Divisionn two,"['Divisionn(O)', 'two(O)']",Divisionn(O) two(O),"Input: Divisionn two
Output: Divisionn(O) two(O)"
9786,"['The' 'pilot' 'said' 'several' 'hijackers' 'appeared' 'to' 'be' 'placed'
 'around' 'the' 'plane' '.']","['O', 'O', 'O', 'O', 'O', 'O', 'O', 'O', 'O', 'O', 'O', 'O', 'O']",The pilot said several hijackers appeared to be placed around the plane .,"['The(O)', 'pilot(O)', 'said(O)', 'several(O)', 'hijackers(O)', 'appeared(O)', 'to(O)', 'be(O)', 'placed(O)', 'around(O)', 'the(O)', 'plane(O)', '.(O)']",The(O) pilot(O) said(O) several(O) hijackers(O) appeared(O) to(O) be(O) placed(O) around(O) the(O) plane(O) .(O),"Input: The pilot said several hijackers appeared to be placed around the plane .
Output: The(O) pilot(O) said(O) several(O) hijackers(O) appeared(O) to(O) be(O) placed(O) around(O) the(O) plane(O) .(O)"
946,['The' 'UEFA' 'Fair' 'Play' 'rankings' 'are' ':' '1' '.'],"['O', 'B-MISC', 'I-MISC', 'I-MISC', 'O', 'O', 'O', 'O', 'O']",The UEFA Fair Play rankings are : 1 .,"['The(O)', 'UEFA(B-MISC)', 'Fair(I-MISC)', 'Play(I-MISC)', 'rankings(O)', 'are(O)', ':(O)', '1(O)', '.(O)']",The(O) UEFA(B-MISC) Fair(I-MISC) Play(I-MISC) rankings(O) are(O) :(O) 1(O) .(O),"Input: The UEFA Fair Play rankings are : 1 .
Output: The(O) UEFA(B-MISC) Fair(I-MISC) Play(I-MISC) rankings(O) are(O) :(O) 1(O) .(O)"
1893,"['2' '-' 'Conchita' 'Martinez' '(' 'Spain' ')' 'beat' 'Nathalie' 'Tauziat'
 '(' 'France' ')']","['O', 'O', 'B-PER', 'I-PER', 'O', 'B-LOC', 'O', 'O', 'B-PER', 'I-PER', 'O', 'B-LOC', 'O']",2 - Conchita Martinez ( Spain ) beat Nathalie Tauziat ( France ),"['2(O)', '-(O)', 'Conchita(B-PER)', 'Martinez(I-PER)', '((O)', 'Spain(B-LOC)', ')(O)', 'beat(O)', 'Nathalie(B-PER)', 'Tauziat(I-PER)', '((O)', 'France(B-LOC)', ')(O)']",2(O) -(O) Conchita(B-PER) Martinez(I-PER) ((O) Spain(B-LOC) )(O) beat(O) Nathalie(B-PER) Tauziat(I-PER) ((O) France(B-LOC) )(O),"Input: 2 - Conchita Martinez ( Spain ) beat Nathalie Tauziat ( France )
Output: 2(O) -(O) Conchita(B-PER) Martinez(I-PER) ((O) Spain(B-LOC) )(O) beat(O) Nathalie(B-PER) Tauziat(I-PER) ((O) France(B-LOC) )(O)"
609,"['IFK' 'Gothenburg' 'of' 'Sweden' 'drew' '1-1' '(' '1-0' ')' 'with'
 'Ferencvaros' 'of' 'Hungary' 'in' 'the' 'second' 'leg' 'of' 'their'
 'European' 'Champions' 'Cup' 'preliminary' 'round' 'tie' 'played' 'on'
 'Wednesday' '.']","['B-ORG', 'I-ORG', 'O', 'B-LOC', 'O', 'O', 'O', 'O', 'O', 'O', 'B-ORG', 'O', 'B-LOC', 'O', 'O', 'O', 'O', 'O', 'O', 'B-MISC', 'I-MISC', 'I-MISC', 'O', 'O', 'O', 'O', 'O', 'O', 'O']",IFK Gothenburg of Sweden drew 1-1 ( 1-0 ) with Ferencvaros of Hungary in the second leg of their European Champions Cup preliminary round tie played on Wednesday .,"['IFK(B-ORG)', 'Gothenburg(I-ORG)', 'of(O)', 'Sweden(B-LOC)', 'drew(O)', '1-1(O)', '((O)', '1-0(O)', ')(O)', 'with(O)', 'Ferencvaros(B-ORG)', 'of(O)', 'Hungary(B-LOC)', 'in(O)', 'the(O)', 'second(O)', 'leg(O)', 'of(O)', 'their(O)', 'European(B-MISC)', 'Champions(I-MISC)', 'Cup(I-MISC)', 'preliminary(O)', 'round(O)', 'tie(O)', 'played(O)', 'on(O)', 'Wednesday(O)', '.(O)']",IFK(B-ORG) Gothenburg(I-ORG) of(O) Sweden(B-LOC) drew(O) 1-1(O) ((O) 1-0(O) )(O) with(O) Ferencvaros(B-ORG) of(O) Hungary(B-LOC) in(O) the(O) second(O) leg(O) of(O) their(O) European(B-MISC) Champions(I-MISC) Cup(I-MISC) preliminary(O) round(O) tie(O) played(O) on(O) Wednesday(O) .(O),"Input: IFK Gothenburg of Sweden drew 1-1 ( 1-0 ) with Ferencvaros of Hungary in the second leg of their European Champions Cup preliminary round tie played on Wednesday .
Output: IFK(B-ORG) Gothenburg(I-ORG) of(O) Sweden(B-LOC) drew(O) 1-1(O) ((O) 1-0(O) )(O) with(O) Ferencvaros(B-ORG) of(O) Hungary(B-LOC) in(O) the(O) second(O) leg(O) of(O) their(O) European(B-MISC) Champions(I-MISC) Cup(I-MISC) preliminary(O) round(O) tie(O) played(O) on(O) Wednesday(O) .(O)"
2646,['LONDON' '1996-08-23'],"['B-LOC', 'O']",LONDON 1996-08-23,"['LONDON(B-LOC)', '1996-08-23(O)']",LONDON(B-LOC) 1996-08-23(O),"Input: LONDON 1996-08-23
Output: LONDON(B-LOC) 1996-08-23(O)"
12289,['(' '12.434' '/' '12.177).'],"['O', 'O', 'O', 'O']",( 12.434 / 12.177).,"['((O)', '12.434(O)', '/(O)', '12.177).(O)']",((O) 12.434(O) /(O) 12.177).(O),"Input: ( 12.434 / 12.177).
Output: ((O) 12.434(O) /(O) 12.177).(O)"
969,['23.' 'Poland' '8.12'],"['O', 'B-LOC', 'O']",23. Poland 8.12,"['23.(O)', 'Poland(B-LOC)', '8.12(O)']",23.(O) Poland(B-LOC) 8.12(O),"Input: 23. Poland 8.12
Output: 23.(O) Poland(B-LOC) 8.12(O)"
13516,['Southern' 'records' 'have' 'already' 'been' 'preserved' '.'],"['B-MISC', 'O', 'O', 'O', 'O', 'O', 'O']",Southern records have already been preserved .,"['Southern(B-MISC)', 'records(O)', 'have(O)', 'already(O)', 'been(O)', 'preserved(O)', '.(O)']",Southern(B-MISC) records(O) have(O) already(O) been(O) preserved(O) .(O),"Input: Southern records have already been preserved .
Output: Southern(B-MISC) records(O) have(O) already(O) been(O) preserved(O) .(O)"
548,['Nyva' 'qualified' 'on' 'away' 'goals' 'rule' '.'],"['B-ORG', 'O', 'O', 'O', 'O', 'O', 'O']",Nyva qualified on away goals rule .,"['Nyva(B-ORG)', 'qualified(O)', 'on(O)', 'away(O)', 'goals(O)', 'rule(O)', '.(O)']",Nyva(B-ORG) qualified(O) on(O) away(O) goals(O) rule(O) .(O),"Input: Nyva qualified on away goals rule .
Output: Nyva(B-ORG) qualified(O) on(O) away(O) goals(O) rule(O) .(O)"
5888,['St' 'George' '20' 'North' 'Queensland' '24'],"['B-ORG', 'I-ORG', 'O', 'B-ORG', 'I-ORG', 'O']",St George 20 North Queensland 24,"['St(B-ORG)', 'George(I-ORG)', '20(O)', 'North(B-ORG)', 'Queensland(I-ORG)', '24(O)']",St(B-ORG) George(I-ORG) 20(O) North(B-ORG) Queensland(I-ORG) 24(O),"Input: St George 20 North Queensland 24
Output: St(B-ORG) George(I-ORG) 20(O) North(B-ORG) Queensland(I-ORG) 24(O)"
11915,['Net' 'per' 'shr' '(' 'guilders' ')' '4.38' 'vs' '3.70'],"['O', 'O', 'O', 'O', 'O', 'O', 'O', 'O', 'O']",Net per shr ( guilders ) 4.38 vs 3.70,"['Net(O)', 'per(O)', 'shr(O)', '((O)', 'guilders(O)', ')(O)', '4.38(O)', 'vs(O)', '3.70(O)']",Net(O) per(O) shr(O) ((O) guilders(O) )(O) 4.38(O) vs(O) 3.70(O),"Input: Net per shr ( guilders ) 4.38 vs 3.70
Output: Net(O) per(O) shr(O) ((O) guilders(O) )(O) 4.38(O) vs(O) 3.70(O)"
4766,['5.' 'Mika' 'Hakkinen' '(' 'Finland' ')' '23'],"['O', 'B-PER', 'I-PER', 'O', 'B-LOC', 'O', 'O']",5. Mika Hakkinen ( Finland ) 23,"['5.(O)', 'Mika(B-PER)', 'Hakkinen(I-PER)', '((O)', 'Finland(B-LOC)', ')(O)', '23(O)']",5.(O) Mika(B-PER) Hakkinen(I-PER) ((O) Finland(B-LOC) )(O) 23(O),"Input: 5. Mika Hakkinen ( Finland ) 23
Output: 5.(O) Mika(B-PER) Hakkinen(I-PER) ((O) Finland(B-LOC) )(O) 23(O)"
9651,['WARRANTS' 'STRIKE' 'ISS' 'PRICE' 'PREMIUM' 'GEARING'],"['O', 'O', 'O', 'O', 'O', 'O']",WARRANTS STRIKE ISS PRICE PREMIUM GEARING,"['WARRANTS(O)', 'STRIKE(O)', 'ISS(O)', 'PRICE(O)', 'PREMIUM(O)', 'GEARING(O)']",WARRANTS(O) STRIKE(O) ISS(O) PRICE(O) PREMIUM(O) GEARING(O),"Input: WARRANTS STRIKE ISS PRICE PREMIUM GEARING
Output: WARRANTS(O) STRIKE(O) ISS(O) PRICE(O) PREMIUM(O) GEARING(O)"
13583,"['Italian' 'Police' 'said' 'on' 'Thursday' 'they' 'had' 'arrested' 'five'
 'people' 'in' 'connection' 'with' 'the' 'slaying' 'of' 'the' 'daughter'
 'and' '14-year-old' 'nephew' 'of' 'a' 'Mafia' 'boss' 'earlier' 'this'
 'week' '.']","['B-MISC', 'O', 'O', 'O', 'O', 'O', 'O', 'O', 'O', 'O', 'O', 'O', 'O', 'O', 'O', 'O', 'O', 'O', 'O', 'O', 'O', 'O', 'O', 'O', 'O', 'O', 'O', 'O', 'O']",Italian Police said on Thursday they had arrested five people in connection with the slaying of the daughter and 14-year-old nephew of a Mafia boss earlier this week .,"['Italian(B-MISC)', 'Police(O)', 'said(O)', 'on(O)', 'Thursday(O)', 'they(O)', 'had(O)', 'arrested(O)', 'five(O)', 'people(O)', 'in(O)', 'connection(O)', 'with(O)', 'the(O)', 'slaying(O)', 'of(O)', 'the(O)', 'daughter(O)', 'and(O)', '14-year-old(O)', 'nephew(O)', 'of(O)', 'a(O)', 'Mafia(O)', 'boss(O)', 'earlier(O)', 'this(O)', 'week(O)', '.(O)']",Italian(B-MISC) Police(O) said(O) on(O) Thursday(O) they(O) had(O) arrested(O) five(O) people(O) in(O) connection(O) with(O) the(O) slaying(O) of(O) the(O) daughter(O) and(O) 14-year-old(O) nephew(O) of(O) a(O) Mafia(O) boss(O) earlier(O) this(O) week(O) .(O),"Input: Italian Police said on Thursday they had arrested five people in connection with the slaying of the daughter and 14-year-old nephew of a Mafia boss earlier this week .
Output: Italian(B-MISC) Police(O) said(O) on(O) Thursday(O) they(O) had(O) arrested(O) five(O) people(O) in(O) connection(O) with(O) the(O) slaying(O) of(O) the(O) daughter(O) and(O) 14-year-old(O) nephew(O) of(O) a(O) Mafia(O) boss(O) earlier(O) this(O) week(O) .(O)"
134,"['A' 'spokesman' 'for' 'the' 'group' 'said' 'the' 'meeting' '""' 'signals'
 'a' 'new' 'level' 'of' 'cooperation' 'between' 'Mujahideen' 'Khalq' 'and'
 'the' 'Iranian' 'Kurdish' 'oppositions' '""' '.']","['O', 'O', 'O', 'O', 'O', 'O', 'O', 'O', 'O', 'O', 'O', 'O', 'O', 'O', 'O', 'O', 'B-ORG', 'I-ORG', 'O', 'O', 'B-MISC', 'I-MISC', 'O', 'O', 'O']","A spokesman for the group said the meeting "" signals a new level of cooperation between Mujahideen Khalq and the Iranian Kurdish oppositions "" .","['A(O)', 'spokesman(O)', 'for(O)', 'the(O)', 'group(O)', 'said(O)', 'the(O)', 'meeting(O)', '""(O)', 'signals(O)', 'a(O)', 'new(O)', 'level(O)', 'of(O)', 'cooperation(O)', 'between(O)', 'Mujahideen(B-ORG)', 'Khalq(I-ORG)', 'and(O)', 'the(O)', 'Iranian(B-MISC)', 'Kurdish(I-MISC)', 'oppositions(O)', '""(O)', '.(O)']","A(O) spokesman(O) for(O) the(O) group(O) said(O) the(O) meeting(O) ""(O) signals(O) a(O) new(O) level(O) of(O) cooperation(O) between(O) Mujahideen(B-ORG) Khalq(I-ORG) and(O) the(O) Iranian(B-MISC) Kurdish(I-MISC) oppositions(O) ""(O) .(O)","Input: A spokesman for the group said the meeting "" signals a new level of cooperation between Mujahideen Khalq and the Iranian Kurdish oppositions "" .
Output: A(O) spokesman(O) for(O) the(O) group(O) said(O) the(O) meeting(O) ""(O) signals(O) a(O) new(O) level(O) of(O) cooperation(O) between(O) Mujahideen(B-ORG) Khalq(I-ORG) and(O) the(O) Iranian(B-MISC) Kurdish(I-MISC) oppositions(O) ""(O) .(O)"
12595,['American' 'League'],"['B-MISC', 'I-MISC']",American League,"['American(B-MISC)', 'League(I-MISC)']",American(B-MISC) League(I-MISC),"Input: American League
Output: American(B-MISC) League(I-MISC)"
9688,"['Use' 'of' 'Proceeds' ':' 'Research' ',' 'preclinical' 'and' 'clinical'
 'product' 'development' ',' 'and' 'general' 'corporate' 'purposes' '.']","['O', 'O', 'O', 'O', 'O', 'O', 'O', 'O', 'O', 'O', 'O', 'O', 'O', 'O', 'O', 'O', 'O']","Use of Proceeds : Research , preclinical and clinical product development , and general corporate purposes .","['Use(O)', 'of(O)', 'Proceeds(O)', ':(O)', 'Research(O)', ',(O)', 'preclinical(O)', 'and(O)', 'clinical(O)', 'product(O)', 'development(O)', ',(O)', 'and(O)', 'general(O)', 'corporate(O)', 'purposes(O)', '.(O)']","Use(O) of(O) Proceeds(O) :(O) Research(O) ,(O) preclinical(O) and(O) clinical(O) product(O) development(O) ,(O) and(O) general(O) corporate(O) purposes(O) .(O)","Input: Use of Proceeds : Research , preclinical and clinical product development , and general corporate purposes .
Output: Use(O) of(O) Proceeds(O) :(O) Research(O) ,(O) preclinical(O) and(O) clinical(O) product(O) development(O) ,(O) and(O) general(O) corporate(O) purposes(O) .(O)"
4765,['4.' 'Jean' 'Alesi' '(' 'France' ')' '38'],"['O', 'B-PER', 'I-PER', 'O', 'B-LOC', 'O', 'O']",4. Jean Alesi ( France ) 38,"['4.(O)', 'Jean(B-PER)', 'Alesi(I-PER)', '((O)', 'France(B-LOC)', ')(O)', '38(O)']",4.(O) Jean(B-PER) Alesi(I-PER) ((O) France(B-LOC) )(O) 38(O),"Input: 4. Jean Alesi ( France ) 38
Output: 4.(O) Jean(B-PER) Alesi(I-PER) ((O) France(B-LOC) )(O) 38(O)"
5658,"['70' '66' '67' ',' 'Des' 'Smyth' '(' 'Ireland' ')' '66' '69' '68' ','
 'Paul' 'Lawrie']","['O', 'O', 'O', 'O', 'B-PER', 'I-PER', 'O', 'B-LOC', 'O', 'O', 'O', 'O', 'O', 'B-PER', 'I-PER']","70 66 67 , Des Smyth ( Ireland ) 66 69 68 , Paul Lawrie","['70(O)', '66(O)', '67(O)', ',(O)', 'Des(B-PER)', 'Smyth(I-PER)', '((O)', 'Ireland(B-LOC)', ')(O)', '66(O)', '69(O)', '68(O)', ',(O)', 'Paul(B-PER)', 'Lawrie(I-PER)']","70(O) 66(O) 67(O) ,(O) Des(B-PER) Smyth(I-PER) ((O) Ireland(B-LOC) )(O) 66(O) 69(O) 68(O) ,(O) Paul(B-PER) Lawrie(I-PER)","Input: 70 66 67 , Des Smyth ( Ireland ) 66 69 68 , Paul Lawrie
Output: 70(O) 66(O) 67(O) ,(O) Des(B-PER) Smyth(I-PER) ((O) Ireland(B-LOC) )(O) 66(O) 69(O) 68(O) ,(O) Paul(B-PER) Lawrie(I-PER)"
11244,"['""' 'It' 'is' 'almost' 'impossible' 'to' 'gain' 'success' 'in' 'this' ','
 '""' 'it' 'quoted' 'Rosati' 'as' 'saying' 'during' 'a' 'committee'
 'debate' '.']","['O', 'O', 'O', 'O', 'O', 'O', 'O', 'O', 'O', 'O', 'O', 'O', 'O', 'O', 'B-PER', 'O', 'O', 'O', 'O', 'O', 'O', 'O']",""" It is almost impossible to gain success in this , "" it quoted Rosati as saying during a committee debate .","['""(O)', 'It(O)', 'is(O)', 'almost(O)', 'impossible(O)', 'to(O)', 'gain(O)', 'success(O)', 'in(O)', 'this(O)', ',(O)', '""(O)', 'it(O)', 'quoted(O)', 'Rosati(B-PER)', 'as(O)', 'saying(O)', 'during(O)', 'a(O)', 'committee(O)', 'debate(O)', '.(O)']","""(O) It(O) is(O) almost(O) impossible(O) to(O) gain(O) success(O) in(O) this(O) ,(O) ""(O) it(O) quoted(O) Rosati(B-PER) as(O) saying(O) during(O) a(O) committee(O) debate(O) .(O)","Input: "" It is almost impossible to gain success in this , "" it quoted Rosati as saying during a committee debate .
Output: ""(O) It(O) is(O) almost(O) impossible(O) to(O) gain(O) success(O) in(O) this(O) ,(O) ""(O) it(O) quoted(O) Rosati(B-PER) as(O) saying(O) during(O) a(O) committee(O) debate(O) .(O)"
12143,"['It' 'said' 'that' 'under' 'the' 'sale' 'agreement' ',' 'full'
 'financial' 'details' 'of' 'which' 'were' 'not' 'revealed' ',' 'ISS'
 'would' 'acquire' 'a' '25' 'percent' 'stake' 'in' 'Aaxis' 'which' 'would'
 'become' 'an' 'associated' 'company' 'within' 'the' 'ISS' 'group'
 'trading' 'under' 'the' 'ISS' 'name' 'and' 'logo' '.']","['O', 'O', 'O', 'O', 'O', 'O', 'O', 'O', 'O', 'O', 'O', 'O', 'O', 'O', 'O', 'O', 'O', 'B-ORG', 'O', 'O', 'O', 'O', 'O', 'O', 'O', 'B-ORG', 'O', 'O', 'O', 'O', 'O', 'O', 'O', 'O', 'B-ORG', 'O', 'O', 'O', 'O', 'B-ORG', 'O', 'O', 'O', 'O']","It said that under the sale agreement , full financial details of which were not revealed , ISS would acquire a 25 percent stake in Aaxis which would become an associated company within the ISS group trading under the ISS name and logo .","['It(O)', 'said(O)', 'that(O)', 'under(O)', 'the(O)', 'sale(O)', 'agreement(O)', ',(O)', 'full(O)', 'financial(O)', 'details(O)', 'of(O)', 'which(O)', 'were(O)', 'not(O)', 'revealed(O)', ',(O)', 'ISS(B-ORG)', 'would(O)', 'acquire(O)', 'a(O)', '25(O)', 'percent(O)', 'stake(O)', 'in(O)', 'Aaxis(B-ORG)', 'which(O)', 'would(O)', 'become(O)', 'an(O)', 'associated(O)', 'company(O)', 'within(O)', 'the(O)', 'ISS(B-ORG)', 'group(O)', 'trading(O)', 'under(O)', 'the(O)', 'ISS(B-ORG)', 'name(O)', 'and(O)', 'logo(O)', '.(O)']","It(O) said(O) that(O) under(O) the(O) sale(O) agreement(O) ,(O) full(O) financial(O) details(O) of(O) which(O) were(O) not(O) revealed(O) ,(O) ISS(B-ORG) would(O) acquire(O) a(O) 25(O) percent(O) stake(O) in(O) Aaxis(B-ORG) which(O) would(O) become(O) an(O) associated(O) company(O) within(O) the(O) ISS(B-ORG) group(O) trading(O) under(O) the(O) ISS(B-ORG) name(O) and(O) logo(O) .(O)","Input: It said that under the sale agreement , full financial details of which were not revealed , ISS would acquire a 25 percent stake in Aaxis which would become an associated company within the ISS group trading under the ISS name and logo .
Output: It(O) said(O) that(O) under(O) the(O) sale(O) agreement(O) ,(O) full(O) financial(O) details(O) of(O) which(O) were(O) not(O) revealed(O) ,(O) ISS(B-ORG) would(O) acquire(O) a(O) 25(O) percent(O) stake(O) in(O) Aaxis(B-ORG) which(O) would(O) become(O) an(O) associated(O) company(O) within(O) the(O) ISS(B-ORG) group(O) trading(O) under(O) the(O) ISS(B-ORG) name(O) and(O) logo(O) .(O)"
6906,['RABAT' '1996-08-26'],"['B-LOC', 'O']",RABAT 1996-08-26,"['RABAT(B-LOC)', '1996-08-26(O)']",RABAT(B-LOC) 1996-08-26(O),"Input: RABAT 1996-08-26
Output: RABAT(B-LOC) 1996-08-26(O)"
12776,"['The' 'queen' 'will' 'be' 'accompanied' 'by' 'her' 'husband' 'Prince'
 'Claus' 'on' 'the' 'September' '30' 'to' 'October' '3' 'visit' '.']","['O', 'O', 'O', 'O', 'O', 'O', 'O', 'O', 'O', 'B-PER', 'O', 'O', 'O', 'O', 'O', 'O', 'O', 'O', 'O']",The queen will be accompanied by her husband Prince Claus on the September 30 to October 3 visit .,"['The(O)', 'queen(O)', 'will(O)', 'be(O)', 'accompanied(O)', 'by(O)', 'her(O)', 'husband(O)', 'Prince(O)', 'Claus(B-PER)', 'on(O)', 'the(O)', 'September(O)', '30(O)', 'to(O)', 'October(O)', '3(O)', 'visit(O)', '.(O)']",The(O) queen(O) will(O) be(O) accompanied(O) by(O) her(O) husband(O) Prince(O) Claus(B-PER) on(O) the(O) September(O) 30(O) to(O) October(O) 3(O) visit(O) .(O),"Input: The queen will be accompanied by her husband Prince Claus on the September 30 to October 3 visit .
Output: The(O) queen(O) will(O) be(O) accompanied(O) by(O) her(O) husband(O) Prince(O) Claus(B-PER) on(O) the(O) September(O) 30(O) to(O) October(O) 3(O) visit(O) .(O)"
8198,['Bradford' '2' '1' '0' '1' '3' '2' '3'],"['B-ORG', 'O', 'O', 'O', 'O', 'O', 'O', 'O']",Bradford 2 1 0 1 3 2 3,"['Bradford(B-ORG)', '2(O)', '1(O)', '0(O)', '1(O)', '3(O)', '2(O)', '3(O)']",Bradford(B-ORG) 2(O) 1(O) 0(O) 1(O) 3(O) 2(O) 3(O),"Input: Bradford 2 1 0 1 3 2 3
Output: Bradford(B-ORG) 2(O) 1(O) 0(O) 1(O) 3(O) 2(O) 3(O)"
11361,"['Iraq' 'on' 'Wednesday' 'said' 'the' 'hijackers' 'of' 'a' 'Sudanese'
 'airliner' 'were' 'not' 'Iraqi' 'diplomats' 'and' 'added' 'that' '""'
 'noble' 'Iraqis' '""' 'would' 'never' 'contemplate' 'such' 'an' 'action'
 '.']","['B-LOC', 'O', 'O', 'O', 'O', 'O', 'O', 'O', 'B-MISC', 'O', 'O', 'O', 'B-MISC', 'O', 'O', 'O', 'O', 'O', 'O', 'B-MISC', 'O', 'O', 'O', 'O', 'O', 'O', 'O', 'O']","Iraq on Wednesday said the hijackers of a Sudanese airliner were not Iraqi diplomats and added that "" noble Iraqis "" would never contemplate such an action .","['Iraq(B-LOC)', 'on(O)', 'Wednesday(O)', 'said(O)', 'the(O)', 'hijackers(O)', 'of(O)', 'a(O)', 'Sudanese(B-MISC)', 'airliner(O)', 'were(O)', 'not(O)', 'Iraqi(B-MISC)', 'diplomats(O)', 'and(O)', 'added(O)', 'that(O)', '""(O)', 'noble(O)', 'Iraqis(B-MISC)', '""(O)', 'would(O)', 'never(O)', 'contemplate(O)', 'such(O)', 'an(O)', 'action(O)', '.(O)']","Iraq(B-LOC) on(O) Wednesday(O) said(O) the(O) hijackers(O) of(O) a(O) Sudanese(B-MISC) airliner(O) were(O) not(O) Iraqi(B-MISC) diplomats(O) and(O) added(O) that(O) ""(O) noble(O) Iraqis(B-MISC) ""(O) would(O) never(O) contemplate(O) such(O) an(O) action(O) .(O)","Input: Iraq on Wednesday said the hijackers of a Sudanese airliner were not Iraqi diplomats and added that "" noble Iraqis "" would never contemplate such an action .
Output: Iraq(B-LOC) on(O) Wednesday(O) said(O) the(O) hijackers(O) of(O) a(O) Sudanese(B-MISC) airliner(O) were(O) not(O) Iraqi(B-MISC) diplomats(O) and(O) added(O) that(O) ""(O) noble(O) Iraqis(B-MISC) ""(O) would(O) never(O) contemplate(O) such(O) an(O) action(O) .(O)"
12426,['Suwon' '4' 'Pusan' '0' '(' 'halftime' '2-0' ')'],"['B-ORG', 'O', 'B-ORG', 'O', 'O', 'O', 'O', 'O']",Suwon 4 Pusan 0 ( halftime 2-0 ),"['Suwon(B-ORG)', '4(O)', 'Pusan(B-ORG)', '0(O)', '((O)', 'halftime(O)', '2-0(O)', ')(O)']",Suwon(B-ORG) 4(O) Pusan(B-ORG) 0(O) ((O) halftime(O) 2-0(O) )(O),"Input: Suwon 4 Pusan 0 ( halftime 2-0 )
Output: Suwon(B-ORG) 4(O) Pusan(B-ORG) 0(O) ((O) halftime(O) 2-0(O) )(O)"
8526,['KANSAS' 'CITY' '59' '73' '.447' '19' '1/2'],"['B-ORG', 'I-ORG', 'O', 'O', 'O', 'O', 'O']",KANSAS CITY 59 73 .447 19 1/2,"['KANSAS(B-ORG)', 'CITY(I-ORG)', '59(O)', '73(O)', '.447(O)', '19(O)', '1/2(O)']",KANSAS(B-ORG) CITY(I-ORG) 59(O) 73(O) .447(O) 19(O) 1/2(O),"Input: KANSAS CITY 59 73 .447 19 1/2
Output: KANSAS(B-ORG) CITY(I-ORG) 59(O) 73(O) .447(O) 19(O) 1/2(O)"
2647,['LATEST' 'FIXTURES'],"['O', 'O']",LATEST FIXTURES,"['LATEST(O)', 'FIXTURES(O)']",LATEST(O) FIXTURES(O),"Input: LATEST FIXTURES
Output: LATEST(O) FIXTURES(O)"
4097,['Results' 'of' 'Austria' 'first' 'division'],"['O', 'O', 'B-LOC', 'O', 'O']",Results of Austria first division,"['Results(O)', 'of(O)', 'Austria(B-LOC)', 'first(O)', 'division(O)']",Results(O) of(O) Austria(B-LOC) first(O) division(O),"Input: Results of Austria first division
Output: Results(O) of(O) Austria(B-LOC) first(O) division(O)"
11707,"['Netanyahu' ',' 'who' 'opposes' 'trading' 'occupied' 'land' 'for' 'peace'
 ',' 'made' 'Jerusalem' 'a' 'central' 'issue' 'in' 'his' 'election'
 'campaign' ',' 'accusing' 'Labour' 'Prime' 'Minister' 'Shimon' 'Peres'
 'of' 'planning' 'to' 'hand' 'control' 'of' 'the' 'Arab' 'eastern' 'part'
 'of' 'the' 'city' 'to' 'the' 'Palestinians' '.']","['B-PER', 'O', 'O', 'O', 'O', 'O', 'O', 'O', 'O', 'O', 'O', 'B-LOC', 'O', 'O', 'O', 'O', 'O', 'O', 'O', 'O', 'O', 'B-ORG', 'O', 'O', 'B-PER', 'I-PER', 'O', 'O', 'O', 'O', 'O', 'O', 'O', 'B-MISC', 'O', 'O', 'O', 'O', 'O', 'O', 'O', 'B-MISC', 'O']","Netanyahu , who opposes trading occupied land for peace , made Jerusalem a central issue in his election campaign , accusing Labour Prime Minister Shimon Peres of planning to hand control of the Arab eastern part of the city to the Palestinians .","['Netanyahu(B-PER)', ',(O)', 'who(O)', 'opposes(O)', 'trading(O)', 'occupied(O)', 'land(O)', 'for(O)', 'peace(O)', ',(O)', 'made(O)', 'Jerusalem(B-LOC)', 'a(O)', 'central(O)', 'issue(O)', 'in(O)', 'his(O)', 'election(O)', 'campaign(O)', ',(O)', 'accusing(O)', 'Labour(B-ORG)', 'Prime(O)', 'Minister(O)', 'Shimon(B-PER)', 'Peres(I-PER)', 'of(O)', 'planning(O)', 'to(O)', 'hand(O)', 'control(O)', 'of(O)', 'the(O)', 'Arab(B-MISC)', 'eastern(O)', 'part(O)', 'of(O)', 'the(O)', 'city(O)', 'to(O)', 'the(O)', 'Palestinians(B-MISC)', '.(O)']","Netanyahu(B-PER) ,(O) who(O) opposes(O) trading(O) occupied(O) land(O) for(O) peace(O) ,(O) made(O) Jerusalem(B-LOC) a(O) central(O) issue(O) in(O) his(O) election(O) campaign(O) ,(O) accusing(O) Labour(B-ORG) Prime(O) Minister(O) Shimon(B-PER) Peres(I-PER) of(O) planning(O) to(O) hand(O) control(O) of(O) the(O) Arab(B-MISC) eastern(O) part(O) of(O) the(O) city(O) to(O) the(O) Palestinians(B-MISC) .(O)","Input: Netanyahu , who opposes trading occupied land for peace , made Jerusalem a central issue in his election campaign , accusing Labour Prime Minister Shimon Peres of planning to hand control of the Arab eastern part of the city to the Palestinians .
Output: Netanyahu(B-PER) ,(O) who(O) opposes(O) trading(O) occupied(O) land(O) for(O) peace(O) ,(O) made(O) Jerusalem(B-LOC) a(O) central(O) issue(O) in(O) his(O) election(O) campaign(O) ,(O) accusing(O) Labour(B-ORG) Prime(O) Minister(O) Shimon(B-PER) Peres(I-PER) of(O) planning(O) to(O) hand(O) control(O) of(O) the(O) Arab(B-MISC) eastern(O) part(O) of(O) the(O) city(O) to(O) the(O) Palestinians(B-MISC) .(O)"
13249,"['Suspected' 'Tamil' 'Tigers' 'on' 'Tuesday' 'hurled' 'hand' 'grenades'
 'at' 'a' 'police' 'vehicle' 'in' 'a' 'crowded' 'market' 'in' 'the'
 'army-controlled' 'northern' 'town' 'of' 'Vavuniya' ',' 'killing' 'at'
 'least' 'two' 'policemen' '.']","['O', 'B-MISC', 'B-ORG', 'O', 'O', 'O', 'O', 'O', 'O', 'O', 'O', 'O', 'O', 'O', 'O', 'O', 'O', 'O', 'O', 'O', 'O', 'O', 'B-LOC', 'O', 'O', 'O', 'O', 'O', 'O', 'O']","Suspected Tamil Tigers on Tuesday hurled hand grenades at a police vehicle in a crowded market in the army-controlled northern town of Vavuniya , killing at least two policemen .","['Suspected(O)', 'Tamil(B-MISC)', 'Tigers(B-ORG)', 'on(O)', 'Tuesday(O)', 'hurled(O)', 'hand(O)', 'grenades(O)', 'at(O)', 'a(O)', 'police(O)', 'vehicle(O)', 'in(O)', 'a(O)', 'crowded(O)', 'market(O)', 'in(O)', 'the(O)', 'army-controlled(O)', 'northern(O)', 'town(O)', 'of(O)', 'Vavuniya(B-LOC)', ',(O)', 'killing(O)', 'at(O)', 'least(O)', 'two(O)', 'policemen(O)', '.(O)']","Suspected(O) Tamil(B-MISC) Tigers(B-ORG) on(O) Tuesday(O) hurled(O) hand(O) grenades(O) at(O) a(O) police(O) vehicle(O) in(O) a(O) crowded(O) market(O) in(O) the(O) army-controlled(O) northern(O) town(O) of(O) Vavuniya(B-LOC) ,(O) killing(O) at(O) least(O) two(O) policemen(O) .(O)","Input: Suspected Tamil Tigers on Tuesday hurled hand grenades at a police vehicle in a crowded market in the army-controlled northern town of Vavuniya , killing at least two policemen .
Output: Suspected(O) Tamil(B-MISC) Tigers(B-ORG) on(O) Tuesday(O) hurled(O) hand(O) grenades(O) at(O) a(O) police(O) vehicle(O) in(O) a(O) crowded(O) market(O) in(O) the(O) army-controlled(O) northern(O) town(O) of(O) Vavuniya(B-LOC) ,(O) killing(O) at(O) least(O) two(O) policemen(O) .(O)"
11981,"['Shanghai-Ek' 'Chor' 'is' 'jointly' 'owned' 'by' 'the' 'Shanghai'
 'Automobile' 'Corporation' 'and' 'Ek' 'Chor' 'China' 'Motorcycle' '.']","['B-ORG', 'I-ORG', 'O', 'O', 'O', 'O', 'O', 'B-ORG', 'I-ORG', 'I-ORG', 'O', 'B-ORG', 'I-ORG', 'I-ORG', 'I-ORG', 'O']",Shanghai-Ek Chor is jointly owned by the Shanghai Automobile Corporation and Ek Chor China Motorcycle .,"['Shanghai-Ek(B-ORG)', 'Chor(I-ORG)', 'is(O)', 'jointly(O)', 'owned(O)', 'by(O)', 'the(O)', 'Shanghai(B-ORG)', 'Automobile(I-ORG)', 'Corporation(I-ORG)', 'and(O)', 'Ek(B-ORG)', 'Chor(I-ORG)', 'China(I-ORG)', 'Motorcycle(I-ORG)', '.(O)']",Shanghai-Ek(B-ORG) Chor(I-ORG) is(O) jointly(O) owned(O) by(O) the(O) Shanghai(B-ORG) Automobile(I-ORG) Corporation(I-ORG) and(O) Ek(B-ORG) Chor(I-ORG) China(I-ORG) Motorcycle(I-ORG) .(O),"Input: Shanghai-Ek Chor is jointly owned by the Shanghai Automobile Corporation and Ek Chor China Motorcycle .
Output: Shanghai-Ek(B-ORG) Chor(I-ORG) is(O) jointly(O) owned(O) by(O) the(O) Shanghai(B-ORG) Automobile(I-ORG) Corporation(I-ORG) and(O) Ek(B-ORG) Chor(I-ORG) China(I-ORG) Motorcycle(I-ORG) .(O)"
13890,"['""' 'A' 'preview' 'of' 'the' 'second' 'half' 'of' '1996' 'does' 'not'
 'reveal' 'any' 'signs' 'of' 'a' 'significant' 'improvement' 'in' 'market'
 'conditions' ',' '""' 'Lenzing' 'said' 'in' 'a' 'statement' 'released'
 'ahead' 'of' 'its' 'earnings' 'conference' '.']","['O', 'O', 'O', 'O', 'O', 'O', 'O', 'O', 'O', 'O', 'O', 'O', 'O', 'O', 'O', 'O', 'O', 'O', 'O', 'O', 'O', 'O', 'O', 'B-ORG', 'O', 'O', 'O', 'O', 'O', 'O', 'O', 'O', 'O', 'O', 'O']",""" A preview of the second half of 1996 does not reveal any signs of a significant improvement in market conditions , "" Lenzing said in a statement released ahead of its earnings conference .","['""(O)', 'A(O)', 'preview(O)', 'of(O)', 'the(O)', 'second(O)', 'half(O)', 'of(O)', '1996(O)', 'does(O)', 'not(O)', 'reveal(O)', 'any(O)', 'signs(O)', 'of(O)', 'a(O)', 'significant(O)', 'improvement(O)', 'in(O)', 'market(O)', 'conditions(O)', ',(O)', '""(O)', 'Lenzing(B-ORG)', 'said(O)', 'in(O)', 'a(O)', 'statement(O)', 'released(O)', 'ahead(O)', 'of(O)', 'its(O)', 'earnings(O)', 'conference(O)', '.(O)']","""(O) A(O) preview(O) of(O) the(O) second(O) half(O) of(O) 1996(O) does(O) not(O) reveal(O) any(O) signs(O) of(O) a(O) significant(O) improvement(O) in(O) market(O) conditions(O) ,(O) ""(O) Lenzing(B-ORG) said(O) in(O) a(O) statement(O) released(O) ahead(O) of(O) its(O) earnings(O) conference(O) .(O)","Input: "" A preview of the second half of 1996 does not reveal any signs of a significant improvement in market conditions , "" Lenzing said in a statement released ahead of its earnings conference .
Output: ""(O) A(O) preview(O) of(O) the(O) second(O) half(O) of(O) 1996(O) does(O) not(O) reveal(O) any(O) signs(O) of(O) a(O) significant(O) improvement(O) in(O) market(O) conditions(O) ,(O) ""(O) Lenzing(B-ORG) said(O) in(O) a(O) statement(O) released(O) ahead(O) of(O) its(O) earnings(O) conference(O) .(O)"
13420,['Jordanian' 'PM' 'Kabariti' 'leaves' 'for' 'West' 'Bank' '.'],"['B-MISC', 'O', 'B-PER', 'O', 'O', 'B-LOC', 'I-LOC', 'O']",Jordanian PM Kabariti leaves for West Bank .,"['Jordanian(B-MISC)', 'PM(O)', 'Kabariti(B-PER)', 'leaves(O)', 'for(O)', 'West(B-LOC)', 'Bank(I-LOC)', '.(O)']",Jordanian(B-MISC) PM(O) Kabariti(B-PER) leaves(O) for(O) West(B-LOC) Bank(I-LOC) .(O),"Input: Jordanian PM Kabariti leaves for West Bank .
Output: Jordanian(B-MISC) PM(O) Kabariti(B-PER) leaves(O) for(O) West(B-LOC) Bank(I-LOC) .(O)"
7948,"['""' 'We' 'are' 'still' 'waiting' 'to' 'fix' 'a' 'date' '.']","['O', 'O', 'O', 'O', 'O', 'O', 'O', 'O', 'O', 'O']",""" We are still waiting to fix a date .","['""(O)', 'We(O)', 'are(O)', 'still(O)', 'waiting(O)', 'to(O)', 'fix(O)', 'a(O)', 'date(O)', '.(O)']","""(O) We(O) are(O) still(O) waiting(O) to(O) fix(O) a(O) date(O) .(O)","Input: "" We are still waiting to fix a date .
Output: ""(O) We(O) are(O) still(O) waiting(O) to(O) fix(O) a(O) date(O) .(O)"
4165,"['""' 'I' ""'m"" 'looking' 'forward' 'to' 'this' 'race' '.']","['O', 'O', 'O', 'O', 'O', 'O', 'O', 'O', 'O']",""" I 'm looking forward to this race .","['""(O)', 'I(O)', ""'m(O)"", 'looking(O)', 'forward(O)', 'to(O)', 'this(O)', 'race(O)', '.(O)']","""(O) I(O) 'm(O) looking(O) forward(O) to(O) this(O) race(O) .(O)","Input: "" I 'm looking forward to this race .
Output: ""(O) I(O) 'm(O) looking(O) forward(O) to(O) this(O) race(O) .(O)"
2822,"['Iraq' 'retaliated' 'then' 'by' 'expelling' 'a' 'junior' 'administrator'
 'working' 'in' 'the' 'Jordanian' 'embassy' 'in' 'Baghdad' 'but' 'has'
 'continued' 'its' 'policy' 'of' 'trying' 'to' 'avoid' 'public'
 'conflicts' 'with' 'Jordan' '--' 'its' 'only' 'secure' 'route' 'to' 'the'
 'rest' 'of' 'the' 'world' '.']","['B-LOC', 'O', 'O', 'O', 'O', 'O', 'O', 'O', 'O', 'O', 'O', 'B-MISC', 'O', 'O', 'B-LOC', 'O', 'O', 'O', 'O', 'O', 'O', 'O', 'O', 'O', 'O', 'O', 'O', 'B-LOC', 'O', 'O', 'O', 'O', 'O', 'O', 'O', 'O', 'O', 'O', 'O', 'O']",Iraq retaliated then by expelling a junior administrator working in the Jordanian embassy in Baghdad but has continued its policy of trying to avoid public conflicts with Jordan -- its only secure route to the rest of the world .,"['Iraq(B-LOC)', 'retaliated(O)', 'then(O)', 'by(O)', 'expelling(O)', 'a(O)', 'junior(O)', 'administrator(O)', 'working(O)', 'in(O)', 'the(O)', 'Jordanian(B-MISC)', 'embassy(O)', 'in(O)', 'Baghdad(B-LOC)', 'but(O)', 'has(O)', 'continued(O)', 'its(O)', 'policy(O)', 'of(O)', 'trying(O)', 'to(O)', 'avoid(O)', 'public(O)', 'conflicts(O)', 'with(O)', 'Jordan(B-LOC)', '--(O)', 'its(O)', 'only(O)', 'secure(O)', 'route(O)', 'to(O)', 'the(O)', 'rest(O)', 'of(O)', 'the(O)', 'world(O)', '.(O)']",Iraq(B-LOC) retaliated(O) then(O) by(O) expelling(O) a(O) junior(O) administrator(O) working(O) in(O) the(O) Jordanian(B-MISC) embassy(O) in(O) Baghdad(B-LOC) but(O) has(O) continued(O) its(O) policy(O) of(O) trying(O) to(O) avoid(O) public(O) conflicts(O) with(O) Jordan(B-LOC) --(O) its(O) only(O) secure(O) route(O) to(O) the(O) rest(O) of(O) the(O) world(O) .(O),"Input: Iraq retaliated then by expelling a junior administrator working in the Jordanian embassy in Baghdad but has continued its policy of trying to avoid public conflicts with Jordan -- its only secure route to the rest of the world .
Output: Iraq(B-LOC) retaliated(O) then(O) by(O) expelling(O) a(O) junior(O) administrator(O) working(O) in(O) the(O) Jordanian(B-MISC) embassy(O) in(O) Baghdad(B-LOC) but(O) has(O) continued(O) its(O) policy(O) of(O) trying(O) to(O) avoid(O) public(O) conflicts(O) with(O) Jordan(B-LOC) --(O) its(O) only(O) secure(O) route(O) to(O) the(O) rest(O) of(O) the(O) world(O) .(O)"
10321,"['Jonathon' 'Power' '(' 'Canada' ')' 'beat' 'Ahmed' 'Barada' '(' 'Egypt'
 ')' '11-15' '8-15']","['B-PER', 'I-PER', 'O', 'B-LOC', 'O', 'O', 'B-PER', 'I-PER', 'O', 'B-LOC', 'O', 'O', 'O']",Jonathon Power ( Canada ) beat Ahmed Barada ( Egypt ) 11-15 8-15,"['Jonathon(B-PER)', 'Power(I-PER)', '((O)', 'Canada(B-LOC)', ')(O)', 'beat(O)', 'Ahmed(B-PER)', 'Barada(I-PER)', '((O)', 'Egypt(B-LOC)', ')(O)', '11-15(O)', '8-15(O)']",Jonathon(B-PER) Power(I-PER) ((O) Canada(B-LOC) )(O) beat(O) Ahmed(B-PER) Barada(I-PER) ((O) Egypt(B-LOC) )(O) 11-15(O) 8-15(O),"Input: Jonathon Power ( Canada ) beat Ahmed Barada ( Egypt ) 11-15 8-15
Output: Jonathon(B-PER) Power(I-PER) ((O) Canada(B-LOC) )(O) beat(O) Ahmed(B-PER) Barada(I-PER) ((O) Egypt(B-LOC) )(O) 11-15(O) 8-15(O)"
1236,"['At' 'least' '50' 'Russian' 'servicemen' 'have' 'been' 'killed' 'in' 'a'
 'battle' 'with' 'separatist' 'rebels' 'which' 'erupted' 'in' 'the'
 'Chechen' 'capital' 'Grozny' 'on' 'Thursday' 'and' 'continued' 'after'
 'Russia' 'and' 'the' 'rebels' 'agreed' 'a' 'truce' ',' 'Interfax' 'news'
 'agency' 'said' '.']","['O', 'O', 'O', 'B-MISC', 'O', 'O', 'O', 'O', 'O', 'O', 'O', 'O', 'O', 'O', 'O', 'O', 'O', 'O', 'B-MISC', 'O', 'B-LOC', 'O', 'O', 'O', 'O', 'O', 'B-LOC', 'O', 'O', 'O', 'O', 'O', 'O', 'O', 'B-ORG', 'O', 'O', 'O', 'O']","At least 50 Russian servicemen have been killed in a battle with separatist rebels which erupted in the Chechen capital Grozny on Thursday and continued after Russia and the rebels agreed a truce , Interfax news agency said .","['At(O)', 'least(O)', '50(O)', 'Russian(B-MISC)', 'servicemen(O)', 'have(O)', 'been(O)', 'killed(O)', 'in(O)', 'a(O)', 'battle(O)', 'with(O)', 'separatist(O)', 'rebels(O)', 'which(O)', 'erupted(O)', 'in(O)', 'the(O)', 'Chechen(B-MISC)', 'capital(O)', 'Grozny(B-LOC)', 'on(O)', 'Thursday(O)', 'and(O)', 'continued(O)', 'after(O)', 'Russia(B-LOC)', 'and(O)', 'the(O)', 'rebels(O)', 'agreed(O)', 'a(O)', 'truce(O)', ',(O)', 'Interfax(B-ORG)', 'news(O)', 'agency(O)', 'said(O)', '.(O)']","At(O) least(O) 50(O) Russian(B-MISC) servicemen(O) have(O) been(O) killed(O) in(O) a(O) battle(O) with(O) separatist(O) rebels(O) which(O) erupted(O) in(O) the(O) Chechen(B-MISC) capital(O) Grozny(B-LOC) on(O) Thursday(O) and(O) continued(O) after(O) Russia(B-LOC) and(O) the(O) rebels(O) agreed(O) a(O) truce(O) ,(O) Interfax(B-ORG) news(O) agency(O) said(O) .(O)","Input: At least 50 Russian servicemen have been killed in a battle with separatist rebels which erupted in the Chechen capital Grozny on Thursday and continued after Russia and the rebels agreed a truce , Interfax news agency said .
Output: At(O) least(O) 50(O) Russian(B-MISC) servicemen(O) have(O) been(O) killed(O) in(O) a(O) battle(O) with(O) separatist(O) rebels(O) which(O) erupted(O) in(O) the(O) Chechen(B-MISC) capital(O) Grozny(B-LOC) on(O) Thursday(O) and(O) continued(O) after(O) Russia(B-LOC) and(O) the(O) rebels(O) agreed(O) a(O) truce(O) ,(O) Interfax(B-ORG) news(O) agency(O) said(O) .(O)"
7258,"['The' 'reorganization' 'plan' 'calls' 'for' 'all' 'secured' 'claims' 'to'
 'be' 'paid' 'in' 'full' '.']","['O', 'O', 'O', 'O', 'O', 'O', 'O', 'O', 'O', 'O', 'O', 'O', 'O', 'O']",The reorganization plan calls for all secured claims to be paid in full .,"['The(O)', 'reorganization(O)', 'plan(O)', 'calls(O)', 'for(O)', 'all(O)', 'secured(O)', 'claims(O)', 'to(O)', 'be(O)', 'paid(O)', 'in(O)', 'full(O)', '.(O)']",The(O) reorganization(O) plan(O) calls(O) for(O) all(O) secured(O) claims(O) to(O) be(O) paid(O) in(O) full(O) .(O),"Input: The reorganization plan calls for all secured claims to be paid in full .
Output: The(O) reorganization(O) plan(O) calls(O) for(O) all(O) secured(O) claims(O) to(O) be(O) paid(O) in(O) full(O) .(O)"
7282,"['""' 'I' 'think' 'that' 'it' 'would' 'be' 'very' 'difficult' 'to' 'select'
 'which' 'municipal' 'elections' 'would' 'have' 'to' 'be' 'cancelled' '.']","['O', 'O', 'O', 'O', 'O', 'O', 'O', 'O', 'O', 'O', 'O', 'O', 'O', 'O', 'O', 'O', 'O', 'O', 'O', 'O']",""" I think that it would be very difficult to select which municipal elections would have to be cancelled .","['""(O)', 'I(O)', 'think(O)', 'that(O)', 'it(O)', 'would(O)', 'be(O)', 'very(O)', 'difficult(O)', 'to(O)', 'select(O)', 'which(O)', 'municipal(O)', 'elections(O)', 'would(O)', 'have(O)', 'to(O)', 'be(O)', 'cancelled(O)', '.(O)']","""(O) I(O) think(O) that(O) it(O) would(O) be(O) very(O) difficult(O) to(O) select(O) which(O) municipal(O) elections(O) would(O) have(O) to(O) be(O) cancelled(O) .(O)","Input: "" I think that it would be very difficult to select which municipal elections would have to be cancelled .
Output: ""(O) I(O) think(O) that(O) it(O) would(O) be(O) very(O) difficult(O) to(O) select(O) which(O) municipal(O) elections(O) would(O) have(O) to(O) be(O) cancelled(O) .(O)"
6528,['English' 'and' 'Scottish' 'league' 'soccer'],"['B-MISC', 'O', 'B-MISC', 'O', 'O']",English and Scottish league soccer,"['English(B-MISC)', 'and(O)', 'Scottish(B-MISC)', 'league(O)', 'soccer(O)']",English(B-MISC) and(O) Scottish(B-MISC) league(O) soccer(O),"Input: English and Scottish league soccer
Output: English(B-MISC) and(O) Scottish(B-MISC) league(O) soccer(O)"
1894,['6-3' '6-4'],"['O', 'O']",6-3 6-4,"['6-3(O)', '6-4(O)']",6-3(O) 6-4(O),"Input: 6-3 6-4
Output: 6-3(O) 6-4(O)"
13921,['Inc' '.'],"['B-ORG', 'O']",Inc .,"['Inc(B-ORG)', '.(O)']",Inc(B-ORG) .(O),"Input: Inc .
Output: Inc(B-ORG) .(O)"
11003,"['He' 'wrote' 'a' 'jazz' 'ballet' '""' 'La' 'Creation' 'du' 'Monde' '""'
 'and' 'scores' 'for' 'many' 'films' 'including' 'an' 'early' 'version'
 'of' '""' 'Madame' 'Bovary' '""' '.']","['O', 'O', 'O', 'O', 'O', 'O', 'B-MISC', 'I-MISC', 'I-MISC', 'I-MISC', 'O', 'O', 'O', 'O', 'O', 'O', 'O', 'O', 'O', 'O', 'O', 'O', 'B-MISC', 'I-MISC', 'O', 'O']","He wrote a jazz ballet "" La Creation du Monde "" and scores for many films including an early version of "" Madame Bovary "" .","['He(O)', 'wrote(O)', 'a(O)', 'jazz(O)', 'ballet(O)', '""(O)', 'La(B-MISC)', 'Creation(I-MISC)', 'du(I-MISC)', 'Monde(I-MISC)', '""(O)', 'and(O)', 'scores(O)', 'for(O)', 'many(O)', 'films(O)', 'including(O)', 'an(O)', 'early(O)', 'version(O)', 'of(O)', '""(O)', 'Madame(B-MISC)', 'Bovary(I-MISC)', '""(O)', '.(O)']","He(O) wrote(O) a(O) jazz(O) ballet(O) ""(O) La(B-MISC) Creation(I-MISC) du(I-MISC) Monde(I-MISC) ""(O) and(O) scores(O) for(O) many(O) films(O) including(O) an(O) early(O) version(O) of(O) ""(O) Madame(B-MISC) Bovary(I-MISC) ""(O) .(O)","Input: He wrote a jazz ballet "" La Creation du Monde "" and scores for many films including an early version of "" Madame Bovary "" .
Output: He(O) wrote(O) a(O) jazz(O) ballet(O) ""(O) La(B-MISC) Creation(I-MISC) du(I-MISC) Monde(I-MISC) ""(O) and(O) scores(O) for(O) many(O) films(O) including(O) an(O) early(O) version(O) of(O) ""(O) Madame(B-MISC) Bovary(I-MISC) ""(O) .(O)"
3954,['0-0' '.'],"['O', 'O']",0-0 .,"['0-0(O)', '.(O)']",0-0(O) .(O),"Input: 0-0 .
Output: 0-0(O) .(O)"
880,"['He' 'scored' 'from' 'close' 'range' 'in' 'the' '54th' 'minute' 'and'
 'from' 'a' 'bicycle' 'kick' '13' 'minutes' 'later' '.']","['O', 'O', 'O', 'O', 'O', 'O', 'O', 'O', 'O', 'O', 'O', 'O', 'O', 'O', 'O', 'O', 'O', 'O']",He scored from close range in the 54th minute and from a bicycle kick 13 minutes later .,"['He(O)', 'scored(O)', 'from(O)', 'close(O)', 'range(O)', 'in(O)', 'the(O)', '54th(O)', 'minute(O)', 'and(O)', 'from(O)', 'a(O)', 'bicycle(O)', 'kick(O)', '13(O)', 'minutes(O)', 'later(O)', '.(O)']",He(O) scored(O) from(O) close(O) range(O) in(O) the(O) 54th(O) minute(O) and(O) from(O) a(O) bicycle(O) kick(O) 13(O) minutes(O) later(O) .(O),"Input: He scored from close range in the 54th minute and from a bicycle kick 13 minutes later .
Output: He(O) scored(O) from(O) close(O) range(O) in(O) the(O) 54th(O) minute(O) and(O) from(O) a(O) bicycle(O) kick(O) 13(O) minutes(O) later(O) .(O)"
10577,"['Parma' ""'s"" 'defeat' 'was' 'a' 'repeat' 'of' 'last' 'season' ""'s""
 'fiasco' 'when' 'they' 'lost' 'their' 'opening' 'cup' 'match' '3-0' 'to'
 'Palermo' '.']","['B-ORG', 'O', 'O', 'O', 'O', 'O', 'O', 'O', 'O', 'O', 'O', 'O', 'O', 'O', 'O', 'O', 'O', 'O', 'O', 'O', 'B-ORG', 'O']",Parma 's defeat was a repeat of last season 's fiasco when they lost their opening cup match 3-0 to Palermo .,"['Parma(B-ORG)', ""'s(O)"", 'defeat(O)', 'was(O)', 'a(O)', 'repeat(O)', 'of(O)', 'last(O)', 'season(O)', ""'s(O)"", 'fiasco(O)', 'when(O)', 'they(O)', 'lost(O)', 'their(O)', 'opening(O)', 'cup(O)', 'match(O)', '3-0(O)', 'to(O)', 'Palermo(B-ORG)', '.(O)']",Parma(B-ORG) 's(O) defeat(O) was(O) a(O) repeat(O) of(O) last(O) season(O) 's(O) fiasco(O) when(O) they(O) lost(O) their(O) opening(O) cup(O) match(O) 3-0(O) to(O) Palermo(B-ORG) .(O),"Input: Parma 's defeat was a repeat of last season 's fiasco when they lost their opening cup match 3-0 to Palermo .
Output: Parma(B-ORG) 's(O) defeat(O) was(O) a(O) repeat(O) of(O) last(O) season(O) 's(O) fiasco(O) when(O) they(O) lost(O) their(O) opening(O) cup(O) match(O) 3-0(O) to(O) Palermo(B-ORG) .(O)"
9757,"['The' 'Airbus' 'A310' 'was' 'diverted' 'first' 'to' 'Cyprus' ',' 'then'
 'to' 'Britain' '.']","['O', 'B-MISC', 'I-MISC', 'O', 'O', 'O', 'O', 'B-LOC', 'O', 'O', 'O', 'B-LOC', 'O']","The Airbus A310 was diverted first to Cyprus , then to Britain .","['The(O)', 'Airbus(B-MISC)', 'A310(I-MISC)', 'was(O)', 'diverted(O)', 'first(O)', 'to(O)', 'Cyprus(B-LOC)', ',(O)', 'then(O)', 'to(O)', 'Britain(B-LOC)', '.(O)']","The(O) Airbus(B-MISC) A310(I-MISC) was(O) diverted(O) first(O) to(O) Cyprus(B-LOC) ,(O) then(O) to(O) Britain(B-LOC) .(O)","Input: The Airbus A310 was diverted first to Cyprus , then to Britain .
Output: The(O) Airbus(B-MISC) A310(I-MISC) was(O) diverted(O) first(O) to(O) Cyprus(B-LOC) ,(O) then(O) to(O) Britain(B-LOC) .(O)"
746,['Qualifier' 'vs.' 'Tomas' 'Carbonell' '(' 'Spain' ')'],"['O', 'O', 'B-PER', 'I-PER', 'O', 'B-LOC', 'O']",Qualifier vs. Tomas Carbonell ( Spain ),"['Qualifier(O)', 'vs.(O)', 'Tomas(B-PER)', 'Carbonell(I-PER)', '((O)', 'Spain(B-LOC)', ')(O)']",Qualifier(O) vs.(O) Tomas(B-PER) Carbonell(I-PER) ((O) Spain(B-LOC) )(O),"Input: Qualifier vs. Tomas Carbonell ( Spain )
Output: Qualifier(O) vs.(O) Tomas(B-PER) Carbonell(I-PER) ((O) Spain(B-LOC) )(O)"
11904,"['--' 'New' 'Democracy' 'leader' 'Miltiadis' 'Evert' 'vows' 'support'
 'mesures' 'for' 'farmers' 'and' 'small' 'business' 'as' 'he' 'kicks'
 'off' 'the' 'conservative' 'party' ""'s"" 'campaign']","['O', 'B-ORG', 'I-ORG', 'O', 'B-PER', 'I-PER', 'O', 'O', 'O', 'O', 'O', 'O', 'O', 'O', 'O', 'O', 'O', 'O', 'O', 'O', 'O', 'O', 'O']",-- New Democracy leader Miltiadis Evert vows support mesures for farmers and small business as he kicks off the conservative party 's campaign,"['--(O)', 'New(B-ORG)', 'Democracy(I-ORG)', 'leader(O)', 'Miltiadis(B-PER)', 'Evert(I-PER)', 'vows(O)', 'support(O)', 'mesures(O)', 'for(O)', 'farmers(O)', 'and(O)', 'small(O)', 'business(O)', 'as(O)', 'he(O)', 'kicks(O)', 'off(O)', 'the(O)', 'conservative(O)', 'party(O)', ""'s(O)"", 'campaign(O)']",--(O) New(B-ORG) Democracy(I-ORG) leader(O) Miltiadis(B-PER) Evert(I-PER) vows(O) support(O) mesures(O) for(O) farmers(O) and(O) small(O) business(O) as(O) he(O) kicks(O) off(O) the(O) conservative(O) party(O) 's(O) campaign(O),"Input: -- New Democracy leader Miltiadis Evert vows support mesures for farmers and small business as he kicks off the conservative party 's campaign
Output: --(O) New(B-ORG) Democracy(I-ORG) leader(O) Miltiadis(B-PER) Evert(I-PER) vows(O) support(O) mesures(O) for(O) farmers(O) and(O) small(O) business(O) as(O) he(O) kicks(O) off(O) the(O) conservative(O) party(O) 's(O) campaign(O)"
7613,['P1020' 'ingot' '75' 'cents' '/' 'pound'],"['O', 'O', 'O', 'O', 'O', 'O']",P1020 ingot 75 cents / pound,"['P1020(O)', 'ingot(O)', '75(O)', 'cents(O)', '/(O)', 'pound(O)']",P1020(O) ingot(O) 75(O) cents(O) /(O) pound(O),"Input: P1020 ingot 75 cents / pound
Output: P1020(O) ingot(O) 75(O) cents(O) /(O) pound(O)"
10516,"['But' 'Graf' ',' 'winner' 'of' '20' 'Grand' 'Slam' 'titles' ',' 'was'
 'not' 'about' 'to' 'join' 'that' 'list' '.']","['O', 'B-PER', 'O', 'O', 'O', 'O', 'B-MISC', 'I-MISC', 'O', 'O', 'O', 'O', 'O', 'O', 'O', 'O', 'O', 'O']","But Graf , winner of 20 Grand Slam titles , was not about to join that list .","['But(O)', 'Graf(B-PER)', ',(O)', 'winner(O)', 'of(O)', '20(O)', 'Grand(B-MISC)', 'Slam(I-MISC)', 'titles(O)', ',(O)', 'was(O)', 'not(O)', 'about(O)', 'to(O)', 'join(O)', 'that(O)', 'list(O)', '.(O)']","But(O) Graf(B-PER) ,(O) winner(O) of(O) 20(O) Grand(B-MISC) Slam(I-MISC) titles(O) ,(O) was(O) not(O) about(O) to(O) join(O) that(O) list(O) .(O)","Input: But Graf , winner of 20 Grand Slam titles , was not about to join that list .
Output: But(O) Graf(B-PER) ,(O) winner(O) of(O) 20(O) Grand(B-MISC) Slam(I-MISC) titles(O) ,(O) was(O) not(O) about(O) to(O) join(O) that(O) list(O) .(O)"
5418,['BASEBALL' '-' 'BRAVES' 'RALLY' 'TO' 'BEAT' 'CUBS' '.'],"['O', 'O', 'B-ORG', 'O', 'O', 'O', 'B-ORG', 'O']",BASEBALL - BRAVES RALLY TO BEAT CUBS .,"['BASEBALL(O)', '-(O)', 'BRAVES(B-ORG)', 'RALLY(O)', 'TO(O)', 'BEAT(O)', 'CUBS(B-ORG)', '.(O)']",BASEBALL(O) -(O) BRAVES(B-ORG) RALLY(O) TO(O) BEAT(O) CUBS(B-ORG) .(O),"Input: BASEBALL - BRAVES RALLY TO BEAT CUBS .
Output: BASEBALL(O) -(O) BRAVES(B-ORG) RALLY(O) TO(O) BEAT(O) CUBS(B-ORG) .(O)"
13403,"['But' 'traders' 'see' 'the' 'market' 'remaining' 'tight' 'in' 'the'
 'short-term' ',' 'with' 'some' 'surplus' 'arising' 'closer' 'to'
 'October' '.']","['O', 'O', 'O', 'O', 'O', 'O', 'O', 'O', 'O', 'O', 'O', 'O', 'O', 'O', 'O', 'O', 'O', 'O', 'O']","But traders see the market remaining tight in the short-term , with some surplus arising closer to October .","['But(O)', 'traders(O)', 'see(O)', 'the(O)', 'market(O)', 'remaining(O)', 'tight(O)', 'in(O)', 'the(O)', 'short-term(O)', ',(O)', 'with(O)', 'some(O)', 'surplus(O)', 'arising(O)', 'closer(O)', 'to(O)', 'October(O)', '.(O)']","But(O) traders(O) see(O) the(O) market(O) remaining(O) tight(O) in(O) the(O) short-term(O) ,(O) with(O) some(O) surplus(O) arising(O) closer(O) to(O) October(O) .(O)","Input: But traders see the market remaining tight in the short-term , with some surplus arising closer to October .
Output: But(O) traders(O) see(O) the(O) market(O) remaining(O) tight(O) in(O) the(O) short-term(O) ,(O) with(O) some(O) surplus(O) arising(O) closer(O) to(O) October(O) .(O)"
12300,"['Shortly' 'after' 'Ijaz' 'was' 'also' 'back' 'in' 'the' 'pavilion' 'for'
 '48' 'after' 'Irani' 'had' 'repaid' 'Mullally' 'with' 'another' 'good'
 'catch' 'at' 'long-on' '.']","['O', 'O', 'B-PER', 'O', 'O', 'O', 'O', 'O', 'O', 'O', 'O', 'O', 'B-PER', 'O', 'O', 'B-PER', 'O', 'O', 'O', 'O', 'O', 'O', 'O']",Shortly after Ijaz was also back in the pavilion for 48 after Irani had repaid Mullally with another good catch at long-on .,"['Shortly(O)', 'after(O)', 'Ijaz(B-PER)', 'was(O)', 'also(O)', 'back(O)', 'in(O)', 'the(O)', 'pavilion(O)', 'for(O)', '48(O)', 'after(O)', 'Irani(B-PER)', 'had(O)', 'repaid(O)', 'Mullally(B-PER)', 'with(O)', 'another(O)', 'good(O)', 'catch(O)', 'at(O)', 'long-on(O)', '.(O)']",Shortly(O) after(O) Ijaz(B-PER) was(O) also(O) back(O) in(O) the(O) pavilion(O) for(O) 48(O) after(O) Irani(B-PER) had(O) repaid(O) Mullally(B-PER) with(O) another(O) good(O) catch(O) at(O) long-on(O) .(O),"Input: Shortly after Ijaz was also back in the pavilion for 48 after Irani had repaid Mullally with another good catch at long-on .
Output: Shortly(O) after(O) Ijaz(B-PER) was(O) also(O) back(O) in(O) the(O) pavilion(O) for(O) 48(O) after(O) Irani(B-PER) had(O) repaid(O) Mullally(B-PER) with(O) another(O) good(O) catch(O) at(O) long-on(O) .(O)"
7937,['Thai' 'PM' 'proposes' 'Sept' '18' 'for' 'no-confidence' 'debate' '.'],"['B-MISC', 'O', 'O', 'O', 'O', 'O', 'O', 'O', 'O']",Thai PM proposes Sept 18 for no-confidence debate .,"['Thai(B-MISC)', 'PM(O)', 'proposes(O)', 'Sept(O)', '18(O)', 'for(O)', 'no-confidence(O)', 'debate(O)', '.(O)']",Thai(B-MISC) PM(O) proposes(O) Sept(O) 18(O) for(O) no-confidence(O) debate(O) .(O),"Input: Thai PM proposes Sept 18 for no-confidence debate .
Output: Thai(B-MISC) PM(O) proposes(O) Sept(O) 18(O) for(O) no-confidence(O) debate(O) .(O)"
1953,['England' 'first' 'innings'],"['B-LOC', 'O', 'O']",England first innings,"['England(B-LOC)', 'first(O)', 'innings(O)']",England(B-LOC) first(O) innings(O),"Input: England first innings
Output: England(B-LOC) first(O) innings(O)"
13608,"['The' 'Vnukovo' 'Airlines' 'Tupolev' '154' 'flight' 'from' 'Moscow' ','
 'carrying' '129' 'passengers' 'and' 'a' 'crew' 'of' '12' ',' 'crashed'
 'in' 'bad' 'weather' '10' 'km' '(' 'six' 'miles' ')' 'east' 'of'
 'Longyearbyen' ',' 'the' 'island' ""'s"" 'only' 'airstrip' ',' 'officials'
 'said' '.']","['O', 'B-ORG', 'I-ORG', 'B-MISC', 'I-MISC', 'O', 'O', 'B-LOC', 'O', 'O', 'O', 'O', 'O', 'O', 'O', 'O', 'O', 'O', 'O', 'O', 'O', 'O', 'O', 'O', 'O', 'O', 'O', 'O', 'O', 'O', 'B-LOC', 'O', 'O', 'O', 'O', 'O', 'O', 'O', 'O', 'O', 'O']","The Vnukovo Airlines Tupolev 154 flight from Moscow , carrying 129 passengers and a crew of 12 , crashed in bad weather 10 km ( six miles ) east of Longyearbyen , the island 's only airstrip , officials said .","['The(O)', 'Vnukovo(B-ORG)', 'Airlines(I-ORG)', 'Tupolev(B-MISC)', '154(I-MISC)', 'flight(O)', 'from(O)', 'Moscow(B-LOC)', ',(O)', 'carrying(O)', '129(O)', 'passengers(O)', 'and(O)', 'a(O)', 'crew(O)', 'of(O)', '12(O)', ',(O)', 'crashed(O)', 'in(O)', 'bad(O)', 'weather(O)', '10(O)', 'km(O)', '((O)', 'six(O)', 'miles(O)', ')(O)', 'east(O)', 'of(O)', 'Longyearbyen(B-LOC)', ',(O)', 'the(O)', 'island(O)', ""'s(O)"", 'only(O)', 'airstrip(O)', ',(O)', 'officials(O)', 'said(O)', '.(O)']","The(O) Vnukovo(B-ORG) Airlines(I-ORG) Tupolev(B-MISC) 154(I-MISC) flight(O) from(O) Moscow(B-LOC) ,(O) carrying(O) 129(O) passengers(O) and(O) a(O) crew(O) of(O) 12(O) ,(O) crashed(O) in(O) bad(O) weather(O) 10(O) km(O) ((O) six(O) miles(O) )(O) east(O) of(O) Longyearbyen(B-LOC) ,(O) the(O) island(O) 's(O) only(O) airstrip(O) ,(O) officials(O) said(O) .(O)","Input: The Vnukovo Airlines Tupolev 154 flight from Moscow , carrying 129 passengers and a crew of 12 , crashed in bad weather 10 km ( six miles ) east of Longyearbyen , the island 's only airstrip , officials said .
Output: The(O) Vnukovo(B-ORG) Airlines(I-ORG) Tupolev(B-MISC) 154(I-MISC) flight(O) from(O) Moscow(B-LOC) ,(O) carrying(O) 129(O) passengers(O) and(O) a(O) crew(O) of(O) 12(O) ,(O) crashed(O) in(O) bad(O) weather(O) 10(O) km(O) ((O) six(O) miles(O) )(O) east(O) of(O) Longyearbyen(B-LOC) ,(O) the(O) island(O) 's(O) only(O) airstrip(O) ,(O) officials(O) said(O) .(O)"
10434,['BOSTON' '68' '65' '.511' '7'],"['B-ORG', 'O', 'O', 'O', 'O']",BOSTON 68 65 .511 7,"['BOSTON(B-ORG)', '68(O)', '65(O)', '.511(O)', '7(O)']",BOSTON(B-ORG) 68(O) 65(O) .511(O) 7(O),"Input: BOSTON 68 65 .511 7
Output: BOSTON(B-ORG) 68(O) 65(O) .511(O) 7(O)"
786,['TORONTO' 'AT' 'CHICAGO'],"['B-ORG', 'O', 'B-LOC']",TORONTO AT CHICAGO,"['TORONTO(B-ORG)', 'AT(O)', 'CHICAGO(B-LOC)']",TORONTO(B-ORG) AT(O) CHICAGO(B-LOC),"Input: TORONTO AT CHICAGO
Output: TORONTO(B-ORG) AT(O) CHICAGO(B-LOC)"
11383,"['But' 'it' 'worked' ',' '""' 'Dole' 'said' '.']","['O', 'O', 'O', 'O', 'O', 'B-PER', 'O', 'O']","But it worked , "" Dole said .","['But(O)', 'it(O)', 'worked(O)', ',(O)', '""(O)', 'Dole(B-PER)', 'said(O)', '.(O)']","But(O) it(O) worked(O) ,(O) ""(O) Dole(B-PER) said(O) .(O)","Input: But it worked , "" Dole said .
Output: But(O) it(O) worked(O) ,(O) ""(O) Dole(B-PER) said(O) .(O)"
3268,['Net' 'loss' '447' 'million' 'vs' 'loss' '350' 'million'],"['O', 'O', 'O', 'O', 'O', 'O', 'O', 'O']",Net loss 447 million vs loss 350 million,"['Net(O)', 'loss(O)', '447(O)', 'million(O)', 'vs(O)', 'loss(O)', '350(O)', 'million(O)']",Net(O) loss(O) 447(O) million(O) vs(O) loss(O) 350(O) million(O),"Input: Net loss 447 million vs loss 350 million
Output: Net(O) loss(O) 447(O) million(O) vs(O) loss(O) 350(O) million(O)"
9679,['WASHINGTON' '1996-08-27'],"['B-LOC', 'O']",WASHINGTON 1996-08-27,"['WASHINGTON(B-LOC)', '1996-08-27(O)']",WASHINGTON(B-LOC) 1996-08-27(O),"Input: WASHINGTON 1996-08-27
Output: WASHINGTON(B-LOC) 1996-08-27(O)"
3936,['matches' 'on' 'Saturday' ':'],"['O', 'O', 'O', 'O']",matches on Saturday :,"['matches(O)', 'on(O)', 'Saturday(O)', ':(O)']",matches(O) on(O) Saturday(O) :(O),"Input: matches on Saturday :
Output: matches(O) on(O) Saturday(O) :(O)"
11582,"['""' 'The' 'industry' 'saw' 'capacity' 'expansion' 'of' 'about' '13'
 'percent' 'over' '1994/95' 'from' '77.79' 'million' 'tonnes' 'to' '87.45'
 'million' 'tonnes' ',' '""' 'Palkhivala' 'told' 'shareholders' '.']","['O', 'O', 'O', 'O', 'O', 'O', 'O', 'O', 'O', 'O', 'O', 'O', 'O', 'O', 'O', 'O', 'O', 'O', 'O', 'O', 'O', 'O', 'B-PER', 'O', 'O', 'O']",""" The industry saw capacity expansion of about 13 percent over 1994/95 from 77.79 million tonnes to 87.45 million tonnes , "" Palkhivala told shareholders .","['""(O)', 'The(O)', 'industry(O)', 'saw(O)', 'capacity(O)', 'expansion(O)', 'of(O)', 'about(O)', '13(O)', 'percent(O)', 'over(O)', '1994/95(O)', 'from(O)', '77.79(O)', 'million(O)', 'tonnes(O)', 'to(O)', '87.45(O)', 'million(O)', 'tonnes(O)', ',(O)', '""(O)', 'Palkhivala(B-PER)', 'told(O)', 'shareholders(O)', '.(O)']","""(O) The(O) industry(O) saw(O) capacity(O) expansion(O) of(O) about(O) 13(O) percent(O) over(O) 1994/95(O) from(O) 77.79(O) million(O) tonnes(O) to(O) 87.45(O) million(O) tonnes(O) ,(O) ""(O) Palkhivala(B-PER) told(O) shareholders(O) .(O)","Input: "" The industry saw capacity expansion of about 13 percent over 1994/95 from 77.79 million tonnes to 87.45 million tonnes , "" Palkhivala told shareholders .
Output: ""(O) The(O) industry(O) saw(O) capacity(O) expansion(O) of(O) about(O) 13(O) percent(O) over(O) 1994/95(O) from(O) 77.79(O) million(O) tonnes(O) to(O) 87.45(O) million(O) tonnes(O) ,(O) ""(O) Palkhivala(B-PER) told(O) shareholders(O) .(O)"
2004,"['Martin' 'overcame' 'Cedric' 'Pioline' 'of' 'France' '2-6' '6-2' '6-4'
 'and' ""O'Brien"" 'beat' 'Mikael' 'Tillstrom' 'of' 'Sweden' '6-3' '2-6'
 '6-3' '.']","['B-PER', 'O', 'B-PER', 'I-PER', 'O', 'B-LOC', 'O', 'O', 'O', 'O', 'B-PER', 'O', 'B-PER', 'I-PER', 'O', 'B-LOC', 'O', 'O', 'O', 'O']",Martin overcame Cedric Pioline of France 2-6 6-2 6-4 and O'Brien beat Mikael Tillstrom of Sweden 6-3 2-6 6-3 .,"['Martin(B-PER)', 'overcame(O)', 'Cedric(B-PER)', 'Pioline(I-PER)', 'of(O)', 'France(B-LOC)', '2-6(O)', '6-2(O)', '6-4(O)', 'and(O)', ""O'Brien(B-PER)"", 'beat(O)', 'Mikael(B-PER)', 'Tillstrom(I-PER)', 'of(O)', 'Sweden(B-LOC)', '6-3(O)', '2-6(O)', '6-3(O)', '.(O)']",Martin(B-PER) overcame(O) Cedric(B-PER) Pioline(I-PER) of(O) France(B-LOC) 2-6(O) 6-2(O) 6-4(O) and(O) O'Brien(B-PER) beat(O) Mikael(B-PER) Tillstrom(I-PER) of(O) Sweden(B-LOC) 6-3(O) 2-6(O) 6-3(O) .(O),"Input: Martin overcame Cedric Pioline of France 2-6 6-2 6-4 and O'Brien beat Mikael Tillstrom of Sweden 6-3 2-6 6-3 .
Output: Martin(B-PER) overcame(O) Cedric(B-PER) Pioline(I-PER) of(O) France(B-LOC) 2-6(O) 6-2(O) 6-4(O) and(O) O'Brien(B-PER) beat(O) Mikael(B-PER) Tillstrom(I-PER) of(O) Sweden(B-LOC) 6-3(O) 2-6(O) 6-3(O) .(O)"
5048,"['Wasim' 'rattled' 'along' 'to' '30' 'not' 'out' ',' 'outscoring' 'his'
 'partner' 'who' 'was' 'unbeaten' 'on' '24' 'at' 'the' 'break' ','
 'although' 'the' 'weather' 'was' 'again' 'threatening' 'to' 'play' 'the'
 'dominant' 'role' '.']","['B-PER', 'O', 'O', 'O', 'O', 'O', 'O', 'O', 'O', 'O', 'O', 'O', 'O', 'O', 'O', 'O', 'O', 'O', 'O', 'O', 'O', 'O', 'O', 'O', 'O', 'O', 'O', 'O', 'O', 'O', 'O', 'O']","Wasim rattled along to 30 not out , outscoring his partner who was unbeaten on 24 at the break , although the weather was again threatening to play the dominant role .","['Wasim(B-PER)', 'rattled(O)', 'along(O)', 'to(O)', '30(O)', 'not(O)', 'out(O)', ',(O)', 'outscoring(O)', 'his(O)', 'partner(O)', 'who(O)', 'was(O)', 'unbeaten(O)', 'on(O)', '24(O)', 'at(O)', 'the(O)', 'break(O)', ',(O)', 'although(O)', 'the(O)', 'weather(O)', 'was(O)', 'again(O)', 'threatening(O)', 'to(O)', 'play(O)', 'the(O)', 'dominant(O)', 'role(O)', '.(O)']","Wasim(B-PER) rattled(O) along(O) to(O) 30(O) not(O) out(O) ,(O) outscoring(O) his(O) partner(O) who(O) was(O) unbeaten(O) on(O) 24(O) at(O) the(O) break(O) ,(O) although(O) the(O) weather(O) was(O) again(O) threatening(O) to(O) play(O) the(O) dominant(O) role(O) .(O)","Input: Wasim rattled along to 30 not out , outscoring his partner who was unbeaten on 24 at the break , although the weather was again threatening to play the dominant role .
Output: Wasim(B-PER) rattled(O) along(O) to(O) 30(O) not(O) out(O) ,(O) outscoring(O) his(O) partner(O) who(O) was(O) unbeaten(O) on(O) 24(O) at(O) the(O) break(O) ,(O) although(O) the(O) weather(O) was(O) again(O) threatening(O) to(O) play(O) the(O) dominant(O) role(O) .(O)"
3659,['West' 'Ham' '2' 'Southampton' '1'],"['B-ORG', 'I-ORG', 'O', 'B-ORG', 'O']",West Ham 2 Southampton 1,"['West(B-ORG)', 'Ham(I-ORG)', '2(O)', 'Southampton(B-ORG)', '1(O)']",West(B-ORG) Ham(I-ORG) 2(O) Southampton(B-ORG) 1(O),"Input: West Ham 2 Southampton 1
Output: West(B-ORG) Ham(I-ORG) 2(O) Southampton(B-ORG) 1(O)"
13911,['NEW' 'YORK'],"['B-LOC', 'I-LOC']",NEW YORK,"['NEW(B-LOC)', 'YORK(I-LOC)']",NEW(B-LOC) YORK(I-LOC),"Input: NEW YORK
Output: NEW(B-LOC) YORK(I-LOC)"
4686,['3.' 'Margaret' 'Crowley' '(' 'Australia' ')' '2:02.40'],"['O', 'B-PER', 'I-PER', 'O', 'B-LOC', 'O', 'O']",3. Margaret Crowley ( Australia ) 2:02.40,"['3.(O)', 'Margaret(B-PER)', 'Crowley(I-PER)', '((O)', 'Australia(B-LOC)', ')(O)', '2:02.40(O)']",3.(O) Margaret(B-PER) Crowley(I-PER) ((O) Australia(B-LOC) )(O) 2:02.40(O),"Input: 3. Margaret Crowley ( Australia ) 2:02.40
Output: 3.(O) Margaret(B-PER) Crowley(I-PER) ((O) Australia(B-LOC) )(O) 2:02.40(O)"
12375,['Tunbridge' 'Wells' ':' 'Nottinghamshire' '40-3' 'v' 'Kent'],"['B-LOC', 'I-LOC', 'O', 'B-ORG', 'O', 'O', 'B-ORG']",Tunbridge Wells : Nottinghamshire 40-3 v Kent,"['Tunbridge(B-LOC)', 'Wells(I-LOC)', ':(O)', 'Nottinghamshire(B-ORG)', '40-3(O)', 'v(O)', 'Kent(B-ORG)']",Tunbridge(B-LOC) Wells(I-LOC) :(O) Nottinghamshire(B-ORG) 40-3(O) v(O) Kent(B-ORG),"Input: Tunbridge Wells : Nottinghamshire 40-3 v Kent
Output: Tunbridge(B-LOC) Wells(I-LOC) :(O) Nottinghamshire(B-ORG) 40-3(O) v(O) Kent(B-ORG)"
1435,"['It' 'was' 'the' 'first' 'known' 'time' 'that' 'a' 'police' 'officer'
 'has' 'been' 'president' 'at' 'the' 'suicide' 'of' 'one' 'of' 'Kevorkian'
 ""'s"" 'patients' '.']","['O', 'O', 'O', 'O', 'O', 'O', 'O', 'O', 'O', 'O', 'O', 'O', 'O', 'O', 'O', 'O', 'O', 'O', 'O', 'B-PER', 'O', 'O', 'O']",It was the first known time that a police officer has been president at the suicide of one of Kevorkian 's patients .,"['It(O)', 'was(O)', 'the(O)', 'first(O)', 'known(O)', 'time(O)', 'that(O)', 'a(O)', 'police(O)', 'officer(O)', 'has(O)', 'been(O)', 'president(O)', 'at(O)', 'the(O)', 'suicide(O)', 'of(O)', 'one(O)', 'of(O)', 'Kevorkian(B-PER)', ""'s(O)"", 'patients(O)', '.(O)']",It(O) was(O) the(O) first(O) known(O) time(O) that(O) a(O) police(O) officer(O) has(O) been(O) president(O) at(O) the(O) suicide(O) of(O) one(O) of(O) Kevorkian(B-PER) 's(O) patients(O) .(O),"Input: It was the first known time that a police officer has been president at the suicide of one of Kevorkian 's patients .
Output: It(O) was(O) the(O) first(O) known(O) time(O) that(O) a(O) police(O) officer(O) has(O) been(O) president(O) at(O) the(O) suicide(O) of(O) one(O) of(O) Kevorkian(B-PER) 's(O) patients(O) .(O)"
8531,['CALIFORNIA' '61' '70' '.466' '14'],"['B-ORG', 'O', 'O', 'O', 'O']",CALIFORNIA 61 70 .466 14,"['CALIFORNIA(B-ORG)', '61(O)', '70(O)', '.466(O)', '14(O)']",CALIFORNIA(B-ORG) 61(O) 70(O) .466(O) 14(O),"Input: CALIFORNIA 61 70 .466 14
Output: CALIFORNIA(B-ORG) 61(O) 70(O) .466(O) 14(O)"
11206,"['Germany' 'has' 'been' 'one' 'of' 'the' 'loudest' 'critics' 'of' 'Russia'
 ""'s"" 'military' 'intervention' 'in' 'Chechnya' ',' 'a' '20-month-old'
 'conflict' 'in' 'which' 'tens' 'of' 'thousands' 'of' 'people' 'have'
 'been' 'killed' '.']","['B-LOC', 'O', 'O', 'O', 'O', 'O', 'O', 'O', 'O', 'B-LOC', 'O', 'O', 'O', 'O', 'B-LOC', 'O', 'O', 'O', 'O', 'O', 'O', 'O', 'O', 'O', 'O', 'O', 'O', 'O', 'O', 'O']","Germany has been one of the loudest critics of Russia 's military intervention in Chechnya , a 20-month-old conflict in which tens of thousands of people have been killed .","['Germany(B-LOC)', 'has(O)', 'been(O)', 'one(O)', 'of(O)', 'the(O)', 'loudest(O)', 'critics(O)', 'of(O)', 'Russia(B-LOC)', ""'s(O)"", 'military(O)', 'intervention(O)', 'in(O)', 'Chechnya(B-LOC)', ',(O)', 'a(O)', '20-month-old(O)', 'conflict(O)', 'in(O)', 'which(O)', 'tens(O)', 'of(O)', 'thousands(O)', 'of(O)', 'people(O)', 'have(O)', 'been(O)', 'killed(O)', '.(O)']","Germany(B-LOC) has(O) been(O) one(O) of(O) the(O) loudest(O) critics(O) of(O) Russia(B-LOC) 's(O) military(O) intervention(O) in(O) Chechnya(B-LOC) ,(O) a(O) 20-month-old(O) conflict(O) in(O) which(O) tens(O) of(O) thousands(O) of(O) people(O) have(O) been(O) killed(O) .(O)","Input: Germany has been one of the loudest critics of Russia 's military intervention in Chechnya , a 20-month-old conflict in which tens of thousands of people have been killed .
Output: Germany(B-LOC) has(O) been(O) one(O) of(O) the(O) loudest(O) critics(O) of(O) Russia(B-LOC) 's(O) military(O) intervention(O) in(O) Chechnya(B-LOC) ,(O) a(O) 20-month-old(O) conflict(O) in(O) which(O) tens(O) of(O) thousands(O) of(O) people(O) have(O) been(O) killed(O) .(O)"
2162,"['We' 'won' 'the' 'game' ',' '""' 'said' 'Moyer' '.']","['O', 'O', 'O', 'O', 'O', 'O', 'O', 'B-PER', 'O']","We won the game , "" said Moyer .","['We(O)', 'won(O)', 'the(O)', 'game(O)', ',(O)', '""(O)', 'said(O)', 'Moyer(B-PER)', '.(O)']","We(O) won(O) the(O) game(O) ,(O) ""(O) said(O) Moyer(B-PER) .(O)","Input: We won the game , "" said Moyer .
Output: We(O) won(O) the(O) game(O) ,(O) ""(O) said(O) Moyer(B-PER) .(O)"
10597,['ROME' '1996-08-28'],"['B-LOC', 'O']",ROME 1996-08-28,"['ROME(B-LOC)', '1996-08-28(O)']",ROME(B-LOC) 1996-08-28(O),"Input: ROME 1996-08-28
Output: ROME(B-LOC) 1996-08-28(O)"
2251,['BRUSSELS' '1996-08-23'],"['B-LOC', 'O']",BRUSSELS 1996-08-23,"['BRUSSELS(B-LOC)', '1996-08-23(O)']",BRUSSELS(B-LOC) 1996-08-23(O),"Input: BRUSSELS 1996-08-23
Output: BRUSSELS(B-LOC) 1996-08-23(O)"
562,['Scorers' ':'],"['O', 'O']",Scorers :,"['Scorers(O)', ':(O)']",Scorers(O) :(O),"Input: Scorers :
Output: Scorers(O) :(O)"
9937,"['SWP' 'said' 'it' 'was' 'analyzing' 'potential' 'partnerships' 'with'
 'hog' 'farmers' 'and' 'expected' 'the' 'first' 'deal' 'to' 'be' 'in'
 'place' 'in' '1997' '.']","['B-ORG', 'O', 'O', 'O', 'O', 'O', 'O', 'O', 'O', 'O', 'O', 'O', 'O', 'O', 'O', 'O', 'O', 'O', 'O', 'O', 'O', 'O']",SWP said it was analyzing potential partnerships with hog farmers and expected the first deal to be in place in 1997 .,"['SWP(B-ORG)', 'said(O)', 'it(O)', 'was(O)', 'analyzing(O)', 'potential(O)', 'partnerships(O)', 'with(O)', 'hog(O)', 'farmers(O)', 'and(O)', 'expected(O)', 'the(O)', 'first(O)', 'deal(O)', 'to(O)', 'be(O)', 'in(O)', 'place(O)', 'in(O)', '1997(O)', '.(O)']",SWP(B-ORG) said(O) it(O) was(O) analyzing(O) potential(O) partnerships(O) with(O) hog(O) farmers(O) and(O) expected(O) the(O) first(O) deal(O) to(O) be(O) in(O) place(O) in(O) 1997(O) .(O),"Input: SWP said it was analyzing potential partnerships with hog farmers and expected the first deal to be in place in 1997 .
Output: SWP(B-ORG) said(O) it(O) was(O) analyzing(O) potential(O) partnerships(O) with(O) hog(O) farmers(O) and(O) expected(O) the(O) first(O) deal(O) to(O) be(O) in(O) place(O) in(O) 1997(O) .(O)"
1578,"['He' 'said' 'the' 'Mia' ""'s"" 'issue' 'had' 'been' 'raised' 'in' 'the'
 'House' 'of' 'Commons' '.']","['O', 'O', 'O', 'B-PER', 'O', 'O', 'O', 'O', 'O', 'O', 'O', 'B-ORG', 'I-ORG', 'I-ORG', 'O']",He said the Mia 's issue had been raised in the House of Commons .,"['He(O)', 'said(O)', 'the(O)', 'Mia(B-PER)', ""'s(O)"", 'issue(O)', 'had(O)', 'been(O)', 'raised(O)', 'in(O)', 'the(O)', 'House(B-ORG)', 'of(I-ORG)', 'Commons(I-ORG)', '.(O)']",He(O) said(O) the(O) Mia(B-PER) 's(O) issue(O) had(O) been(O) raised(O) in(O) the(O) House(B-ORG) of(I-ORG) Commons(I-ORG) .(O),"Input: He said the Mia 's issue had been raised in the House of Commons .
Output: He(O) said(O) the(O) Mia(B-PER) 's(O) issue(O) had(O) been(O) raised(O) in(O) the(O) House(B-ORG) of(I-ORG) Commons(I-ORG) .(O)"
12749,"['A' 'total' 'of' '9,446' 'delegates' 'will' 'be' 'deployed' 'throughout'
 'Zaire' ""'s"" '11' 'provinces' 'for' 'the' 'elections' ',' 'which' 'must'
 'be' 'held' 'by' 'July' '1997' 'under' 'the' 'transitional'
 'constitution' '.']","['O', 'O', 'O', 'O', 'O', 'O', 'O', 'O', 'O', 'B-LOC', 'O', 'O', 'O', 'O', 'O', 'O', 'O', 'O', 'O', 'O', 'O', 'O', 'O', 'O', 'O', 'O', 'O', 'O', 'O']","A total of 9,446 delegates will be deployed throughout Zaire 's 11 provinces for the elections , which must be held by July 1997 under the transitional constitution .","['A(O)', 'total(O)', 'of(O)', '9,446(O)', 'delegates(O)', 'will(O)', 'be(O)', 'deployed(O)', 'throughout(O)', 'Zaire(B-LOC)', ""'s(O)"", '11(O)', 'provinces(O)', 'for(O)', 'the(O)', 'elections(O)', ',(O)', 'which(O)', 'must(O)', 'be(O)', 'held(O)', 'by(O)', 'July(O)', '1997(O)', 'under(O)', 'the(O)', 'transitional(O)', 'constitution(O)', '.(O)']","A(O) total(O) of(O) 9,446(O) delegates(O) will(O) be(O) deployed(O) throughout(O) Zaire(B-LOC) 's(O) 11(O) provinces(O) for(O) the(O) elections(O) ,(O) which(O) must(O) be(O) held(O) by(O) July(O) 1997(O) under(O) the(O) transitional(O) constitution(O) .(O)","Input: A total of 9,446 delegates will be deployed throughout Zaire 's 11 provinces for the elections , which must be held by July 1997 under the transitional constitution .
Output: A(O) total(O) of(O) 9,446(O) delegates(O) will(O) be(O) deployed(O) throughout(O) Zaire(B-LOC) 's(O) 11(O) provinces(O) for(O) the(O) elections(O) ,(O) which(O) must(O) be(O) held(O) by(O) July(O) 1997(O) under(O) the(O) transitional(O) constitution(O) .(O)"
8046,"['Bond' 'prices' 'were' 'weaker' 'and' 'the' 'franc' 'was' 'quoted' 'at'
 '3.4210' 'per' 'mark' 'for' 'the' 'first' 'time' 'since' 'August' '13'
 'as' 'worries' 'about' 'the' 'government' ""'s"" 'autumn' 'budget' 'and'
 'a' 'weak' 'U.S.' 'currency' 'lifted' 'the' 'mark' 'and' 'squeezed'
 'French' 'investments' '.']","['O', 'O', 'O', 'O', 'O', 'O', 'O', 'O', 'O', 'O', 'O', 'O', 'O', 'O', 'O', 'O', 'O', 'O', 'O', 'O', 'O', 'O', 'O', 'O', 'O', 'O', 'O', 'O', 'O', 'O', 'O', 'B-LOC', 'O', 'O', 'O', 'O', 'O', 'O', 'B-MISC', 'O', 'O']",Bond prices were weaker and the franc was quoted at 3.4210 per mark for the first time since August 13 as worries about the government 's autumn budget and a weak U.S. currency lifted the mark and squeezed French investments .,"['Bond(O)', 'prices(O)', 'were(O)', 'weaker(O)', 'and(O)', 'the(O)', 'franc(O)', 'was(O)', 'quoted(O)', 'at(O)', '3.4210(O)', 'per(O)', 'mark(O)', 'for(O)', 'the(O)', 'first(O)', 'time(O)', 'since(O)', 'August(O)', '13(O)', 'as(O)', 'worries(O)', 'about(O)', 'the(O)', 'government(O)', ""'s(O)"", 'autumn(O)', 'budget(O)', 'and(O)', 'a(O)', 'weak(O)', 'U.S.(B-LOC)', 'currency(O)', 'lifted(O)', 'the(O)', 'mark(O)', 'and(O)', 'squeezed(O)', 'French(B-MISC)', 'investments(O)', '.(O)']",Bond(O) prices(O) were(O) weaker(O) and(O) the(O) franc(O) was(O) quoted(O) at(O) 3.4210(O) per(O) mark(O) for(O) the(O) first(O) time(O) since(O) August(O) 13(O) as(O) worries(O) about(O) the(O) government(O) 's(O) autumn(O) budget(O) and(O) a(O) weak(O) U.S.(B-LOC) currency(O) lifted(O) the(O) mark(O) and(O) squeezed(O) French(B-MISC) investments(O) .(O),"Input: Bond prices were weaker and the franc was quoted at 3.4210 per mark for the first time since August 13 as worries about the government 's autumn budget and a weak U.S. currency lifted the mark and squeezed French investments .
Output: Bond(O) prices(O) were(O) weaker(O) and(O) the(O) franc(O) was(O) quoted(O) at(O) 3.4210(O) per(O) mark(O) for(O) the(O) first(O) time(O) since(O) August(O) 13(O) as(O) worries(O) about(O) the(O) government(O) 's(O) autumn(O) budget(O) and(O) a(O) weak(O) U.S.(B-LOC) currency(O) lifted(O) the(O) mark(O) and(O) squeezed(O) French(B-MISC) investments(O) .(O)"
7300,"['""' 'Results' 'of' 'the' 'registration' 'for' 'September' 'elections'
 'herald' 'a' 'dismal' 'future' 'for' 'multi-ethnicity' 'in'
 'Bosia-Hercegovina' ',' '""' 'warned' 'Soren' 'Jessen-Petersen' ','
 'Special' 'Envoy' 'for' 'the' 'U.N.' 'High' 'Commissioner' 'for'
 'Refugees' 'in' 'Former' 'Yugoslavia' '.']","['O', 'O', 'O', 'O', 'O', 'O', 'O', 'O', 'O', 'O', 'O', 'O', 'O', 'O', 'O', 'B-LOC', 'O', 'O', 'O', 'B-PER', 'I-PER', 'O', 'O', 'O', 'O', 'O', 'B-ORG', 'O', 'O', 'O', 'O', 'O', 'B-LOC', 'I-LOC', 'O']",""" Results of the registration for September elections herald a dismal future for multi-ethnicity in Bosia-Hercegovina , "" warned Soren Jessen-Petersen , Special Envoy for the U.N. High Commissioner for Refugees in Former Yugoslavia .","['""(O)', 'Results(O)', 'of(O)', 'the(O)', 'registration(O)', 'for(O)', 'September(O)', 'elections(O)', 'herald(O)', 'a(O)', 'dismal(O)', 'future(O)', 'for(O)', 'multi-ethnicity(O)', 'in(O)', 'Bosia-Hercegovina(B-LOC)', ',(O)', '""(O)', 'warned(O)', 'Soren(B-PER)', 'Jessen-Petersen(I-PER)', ',(O)', 'Special(O)', 'Envoy(O)', 'for(O)', 'the(O)', 'U.N.(B-ORG)', 'High(O)', 'Commissioner(O)', 'for(O)', 'Refugees(O)', 'in(O)', 'Former(B-LOC)', 'Yugoslavia(I-LOC)', '.(O)']","""(O) Results(O) of(O) the(O) registration(O) for(O) September(O) elections(O) herald(O) a(O) dismal(O) future(O) for(O) multi-ethnicity(O) in(O) Bosia-Hercegovina(B-LOC) ,(O) ""(O) warned(O) Soren(B-PER) Jessen-Petersen(I-PER) ,(O) Special(O) Envoy(O) for(O) the(O) U.N.(B-ORG) High(O) Commissioner(O) for(O) Refugees(O) in(O) Former(B-LOC) Yugoslavia(I-LOC) .(O)","Input: "" Results of the registration for September elections herald a dismal future for multi-ethnicity in Bosia-Hercegovina , "" warned Soren Jessen-Petersen , Special Envoy for the U.N. High Commissioner for Refugees in Former Yugoslavia .
Output: ""(O) Results(O) of(O) the(O) registration(O) for(O) September(O) elections(O) herald(O) a(O) dismal(O) future(O) for(O) multi-ethnicity(O) in(O) Bosia-Hercegovina(B-LOC) ,(O) ""(O) warned(O) Soren(B-PER) Jessen-Petersen(I-PER) ,(O) Special(O) Envoy(O) for(O) the(O) U.N.(B-ORG) High(O) Commissioner(O) for(O) Refugees(O) in(O) Former(B-LOC) Yugoslavia(I-LOC) .(O)"
1970,"['Mohammad' 'Akram' '12-1-41-1' ',' 'Mushtaq' 'Ahmed' '27-5-78-2' ','
 'Aamir' 'Sohail']","['B-PER', 'I-PER', 'O', 'O', 'B-PER', 'I-PER', 'O', 'O', 'B-PER', 'I-PER']","Mohammad Akram 12-1-41-1 , Mushtaq Ahmed 27-5-78-2 , Aamir Sohail","['Mohammad(B-PER)', 'Akram(I-PER)', '12-1-41-1(O)', ',(O)', 'Mushtaq(B-PER)', 'Ahmed(I-PER)', '27-5-78-2(O)', ',(O)', 'Aamir(B-PER)', 'Sohail(I-PER)']","Mohammad(B-PER) Akram(I-PER) 12-1-41-1(O) ,(O) Mushtaq(B-PER) Ahmed(I-PER) 27-5-78-2(O) ,(O) Aamir(B-PER) Sohail(I-PER)","Input: Mohammad Akram 12-1-41-1 , Mushtaq Ahmed 27-5-78-2 , Aamir Sohail
Output: Mohammad(B-PER) Akram(I-PER) 12-1-41-1(O) ,(O) Mushtaq(B-PER) Ahmed(I-PER) 27-5-78-2(O) ,(O) Aamir(B-PER) Sohail(I-PER)"
2911,"['Little' 'change' 'from' 'today' ""'s"" 'weather' 'expected' '.']","['B-PER', 'O', 'O', 'O', 'O', 'O', 'O', 'O']",Little change from today 's weather expected .,"['Little(B-PER)', 'change(O)', 'from(O)', 'today(O)', ""'s(O)"", 'weather(O)', 'expected(O)', '.(O)']",Little(B-PER) change(O) from(O) today(O) 's(O) weather(O) expected(O) .(O),"Input: Little change from today 's weather expected .
Output: Little(B-PER) change(O) from(O) today(O) 's(O) weather(O) expected(O) .(O)"
4712,['1.' 'William' 'Tanui' '(' 'Kenya' ')' '3:54.57'],"['O', 'B-PER', 'I-PER', 'O', 'B-LOC', 'O', 'O']",1. William Tanui ( Kenya ) 3:54.57,"['1.(O)', 'William(B-PER)', 'Tanui(I-PER)', '((O)', 'Kenya(B-LOC)', ')(O)', '3:54.57(O)']",1.(O) William(B-PER) Tanui(I-PER) ((O) Kenya(B-LOC) )(O) 3:54.57(O),"Input: 1. William Tanui ( Kenya ) 3:54.57
Output: 1.(O) William(B-PER) Tanui(I-PER) ((O) Kenya(B-LOC) )(O) 3:54.57(O)"
1802,"['Hong' 'Kong' 'Hang' 'Seng' 'index' '--' '12,201.09' '(' 'Jan' '4/94' ')']","['B-LOC', 'I-LOC', 'B-MISC', 'I-MISC', 'O', 'O', 'O', 'O', 'O', 'O', 'O']","Hong Kong Hang Seng index -- 12,201.09 ( Jan 4/94 )","['Hong(B-LOC)', 'Kong(I-LOC)', 'Hang(B-MISC)', 'Seng(I-MISC)', 'index(O)', '--(O)', '12,201.09(O)', '((O)', 'Jan(O)', '4/94(O)', ')(O)']","Hong(B-LOC) Kong(I-LOC) Hang(B-MISC) Seng(I-MISC) index(O) --(O) 12,201.09(O) ((O) Jan(O) 4/94(O) )(O)","Input: Hong Kong Hang Seng index -- 12,201.09 ( Jan 4/94 )
Output: Hong(B-LOC) Kong(I-LOC) Hang(B-MISC) Seng(I-MISC) index(O) --(O) 12,201.09(O) ((O) Jan(O) 4/94(O) )(O)"
7245,"['Zimbabwe' '-' 'Alistair' 'Campbell' '(' 'captain' ')' ',' 'Andy'
 'Flower' ',' 'Grant' 'Flower' ',' 'Guy' 'Whittall' ',' 'Craig' 'Evans'
 ',' 'Eddo' 'Brandes' ',' 'Heath' 'Streak' ',' 'Paul' 'Strang' ',' 'Craig'
 'Wishart' ',' 'Ali' 'Shah' ',' 'Mark' 'Dekker' '.']","['B-LOC', 'O', 'B-PER', 'I-PER', 'O', 'O', 'O', 'O', 'B-PER', 'I-PER', 'O', 'B-PER', 'I-PER', 'O', 'B-PER', 'I-PER', 'O', 'B-PER', 'I-PER', 'O', 'B-PER', 'I-PER', 'O', 'B-PER', 'I-PER', 'O', 'B-PER', 'I-PER', 'O', 'B-PER', 'I-PER', 'O', 'B-PER', 'I-PER', 'O', 'B-PER', 'I-PER', 'O']","Zimbabwe - Alistair Campbell ( captain ) , Andy Flower , Grant Flower , Guy Whittall , Craig Evans , Eddo Brandes , Heath Streak , Paul Strang , Craig Wishart , Ali Shah , Mark Dekker .","['Zimbabwe(B-LOC)', '-(O)', 'Alistair(B-PER)', 'Campbell(I-PER)', '((O)', 'captain(O)', ')(O)', ',(O)', 'Andy(B-PER)', 'Flower(I-PER)', ',(O)', 'Grant(B-PER)', 'Flower(I-PER)', ',(O)', 'Guy(B-PER)', 'Whittall(I-PER)', ',(O)', 'Craig(B-PER)', 'Evans(I-PER)', ',(O)', 'Eddo(B-PER)', 'Brandes(I-PER)', ',(O)', 'Heath(B-PER)', 'Streak(I-PER)', ',(O)', 'Paul(B-PER)', 'Strang(I-PER)', ',(O)', 'Craig(B-PER)', 'Wishart(I-PER)', ',(O)', 'Ali(B-PER)', 'Shah(I-PER)', ',(O)', 'Mark(B-PER)', 'Dekker(I-PER)', '.(O)']","Zimbabwe(B-LOC) -(O) Alistair(B-PER) Campbell(I-PER) ((O) captain(O) )(O) ,(O) Andy(B-PER) Flower(I-PER) ,(O) Grant(B-PER) Flower(I-PER) ,(O) Guy(B-PER) Whittall(I-PER) ,(O) Craig(B-PER) Evans(I-PER) ,(O) Eddo(B-PER) Brandes(I-PER) ,(O) Heath(B-PER) Streak(I-PER) ,(O) Paul(B-PER) Strang(I-PER) ,(O) Craig(B-PER) Wishart(I-PER) ,(O) Ali(B-PER) Shah(I-PER) ,(O) Mark(B-PER) Dekker(I-PER) .(O)","Input: Zimbabwe - Alistair Campbell ( captain ) , Andy Flower , Grant Flower , Guy Whittall , Craig Evans , Eddo Brandes , Heath Streak , Paul Strang , Craig Wishart , Ali Shah , Mark Dekker .
Output: Zimbabwe(B-LOC) -(O) Alistair(B-PER) Campbell(I-PER) ((O) captain(O) )(O) ,(O) Andy(B-PER) Flower(I-PER) ,(O) Grant(B-PER) Flower(I-PER) ,(O) Guy(B-PER) Whittall(I-PER) ,(O) Craig(B-PER) Evans(I-PER) ,(O) Eddo(B-PER) Brandes(I-PER) ,(O) Heath(B-PER) Streak(I-PER) ,(O) Paul(B-PER) Strang(I-PER) ,(O) Craig(B-PER) Wishart(I-PER) ,(O) Ali(B-PER) Shah(I-PER) ,(O) Mark(B-PER) Dekker(I-PER) .(O)"
8049,"['There' 'is' 'still' 'the' 'summer' 'malaise' 'hanging' 'over' 'the'
 'market' '.' '""']","['O', 'O', 'O', 'O', 'O', 'O', 'O', 'O', 'O', 'O', 'O', 'O']","There is still the summer malaise hanging over the market . ""","['There(O)', 'is(O)', 'still(O)', 'the(O)', 'summer(O)', 'malaise(O)', 'hanging(O)', 'over(O)', 'the(O)', 'market(O)', '.(O)', '""(O)']","There(O) is(O) still(O) the(O) summer(O) malaise(O) hanging(O) over(O) the(O) market(O) .(O) ""(O)","Input: There is still the summer malaise hanging over the market . ""
Output: There(O) is(O) still(O) the(O) summer(O) malaise(O) hanging(O) over(O) the(O) market(O) .(O) ""(O)"
979,['33.' 'Romania' '8.02'],"['O', 'B-LOC', 'O']",33. Romania 8.02,"['33.(O)', 'Romania(B-LOC)', '8.02(O)']",33.(O) Romania(B-LOC) 8.02(O),"Input: 33. Romania 8.02
Output: 33.(O) Romania(B-LOC) 8.02(O)"
4363,"['The' 'current' 'NATO-led' 'peace' 'force' '(' 'IFOR' ')' 'in' 'Bosnia'
 'is' 'due' 'to' 'return' 'home' 'at' 'the' 'end' 'of' 'the' 'year' '.']","['O', 'O', 'B-MISC', 'O', 'O', 'O', 'B-ORG', 'O', 'O', 'B-LOC', 'O', 'O', 'O', 'O', 'O', 'O', 'O', 'O', 'O', 'O', 'O', 'O']",The current NATO-led peace force ( IFOR ) in Bosnia is due to return home at the end of the year .,"['The(O)', 'current(O)', 'NATO-led(B-MISC)', 'peace(O)', 'force(O)', '((O)', 'IFOR(B-ORG)', ')(O)', 'in(O)', 'Bosnia(B-LOC)', 'is(O)', 'due(O)', 'to(O)', 'return(O)', 'home(O)', 'at(O)', 'the(O)', 'end(O)', 'of(O)', 'the(O)', 'year(O)', '.(O)']",The(O) current(O) NATO-led(B-MISC) peace(O) force(O) ((O) IFOR(B-ORG) )(O) in(O) Bosnia(B-LOC) is(O) due(O) to(O) return(O) home(O) at(O) the(O) end(O) of(O) the(O) year(O) .(O),"Input: The current NATO-led peace force ( IFOR ) in Bosnia is due to return home at the end of the year .
Output: The(O) current(O) NATO-led(B-MISC) peace(O) force(O) ((O) IFOR(B-ORG) )(O) in(O) Bosnia(B-LOC) is(O) due(O) to(O) return(O) home(O) at(O) the(O) end(O) of(O) the(O) year(O) .(O)"
5945,"['We' 'have' 'to' 'enter' 'Doboj' 'to' 'free' 'the' 'Serbs' 'from' 'their'
 'own' '(' 'separatist' ')' 'politics' '.' '""']","['O', 'O', 'O', 'O', 'B-LOC', 'O', 'O', 'O', 'B-MISC', 'O', 'O', 'O', 'O', 'O', 'O', 'O', 'O', 'O']","We have to enter Doboj to free the Serbs from their own ( separatist ) politics . ""","['We(O)', 'have(O)', 'to(O)', 'enter(O)', 'Doboj(B-LOC)', 'to(O)', 'free(O)', 'the(O)', 'Serbs(B-MISC)', 'from(O)', 'their(O)', 'own(O)', '((O)', 'separatist(O)', ')(O)', 'politics(O)', '.(O)', '""(O)']","We(O) have(O) to(O) enter(O) Doboj(B-LOC) to(O) free(O) the(O) Serbs(B-MISC) from(O) their(O) own(O) ((O) separatist(O) )(O) politics(O) .(O) ""(O)","Input: We have to enter Doboj to free the Serbs from their own ( separatist ) politics . ""
Output: We(O) have(O) to(O) enter(O) Doboj(B-LOC) to(O) free(O) the(O) Serbs(B-MISC) from(O) their(O) own(O) ((O) separatist(O) )(O) politics(O) .(O) ""(O)"
10123,['4.' 'Pavel' 'Buran' '(' 'Czech' 'Republic' ')'],"['O', 'B-PER', 'I-PER', 'O', 'B-LOC', 'I-LOC', 'O']",4. Pavel Buran ( Czech Republic ),"['4.(O)', 'Pavel(B-PER)', 'Buran(I-PER)', '((O)', 'Czech(B-LOC)', 'Republic(I-LOC)', ')(O)']",4.(O) Pavel(B-PER) Buran(I-PER) ((O) Czech(B-LOC) Republic(I-LOC) )(O),"Input: 4. Pavel Buran ( Czech Republic )
Output: 4.(O) Pavel(B-PER) Buran(I-PER) ((O) Czech(B-LOC) Republic(I-LOC) )(O)"
9996,['1.' 'Lauren' 'Ottoz' '(' 'Italy' ')' '49.16'],"['O', 'B-PER', 'I-PER', 'O', 'B-LOC', 'O', 'O']",1. Lauren Ottoz ( Italy ) 49.16,"['1.(O)', 'Lauren(B-PER)', 'Ottoz(I-PER)', '((O)', 'Italy(B-LOC)', ')(O)', '49.16(O)']",1.(O) Lauren(B-PER) Ottoz(I-PER) ((O) Italy(B-LOC) )(O) 49.16(O),"Input: 1. Lauren Ottoz ( Italy ) 49.16
Output: 1.(O) Lauren(B-PER) Ottoz(I-PER) ((O) Italy(B-LOC) )(O) 49.16(O)"
7835,['(' 'D' ')'],"['O', 'O', 'O']",( D ),"['((O)', 'D(O)', ')(O)']",((O) D(O) )(O),"Input: ( D )
Output: ((O) D(O) )(O)"
209,['AN-NAHAR'],['B-ORG'],AN-NAHAR,['AN-NAHAR(B-ORG)'],AN-NAHAR(B-ORG),"Input: AN-NAHAR
Output: AN-NAHAR(B-ORG)"
10422,"['Lisa' 'Raymond' '(' 'U.S.' ')' 'beat' 'Sarah' 'Pitkowski' '(' 'France'
 ')' '6-2' '6-0']","['B-PER', 'I-PER', 'O', 'B-LOC', 'O', 'O', 'B-PER', 'I-PER', 'O', 'B-LOC', 'O', 'O', 'O']",Lisa Raymond ( U.S. ) beat Sarah Pitkowski ( France ) 6-2 6-0,"['Lisa(B-PER)', 'Raymond(I-PER)', '((O)', 'U.S.(B-LOC)', ')(O)', 'beat(O)', 'Sarah(B-PER)', 'Pitkowski(I-PER)', '((O)', 'France(B-LOC)', ')(O)', '6-2(O)', '6-0(O)']",Lisa(B-PER) Raymond(I-PER) ((O) U.S.(B-LOC) )(O) beat(O) Sarah(B-PER) Pitkowski(I-PER) ((O) France(B-LOC) )(O) 6-2(O) 6-0(O),"Input: Lisa Raymond ( U.S. ) beat Sarah Pitkowski ( France ) 6-2 6-0
Output: Lisa(B-PER) Raymond(I-PER) ((O) U.S.(B-LOC) )(O) beat(O) Sarah(B-PER) Pitkowski(I-PER) ((O) France(B-LOC) )(O) 6-2(O) 6-0(O)"
8769,"['Leading' 'results' 'and' 'overall' 'standings' 'after' 'the' '161'
 'kilometre' 'first' 'stage' 'of' 'the' 'Tour' 'of' 'the' 'Netherlands'
 'between' 'Gouda' 'and' 'Haarlem' 'on' 'Tuesday' '.']","['O', 'O', 'O', 'O', 'O', 'O', 'O', 'O', 'O', 'O', 'O', 'O', 'O', 'B-MISC', 'I-MISC', 'I-MISC', 'I-MISC', 'O', 'B-LOC', 'O', 'B-LOC', 'O', 'O', 'O']",Leading results and overall standings after the 161 kilometre first stage of the Tour of the Netherlands between Gouda and Haarlem on Tuesday .,"['Leading(O)', 'results(O)', 'and(O)', 'overall(O)', 'standings(O)', 'after(O)', 'the(O)', '161(O)', 'kilometre(O)', 'first(O)', 'stage(O)', 'of(O)', 'the(O)', 'Tour(B-MISC)', 'of(I-MISC)', 'the(I-MISC)', 'Netherlands(I-MISC)', 'between(O)', 'Gouda(B-LOC)', 'and(O)', 'Haarlem(B-LOC)', 'on(O)', 'Tuesday(O)', '.(O)']",Leading(O) results(O) and(O) overall(O) standings(O) after(O) the(O) 161(O) kilometre(O) first(O) stage(O) of(O) the(O) Tour(B-MISC) of(I-MISC) the(I-MISC) Netherlands(I-MISC) between(O) Gouda(B-LOC) and(O) Haarlem(B-LOC) on(O) Tuesday(O) .(O),"Input: Leading results and overall standings after the 161 kilometre first stage of the Tour of the Netherlands between Gouda and Haarlem on Tuesday .
Output: Leading(O) results(O) and(O) overall(O) standings(O) after(O) the(O) 161(O) kilometre(O) first(O) stage(O) of(O) the(O) Tour(B-MISC) of(I-MISC) the(I-MISC) Netherlands(I-MISC) between(O) Gouda(B-LOC) and(O) Haarlem(B-LOC) on(O) Tuesday(O) .(O)"
9630,['He' 'would' 'give' 'no' 'forecasts' 'on' 'advertising' 'revenue' '.'],"['O', 'O', 'O', 'O', 'O', 'O', 'O', 'O', 'O']",He would give no forecasts on advertising revenue .,"['He(O)', 'would(O)', 'give(O)', 'no(O)', 'forecasts(O)', 'on(O)', 'advertising(O)', 'revenue(O)', '.(O)']",He(O) would(O) give(O) no(O) forecasts(O) on(O) advertising(O) revenue(O) .(O),"Input: He would give no forecasts on advertising revenue .
Output: He(O) would(O) give(O) no(O) forecasts(O) on(O) advertising(O) revenue(O) .(O)"
4640,"['(' 'France' ')' '/' 'David' 'Brabham' '(' 'Australia' ')' 'Gulf'
 'McLaren' 'F' '!']","['O', 'B-LOC', 'O', 'O', 'B-PER', 'I-PER', 'O', 'B-LOC', 'O', 'B-MISC', 'I-MISC', 'I-MISC', 'I-MISC']",( France ) / David Brabham ( Australia ) Gulf McLaren F !,"['((O)', 'France(B-LOC)', ')(O)', '/(O)', 'David(B-PER)', 'Brabham(I-PER)', '((O)', 'Australia(B-LOC)', ')(O)', 'Gulf(B-MISC)', 'McLaren(I-MISC)', 'F(I-MISC)', '!(I-MISC)']",((O) France(B-LOC) )(O) /(O) David(B-PER) Brabham(I-PER) ((O) Australia(B-LOC) )(O) Gulf(B-MISC) McLaren(I-MISC) F(I-MISC) !(I-MISC),"Input: ( France ) / David Brabham ( Australia ) Gulf McLaren F !
Output: ((O) France(B-LOC) )(O) /(O) David(B-PER) Brabham(I-PER) ((O) Australia(B-LOC) )(O) Gulf(B-MISC) McLaren(I-MISC) F(I-MISC) !(I-MISC)"
7710,"['Almost' 'entirely' 'paralyzed' ',' 'Reeve' 'underwent' 'extensive'
 'surgery' 'to' 'fuse' 'the' 'vertebrae' 'to' 'the' 'base' 'of' 'the'
 'skull' 'and' 'prevent' 'any' 'further' 'damage' 'to' 'his' 'spine' '.']","['O', 'O', 'O', 'O', 'B-PER', 'O', 'O', 'O', 'O', 'O', 'O', 'O', 'O', 'O', 'O', 'O', 'O', 'O', 'O', 'O', 'O', 'O', 'O', 'O', 'O', 'O', 'O']","Almost entirely paralyzed , Reeve underwent extensive surgery to fuse the vertebrae to the base of the skull and prevent any further damage to his spine .","['Almost(O)', 'entirely(O)', 'paralyzed(O)', ',(O)', 'Reeve(B-PER)', 'underwent(O)', 'extensive(O)', 'surgery(O)', 'to(O)', 'fuse(O)', 'the(O)', 'vertebrae(O)', 'to(O)', 'the(O)', 'base(O)', 'of(O)', 'the(O)', 'skull(O)', 'and(O)', 'prevent(O)', 'any(O)', 'further(O)', 'damage(O)', 'to(O)', 'his(O)', 'spine(O)', '.(O)']","Almost(O) entirely(O) paralyzed(O) ,(O) Reeve(B-PER) underwent(O) extensive(O) surgery(O) to(O) fuse(O) the(O) vertebrae(O) to(O) the(O) base(O) of(O) the(O) skull(O) and(O) prevent(O) any(O) further(O) damage(O) to(O) his(O) spine(O) .(O)","Input: Almost entirely paralyzed , Reeve underwent extensive surgery to fuse the vertebrae to the base of the skull and prevent any further damage to his spine .
Output: Almost(O) entirely(O) paralyzed(O) ,(O) Reeve(B-PER) underwent(O) extensive(O) surgery(O) to(O) fuse(O) the(O) vertebrae(O) to(O) the(O) base(O) of(O) the(O) skull(O) and(O) prevent(O) any(O) further(O) damage(O) to(O) his(O) spine(O) .(O)"
3274,['HONG' 'KONG' '1996-08-23'],"['B-LOC', 'I-LOC', 'O']",HONG KONG 1996-08-23,"['HONG(B-LOC)', 'KONG(I-LOC)', '1996-08-23(O)']",HONG(B-LOC) KONG(I-LOC) 1996-08-23(O),"Input: HONG KONG 1996-08-23
Output: HONG(B-LOC) KONG(I-LOC) 1996-08-23(O)"
4595,['First' 'race'],"['O', 'O']",First race,"['First(O)', 'race(O)']",First(O) race(O),"Input: First race
Output: First(O) race(O)"
1772,"['LONDON' '3,907.5' '+16.4' '3,907.5' '3,632.3']","['B-LOC', 'O', 'O', 'O', 'O']","LONDON 3,907.5 +16.4 3,907.5 3,632.3","['LONDON(B-LOC)', '3,907.5(O)', '+16.4(O)', '3,907.5(O)', '3,632.3(O)']","LONDON(B-LOC) 3,907.5(O) +16.4(O) 3,907.5(O) 3,632.3(O)","Input: LONDON 3,907.5 +16.4 3,907.5 3,632.3
Output: LONDON(B-LOC) 3,907.5(O) +16.4(O) 3,907.5(O) 3,632.3(O)"
5469,['LISBON' '1996-08-25'],"['B-LOC', 'O']",LISBON 1996-08-25,"['LISBON(B-LOC)', '1996-08-25(O)']",LISBON(B-LOC) 1996-08-25(O),"Input: LISBON 1996-08-25
Output: LISBON(B-LOC) 1996-08-25(O)"
11202,"['German' 'Chancellor' 'Helmut' 'Kohl' ',' 'who' 'spoke' 'to' 'President'
 'Boris' 'Yeltsin' 'by' 'telephone' 'on' 'Wednesday' ',' 'plans' 'a'
 'trip' 'to' 'Moscow' 'on' 'September' '7' 'and' 'will' 'visit' 'Yeltsin'
 'at' 'his' 'vacation' 'home' 'near' 'Moscow' ',' 'Interfax' 'news'
 'agency' 'said' '.']","['B-MISC', 'O', 'B-PER', 'I-PER', 'O', 'O', 'O', 'O', 'O', 'B-PER', 'I-PER', 'O', 'O', 'O', 'O', 'O', 'O', 'O', 'O', 'O', 'B-LOC', 'O', 'O', 'O', 'O', 'O', 'O', 'B-PER', 'O', 'O', 'O', 'O', 'O', 'B-LOC', 'O', 'B-ORG', 'O', 'O', 'O', 'O']","German Chancellor Helmut Kohl , who spoke to President Boris Yeltsin by telephone on Wednesday , plans a trip to Moscow on September 7 and will visit Yeltsin at his vacation home near Moscow , Interfax news agency said .","['German(B-MISC)', 'Chancellor(O)', 'Helmut(B-PER)', 'Kohl(I-PER)', ',(O)', 'who(O)', 'spoke(O)', 'to(O)', 'President(O)', 'Boris(B-PER)', 'Yeltsin(I-PER)', 'by(O)', 'telephone(O)', 'on(O)', 'Wednesday(O)', ',(O)', 'plans(O)', 'a(O)', 'trip(O)', 'to(O)', 'Moscow(B-LOC)', 'on(O)', 'September(O)', '7(O)', 'and(O)', 'will(O)', 'visit(O)', 'Yeltsin(B-PER)', 'at(O)', 'his(O)', 'vacation(O)', 'home(O)', 'near(O)', 'Moscow(B-LOC)', ',(O)', 'Interfax(B-ORG)', 'news(O)', 'agency(O)', 'said(O)', '.(O)']","German(B-MISC) Chancellor(O) Helmut(B-PER) Kohl(I-PER) ,(O) who(O) spoke(O) to(O) President(O) Boris(B-PER) Yeltsin(I-PER) by(O) telephone(O) on(O) Wednesday(O) ,(O) plans(O) a(O) trip(O) to(O) Moscow(B-LOC) on(O) September(O) 7(O) and(O) will(O) visit(O) Yeltsin(B-PER) at(O) his(O) vacation(O) home(O) near(O) Moscow(B-LOC) ,(O) Interfax(B-ORG) news(O) agency(O) said(O) .(O)","Input: German Chancellor Helmut Kohl , who spoke to President Boris Yeltsin by telephone on Wednesday , plans a trip to Moscow on September 7 and will visit Yeltsin at his vacation home near Moscow , Interfax news agency said .
Output: German(B-MISC) Chancellor(O) Helmut(B-PER) Kohl(I-PER) ,(O) who(O) spoke(O) to(O) President(O) Boris(B-PER) Yeltsin(I-PER) by(O) telephone(O) on(O) Wednesday(O) ,(O) plans(O) a(O) trip(O) to(O) Moscow(B-LOC) on(O) September(O) 7(O) and(O) will(O) visit(O) Yeltsin(B-PER) at(O) his(O) vacation(O) home(O) near(O) Moscow(B-LOC) ,(O) Interfax(B-ORG) news(O) agency(O) said(O) .(O)"
6408,['Northamptonshire' '13' '2' '6' '5' '30' '43' '120'],"['B-ORG', 'O', 'O', 'O', 'O', 'O', 'O', 'O']",Northamptonshire 13 2 6 5 30 43 120,"['Northamptonshire(B-ORG)', '13(O)', '2(O)', '6(O)', '5(O)', '30(O)', '43(O)', '120(O)']",Northamptonshire(B-ORG) 13(O) 2(O) 6(O) 5(O) 30(O) 43(O) 120(O),"Input: Northamptonshire 13 2 6 5 30 43 120
Output: Northamptonshire(B-ORG) 13(O) 2(O) 6(O) 5(O) 30(O) 43(O) 120(O)"
9581,['1-mth' 'Helibor' '3.27' 'pct' '3.29' 'pct'],"['O', 'B-MISC', 'O', 'O', 'O', 'O']",1-mth Helibor 3.27 pct 3.29 pct,"['1-mth(O)', 'Helibor(B-MISC)', '3.27(O)', 'pct(O)', '3.29(O)', 'pct(O)']",1-mth(O) Helibor(B-MISC) 3.27(O) pct(O) 3.29(O) pct(O),"Input: 1-mth Helibor 3.27 pct 3.29 pct
Output: 1-mth(O) Helibor(B-MISC) 3.27(O) pct(O) 3.29(O) pct(O)"
9854,"['The' 'surge' 'reflected' 'strong' 'demand' 'from' 'the' 'beverage' 'can'
 'and' 'housing' 'construction' 'sectors' ',' 'federation' 'officials'
 'said' '.']","['O', 'O', 'O', 'O', 'O', 'O', 'O', 'O', 'O', 'O', 'O', 'O', 'O', 'O', 'O', 'O', 'O', 'O']","The surge reflected strong demand from the beverage can and housing construction sectors , federation officials said .","['The(O)', 'surge(O)', 'reflected(O)', 'strong(O)', 'demand(O)', 'from(O)', 'the(O)', 'beverage(O)', 'can(O)', 'and(O)', 'housing(O)', 'construction(O)', 'sectors(O)', ',(O)', 'federation(O)', 'officials(O)', 'said(O)', '.(O)']","The(O) surge(O) reflected(O) strong(O) demand(O) from(O) the(O) beverage(O) can(O) and(O) housing(O) construction(O) sectors(O) ,(O) federation(O) officials(O) said(O) .(O)","Input: The surge reflected strong demand from the beverage can and housing construction sectors , federation officials said .
Output: The(O) surge(O) reflected(O) strong(O) demand(O) from(O) the(O) beverage(O) can(O) and(O) housing(O) construction(O) sectors(O) ,(O) federation(O) officials(O) said(O) .(O)"
10054,['3.' 'McEwen' 'same' 'time'],"['O', 'B-PER', 'O', 'O']",3. McEwen same time,"['3.(O)', 'McEwen(B-PER)', 'same(O)', 'time(O)']",3.(O) McEwen(B-PER) same(O) time(O),"Input: 3. McEwen same time
Output: 3.(O) McEwen(B-PER) same(O) time(O)"
1539,"['Foreign' 'Ministry' 'spokesman' 'Martin' 'Erdmann' 'said' 'top' 'Bonn'
 'diplomat' 'Wolfgang' 'Ischinger' 'had' 'been' 'assured' 'by' 'senior'
 'Russian' 'officials' 'that' 'the' 'ultimatum' 'to' 'storm' 'and' 'take'
 'the' 'Chechen' 'capital' 'of' 'Grozny' 'was' 'not' 'valid' '.']","['B-ORG', 'I-ORG', 'O', 'B-PER', 'I-PER', 'O', 'O', 'B-LOC', 'O', 'B-PER', 'I-PER', 'O', 'O', 'O', 'O', 'O', 'B-MISC', 'O', 'O', 'O', 'O', 'O', 'O', 'O', 'O', 'O', 'B-MISC', 'O', 'O', 'B-LOC', 'O', 'O', 'O', 'O']",Foreign Ministry spokesman Martin Erdmann said top Bonn diplomat Wolfgang Ischinger had been assured by senior Russian officials that the ultimatum to storm and take the Chechen capital of Grozny was not valid .,"['Foreign(B-ORG)', 'Ministry(I-ORG)', 'spokesman(O)', 'Martin(B-PER)', 'Erdmann(I-PER)', 'said(O)', 'top(O)', 'Bonn(B-LOC)', 'diplomat(O)', 'Wolfgang(B-PER)', 'Ischinger(I-PER)', 'had(O)', 'been(O)', 'assured(O)', 'by(O)', 'senior(O)', 'Russian(B-MISC)', 'officials(O)', 'that(O)', 'the(O)', 'ultimatum(O)', 'to(O)', 'storm(O)', 'and(O)', 'take(O)', 'the(O)', 'Chechen(B-MISC)', 'capital(O)', 'of(O)', 'Grozny(B-LOC)', 'was(O)', 'not(O)', 'valid(O)', '.(O)']",Foreign(B-ORG) Ministry(I-ORG) spokesman(O) Martin(B-PER) Erdmann(I-PER) said(O) top(O) Bonn(B-LOC) diplomat(O) Wolfgang(B-PER) Ischinger(I-PER) had(O) been(O) assured(O) by(O) senior(O) Russian(B-MISC) officials(O) that(O) the(O) ultimatum(O) to(O) storm(O) and(O) take(O) the(O) Chechen(B-MISC) capital(O) of(O) Grozny(B-LOC) was(O) not(O) valid(O) .(O),"Input: Foreign Ministry spokesman Martin Erdmann said top Bonn diplomat Wolfgang Ischinger had been assured by senior Russian officials that the ultimatum to storm and take the Chechen capital of Grozny was not valid .
Output: Foreign(B-ORG) Ministry(I-ORG) spokesman(O) Martin(B-PER) Erdmann(I-PER) said(O) top(O) Bonn(B-LOC) diplomat(O) Wolfgang(B-PER) Ischinger(I-PER) had(O) been(O) assured(O) by(O) senior(O) Russian(B-MISC) officials(O) that(O) the(O) ultimatum(O) to(O) storm(O) and(O) take(O) the(O) Chechen(B-MISC) capital(O) of(O) Grozny(B-LOC) was(O) not(O) valid(O) .(O)"
9565,"['and' 'we' 'will' 'deal' 'with' 'such' 'designs' 'sternly' ',' '""' 'the'
 'prime' 'minister' 'said' '.']","['O', 'O', 'O', 'O', 'O', 'O', 'O', 'O', 'O', 'O', 'O', 'O', 'O', 'O', 'O']","and we will deal with such designs sternly , "" the prime minister said .","['and(O)', 'we(O)', 'will(O)', 'deal(O)', 'with(O)', 'such(O)', 'designs(O)', 'sternly(O)', ',(O)', '""(O)', 'the(O)', 'prime(O)', 'minister(O)', 'said(O)', '.(O)']","and(O) we(O) will(O) deal(O) with(O) such(O) designs(O) sternly(O) ,(O) ""(O) the(O) prime(O) minister(O) said(O) .(O)","Input: and we will deal with such designs sternly , "" the prime minister said .
Output: and(O) we(O) will(O) deal(O) with(O) such(O) designs(O) sternly(O) ,(O) ""(O) the(O) prime(O) minister(O) said(O) .(O)"
2883,"['The' 'Roosevelts' 'are' 'good' 'friends' 'of' 'Weld' 'and' 'his' 'wife'
 ',' 'Susan' 'Roosevelt' 'Weld' ',' 'a' 'descendant' 'of' 'former'
 'President' 'Theodore' 'Roosevelt' ',' 'who' 'won' 'the' 'presidency'
 'as' 'a' 'Republican' '.']","['O', 'B-PER', 'O', 'O', 'O', 'O', 'B-PER', 'O', 'O', 'O', 'O', 'B-PER', 'I-PER', 'I-PER', 'O', 'O', 'O', 'O', 'O', 'O', 'B-PER', 'I-PER', 'O', 'O', 'O', 'O', 'O', 'O', 'O', 'B-MISC', 'O']","The Roosevelts are good friends of Weld and his wife , Susan Roosevelt Weld , a descendant of former President Theodore Roosevelt , who won the presidency as a Republican .","['The(O)', 'Roosevelts(B-PER)', 'are(O)', 'good(O)', 'friends(O)', 'of(O)', 'Weld(B-PER)', 'and(O)', 'his(O)', 'wife(O)', ',(O)', 'Susan(B-PER)', 'Roosevelt(I-PER)', 'Weld(I-PER)', ',(O)', 'a(O)', 'descendant(O)', 'of(O)', 'former(O)', 'President(O)', 'Theodore(B-PER)', 'Roosevelt(I-PER)', ',(O)', 'who(O)', 'won(O)', 'the(O)', 'presidency(O)', 'as(O)', 'a(O)', 'Republican(B-MISC)', '.(O)']","The(O) Roosevelts(B-PER) are(O) good(O) friends(O) of(O) Weld(B-PER) and(O) his(O) wife(O) ,(O) Susan(B-PER) Roosevelt(I-PER) Weld(I-PER) ,(O) a(O) descendant(O) of(O) former(O) President(O) Theodore(B-PER) Roosevelt(I-PER) ,(O) who(O) won(O) the(O) presidency(O) as(O) a(O) Republican(B-MISC) .(O)","Input: The Roosevelts are good friends of Weld and his wife , Susan Roosevelt Weld , a descendant of former President Theodore Roosevelt , who won the presidency as a Republican .
Output: The(O) Roosevelts(B-PER) are(O) good(O) friends(O) of(O) Weld(B-PER) and(O) his(O) wife(O) ,(O) Susan(B-PER) Roosevelt(I-PER) Weld(I-PER) ,(O) a(O) descendant(O) of(O) former(O) President(O) Theodore(B-PER) Roosevelt(I-PER) ,(O) who(O) won(O) the(O) presidency(O) as(O) a(O) Republican(B-MISC) .(O)"
1924,"['Essex' '194-0' '(' 'G.' 'Gooch' '105' 'not' 'out' ',' 'D.' 'Robinson']","['B-ORG', 'O', 'O', 'B-PER', 'I-PER', 'O', 'O', 'O', 'O', 'B-PER', 'I-PER']","Essex 194-0 ( G. Gooch 105 not out , D. Robinson","['Essex(B-ORG)', '194-0(O)', '((O)', 'G.(B-PER)', 'Gooch(I-PER)', '105(O)', 'not(O)', 'out(O)', ',(O)', 'D.(B-PER)', 'Robinson(I-PER)']","Essex(B-ORG) 194-0(O) ((O) G.(B-PER) Gooch(I-PER) 105(O) not(O) out(O) ,(O) D.(B-PER) Robinson(I-PER)","Input: Essex 194-0 ( G. Gooch 105 not out , D. Robinson
Output: Essex(B-ORG) 194-0(O) ((O) G.(B-PER) Gooch(I-PER) 105(O) not(O) out(O) ,(O) D.(B-PER) Robinson(I-PER)"
3276,"['Around' '40,000' 'tonnes' 'of' 'the' 'copper' 'have' 'already' 'been'
 'moved' 'to' 'warehouses' 'near' 'the' 'northern' 'port' 'of' 'Yingkou'
 ',' 'where' 'some' 'of' 'the' 'strategic' 'stockpile' 'was' 'stored' ','
 'they' 'said' '.']","['O', 'O', 'O', 'O', 'O', 'O', 'O', 'O', 'O', 'O', 'O', 'O', 'O', 'O', 'O', 'O', 'O', 'B-LOC', 'O', 'O', 'O', 'O', 'O', 'O', 'O', 'O', 'O', 'O', 'O', 'O', 'O']","Around 40,000 tonnes of the copper have already been moved to warehouses near the northern port of Yingkou , where some of the strategic stockpile was stored , they said .","['Around(O)', '40,000(O)', 'tonnes(O)', 'of(O)', 'the(O)', 'copper(O)', 'have(O)', 'already(O)', 'been(O)', 'moved(O)', 'to(O)', 'warehouses(O)', 'near(O)', 'the(O)', 'northern(O)', 'port(O)', 'of(O)', 'Yingkou(B-LOC)', ',(O)', 'where(O)', 'some(O)', 'of(O)', 'the(O)', 'strategic(O)', 'stockpile(O)', 'was(O)', 'stored(O)', ',(O)', 'they(O)', 'said(O)', '.(O)']","Around(O) 40,000(O) tonnes(O) of(O) the(O) copper(O) have(O) already(O) been(O) moved(O) to(O) warehouses(O) near(O) the(O) northern(O) port(O) of(O) Yingkou(B-LOC) ,(O) where(O) some(O) of(O) the(O) strategic(O) stockpile(O) was(O) stored(O) ,(O) they(O) said(O) .(O)","Input: Around 40,000 tonnes of the copper have already been moved to warehouses near the northern port of Yingkou , where some of the strategic stockpile was stored , they said .
Output: Around(O) 40,000(O) tonnes(O) of(O) the(O) copper(O) have(O) already(O) been(O) moved(O) to(O) warehouses(O) near(O) the(O) northern(O) port(O) of(O) Yingkou(B-LOC) ,(O) where(O) some(O) of(O) the(O) strategic(O) stockpile(O) was(O) stored(O) ,(O) they(O) said(O) .(O)"
11959,['RTRS' '-' 'Queensland' 'gunman' 'evades' 'police' 'in' 'bush' 'hunt' '.'],"['B-ORG', 'O', 'B-LOC', 'O', 'O', 'O', 'O', 'O', 'O', 'O']",RTRS - Queensland gunman evades police in bush hunt .,"['RTRS(B-ORG)', '-(O)', 'Queensland(B-LOC)', 'gunman(O)', 'evades(O)', 'police(O)', 'in(O)', 'bush(O)', 'hunt(O)', '.(O)']",RTRS(B-ORG) -(O) Queensland(B-LOC) gunman(O) evades(O) police(O) in(O) bush(O) hunt(O) .(O),"Input: RTRS - Queensland gunman evades police in bush hunt .
Output: RTRS(B-ORG) -(O) Queensland(B-LOC) gunman(O) evades(O) police(O) in(O) bush(O) hunt(O) .(O)"
5928,"['MATUZICI' ',' 'Bosnia' '1996-08-25']","['B-LOC', 'O', 'B-LOC', 'O']","MATUZICI , Bosnia 1996-08-25","['MATUZICI(B-LOC)', ',(O)', 'Bosnia(B-LOC)', '1996-08-25(O)']","MATUZICI(B-LOC) ,(O) Bosnia(B-LOC) 1996-08-25(O)","Input: MATUZICI , Bosnia 1996-08-25
Output: MATUZICI(B-LOC) ,(O) Bosnia(B-LOC) 1996-08-25(O)"
9306,['Issuer' ':' 'Akron'],"['O', 'O', 'B-ORG']",Issuer : Akron,"['Issuer(O)', ':(O)', 'Akron(B-ORG)']",Issuer(O) :(O) Akron(B-ORG),"Input: Issuer : Akron
Output: Issuer(O) :(O) Akron(B-ORG)"
12457,['Samsung' '48' '5' '55' '.468' '14'],"['B-ORG', 'O', 'O', 'O', 'O', 'O']",Samsung 48 5 55 .468 14,"['Samsung(B-ORG)', '48(O)', '5(O)', '55(O)', '.468(O)', '14(O)']",Samsung(B-ORG) 48(O) 5(O) 55(O) .468(O) 14(O),"Input: Samsung 48 5 55 .468 14
Output: Samsung(B-ORG) 48(O) 5(O) 55(O) .468(O) 14(O)"
12002,"['The' 'BOJ' 'released' 'the' 'August' 'tankan' ',' 'its' 'quarterly'
 'short-term' 'corporate' 'survey' ',' 'in' 'the' 'morning' 'and' 'it'
 'showed' 'business' 'outlook' 'had' 'worsened' '.']","['O', 'B-ORG', 'O', 'O', 'O', 'O', 'O', 'O', 'O', 'O', 'O', 'O', 'O', 'O', 'O', 'O', 'O', 'O', 'O', 'O', 'O', 'O', 'O', 'O']","The BOJ released the August tankan , its quarterly short-term corporate survey , in the morning and it showed business outlook had worsened .","['The(O)', 'BOJ(B-ORG)', 'released(O)', 'the(O)', 'August(O)', 'tankan(O)', ',(O)', 'its(O)', 'quarterly(O)', 'short-term(O)', 'corporate(O)', 'survey(O)', ',(O)', 'in(O)', 'the(O)', 'morning(O)', 'and(O)', 'it(O)', 'showed(O)', 'business(O)', 'outlook(O)', 'had(O)', 'worsened(O)', '.(O)']","The(O) BOJ(B-ORG) released(O) the(O) August(O) tankan(O) ,(O) its(O) quarterly(O) short-term(O) corporate(O) survey(O) ,(O) in(O) the(O) morning(O) and(O) it(O) showed(O) business(O) outlook(O) had(O) worsened(O) .(O)","Input: The BOJ released the August tankan , its quarterly short-term corporate survey , in the morning and it showed business outlook had worsened .
Output: The(O) BOJ(B-ORG) released(O) the(O) August(O) tankan(O) ,(O) its(O) quarterly(O) short-term(O) corporate(O) survey(O) ,(O) in(O) the(O) morning(O) and(O) it(O) showed(O) business(O) outlook(O) had(O) worsened(O) .(O)"
4439,['Most' 'Spaniards' 'back' 'talks' 'with' 'Basque' 'rebels--poll' '.'],"['O', 'O', 'O', 'O', 'O', 'B-MISC', 'O', 'O']",Most Spaniards back talks with Basque rebels--poll .,"['Most(O)', 'Spaniards(O)', 'back(O)', 'talks(O)', 'with(O)', 'Basque(B-MISC)', 'rebels--poll(O)', '.(O)']",Most(O) Spaniards(O) back(O) talks(O) with(O) Basque(B-MISC) rebels--poll(O) .(O),"Input: Most Spaniards back talks with Basque rebels--poll .
Output: Most(O) Spaniards(O) back(O) talks(O) with(O) Basque(B-MISC) rebels--poll(O) .(O)"
5137,['Universitatea' 'Craiova' '4' '1' '1' '2' '8' '6' '4'],"['B-ORG', 'I-ORG', 'O', 'O', 'O', 'O', 'O', 'O', 'O']",Universitatea Craiova 4 1 1 2 8 6 4,"['Universitatea(B-ORG)', 'Craiova(I-ORG)', '4(O)', '1(O)', '1(O)', '2(O)', '8(O)', '6(O)', '4(O)']",Universitatea(B-ORG) Craiova(I-ORG) 4(O) 1(O) 1(O) 2(O) 8(O) 6(O) 4(O),"Input: Universitatea Craiova 4 1 1 2 8 6 4
Output: Universitatea(B-ORG) Craiova(I-ORG) 4(O) 1(O) 1(O) 2(O) 8(O) 6(O) 4(O)"
57,"['The' 'Greek' 'socialist' 'party' ""'s"" 'executive' 'bureau' 'gave' 'the'
 'green' 'light' 'to' 'Prime' 'Minister' 'Costas' 'Simitis' 'to' 'call'
 'snap' 'elections' ',' 'its' 'general' 'secretary' 'Costas' 'Skandalidis'
 'told' 'reporters' '.']","['O', 'B-MISC', 'O', 'O', 'O', 'O', 'O', 'O', 'O', 'O', 'O', 'O', 'O', 'O', 'B-PER', 'I-PER', 'O', 'O', 'O', 'O', 'O', 'O', 'O', 'O', 'B-PER', 'I-PER', 'O', 'O', 'O']","The Greek socialist party 's executive bureau gave the green light to Prime Minister Costas Simitis to call snap elections , its general secretary Costas Skandalidis told reporters .","['The(O)', 'Greek(B-MISC)', 'socialist(O)', 'party(O)', ""'s(O)"", 'executive(O)', 'bureau(O)', 'gave(O)', 'the(O)', 'green(O)', 'light(O)', 'to(O)', 'Prime(O)', 'Minister(O)', 'Costas(B-PER)', 'Simitis(I-PER)', 'to(O)', 'call(O)', 'snap(O)', 'elections(O)', ',(O)', 'its(O)', 'general(O)', 'secretary(O)', 'Costas(B-PER)', 'Skandalidis(I-PER)', 'told(O)', 'reporters(O)', '.(O)']","The(O) Greek(B-MISC) socialist(O) party(O) 's(O) executive(O) bureau(O) gave(O) the(O) green(O) light(O) to(O) Prime(O) Minister(O) Costas(B-PER) Simitis(I-PER) to(O) call(O) snap(O) elections(O) ,(O) its(O) general(O) secretary(O) Costas(B-PER) Skandalidis(I-PER) told(O) reporters(O) .(O)","Input: The Greek socialist party 's executive bureau gave the green light to Prime Minister Costas Simitis to call snap elections , its general secretary Costas Skandalidis told reporters .
Output: The(O) Greek(B-MISC) socialist(O) party(O) 's(O) executive(O) bureau(O) gave(O) the(O) green(O) light(O) to(O) Prime(O) Minister(O) Costas(B-PER) Simitis(I-PER) to(O) call(O) snap(O) elections(O) ,(O) its(O) general(O) secretary(O) Costas(B-PER) Skandalidis(I-PER) told(O) reporters(O) .(O)"
7910,"['""' 'We' 'expect' 'reasonable' 'growth' 'in' 'the' 'second' 'half' '.']","['O', 'O', 'O', 'O', 'O', 'O', 'O', 'O', 'O', 'O']",""" We expect reasonable growth in the second half .","['""(O)', 'We(O)', 'expect(O)', 'reasonable(O)', 'growth(O)', 'in(O)', 'the(O)', 'second(O)', 'half(O)', '.(O)']","""(O) We(O) expect(O) reasonable(O) growth(O) in(O) the(O) second(O) half(O) .(O)","Input: "" We expect reasonable growth in the second half .
Output: ""(O) We(O) expect(O) reasonable(O) growth(O) in(O) the(O) second(O) half(O) .(O)"
3525,['London' '21' '11' '1' '9' '555' '462' '23'],"['B-ORG', 'O', 'O', 'O', 'O', 'O', 'O', 'O']",London 21 11 1 9 555 462 23,"['London(B-ORG)', '21(O)', '11(O)', '1(O)', '9(O)', '555(O)', '462(O)', '23(O)']",London(B-ORG) 21(O) 11(O) 1(O) 9(O) 555(O) 462(O) 23(O),"Input: London 21 11 1 9 555 462 23
Output: London(B-ORG) 21(O) 11(O) 1(O) 9(O) 555(O) 462(O) 23(O)"
10660,"['League' 'favourites' 'PSG' 'scored' 'a' 'convincing' '1-0' 'win' 'over'
 'Nantes' 'and' 'confirmed' 'they' 'would' 'again' 'be' 'the' 'team' 'to'
 'beat' 'this' 'season' '.']","['O', 'O', 'B-ORG', 'O', 'O', 'O', 'O', 'O', 'O', 'B-ORG', 'O', 'O', 'O', 'O', 'O', 'O', 'O', 'O', 'O', 'O', 'O', 'O', 'O']",League favourites PSG scored a convincing 1-0 win over Nantes and confirmed they would again be the team to beat this season .,"['League(O)', 'favourites(O)', 'PSG(B-ORG)', 'scored(O)', 'a(O)', 'convincing(O)', '1-0(O)', 'win(O)', 'over(O)', 'Nantes(B-ORG)', 'and(O)', 'confirmed(O)', 'they(O)', 'would(O)', 'again(O)', 'be(O)', 'the(O)', 'team(O)', 'to(O)', 'beat(O)', 'this(O)', 'season(O)', '.(O)']",League(O) favourites(O) PSG(B-ORG) scored(O) a(O) convincing(O) 1-0(O) win(O) over(O) Nantes(B-ORG) and(O) confirmed(O) they(O) would(O) again(O) be(O) the(O) team(O) to(O) beat(O) this(O) season(O) .(O),"Input: League favourites PSG scored a convincing 1-0 win over Nantes and confirmed they would again be the team to beat this season .
Output: League(O) favourites(O) PSG(B-ORG) scored(O) a(O) convincing(O) 1-0(O) win(O) over(O) Nantes(B-ORG) and(O) confirmed(O) they(O) would(O) again(O) be(O) the(O) team(O) to(O) beat(O) this(O) season(O) .(O)"
7536,"['He' 'had' 'earlier' 'visited' 'Japan' ',' 'South' 'Korea' 'and' 'China'
 '.']","['O', 'O', 'O', 'O', 'B-LOC', 'O', 'B-LOC', 'I-LOC', 'O', 'B-LOC', 'O']","He had earlier visited Japan , South Korea and China .","['He(O)', 'had(O)', 'earlier(O)', 'visited(O)', 'Japan(B-LOC)', ',(O)', 'South(B-LOC)', 'Korea(I-LOC)', 'and(O)', 'China(B-LOC)', '.(O)']","He(O) had(O) earlier(O) visited(O) Japan(B-LOC) ,(O) South(B-LOC) Korea(I-LOC) and(O) China(B-LOC) .(O)","Input: He had earlier visited Japan , South Korea and China .
Output: He(O) had(O) earlier(O) visited(O) Japan(B-LOC) ,(O) South(B-LOC) Korea(I-LOC) and(O) China(B-LOC) .(O)"
5921,"['""' 'Therefore' 'I' 'have' 'some' 'doubts' 'about' 'achieving' 'some'
 'form' 'of' 'reconciliation' '.']","['O', 'O', 'O', 'O', 'O', 'O', 'O', 'O', 'O', 'O', 'O', 'O', 'O']",""" Therefore I have some doubts about achieving some form of reconciliation .","['""(O)', 'Therefore(O)', 'I(O)', 'have(O)', 'some(O)', 'doubts(O)', 'about(O)', 'achieving(O)', 'some(O)', 'form(O)', 'of(O)', 'reconciliation(O)', '.(O)']","""(O) Therefore(O) I(O) have(O) some(O) doubts(O) about(O) achieving(O) some(O) form(O) of(O) reconciliation(O) .(O)","Input: "" Therefore I have some doubts about achieving some form of reconciliation .
Output: ""(O) Therefore(O) I(O) have(O) some(O) doubts(O) about(O) achieving(O) some(O) form(O) of(O) reconciliation(O) .(O)"
443,['M.' 'Atherton' 'b' 'Waqar' 'Younis' '31'],"['B-PER', 'I-PER', 'O', 'B-PER', 'I-PER', 'O']",M. Atherton b Waqar Younis 31,"['M.(B-PER)', 'Atherton(I-PER)', 'b(O)', 'Waqar(B-PER)', 'Younis(I-PER)', '31(O)']",M.(B-PER) Atherton(I-PER) b(O) Waqar(B-PER) Younis(I-PER) 31(O),"Input: M. Atherton b Waqar Younis 31
Output: M.(B-PER) Atherton(I-PER) b(O) Waqar(B-PER) Younis(I-PER) 31(O)"
5868,['Carlton' '21' '14' '0' '7' '2009' '1844' '108.9' '56'],"['B-ORG', 'O', 'O', 'O', 'O', 'O', 'O', 'O', 'O']",Carlton 21 14 0 7 2009 1844 108.9 56,"['Carlton(B-ORG)', '21(O)', '14(O)', '0(O)', '7(O)', '2009(O)', '1844(O)', '108.9(O)', '56(O)']",Carlton(B-ORG) 21(O) 14(O) 0(O) 7(O) 2009(O) 1844(O) 108.9(O) 56(O),"Input: Carlton 21 14 0 7 2009 1844 108.9 56
Output: Carlton(B-ORG) 21(O) 14(O) 0(O) 7(O) 2009(O) 1844(O) 108.9(O) 56(O)"
13165,"['There' 'was' 'no' 'immediate' 'comment' 'on' 'the' 'report' 'from' 'the'
 'White' 'House' '.']","['O', 'O', 'O', 'O', 'O', 'O', 'O', 'O', 'O', 'O', 'B-LOC', 'I-LOC', 'O']",There was no immediate comment on the report from the White House .,"['There(O)', 'was(O)', 'no(O)', 'immediate(O)', 'comment(O)', 'on(O)', 'the(O)', 'report(O)', 'from(O)', 'the(O)', 'White(B-LOC)', 'House(I-LOC)', '.(O)']",There(O) was(O) no(O) immediate(O) comment(O) on(O) the(O) report(O) from(O) the(O) White(B-LOC) House(I-LOC) .(O),"Input: There was no immediate comment on the report from the White House .
Output: There(O) was(O) no(O) immediate(O) comment(O) on(O) the(O) report(O) from(O) the(O) White(B-LOC) House(I-LOC) .(O)"
872,"['Guzman' '(' '10-8' ')' 'won' 'for' 'the' 'first' 'time' 'since' 'July'
 '16' ',' 'a' 'span' 'of' 'six' 'starts' '.']","['B-PER', 'O', 'O', 'O', 'O', 'O', 'O', 'O', 'O', 'O', 'O', 'O', 'O', 'O', 'O', 'O', 'O', 'O', 'O']","Guzman ( 10-8 ) won for the first time since July 16 , a span of six starts .","['Guzman(B-PER)', '((O)', '10-8(O)', ')(O)', 'won(O)', 'for(O)', 'the(O)', 'first(O)', 'time(O)', 'since(O)', 'July(O)', '16(O)', ',(O)', 'a(O)', 'span(O)', 'of(O)', 'six(O)', 'starts(O)', '.(O)']","Guzman(B-PER) ((O) 10-8(O) )(O) won(O) for(O) the(O) first(O) time(O) since(O) July(O) 16(O) ,(O) a(O) span(O) of(O) six(O) starts(O) .(O)","Input: Guzman ( 10-8 ) won for the first time since July 16 , a span of six starts .
Output: Guzman(B-PER) ((O) 10-8(O) )(O) won(O) for(O) the(O) first(O) time(O) since(O) July(O) 16(O) ,(O) a(O) span(O) of(O) six(O) starts(O) .(O)"
229,"['Cash' 'markets' 'are' 'also' 'expected' 'to' 'be' 'quiet' 'after' 'the'
 'record' 'amount' 'of' 'feedlot' 'cattle' 'traded' 'this' 'week' ','
 'they' 'said' '.']","['O', 'O', 'O', 'O', 'O', 'O', 'O', 'O', 'O', 'O', 'O', 'O', 'O', 'O', 'O', 'O', 'O', 'O', 'O', 'O', 'O', 'O']","Cash markets are also expected to be quiet after the record amount of feedlot cattle traded this week , they said .","['Cash(O)', 'markets(O)', 'are(O)', 'also(O)', 'expected(O)', 'to(O)', 'be(O)', 'quiet(O)', 'after(O)', 'the(O)', 'record(O)', 'amount(O)', 'of(O)', 'feedlot(O)', 'cattle(O)', 'traded(O)', 'this(O)', 'week(O)', ',(O)', 'they(O)', 'said(O)', '.(O)']","Cash(O) markets(O) are(O) also(O) expected(O) to(O) be(O) quiet(O) after(O) the(O) record(O) amount(O) of(O) feedlot(O) cattle(O) traded(O) this(O) week(O) ,(O) they(O) said(O) .(O)","Input: Cash markets are also expected to be quiet after the record amount of feedlot cattle traded this week , they said .
Output: Cash(O) markets(O) are(O) also(O) expected(O) to(O) be(O) quiet(O) after(O) the(O) record(O) amount(O) of(O) feedlot(O) cattle(O) traded(O) this(O) week(O) ,(O) they(O) said(O) .(O)"
12219,['Davis' '71' '73'],"['B-PER', 'O', 'O']",Davis 71 73,"['Davis(B-PER)', '71(O)', '73(O)']",Davis(B-PER) 71(O) 73(O),"Input: Davis 71 73
Output: Davis(B-PER) 71(O) 73(O)"
1191,"['The' 'ECOMOG' 'force' ',' 'currently' '10,000' 'strong' ',' 'was' 'sent'
 'to' 'Liberia' 'by' 'the' 'Economic' 'Community' 'of' 'West' 'African'
 'States' 'in' '1990' 'at' 'the' 'height' 'of' 'the' 'fighting' '.']","['O', 'B-ORG', 'O', 'O', 'O', 'O', 'O', 'O', 'O', 'O', 'O', 'B-LOC', 'O', 'O', 'B-ORG', 'I-ORG', 'I-ORG', 'I-ORG', 'I-ORG', 'I-ORG', 'O', 'O', 'O', 'O', 'O', 'O', 'O', 'O', 'O']","The ECOMOG force , currently 10,000 strong , was sent to Liberia by the Economic Community of West African States in 1990 at the height of the fighting .","['The(O)', 'ECOMOG(B-ORG)', 'force(O)', ',(O)', 'currently(O)', '10,000(O)', 'strong(O)', ',(O)', 'was(O)', 'sent(O)', 'to(O)', 'Liberia(B-LOC)', 'by(O)', 'the(O)', 'Economic(B-ORG)', 'Community(I-ORG)', 'of(I-ORG)', 'West(I-ORG)', 'African(I-ORG)', 'States(I-ORG)', 'in(O)', '1990(O)', 'at(O)', 'the(O)', 'height(O)', 'of(O)', 'the(O)', 'fighting(O)', '.(O)']","The(O) ECOMOG(B-ORG) force(O) ,(O) currently(O) 10,000(O) strong(O) ,(O) was(O) sent(O) to(O) Liberia(B-LOC) by(O) the(O) Economic(B-ORG) Community(I-ORG) of(I-ORG) West(I-ORG) African(I-ORG) States(I-ORG) in(O) 1990(O) at(O) the(O) height(O) of(O) the(O) fighting(O) .(O)","Input: The ECOMOG force , currently 10,000 strong , was sent to Liberia by the Economic Community of West African States in 1990 at the height of the fighting .
Output: The(O) ECOMOG(B-ORG) force(O) ,(O) currently(O) 10,000(O) strong(O) ,(O) was(O) sent(O) to(O) Liberia(B-LOC) by(O) the(O) Economic(B-ORG) Community(I-ORG) of(I-ORG) West(I-ORG) African(I-ORG) States(I-ORG) in(O) 1990(O) at(O) the(O) height(O) of(O) the(O) fighting(O) .(O)"
6274,"['IMED' 'had' 'profits' 'of' '$' '1.7' 'million' ',' 'or' '6' 'cents'
 'per' 'fully' 'diluted' 'common' 'share' ',' 'on' '$' '53.9' 'million'
 'in' 'revenues' 'in' 'the' 'first' 'half' 'of' '1996' '.']","['B-ORG', 'O', 'O', 'O', 'O', 'O', 'O', 'O', 'O', 'O', 'O', 'O', 'O', 'O', 'O', 'O', 'O', 'O', 'O', 'O', 'O', 'O', 'O', 'O', 'O', 'O', 'O', 'O', 'O', 'O']","IMED had profits of $ 1.7 million , or 6 cents per fully diluted common share , on $ 53.9 million in revenues in the first half of 1996 .","['IMED(B-ORG)', 'had(O)', 'profits(O)', 'of(O)', '$(O)', '1.7(O)', 'million(O)', ',(O)', 'or(O)', '6(O)', 'cents(O)', 'per(O)', 'fully(O)', 'diluted(O)', 'common(O)', 'share(O)', ',(O)', 'on(O)', '$(O)', '53.9(O)', 'million(O)', 'in(O)', 'revenues(O)', 'in(O)', 'the(O)', 'first(O)', 'half(O)', 'of(O)', '1996(O)', '.(O)']","IMED(B-ORG) had(O) profits(O) of(O) $(O) 1.7(O) million(O) ,(O) or(O) 6(O) cents(O) per(O) fully(O) diluted(O) common(O) share(O) ,(O) on(O) $(O) 53.9(O) million(O) in(O) revenues(O) in(O) the(O) first(O) half(O) of(O) 1996(O) .(O)","Input: IMED had profits of $ 1.7 million , or 6 cents per fully diluted common share , on $ 53.9 million in revenues in the first half of 1996 .
Output: IMED(B-ORG) had(O) profits(O) of(O) $(O) 1.7(O) million(O) ,(O) or(O) 6(O) cents(O) per(O) fully(O) diluted(O) common(O) share(O) ,(O) on(O) $(O) 53.9(O) million(O) in(O) revenues(O) in(O) the(O) first(O) half(O) of(O) 1996(O) .(O)"
12707,"['Ajax' 'defender' 'John' 'Veldman' 'and' 'his' 'team' 'mate' 'Richard'
 'Witschge' 'are' 'injured' ',' 'while' 'PSV' 'midfielder' 'Philip' 'Cocu'
 'has' 'a' 'fever' '.']","['B-ORG', 'O', 'B-PER', 'I-PER', 'O', 'O', 'O', 'O', 'B-PER', 'I-PER', 'O', 'O', 'O', 'O', 'B-ORG', 'O', 'B-PER', 'I-PER', 'O', 'O', 'O', 'O']","Ajax defender John Veldman and his team mate Richard Witschge are injured , while PSV midfielder Philip Cocu has a fever .","['Ajax(B-ORG)', 'defender(O)', 'John(B-PER)', 'Veldman(I-PER)', 'and(O)', 'his(O)', 'team(O)', 'mate(O)', 'Richard(B-PER)', 'Witschge(I-PER)', 'are(O)', 'injured(O)', ',(O)', 'while(O)', 'PSV(B-ORG)', 'midfielder(O)', 'Philip(B-PER)', 'Cocu(I-PER)', 'has(O)', 'a(O)', 'fever(O)', '.(O)']","Ajax(B-ORG) defender(O) John(B-PER) Veldman(I-PER) and(O) his(O) team(O) mate(O) Richard(B-PER) Witschge(I-PER) are(O) injured(O) ,(O) while(O) PSV(B-ORG) midfielder(O) Philip(B-PER) Cocu(I-PER) has(O) a(O) fever(O) .(O)","Input: Ajax defender John Veldman and his team mate Richard Witschge are injured , while PSV midfielder Philip Cocu has a fever .
Output: Ajax(B-ORG) defender(O) John(B-PER) Veldman(I-PER) and(O) his(O) team(O) mate(O) Richard(B-PER) Witschge(I-PER) are(O) injured(O) ,(O) while(O) PSV(B-ORG) midfielder(O) Philip(B-PER) Cocu(I-PER) has(O) a(O) fever(O) .(O)"
11185,"['Mosenergo' 'closed' 'at' 'at' '$' '0.958' 'after' '$' '0.966' ','
 'Rostelekom' 'fell' 'to' '$' '2.56' 'from' '$' '2.58' 'and' 'LUKoil'
 'was' '$' '9.82' 'after' '$' '9.85' '.']","['B-ORG', 'O', 'O', 'O', 'O', 'O', 'O', 'O', 'O', 'O', 'B-ORG', 'O', 'O', 'O', 'O', 'O', 'O', 'O', 'O', 'B-ORG', 'O', 'O', 'O', 'O', 'O', 'O', 'O']","Mosenergo closed at at $ 0.958 after $ 0.966 , Rostelekom fell to $ 2.56 from $ 2.58 and LUKoil was $ 9.82 after $ 9.85 .","['Mosenergo(B-ORG)', 'closed(O)', 'at(O)', 'at(O)', '$(O)', '0.958(O)', 'after(O)', '$(O)', '0.966(O)', ',(O)', 'Rostelekom(B-ORG)', 'fell(O)', 'to(O)', '$(O)', '2.56(O)', 'from(O)', '$(O)', '2.58(O)', 'and(O)', 'LUKoil(B-ORG)', 'was(O)', '$(O)', '9.82(O)', 'after(O)', '$(O)', '9.85(O)', '.(O)']","Mosenergo(B-ORG) closed(O) at(O) at(O) $(O) 0.958(O) after(O) $(O) 0.966(O) ,(O) Rostelekom(B-ORG) fell(O) to(O) $(O) 2.56(O) from(O) $(O) 2.58(O) and(O) LUKoil(B-ORG) was(O) $(O) 9.82(O) after(O) $(O) 9.85(O) .(O)","Input: Mosenergo closed at at $ 0.958 after $ 0.966 , Rostelekom fell to $ 2.56 from $ 2.58 and LUKoil was $ 9.82 after $ 9.85 .
Output: Mosenergo(B-ORG) closed(O) at(O) at(O) $(O) 0.958(O) after(O) $(O) 0.966(O) ,(O) Rostelekom(B-ORG) fell(O) to(O) $(O) 2.56(O) from(O) $(O) 2.58(O) and(O) LUKoil(B-ORG) was(O) $(O) 9.82(O) after(O) $(O) 9.85(O) .(O)"
11231,"['But' 'of' 'course' 'those' 'who' 'could' 'not' 'read' 'had' 'to' 'be'
 'shown' '.' '""']","['O', 'O', 'O', 'O', 'O', 'O', 'O', 'O', 'O', 'O', 'O', 'O', 'O', 'O']","But of course those who could not read had to be shown . ""","['But(O)', 'of(O)', 'course(O)', 'those(O)', 'who(O)', 'could(O)', 'not(O)', 'read(O)', 'had(O)', 'to(O)', 'be(O)', 'shown(O)', '.(O)', '""(O)']","But(O) of(O) course(O) those(O) who(O) could(O) not(O) read(O) had(O) to(O) be(O) shown(O) .(O) ""(O)","Input: But of course those who could not read had to be shown . ""
Output: But(O) of(O) course(O) those(O) who(O) could(O) not(O) read(O) had(O) to(O) be(O) shown(O) .(O) ""(O)"
12354,['Leading' 'overall' 'placings' 'after' 'three' 'stages' ':'],"['O', 'O', 'O', 'O', 'O', 'O', 'O']",Leading overall placings after three stages :,"['Leading(O)', 'overall(O)', 'placings(O)', 'after(O)', 'three(O)', 'stages(O)', ':(O)']",Leading(O) overall(O) placings(O) after(O) three(O) stages(O) :(O),"Input: Leading overall placings after three stages :
Output: Leading(O) overall(O) placings(O) after(O) three(O) stages(O) :(O)"
5059,['Final'],['O'],Final,['Final(O)'],Final(O),"Input: Final
Output: Final(O)"
284,"['Finnish' 'April' 'trade' 'surplus' '3.8' 'billion' 'markka' '-' 'NCB'
 '.']","['B-MISC', 'O', 'O', 'O', 'O', 'O', 'O', 'O', 'B-ORG', 'O']",Finnish April trade surplus 3.8 billion markka - NCB .,"['Finnish(B-MISC)', 'April(O)', 'trade(O)', 'surplus(O)', '3.8(O)', 'billion(O)', 'markka(O)', '-(O)', 'NCB(B-ORG)', '.(O)']",Finnish(B-MISC) April(O) trade(O) surplus(O) 3.8(O) billion(O) markka(O) -(O) NCB(B-ORG) .(O),"Input: Finnish April trade surplus 3.8 billion markka - NCB .
Output: Finnish(B-MISC) April(O) trade(O) surplus(O) 3.8(O) billion(O) markka(O) -(O) NCB(B-ORG) .(O)"
4642,['167'],['O'],167,['167(O)'],167(O),"Input: 167
Output: 167(O)"
8616,"['Chang' ',' 'seeded' 'second' 'behind' 'defending' 'champion' 'Pete'
 'Sampras' ',' 'took' 'two' 'hours' '40' 'minutes' 'to' 'defeat'
 '186th-ranked' 'Jaime' 'Oncins' 'of' 'Brazil' '3-6' '6-1' '6-0' '7-6' ','
 '8-6' 'in' 'the' 'tiebreaker' '.']","['B-PER', 'O', 'O', 'O', 'O', 'O', 'O', 'B-PER', 'I-PER', 'O', 'O', 'O', 'O', 'O', 'O', 'O', 'O', 'O', 'B-PER', 'I-PER', 'O', 'B-LOC', 'O', 'O', 'O', 'O', 'O', 'O', 'O', 'O', 'O', 'O']","Chang , seeded second behind defending champion Pete Sampras , took two hours 40 minutes to defeat 186th-ranked Jaime Oncins of Brazil 3-6 6-1 6-0 7-6 , 8-6 in the tiebreaker .","['Chang(B-PER)', ',(O)', 'seeded(O)', 'second(O)', 'behind(O)', 'defending(O)', 'champion(O)', 'Pete(B-PER)', 'Sampras(I-PER)', ',(O)', 'took(O)', 'two(O)', 'hours(O)', '40(O)', 'minutes(O)', 'to(O)', 'defeat(O)', '186th-ranked(O)', 'Jaime(B-PER)', 'Oncins(I-PER)', 'of(O)', 'Brazil(B-LOC)', '3-6(O)', '6-1(O)', '6-0(O)', '7-6(O)', ',(O)', '8-6(O)', 'in(O)', 'the(O)', 'tiebreaker(O)', '.(O)']","Chang(B-PER) ,(O) seeded(O) second(O) behind(O) defending(O) champion(O) Pete(B-PER) Sampras(I-PER) ,(O) took(O) two(O) hours(O) 40(O) minutes(O) to(O) defeat(O) 186th-ranked(O) Jaime(B-PER) Oncins(I-PER) of(O) Brazil(B-LOC) 3-6(O) 6-1(O) 6-0(O) 7-6(O) ,(O) 8-6(O) in(O) the(O) tiebreaker(O) .(O)","Input: Chang , seeded second behind defending champion Pete Sampras , took two hours 40 minutes to defeat 186th-ranked Jaime Oncins of Brazil 3-6 6-1 6-0 7-6 , 8-6 in the tiebreaker .
Output: Chang(B-PER) ,(O) seeded(O) second(O) behind(O) defending(O) champion(O) Pete(B-PER) Sampras(I-PER) ,(O) took(O) two(O) hours(O) 40(O) minutes(O) to(O) defeat(O) 186th-ranked(O) Jaime(B-PER) Oncins(I-PER) of(O) Brazil(B-LOC) 3-6(O) 6-1(O) 6-0(O) 7-6(O) ,(O) 8-6(O) in(O) the(O) tiebreaker(O) .(O)"
8903,"['Asked' 'whether' 'this' 'meant' 'the' 'commander' 'was' 'out' 'of'
 'control' ',' 'Garang' 'said' 'the' 'rebel' 'movement' 'was' 'working'
 'on' 'the' 'problem' '.']","['O', 'O', 'O', 'O', 'O', 'O', 'O', 'O', 'O', 'O', 'O', 'B-PER', 'O', 'O', 'O', 'O', 'O', 'O', 'O', 'O', 'O', 'O']","Asked whether this meant the commander was out of control , Garang said the rebel movement was working on the problem .","['Asked(O)', 'whether(O)', 'this(O)', 'meant(O)', 'the(O)', 'commander(O)', 'was(O)', 'out(O)', 'of(O)', 'control(O)', ',(O)', 'Garang(B-PER)', 'said(O)', 'the(O)', 'rebel(O)', 'movement(O)', 'was(O)', 'working(O)', 'on(O)', 'the(O)', 'problem(O)', '.(O)']","Asked(O) whether(O) this(O) meant(O) the(O) commander(O) was(O) out(O) of(O) control(O) ,(O) Garang(B-PER) said(O) the(O) rebel(O) movement(O) was(O) working(O) on(O) the(O) problem(O) .(O)","Input: Asked whether this meant the commander was out of control , Garang said the rebel movement was working on the problem .
Output: Asked(O) whether(O) this(O) meant(O) the(O) commander(O) was(O) out(O) of(O) control(O) ,(O) Garang(B-PER) said(O) the(O) rebel(O) movement(O) was(O) working(O) on(O) the(O) problem(O) .(O)"
7631,"['His' 'father' 'cut' 'him' 'down' 'and' 'tried' 'to' 'revive' 'him' 'but'
 'paramedics' 'pronounced' 'him' 'dead' 'when' 'they' 'arrived' '.']","['O', 'O', 'O', 'O', 'O', 'O', 'O', 'O', 'O', 'O', 'O', 'O', 'O', 'O', 'O', 'O', 'O', 'O', 'O']",His father cut him down and tried to revive him but paramedics pronounced him dead when they arrived .,"['His(O)', 'father(O)', 'cut(O)', 'him(O)', 'down(O)', 'and(O)', 'tried(O)', 'to(O)', 'revive(O)', 'him(O)', 'but(O)', 'paramedics(O)', 'pronounced(O)', 'him(O)', 'dead(O)', 'when(O)', 'they(O)', 'arrived(O)', '.(O)']",His(O) father(O) cut(O) him(O) down(O) and(O) tried(O) to(O) revive(O) him(O) but(O) paramedics(O) pronounced(O) him(O) dead(O) when(O) they(O) arrived(O) .(O),"Input: His father cut him down and tried to revive him but paramedics pronounced him dead when they arrived .
Output: His(O) father(O) cut(O) him(O) down(O) and(O) tried(O) to(O) revive(O) him(O) but(O) paramedics(O) pronounced(O) him(O) dead(O) when(O) they(O) arrived(O) .(O)"
4114,['FC' 'Linz' '6' '0' '2' '4' '1' '9' '2'],"['B-ORG', 'I-ORG', 'O', 'O', 'O', 'O', 'O', 'O', 'O']",FC Linz 6 0 2 4 1 9 2,"['FC(B-ORG)', 'Linz(I-ORG)', '6(O)', '0(O)', '2(O)', '4(O)', '1(O)', '9(O)', '2(O)']",FC(B-ORG) Linz(I-ORG) 6(O) 0(O) 2(O) 4(O) 1(O) 9(O) 2(O),"Input: FC Linz 6 0 2 4 1 9 2
Output: FC(B-ORG) Linz(I-ORG) 6(O) 0(O) 2(O) 4(O) 1(O) 9(O) 2(O)"
3575,"['At' 'Weston-super-Mare' ':' 'Match' 'abandoned' 'as' 'a' 'draw' '-'
 'rain' '.']","['O', 'B-LOC', 'O', 'O', 'O', 'O', 'O', 'O', 'O', 'O', 'O']",At Weston-super-Mare : Match abandoned as a draw - rain .,"['At(O)', 'Weston-super-Mare(B-LOC)', ':(O)', 'Match(O)', 'abandoned(O)', 'as(O)', 'a(O)', 'draw(O)', '-(O)', 'rain(O)', '.(O)']",At(O) Weston-super-Mare(B-LOC) :(O) Match(O) abandoned(O) as(O) a(O) draw(O) -(O) rain(O) .(O),"Input: At Weston-super-Mare : Match abandoned as a draw - rain .
Output: At(O) Weston-super-Mare(B-LOC) :(O) Match(O) abandoned(O) as(O) a(O) draw(O) -(O) rain(O) .(O)"
13970,"['Women' ""'s"" 'world' 'points' 'race' 'championship' '(' '24-km' ')' ':']","['O', 'O', 'O', 'O', 'O', 'O', 'O', 'O', 'O', 'O']",Women 's world points race championship ( 24-km ) :,"['Women(O)', ""'s(O)"", 'world(O)', 'points(O)', 'race(O)', 'championship(O)', '((O)', '24-km(O)', ')(O)', ':(O)']",Women(O) 's(O) world(O) points(O) race(O) championship(O) ((O) 24-km(O) )(O) :(O),"Input: Women 's world points race championship ( 24-km ) :
Output: Women(O) 's(O) world(O) points(O) race(O) championship(O) ((O) 24-km(O) )(O) :(O)"
6461,"['Pakistan' 'beat' 'England' 'by' 'nine' 'wickets' 'on' 'the' 'fifth'
 'day' 'of' 'the' 'third' 'and' 'final' 'test' 'at' 'The' 'Oval' 'on'
 'Monday' 'to' 'win' 'the' 'series' '2-0' '.']","['B-LOC', 'O', 'B-LOC', 'O', 'O', 'O', 'O', 'O', 'O', 'O', 'O', 'O', 'O', 'O', 'O', 'O', 'O', 'B-LOC', 'I-LOC', 'O', 'O', 'O', 'O', 'O', 'O', 'O', 'O']",Pakistan beat England by nine wickets on the fifth day of the third and final test at The Oval on Monday to win the series 2-0 .,"['Pakistan(B-LOC)', 'beat(O)', 'England(B-LOC)', 'by(O)', 'nine(O)', 'wickets(O)', 'on(O)', 'the(O)', 'fifth(O)', 'day(O)', 'of(O)', 'the(O)', 'third(O)', 'and(O)', 'final(O)', 'test(O)', 'at(O)', 'The(B-LOC)', 'Oval(I-LOC)', 'on(O)', 'Monday(O)', 'to(O)', 'win(O)', 'the(O)', 'series(O)', '2-0(O)', '.(O)']",Pakistan(B-LOC) beat(O) England(B-LOC) by(O) nine(O) wickets(O) on(O) the(O) fifth(O) day(O) of(O) the(O) third(O) and(O) final(O) test(O) at(O) The(B-LOC) Oval(I-LOC) on(O) Monday(O) to(O) win(O) the(O) series(O) 2-0(O) .(O),"Input: Pakistan beat England by nine wickets on the fifth day of the third and final test at The Oval on Monday to win the series 2-0 .
Output: Pakistan(B-LOC) beat(O) England(B-LOC) by(O) nine(O) wickets(O) on(O) the(O) fifth(O) day(O) of(O) the(O) third(O) and(O) final(O) test(O) at(O) The(B-LOC) Oval(I-LOC) on(O) Monday(O) to(O) win(O) the(O) series(O) 2-0(O) .(O)"
3881,['BASEBALL' '-' 'MAJOR' 'LEAGUE' 'RESULTS' 'FRIDAY' '.'],"['O', 'O', 'B-MISC', 'I-MISC', 'O', 'O', 'O']",BASEBALL - MAJOR LEAGUE RESULTS FRIDAY .,"['BASEBALL(O)', '-(O)', 'MAJOR(B-MISC)', 'LEAGUE(I-MISC)', 'RESULTS(O)', 'FRIDAY(O)', '.(O)']",BASEBALL(O) -(O) MAJOR(B-MISC) LEAGUE(I-MISC) RESULTS(O) FRIDAY(O) .(O),"Input: BASEBALL - MAJOR LEAGUE RESULTS FRIDAY .
Output: BASEBALL(O) -(O) MAJOR(B-MISC) LEAGUE(I-MISC) RESULTS(O) FRIDAY(O) .(O)"
9613,['H1' '1996' 'H1' '1995'],"['O', 'O', 'O', 'O']",H1 1996 H1 1995,"['H1(O)', '1996(O)', 'H1(O)', '1995(O)']",H1(O) 1996(O) H1(O) 1995(O),"Input: H1 1996 H1 1995
Output: H1(O) 1996(O) H1(O) 1995(O)"
2,['BRUSSELS' '1996-08-22'],"['B-LOC', 'O']",BRUSSELS 1996-08-22,"['BRUSSELS(B-LOC)', '1996-08-22(O)']",BRUSSELS(B-LOC) 1996-08-22(O),"Input: BRUSSELS 1996-08-22
Output: BRUSSELS(B-LOC) 1996-08-22(O)"
13961,"['MANCHESTER' ',' 'England' '1996-08-30']","['B-LOC', 'O', 'B-LOC', 'O']","MANCHESTER , England 1996-08-30","['MANCHESTER(B-LOC)', ',(O)', 'England(B-LOC)', '1996-08-30(O)']","MANCHESTER(B-LOC) ,(O) England(B-LOC) 1996-08-30(O)","Input: MANCHESTER , England 1996-08-30
Output: MANCHESTER(B-LOC) ,(O) England(B-LOC) 1996-08-30(O)"
13169,['Dealers' 'noted' 'a' 'seasonal' 'pickup' 'in' 'meal' 'demand' '.'],"['O', 'O', 'O', 'O', 'O', 'O', 'O', 'O', 'O']",Dealers noted a seasonal pickup in meal demand .,"['Dealers(O)', 'noted(O)', 'a(O)', 'seasonal(O)', 'pickup(O)', 'in(O)', 'meal(O)', 'demand(O)', '.(O)']",Dealers(O) noted(O) a(O) seasonal(O) pickup(O) in(O) meal(O) demand(O) .(O),"Input: Dealers noted a seasonal pickup in meal demand .
Output: Dealers(O) noted(O) a(O) seasonal(O) pickup(O) in(O) meal(O) demand(O) .(O)"
1801,"['Sydney' 'Australian' 'All-Ordinaries' 'index' '--' '2,340.6' '(' 'Feb'
 '3/94' ')']","['B-LOC', 'B-MISC', 'I-MISC', 'O', 'O', 'O', 'O', 'O', 'O', 'O']","Sydney Australian All-Ordinaries index -- 2,340.6 ( Feb 3/94 )","['Sydney(B-LOC)', 'Australian(B-MISC)', 'All-Ordinaries(I-MISC)', 'index(O)', '--(O)', '2,340.6(O)', '((O)', 'Feb(O)', '3/94(O)', ')(O)']","Sydney(B-LOC) Australian(B-MISC) All-Ordinaries(I-MISC) index(O) --(O) 2,340.6(O) ((O) Feb(O) 3/94(O) )(O)","Input: Sydney Australian All-Ordinaries index -- 2,340.6 ( Feb 3/94 )
Output: Sydney(B-LOC) Australian(B-MISC) All-Ordinaries(I-MISC) index(O) --(O) 2,340.6(O) ((O) Feb(O) 3/94(O) )(O)"
4855,['Fastest' 'lap' ':' 'Aoki' '147.786' 'kph'],"['O', 'O', 'O', 'B-PER', 'O', 'O']",Fastest lap : Aoki 147.786 kph,"['Fastest(O)', 'lap(O)', ':(O)', 'Aoki(B-PER)', '147.786(O)', 'kph(O)']",Fastest(O) lap(O) :(O) Aoki(B-PER) 147.786(O) kph(O),"Input: Fastest lap : Aoki 147.786 kph
Output: Fastest(O) lap(O) :(O) Aoki(B-PER) 147.786(O) kph(O)"
5165,['Odra' 'Wodzislaw' '7' '3' '1' '3' '13' '10' '10'],"['B-ORG', 'I-ORG', 'O', 'O', 'O', 'O', 'O', 'O', 'O']",Odra Wodzislaw 7 3 1 3 13 10 10,"['Odra(B-ORG)', 'Wodzislaw(I-ORG)', '7(O)', '3(O)', '1(O)', '3(O)', '13(O)', '10(O)', '10(O)']",Odra(B-ORG) Wodzislaw(I-ORG) 7(O) 3(O) 1(O) 3(O) 13(O) 10(O) 10(O),"Input: Odra Wodzislaw 7 3 1 3 13 10 10
Output: Odra(B-ORG) Wodzislaw(I-ORG) 7(O) 3(O) 1(O) 3(O) 13(O) 10(O) 10(O)"
5176,['LKS' 'Lodz' '7' '0' '2' '5' '4' '13' '2'],"['B-ORG', 'I-ORG', 'O', 'O', 'O', 'O', 'O', 'O', 'O']",LKS Lodz 7 0 2 5 4 13 2,"['LKS(B-ORG)', 'Lodz(I-ORG)', '7(O)', '0(O)', '2(O)', '5(O)', '4(O)', '13(O)', '2(O)']",LKS(B-ORG) Lodz(I-ORG) 7(O) 0(O) 2(O) 5(O) 4(O) 13(O) 2(O),"Input: LKS Lodz 7 0 2 5 4 13 2
Output: LKS(B-ORG) Lodz(I-ORG) 7(O) 0(O) 2(O) 5(O) 4(O) 13(O) 2(O)"
97,"['Itamar' 'Rabinovich' ',' 'who' 'as' 'Israel' ""'s"" 'ambassador' 'to'
 'Washington' 'conducted' 'unfruitful' 'negotiations' 'with' 'Syria' ','
 'told' 'Israel' 'Radio' 'it' 'looked' 'like' 'Damascus' 'wanted' 'to'
 'talk' 'rather' 'than' 'fight' '.']","['B-PER', 'I-PER', 'O', 'O', 'O', 'B-LOC', 'O', 'O', 'O', 'B-LOC', 'O', 'O', 'O', 'O', 'B-LOC', 'O', 'O', 'B-ORG', 'I-ORG', 'O', 'O', 'O', 'B-LOC', 'O', 'O', 'O', 'O', 'O', 'O', 'O']","Itamar Rabinovich , who as Israel 's ambassador to Washington conducted unfruitful negotiations with Syria , told Israel Radio it looked like Damascus wanted to talk rather than fight .","['Itamar(B-PER)', 'Rabinovich(I-PER)', ',(O)', 'who(O)', 'as(O)', 'Israel(B-LOC)', ""'s(O)"", 'ambassador(O)', 'to(O)', 'Washington(B-LOC)', 'conducted(O)', 'unfruitful(O)', 'negotiations(O)', 'with(O)', 'Syria(B-LOC)', ',(O)', 'told(O)', 'Israel(B-ORG)', 'Radio(I-ORG)', 'it(O)', 'looked(O)', 'like(O)', 'Damascus(B-LOC)', 'wanted(O)', 'to(O)', 'talk(O)', 'rather(O)', 'than(O)', 'fight(O)', '.(O)']","Itamar(B-PER) Rabinovich(I-PER) ,(O) who(O) as(O) Israel(B-LOC) 's(O) ambassador(O) to(O) Washington(B-LOC) conducted(O) unfruitful(O) negotiations(O) with(O) Syria(B-LOC) ,(O) told(O) Israel(B-ORG) Radio(I-ORG) it(O) looked(O) like(O) Damascus(B-LOC) wanted(O) to(O) talk(O) rather(O) than(O) fight(O) .(O)","Input: Itamar Rabinovich , who as Israel 's ambassador to Washington conducted unfruitful negotiations with Syria , told Israel Radio it looked like Damascus wanted to talk rather than fight .
Output: Itamar(B-PER) Rabinovich(I-PER) ,(O) who(O) as(O) Israel(B-LOC) 's(O) ambassador(O) to(O) Washington(B-LOC) conducted(O) unfruitful(O) negotiations(O) with(O) Syria(B-LOC) ,(O) told(O) Israel(B-ORG) Radio(I-ORG) it(O) looked(O) like(O) Damascus(B-LOC) wanted(O) to(O) talk(O) rather(O) than(O) fight(O) .(O)"
7116,['OAKLAND' 'AT' 'BALTIMORE'],"['B-ORG', 'O', 'B-LOC']",OAKLAND AT BALTIMORE,"['OAKLAND(B-ORG)', 'AT(O)', 'BALTIMORE(B-LOC)']",OAKLAND(B-ORG) AT(O) BALTIMORE(B-LOC),"Input: OAKLAND AT BALTIMORE
Output: OAKLAND(B-ORG) AT(O) BALTIMORE(B-LOC)"
9826,"['India' 'blocked' 'the' 'Comprehensive' 'Test' 'Ban' 'Treaty' '(' 'CTBT'
 ')' 'at' 'the' 'Conference' 'on' 'Disarmament' 'in' 'Geneva' ',' 'saying'
 'the' 'pact' 'did' 'not' 'contain' 'a' 'clause' 'committing' 'the' 'five'
 'declared' 'nuclear' 'powers' 'to' 'a' 'timetable' 'for' 'nuclear'
 'disarmament' '.']","['B-LOC', 'O', 'O', 'B-MISC', 'I-MISC', 'I-MISC', 'I-MISC', 'O', 'B-MISC', 'O', 'O', 'O', 'B-MISC', 'I-MISC', 'I-MISC', 'O', 'B-LOC', 'O', 'O', 'O', 'O', 'O', 'O', 'O', 'O', 'O', 'O', 'O', 'O', 'O', 'O', 'O', 'O', 'O', 'O', 'O', 'O', 'O', 'O']","India blocked the Comprehensive Test Ban Treaty ( CTBT ) at the Conference on Disarmament in Geneva , saying the pact did not contain a clause committing the five declared nuclear powers to a timetable for nuclear disarmament .","['India(B-LOC)', 'blocked(O)', 'the(O)', 'Comprehensive(B-MISC)', 'Test(I-MISC)', 'Ban(I-MISC)', 'Treaty(I-MISC)', '((O)', 'CTBT(B-MISC)', ')(O)', 'at(O)', 'the(O)', 'Conference(B-MISC)', 'on(I-MISC)', 'Disarmament(I-MISC)', 'in(O)', 'Geneva(B-LOC)', ',(O)', 'saying(O)', 'the(O)', 'pact(O)', 'did(O)', 'not(O)', 'contain(O)', 'a(O)', 'clause(O)', 'committing(O)', 'the(O)', 'five(O)', 'declared(O)', 'nuclear(O)', 'powers(O)', 'to(O)', 'a(O)', 'timetable(O)', 'for(O)', 'nuclear(O)', 'disarmament(O)', '.(O)']","India(B-LOC) blocked(O) the(O) Comprehensive(B-MISC) Test(I-MISC) Ban(I-MISC) Treaty(I-MISC) ((O) CTBT(B-MISC) )(O) at(O) the(O) Conference(B-MISC) on(I-MISC) Disarmament(I-MISC) in(O) Geneva(B-LOC) ,(O) saying(O) the(O) pact(O) did(O) not(O) contain(O) a(O) clause(O) committing(O) the(O) five(O) declared(O) nuclear(O) powers(O) to(O) a(O) timetable(O) for(O) nuclear(O) disarmament(O) .(O)","Input: India blocked the Comprehensive Test Ban Treaty ( CTBT ) at the Conference on Disarmament in Geneva , saying the pact did not contain a clause committing the five declared nuclear powers to a timetable for nuclear disarmament .
Output: India(B-LOC) blocked(O) the(O) Comprehensive(B-MISC) Test(I-MISC) Ban(I-MISC) Treaty(I-MISC) ((O) CTBT(B-MISC) )(O) at(O) the(O) Conference(B-MISC) on(I-MISC) Disarmament(I-MISC) in(O) Geneva(B-LOC) ,(O) saying(O) the(O) pact(O) did(O) not(O) contain(O) a(O) clause(O) committing(O) the(O) five(O) declared(O) nuclear(O) powers(O) to(O) a(O) timetable(O) for(O) nuclear(O) disarmament(O) .(O)"
13812,['--' 'Singapore' 'Newsroom' '(' '+65-8703086' ')'],"['O', 'B-ORG', 'I-ORG', 'O', 'O', 'O']",-- Singapore Newsroom ( +65-8703086 ),"['--(O)', 'Singapore(B-ORG)', 'Newsroom(I-ORG)', '((O)', '+65-8703086(O)', ')(O)']",--(O) Singapore(B-ORG) Newsroom(I-ORG) ((O) +65-8703086(O) )(O),"Input: -- Singapore Newsroom ( +65-8703086 )
Output: --(O) Singapore(B-ORG) Newsroom(I-ORG) ((O) +65-8703086(O) )(O)"
6671,['Artmedia' 'Petrzalka' '4' '1' '3' '0' '1' '0' '6'],"['B-ORG', 'I-ORG', 'O', 'O', 'O', 'O', 'O', 'O', 'O']",Artmedia Petrzalka 4 1 3 0 1 0 6,"['Artmedia(B-ORG)', 'Petrzalka(I-ORG)', '4(O)', '1(O)', '3(O)', '0(O)', '1(O)', '0(O)', '6(O)']",Artmedia(B-ORG) Petrzalka(I-ORG) 4(O) 1(O) 3(O) 0(O) 1(O) 0(O) 6(O),"Input: Artmedia Petrzalka 4 1 3 0 1 0 6
Output: Artmedia(B-ORG) Petrzalka(I-ORG) 4(O) 1(O) 3(O) 0(O) 1(O) 0(O) 6(O)"
7615,"['Noranda' 'aluminum' ',' 'U.S.' 'Midwest' '(' 'effective' 'date:August'
 '1' ',' '1996' ')']","['B-ORG', 'O', 'O', 'B-LOC', 'I-LOC', 'O', 'O', 'O', 'O', 'O', 'O', 'O']","Noranda aluminum , U.S. Midwest ( effective date:August 1 , 1996 )","['Noranda(B-ORG)', 'aluminum(O)', ',(O)', 'U.S.(B-LOC)', 'Midwest(I-LOC)', '((O)', 'effective(O)', 'date:August(O)', '1(O)', ',(O)', '1996(O)', ')(O)']","Noranda(B-ORG) aluminum(O) ,(O) U.S.(B-LOC) Midwest(I-LOC) ((O) effective(O) date:August(O) 1(O) ,(O) 1996(O) )(O)","Input: Noranda aluminum , U.S. Midwest ( effective date:August 1 , 1996 )
Output: Noranda(B-ORG) aluminum(O) ,(O) U.S.(B-LOC) Midwest(I-LOC) ((O) effective(O) date:August(O) 1(O) ,(O) 1996(O) )(O)"
9011,"['Neither' 'Meri' 'nor' 'his' 'rival' 'Arnold' 'Ruutel' 'could' 'garner'
 'the' '68' 'votes' 'needed' 'from' 'the' '101' 'members' 'of'
 'parliament' 'to' 'become' 'president' '.']","['O', 'B-PER', 'O', 'O', 'O', 'B-PER', 'I-PER', 'O', 'O', 'O', 'O', 'O', 'O', 'O', 'O', 'O', 'O', 'O', 'O', 'O', 'O', 'O', 'O']",Neither Meri nor his rival Arnold Ruutel could garner the 68 votes needed from the 101 members of parliament to become president .,"['Neither(O)', 'Meri(B-PER)', 'nor(O)', 'his(O)', 'rival(O)', 'Arnold(B-PER)', 'Ruutel(I-PER)', 'could(O)', 'garner(O)', 'the(O)', '68(O)', 'votes(O)', 'needed(O)', 'from(O)', 'the(O)', '101(O)', 'members(O)', 'of(O)', 'parliament(O)', 'to(O)', 'become(O)', 'president(O)', '.(O)']",Neither(O) Meri(B-PER) nor(O) his(O) rival(O) Arnold(B-PER) Ruutel(I-PER) could(O) garner(O) the(O) 68(O) votes(O) needed(O) from(O) the(O) 101(O) members(O) of(O) parliament(O) to(O) become(O) president(O) .(O),"Input: Neither Meri nor his rival Arnold Ruutel could garner the 68 votes needed from the 101 members of parliament to become president .
Output: Neither(O) Meri(B-PER) nor(O) his(O) rival(O) Arnold(B-PER) Ruutel(I-PER) could(O) garner(O) the(O) 68(O) votes(O) needed(O) from(O) the(O) 101(O) members(O) of(O) parliament(O) to(O) become(O) president(O) .(O)"
2144,['Cincinnati' '3' 'ATLANTA' '2' '(' 'in' '13' ')'],"['B-ORG', 'O', 'B-ORG', 'O', 'O', 'O', 'O', 'O']",Cincinnati 3 ATLANTA 2 ( in 13 ),"['Cincinnati(B-ORG)', '3(O)', 'ATLANTA(B-ORG)', '2(O)', '((O)', 'in(O)', '13(O)', ')(O)']",Cincinnati(B-ORG) 3(O) ATLANTA(B-ORG) 2(O) ((O) in(O) 13(O) )(O),"Input: Cincinnati 3 ATLANTA 2 ( in 13 )
Output: Cincinnati(B-ORG) 3(O) ATLANTA(B-ORG) 2(O) ((O) in(O) 13(O) )(O)"
7295,"['Ambassador' 'Robert' 'Frowick' ',' 'an' 'American' ',' 'heads' 'the'
 'OSCE' 'mission' 'in' 'Bosnia' '.']","['O', 'B-PER', 'I-PER', 'O', 'O', 'B-MISC', 'O', 'O', 'O', 'B-ORG', 'O', 'O', 'B-LOC', 'O']","Ambassador Robert Frowick , an American , heads the OSCE mission in Bosnia .","['Ambassador(O)', 'Robert(B-PER)', 'Frowick(I-PER)', ',(O)', 'an(O)', 'American(B-MISC)', ',(O)', 'heads(O)', 'the(O)', 'OSCE(B-ORG)', 'mission(O)', 'in(O)', 'Bosnia(B-LOC)', '.(O)']","Ambassador(O) Robert(B-PER) Frowick(I-PER) ,(O) an(O) American(B-MISC) ,(O) heads(O) the(O) OSCE(B-ORG) mission(O) in(O) Bosnia(B-LOC) .(O)","Input: Ambassador Robert Frowick , an American , heads the OSCE mission in Bosnia .
Output: Ambassador(O) Robert(B-PER) Frowick(I-PER) ,(O) an(O) American(B-MISC) ,(O) heads(O) the(O) OSCE(B-ORG) mission(O) in(O) Bosnia(B-LOC) .(O)"
12246,['1.' 'Sorensen' '11.20:33'],"['O', 'B-PER', 'O']",1. Sorensen 11.20:33,"['1.(O)', 'Sorensen(B-PER)', '11.20:33(O)']",1.(O) Sorensen(B-PER) 11.20:33(O),"Input: 1. Sorensen 11.20:33
Output: 1.(O) Sorensen(B-PER) 11.20:33(O)"
8349,['Ata-ur-Rehman' '2' '2' '2' '10' '10no' '-'],"['B-PER', 'O', 'O', 'O', 'O', 'O', 'O']",Ata-ur-Rehman 2 2 2 10 10no -,"['Ata-ur-Rehman(B-PER)', '2(O)', '2(O)', '2(O)', '10(O)', '10no(O)', '-(O)']",Ata-ur-Rehman(B-PER) 2(O) 2(O) 2(O) 10(O) 10no(O) -(O),"Input: Ata-ur-Rehman 2 2 2 10 10no -
Output: Ata-ur-Rehman(B-PER) 2(O) 2(O) 2(O) 10(O) 10no(O) -(O)"
8231,['Rotherham' '3' '0' '1' '2' '3' '5' '1'],"['B-ORG', 'O', 'O', 'O', 'O', 'O', 'O', 'O']",Rotherham 3 0 1 2 3 5 1,"['Rotherham(B-ORG)', '3(O)', '0(O)', '1(O)', '2(O)', '3(O)', '5(O)', '1(O)']",Rotherham(B-ORG) 3(O) 0(O) 1(O) 2(O) 3(O) 5(O) 1(O),"Input: Rotherham 3 0 1 2 3 5 1
Output: Rotherham(B-ORG) 3(O) 0(O) 1(O) 2(O) 3(O) 5(O) 1(O)"
9766,['Hijacked' 'Sudan' 'plane' 'lands' 'at' 'a' 'London' 'airport' '.'],"['O', 'B-LOC', 'O', 'O', 'O', 'O', 'B-LOC', 'O', 'O']",Hijacked Sudan plane lands at a London airport .,"['Hijacked(O)', 'Sudan(B-LOC)', 'plane(O)', 'lands(O)', 'at(O)', 'a(O)', 'London(B-LOC)', 'airport(O)', '.(O)']",Hijacked(O) Sudan(B-LOC) plane(O) lands(O) at(O) a(O) London(B-LOC) airport(O) .(O),"Input: Hijacked Sudan plane lands at a London airport .
Output: Hijacked(O) Sudan(B-LOC) plane(O) lands(O) at(O) a(O) London(B-LOC) airport(O) .(O)"
7540,"['FBI' 'Director' 'Louis' 'Freeh' ',' 'who' 'has' 'twice' 'visited'
 'Saudi' 'Arabia' 'to' 'seek' 'improved' 'cooperation' 'with' 'Saudi'
 'investigators' ',' 'told' 'the' 'committee' 'he' 'was' 'not' 'entirely'
 'satisfied' 'with' 'Saudi' 'cooperation' 'on' 'the' 'Dhahran' 'bomb'
 'and' 'a' 'previous' 'bomb' 'attack' 'in' 'Riyadh' '.']","['B-ORG', 'O', 'B-PER', 'I-PER', 'O', 'O', 'O', 'O', 'O', 'B-LOC', 'I-LOC', 'O', 'O', 'O', 'O', 'O', 'B-MISC', 'O', 'O', 'O', 'O', 'O', 'O', 'O', 'O', 'O', 'O', 'O', 'B-MISC', 'O', 'O', 'O', 'B-LOC', 'O', 'O', 'O', 'O', 'O', 'O', 'O', 'B-LOC', 'O']","FBI Director Louis Freeh , who has twice visited Saudi Arabia to seek improved cooperation with Saudi investigators , told the committee he was not entirely satisfied with Saudi cooperation on the Dhahran bomb and a previous bomb attack in Riyadh .","['FBI(B-ORG)', 'Director(O)', 'Louis(B-PER)', 'Freeh(I-PER)', ',(O)', 'who(O)', 'has(O)', 'twice(O)', 'visited(O)', 'Saudi(B-LOC)', 'Arabia(I-LOC)', 'to(O)', 'seek(O)', 'improved(O)', 'cooperation(O)', 'with(O)', 'Saudi(B-MISC)', 'investigators(O)', ',(O)', 'told(O)', 'the(O)', 'committee(O)', 'he(O)', 'was(O)', 'not(O)', 'entirely(O)', 'satisfied(O)', 'with(O)', 'Saudi(B-MISC)', 'cooperation(O)', 'on(O)', 'the(O)', 'Dhahran(B-LOC)', 'bomb(O)', 'and(O)', 'a(O)', 'previous(O)', 'bomb(O)', 'attack(O)', 'in(O)', 'Riyadh(B-LOC)', '.(O)']","FBI(B-ORG) Director(O) Louis(B-PER) Freeh(I-PER) ,(O) who(O) has(O) twice(O) visited(O) Saudi(B-LOC) Arabia(I-LOC) to(O) seek(O) improved(O) cooperation(O) with(O) Saudi(B-MISC) investigators(O) ,(O) told(O) the(O) committee(O) he(O) was(O) not(O) entirely(O) satisfied(O) with(O) Saudi(B-MISC) cooperation(O) on(O) the(O) Dhahran(B-LOC) bomb(O) and(O) a(O) previous(O) bomb(O) attack(O) in(O) Riyadh(B-LOC) .(O)","Input: FBI Director Louis Freeh , who has twice visited Saudi Arabia to seek improved cooperation with Saudi investigators , told the committee he was not entirely satisfied with Saudi cooperation on the Dhahran bomb and a previous bomb attack in Riyadh .
Output: FBI(B-ORG) Director(O) Louis(B-PER) Freeh(I-PER) ,(O) who(O) has(O) twice(O) visited(O) Saudi(B-LOC) Arabia(I-LOC) to(O) seek(O) improved(O) cooperation(O) with(O) Saudi(B-MISC) investigators(O) ,(O) told(O) the(O) committee(O) he(O) was(O) not(O) entirely(O) satisfied(O) with(O) Saudi(B-MISC) cooperation(O) on(O) the(O) Dhahran(B-LOC) bomb(O) and(O) a(O) previous(O) bomb(O) attack(O) in(O) Riyadh(B-LOC) .(O)"
9350,"['Norris' 'said' 'Tuesday' ""'s"" 'surgery' 'involved' 'placing' 'five'
 'balloons' 'in' 'DeJesus' ""'s"" 'forehead' ',' 'shoulders' 'and' 'the'
 'back' 'of' 'her' 'neck' 'and' 'partially' 'filling' 'them' 'with' 'a'
 'saline' 'solution' '.']","['B-PER', 'O', 'O', 'O', 'O', 'O', 'O', 'O', 'O', 'O', 'B-PER', 'O', 'O', 'O', 'O', 'O', 'O', 'O', 'O', 'O', 'O', 'O', 'O', 'O', 'O', 'O', 'O', 'O', 'O', 'O']","Norris said Tuesday 's surgery involved placing five balloons in DeJesus 's forehead , shoulders and the back of her neck and partially filling them with a saline solution .","['Norris(B-PER)', 'said(O)', 'Tuesday(O)', ""'s(O)"", 'surgery(O)', 'involved(O)', 'placing(O)', 'five(O)', 'balloons(O)', 'in(O)', 'DeJesus(B-PER)', ""'s(O)"", 'forehead(O)', ',(O)', 'shoulders(O)', 'and(O)', 'the(O)', 'back(O)', 'of(O)', 'her(O)', 'neck(O)', 'and(O)', 'partially(O)', 'filling(O)', 'them(O)', 'with(O)', 'a(O)', 'saline(O)', 'solution(O)', '.(O)']","Norris(B-PER) said(O) Tuesday(O) 's(O) surgery(O) involved(O) placing(O) five(O) balloons(O) in(O) DeJesus(B-PER) 's(O) forehead(O) ,(O) shoulders(O) and(O) the(O) back(O) of(O) her(O) neck(O) and(O) partially(O) filling(O) them(O) with(O) a(O) saline(O) solution(O) .(O)","Input: Norris said Tuesday 's surgery involved placing five balloons in DeJesus 's forehead , shoulders and the back of her neck and partially filling them with a saline solution .
Output: Norris(B-PER) said(O) Tuesday(O) 's(O) surgery(O) involved(O) placing(O) five(O) balloons(O) in(O) DeJesus(B-PER) 's(O) forehead(O) ,(O) shoulders(O) and(O) the(O) back(O) of(O) her(O) neck(O) and(O) partially(O) filling(O) them(O) with(O) a(O) saline(O) solution(O) .(O)"
6926,"['""' 'That' 'baked' 'lasagna' 'better' 'be' 'good' 'for' '$' '8.50' ','
 '""' 'said' 'New' 'Yorker' 'Rebecca' 'Weinstein' ',' 'a' 'U.S.' 'Open'
 'regular' 'who' 'was' 'eating' 'a' 'sandwich' 'she' 'had' 'brought'
 'from' 'home' '.']","['O', 'O', 'O', 'O', 'O', 'O', 'O', 'O', 'O', 'O', 'O', 'O', 'O', 'B-MISC', 'I-MISC', 'B-PER', 'I-PER', 'O', 'O', 'B-MISC', 'I-MISC', 'O', 'O', 'O', 'O', 'O', 'O', 'O', 'O', 'O', 'O', 'O', 'O']",""" That baked lasagna better be good for $ 8.50 , "" said New Yorker Rebecca Weinstein , a U.S. Open regular who was eating a sandwich she had brought from home .","['""(O)', 'That(O)', 'baked(O)', 'lasagna(O)', 'better(O)', 'be(O)', 'good(O)', 'for(O)', '$(O)', '8.50(O)', ',(O)', '""(O)', 'said(O)', 'New(B-MISC)', 'Yorker(I-MISC)', 'Rebecca(B-PER)', 'Weinstein(I-PER)', ',(O)', 'a(O)', 'U.S.(B-MISC)', 'Open(I-MISC)', 'regular(O)', 'who(O)', 'was(O)', 'eating(O)', 'a(O)', 'sandwich(O)', 'she(O)', 'had(O)', 'brought(O)', 'from(O)', 'home(O)', '.(O)']","""(O) That(O) baked(O) lasagna(O) better(O) be(O) good(O) for(O) $(O) 8.50(O) ,(O) ""(O) said(O) New(B-MISC) Yorker(I-MISC) Rebecca(B-PER) Weinstein(I-PER) ,(O) a(O) U.S.(B-MISC) Open(I-MISC) regular(O) who(O) was(O) eating(O) a(O) sandwich(O) she(O) had(O) brought(O) from(O) home(O) .(O)","Input: "" That baked lasagna better be good for $ 8.50 , "" said New Yorker Rebecca Weinstein , a U.S. Open regular who was eating a sandwich she had brought from home .
Output: ""(O) That(O) baked(O) lasagna(O) better(O) be(O) good(O) for(O) $(O) 8.50(O) ,(O) ""(O) said(O) New(B-MISC) Yorker(I-MISC) Rebecca(B-PER) Weinstein(I-PER) ,(O) a(O) U.S.(B-MISC) Open(I-MISC) regular(O) who(O) was(O) eating(O) a(O) sandwich(O) she(O) had(O) brought(O) from(O) home(O) .(O)"
7072,"['At' 'Colorado' ',' 'Vinny' 'Castilla' 'homered' 'twice' 'and' 'drove'
 'in' 'four' 'runs' 'and' 'Larry' 'Walker' 'went' '3-for-4' 'with' 'a'
 'homer' 'and' 'three' 'RBI' 'as' 'the' 'Colorado' 'Rockies' 'outslugged'
 'the' 'Pittsburgh' 'Pirates' '13-9' 'in' 'the' 'rubber' 'game' 'of' 'a'
 'three-game' 'series' '.']","['O', 'B-LOC', 'O', 'B-PER', 'I-PER', 'O', 'O', 'O', 'O', 'O', 'O', 'O', 'O', 'B-PER', 'I-PER', 'O', 'O', 'O', 'O', 'O', 'O', 'O', 'B-MISC', 'O', 'O', 'B-ORG', 'I-ORG', 'O', 'O', 'B-ORG', 'I-ORG', 'O', 'O', 'O', 'O', 'O', 'O', 'O', 'O', 'O', 'O']","At Colorado , Vinny Castilla homered twice and drove in four runs and Larry Walker went 3-for-4 with a homer and three RBI as the Colorado Rockies outslugged the Pittsburgh Pirates 13-9 in the rubber game of a three-game series .","['At(O)', 'Colorado(B-LOC)', ',(O)', 'Vinny(B-PER)', 'Castilla(I-PER)', 'homered(O)', 'twice(O)', 'and(O)', 'drove(O)', 'in(O)', 'four(O)', 'runs(O)', 'and(O)', 'Larry(B-PER)', 'Walker(I-PER)', 'went(O)', '3-for-4(O)', 'with(O)', 'a(O)', 'homer(O)', 'and(O)', 'three(O)', 'RBI(B-MISC)', 'as(O)', 'the(O)', 'Colorado(B-ORG)', 'Rockies(I-ORG)', 'outslugged(O)', 'the(O)', 'Pittsburgh(B-ORG)', 'Pirates(I-ORG)', '13-9(O)', 'in(O)', 'the(O)', 'rubber(O)', 'game(O)', 'of(O)', 'a(O)', 'three-game(O)', 'series(O)', '.(O)']","At(O) Colorado(B-LOC) ,(O) Vinny(B-PER) Castilla(I-PER) homered(O) twice(O) and(O) drove(O) in(O) four(O) runs(O) and(O) Larry(B-PER) Walker(I-PER) went(O) 3-for-4(O) with(O) a(O) homer(O) and(O) three(O) RBI(B-MISC) as(O) the(O) Colorado(B-ORG) Rockies(I-ORG) outslugged(O) the(O) Pittsburgh(B-ORG) Pirates(I-ORG) 13-9(O) in(O) the(O) rubber(O) game(O) of(O) a(O) three-game(O) series(O) .(O)","Input: At Colorado , Vinny Castilla homered twice and drove in four runs and Larry Walker went 3-for-4 with a homer and three RBI as the Colorado Rockies outslugged the Pittsburgh Pirates 13-9 in the rubber game of a three-game series .
Output: At(O) Colorado(B-LOC) ,(O) Vinny(B-PER) Castilla(I-PER) homered(O) twice(O) and(O) drove(O) in(O) four(O) runs(O) and(O) Larry(B-PER) Walker(I-PER) went(O) 3-for-4(O) with(O) a(O) homer(O) and(O) three(O) RBI(B-MISC) as(O) the(O) Colorado(B-ORG) Rockies(I-ORG) outslugged(O) the(O) Pittsburgh(B-ORG) Pirates(I-ORG) 13-9(O) in(O) the(O) rubber(O) game(O) of(O) a(O) three-game(O) series(O) .(O)"
6929,"['What' ""'s"" 'the' 'message' 'here' '?' '""']","['O', 'O', 'O', 'O', 'O', 'O', 'O']","What 's the message here ? ""","['What(O)', ""'s(O)"", 'the(O)', 'message(O)', 'here(O)', '?(O)', '""(O)']","What(O) 's(O) the(O) message(O) here(O) ?(O) ""(O)","Input: What 's the message here ? ""
Output: What(O) 's(O) the(O) message(O) here(O) ?(O) ""(O)"
13687,"['Hong' 'Kong' ""'s"" 'Tsang' 'sees' 'growth' ',' 'smooth' 'transition' '.']","['B-LOC', 'I-LOC', 'O', 'B-PER', 'O', 'O', 'O', 'O', 'O', 'O']","Hong Kong 's Tsang sees growth , smooth transition .","['Hong(B-LOC)', 'Kong(I-LOC)', ""'s(O)"", 'Tsang(B-PER)', 'sees(O)', 'growth(O)', ',(O)', 'smooth(O)', 'transition(O)', '.(O)']","Hong(B-LOC) Kong(I-LOC) 's(O) Tsang(B-PER) sees(O) growth(O) ,(O) smooth(O) transition(O) .(O)","Input: Hong Kong 's Tsang sees growth , smooth transition .
Output: Hong(B-LOC) Kong(I-LOC) 's(O) Tsang(B-PER) sees(O) growth(O) ,(O) smooth(O) transition(O) .(O)"
3083,"['""' 'The' 'United' 'States' 'will' 'continue' 'to' 'return' 'Cuban'
 'migrants' 'intercepted' 'at' 'sea' 'who' 'seek' 'to' 'enter' 'the'
 'United' 'States' 'or' 'the' 'Guantanamo' 'Naval' 'Base' 'illegally' ','
 '""' 'it' 'said' '.']","['O', 'O', 'B-LOC', 'I-LOC', 'O', 'O', 'O', 'O', 'B-MISC', 'O', 'O', 'O', 'O', 'O', 'O', 'O', 'O', 'O', 'B-LOC', 'I-LOC', 'O', 'O', 'B-LOC', 'I-LOC', 'I-LOC', 'O', 'O', 'O', 'O', 'O', 'O']",""" The United States will continue to return Cuban migrants intercepted at sea who seek to enter the United States or the Guantanamo Naval Base illegally , "" it said .","['""(O)', 'The(O)', 'United(B-LOC)', 'States(I-LOC)', 'will(O)', 'continue(O)', 'to(O)', 'return(O)', 'Cuban(B-MISC)', 'migrants(O)', 'intercepted(O)', 'at(O)', 'sea(O)', 'who(O)', 'seek(O)', 'to(O)', 'enter(O)', 'the(O)', 'United(B-LOC)', 'States(I-LOC)', 'or(O)', 'the(O)', 'Guantanamo(B-LOC)', 'Naval(I-LOC)', 'Base(I-LOC)', 'illegally(O)', ',(O)', '""(O)', 'it(O)', 'said(O)', '.(O)']","""(O) The(O) United(B-LOC) States(I-LOC) will(O) continue(O) to(O) return(O) Cuban(B-MISC) migrants(O) intercepted(O) at(O) sea(O) who(O) seek(O) to(O) enter(O) the(O) United(B-LOC) States(I-LOC) or(O) the(O) Guantanamo(B-LOC) Naval(I-LOC) Base(I-LOC) illegally(O) ,(O) ""(O) it(O) said(O) .(O)","Input: "" The United States will continue to return Cuban migrants intercepted at sea who seek to enter the United States or the Guantanamo Naval Base illegally , "" it said .
Output: ""(O) The(O) United(B-LOC) States(I-LOC) will(O) continue(O) to(O) return(O) Cuban(B-MISC) migrants(O) intercepted(O) at(O) sea(O) who(O) seek(O) to(O) enter(O) the(O) United(B-LOC) States(I-LOC) or(O) the(O) Guantanamo(B-LOC) Naval(I-LOC) Base(I-LOC) illegally(O) ,(O) ""(O) it(O) said(O) .(O)"
1976,['Extras' '(' 'lb-1' 'nb-8' ')' '9'],"['O', 'O', 'O', 'O', 'O', 'O']",Extras ( lb-1 nb-8 ) 9,"['Extras(O)', '((O)', 'lb-1(O)', 'nb-8(O)', ')(O)', '9(O)']",Extras(O) ((O) lb-1(O) nb-8(O) )(O) 9(O),"Input: Extras ( lb-1 nb-8 ) 9
Output: Extras(O) ((O) lb-1(O) nb-8(O) )(O) 9(O)"
12413,"['1' '-' 'Jansher' 'Khan' '(' 'Pakistan' ')' 'beat' 'Simon' 'Frenz' '('
 'Germany' ')' '15-12' '15-7' '12-15' '15-10']","['O', 'O', 'B-PER', 'I-PER', 'O', 'B-LOC', 'O', 'O', 'B-PER', 'I-PER', 'O', 'B-LOC', 'O', 'O', 'O', 'O', 'O']",1 - Jansher Khan ( Pakistan ) beat Simon Frenz ( Germany ) 15-12 15-7 12-15 15-10,"['1(O)', '-(O)', 'Jansher(B-PER)', 'Khan(I-PER)', '((O)', 'Pakistan(B-LOC)', ')(O)', 'beat(O)', 'Simon(B-PER)', 'Frenz(I-PER)', '((O)', 'Germany(B-LOC)', ')(O)', '15-12(O)', '15-7(O)', '12-15(O)', '15-10(O)']",1(O) -(O) Jansher(B-PER) Khan(I-PER) ((O) Pakistan(B-LOC) )(O) beat(O) Simon(B-PER) Frenz(I-PER) ((O) Germany(B-LOC) )(O) 15-12(O) 15-7(O) 12-15(O) 15-10(O),"Input: 1 - Jansher Khan ( Pakistan ) beat Simon Frenz ( Germany ) 15-12 15-7 12-15 15-10
Output: 1(O) -(O) Jansher(B-PER) Khan(I-PER) ((O) Pakistan(B-LOC) )(O) beat(O) Simon(B-PER) Frenz(I-PER) ((O) Germany(B-LOC) )(O) 15-12(O) 15-7(O) 12-15(O) 15-10(O)"
9086,"['Bernini' 'is' 'expected' 'to' 'take' 'office' 'Thursday' ',' 'a'
 'Eletropaulo' 'spokeswoman' 'said' '.']","['B-PER', 'O', 'O', 'O', 'O', 'O', 'O', 'O', 'O', 'B-ORG', 'O', 'O', 'O']","Bernini is expected to take office Thursday , a Eletropaulo spokeswoman said .","['Bernini(B-PER)', 'is(O)', 'expected(O)', 'to(O)', 'take(O)', 'office(O)', 'Thursday(O)', ',(O)', 'a(O)', 'Eletropaulo(B-ORG)', 'spokeswoman(O)', 'said(O)', '.(O)']","Bernini(B-PER) is(O) expected(O) to(O) take(O) office(O) Thursday(O) ,(O) a(O) Eletropaulo(B-ORG) spokeswoman(O) said(O) .(O)","Input: Bernini is expected to take office Thursday , a Eletropaulo spokeswoman said .
Output: Bernini(B-PER) is(O) expected(O) to(O) take(O) office(O) Thursday(O) ,(O) a(O) Eletropaulo(B-ORG) spokeswoman(O) said(O) .(O)"
11946,"['The' 'company' 'did' 'not' 'declare' 'an' 'interim' 'dividend' 'as' 'in'
 'the' 'previous' 'year' '.']","['O', 'O', 'O', 'O', 'O', 'O', 'O', 'O', 'O', 'O', 'O', 'O', 'O', 'O']",The company did not declare an interim dividend as in the previous year .,"['The(O)', 'company(O)', 'did(O)', 'not(O)', 'declare(O)', 'an(O)', 'interim(O)', 'dividend(O)', 'as(O)', 'in(O)', 'the(O)', 'previous(O)', 'year(O)', '.(O)']",The(O) company(O) did(O) not(O) declare(O) an(O) interim(O) dividend(O) as(O) in(O) the(O) previous(O) year(O) .(O),"Input: The company did not declare an interim dividend as in the previous year .
Output: The(O) company(O) did(O) not(O) declare(O) an(O) interim(O) dividend(O) as(O) in(O) the(O) previous(O) year(O) .(O)"
5761,['Feyenoord' 'Rotterdam' '2' '1' '1' '0' '4' '1' '4'],"['B-ORG', 'I-ORG', 'O', 'O', 'O', 'O', 'O', 'O', 'O']",Feyenoord Rotterdam 2 1 1 0 4 1 4,"['Feyenoord(B-ORG)', 'Rotterdam(I-ORG)', '2(O)', '1(O)', '1(O)', '0(O)', '4(O)', '1(O)', '4(O)']",Feyenoord(B-ORG) Rotterdam(I-ORG) 2(O) 1(O) 1(O) 0(O) 4(O) 1(O) 4(O),"Input: Feyenoord Rotterdam 2 1 1 0 4 1 4
Output: Feyenoord(B-ORG) Rotterdam(I-ORG) 2(O) 1(O) 1(O) 0(O) 4(O) 1(O) 4(O)"
5666,"['Defending' 'champions' 'Ajax' 'Amsterdam' 'were' 'defeated' '2-0' 'loss'
 'away' 'to' 'Heerenveen' 'on' 'Saturday' '.']","['O', 'O', 'B-ORG', 'I-ORG', 'O', 'O', 'O', 'O', 'O', 'O', 'B-ORG', 'O', 'O', 'O']",Defending champions Ajax Amsterdam were defeated 2-0 loss away to Heerenveen on Saturday .,"['Defending(O)', 'champions(O)', 'Ajax(B-ORG)', 'Amsterdam(I-ORG)', 'were(O)', 'defeated(O)', '2-0(O)', 'loss(O)', 'away(O)', 'to(O)', 'Heerenveen(B-ORG)', 'on(O)', 'Saturday(O)', '.(O)']",Defending(O) champions(O) Ajax(B-ORG) Amsterdam(I-ORG) were(O) defeated(O) 2-0(O) loss(O) away(O) to(O) Heerenveen(B-ORG) on(O) Saturday(O) .(O),"Input: Defending champions Ajax Amsterdam were defeated 2-0 loss away to Heerenveen on Saturday .
Output: Defending(O) champions(O) Ajax(B-ORG) Amsterdam(I-ORG) were(O) defeated(O) 2-0(O) loss(O) away(O) to(O) Heerenveen(B-ORG) on(O) Saturday(O) .(O)"
1397,"['Of' 'the' '218' 'shares' 'traded' ',' 'gainers' 'outdid' 'losers' 'by'
 '100' 'to' '64' 'and' '54' 'shares' 'were' 'stable' '.']","['O', 'O', 'O', 'O', 'O', 'O', 'O', 'O', 'O', 'O', 'O', 'O', 'O', 'O', 'O', 'O', 'O', 'O', 'O']","Of the 218 shares traded , gainers outdid losers by 100 to 64 and 54 shares were stable .","['Of(O)', 'the(O)', '218(O)', 'shares(O)', 'traded(O)', ',(O)', 'gainers(O)', 'outdid(O)', 'losers(O)', 'by(O)', '100(O)', 'to(O)', '64(O)', 'and(O)', '54(O)', 'shares(O)', 'were(O)', 'stable(O)', '.(O)']","Of(O) the(O) 218(O) shares(O) traded(O) ,(O) gainers(O) outdid(O) losers(O) by(O) 100(O) to(O) 64(O) and(O) 54(O) shares(O) were(O) stable(O) .(O)","Input: Of the 218 shares traded , gainers outdid losers by 100 to 64 and 54 shares were stable .
Output: Of(O) the(O) 218(O) shares(O) traded(O) ,(O) gainers(O) outdid(O) losers(O) by(O) 100(O) to(O) 64(O) and(O) 54(O) shares(O) were(O) stable(O) .(O)"
9041,"['If' 'a' 'third' 'round' 'of' 'voting' 'fails' 'to' 'give' 'either'
 'candidate' '68' 'votes' ',' 'the' 'parliamentary' 'speaker' 'has' 'to'
 'convene' 'an' 'electoral' 'college' 'of' 'all' '101' 'MPs' 'and' '273'
 'local' 'government' 'representatives' 'for' 'a' 'new' 'vote' 'that'
 'could' 'take' 'up' 'to' 'a' 'month' '.']","['O', 'O', 'O', 'O', 'O', 'O', 'O', 'O', 'O', 'O', 'O', 'O', 'O', 'O', 'O', 'O', 'O', 'O', 'O', 'O', 'O', 'O', 'O', 'O', 'O', 'O', 'O', 'O', 'O', 'O', 'O', 'O', 'O', 'O', 'O', 'O', 'O', 'O', 'O', 'O', 'O', 'O', 'O', 'O']","If a third round of voting fails to give either candidate 68 votes , the parliamentary speaker has to convene an electoral college of all 101 MPs and 273 local government representatives for a new vote that could take up to a month .","['If(O)', 'a(O)', 'third(O)', 'round(O)', 'of(O)', 'voting(O)', 'fails(O)', 'to(O)', 'give(O)', 'either(O)', 'candidate(O)', '68(O)', 'votes(O)', ',(O)', 'the(O)', 'parliamentary(O)', 'speaker(O)', 'has(O)', 'to(O)', 'convene(O)', 'an(O)', 'electoral(O)', 'college(O)', 'of(O)', 'all(O)', '101(O)', 'MPs(O)', 'and(O)', '273(O)', 'local(O)', 'government(O)', 'representatives(O)', 'for(O)', 'a(O)', 'new(O)', 'vote(O)', 'that(O)', 'could(O)', 'take(O)', 'up(O)', 'to(O)', 'a(O)', 'month(O)', '.(O)']","If(O) a(O) third(O) round(O) of(O) voting(O) fails(O) to(O) give(O) either(O) candidate(O) 68(O) votes(O) ,(O) the(O) parliamentary(O) speaker(O) has(O) to(O) convene(O) an(O) electoral(O) college(O) of(O) all(O) 101(O) MPs(O) and(O) 273(O) local(O) government(O) representatives(O) for(O) a(O) new(O) vote(O) that(O) could(O) take(O) up(O) to(O) a(O) month(O) .(O)","Input: If a third round of voting fails to give either candidate 68 votes , the parliamentary speaker has to convene an electoral college of all 101 MPs and 273 local government representatives for a new vote that could take up to a month .
Output: If(O) a(O) third(O) round(O) of(O) voting(O) fails(O) to(O) give(O) either(O) candidate(O) 68(O) votes(O) ,(O) the(O) parliamentary(O) speaker(O) has(O) to(O) convene(O) an(O) electoral(O) college(O) of(O) all(O) 101(O) MPs(O) and(O) 273(O) local(O) government(O) representatives(O) for(O) a(O) new(O) vote(O) that(O) could(O) take(O) up(O) to(O) a(O) month(O) .(O)"
12118,"['-' 'Caja' 'de' 'Madrid' 'stagnates' 'during' 'struggle' 'for'
 'presidency']","['O', 'B-ORG', 'I-ORG', 'I-ORG', 'O', 'O', 'O', 'O', 'O']",- Caja de Madrid stagnates during struggle for presidency,"['-(O)', 'Caja(B-ORG)', 'de(I-ORG)', 'Madrid(I-ORG)', 'stagnates(O)', 'during(O)', 'struggle(O)', 'for(O)', 'presidency(O)']",-(O) Caja(B-ORG) de(I-ORG) Madrid(I-ORG) stagnates(O) during(O) struggle(O) for(O) presidency(O),"Input: - Caja de Madrid stagnates during struggle for presidency
Output: -(O) Caja(B-ORG) de(I-ORG) Madrid(I-ORG) stagnates(O) during(O) struggle(O) for(O) presidency(O)"
6473,['M.' 'Atherton' 'c' 'Inzamam-ul-Haq' 'b' 'Mushtaq' 'Ahmed' '43'],"['B-PER', 'I-PER', 'O', 'B-PER', 'O', 'B-PER', 'I-PER', 'O']",M. Atherton c Inzamam-ul-Haq b Mushtaq Ahmed 43,"['M.(B-PER)', 'Atherton(I-PER)', 'c(O)', 'Inzamam-ul-Haq(B-PER)', 'b(O)', 'Mushtaq(B-PER)', 'Ahmed(I-PER)', '43(O)']",M.(B-PER) Atherton(I-PER) c(O) Inzamam-ul-Haq(B-PER) b(O) Mushtaq(B-PER) Ahmed(I-PER) 43(O),"Input: M. Atherton c Inzamam-ul-Haq b Mushtaq Ahmed 43
Output: M.(B-PER) Atherton(I-PER) c(O) Inzamam-ul-Haq(B-PER) b(O) Mushtaq(B-PER) Ahmed(I-PER) 43(O)"
3072,"['He' 'and' 'other' 'analysts' 'said' 'corporate' 'America' 'adopted' 'a'
 'go-slow' 'approach' 'because' 'Microsoft' 'already' 'was' 'promoting'
 'the' 'new' 'version' 'of' 'its' 'high-end' 'Windows' 'NT' 'operating'
 'system' ',' 'expected' 'to' 'be' 'available' 'in' 'stores' 'in' 'the'
 'next' 'several' 'weeks' '.']","['O', 'O', 'O', 'O', 'O', 'O', 'B-LOC', 'O', 'O', 'O', 'O', 'O', 'B-ORG', 'O', 'O', 'O', 'O', 'O', 'O', 'O', 'O', 'O', 'B-MISC', 'I-MISC', 'O', 'O', 'O', 'O', 'O', 'O', 'O', 'O', 'O', 'O', 'O', 'O', 'O', 'O', 'O']","He and other analysts said corporate America adopted a go-slow approach because Microsoft already was promoting the new version of its high-end Windows NT operating system , expected to be available in stores in the next several weeks .","['He(O)', 'and(O)', 'other(O)', 'analysts(O)', 'said(O)', 'corporate(O)', 'America(B-LOC)', 'adopted(O)', 'a(O)', 'go-slow(O)', 'approach(O)', 'because(O)', 'Microsoft(B-ORG)', 'already(O)', 'was(O)', 'promoting(O)', 'the(O)', 'new(O)', 'version(O)', 'of(O)', 'its(O)', 'high-end(O)', 'Windows(B-MISC)', 'NT(I-MISC)', 'operating(O)', 'system(O)', ',(O)', 'expected(O)', 'to(O)', 'be(O)', 'available(O)', 'in(O)', 'stores(O)', 'in(O)', 'the(O)', 'next(O)', 'several(O)', 'weeks(O)', '.(O)']","He(O) and(O) other(O) analysts(O) said(O) corporate(O) America(B-LOC) adopted(O) a(O) go-slow(O) approach(O) because(O) Microsoft(B-ORG) already(O) was(O) promoting(O) the(O) new(O) version(O) of(O) its(O) high-end(O) Windows(B-MISC) NT(I-MISC) operating(O) system(O) ,(O) expected(O) to(O) be(O) available(O) in(O) stores(O) in(O) the(O) next(O) several(O) weeks(O) .(O)","Input: He and other analysts said corporate America adopted a go-slow approach because Microsoft already was promoting the new version of its high-end Windows NT operating system , expected to be available in stores in the next several weeks .
Output: He(O) and(O) other(O) analysts(O) said(O) corporate(O) America(B-LOC) adopted(O) a(O) go-slow(O) approach(O) because(O) Microsoft(B-ORG) already(O) was(O) promoting(O) the(O) new(O) version(O) of(O) its(O) high-end(O) Windows(B-MISC) NT(I-MISC) operating(O) system(O) ,(O) expected(O) to(O) be(O) available(O) in(O) stores(O) in(O) the(O) next(O) several(O) weeks(O) .(O)"
5863,"['Standings' '(' 'tabulate' 'under' 'played' ',' 'won' ',' 'drawn' ','
 'lost' ',' 'points' 'for' ',' 'against' ',' 'percentage' ',' 'total'
 'points' ')' ':']","['O', 'O', 'O', 'O', 'O', 'O', 'O', 'O', 'O', 'O', 'O', 'O', 'O', 'O', 'O', 'O', 'O', 'O', 'O', 'O', 'O', 'O', 'O']","Standings ( tabulate under played , won , drawn , lost , points for , against , percentage , total points ) :","['Standings(O)', '((O)', 'tabulate(O)', 'under(O)', 'played(O)', ',(O)', 'won(O)', ',(O)', 'drawn(O)', ',(O)', 'lost(O)', ',(O)', 'points(O)', 'for(O)', ',(O)', 'against(O)', ',(O)', 'percentage(O)', ',(O)', 'total(O)', 'points(O)', ')(O)', ':(O)']","Standings(O) ((O) tabulate(O) under(O) played(O) ,(O) won(O) ,(O) drawn(O) ,(O) lost(O) ,(O) points(O) for(O) ,(O) against(O) ,(O) percentage(O) ,(O) total(O) points(O) )(O) :(O)","Input: Standings ( tabulate under played , won , drawn , lost , points for , against , percentage , total points ) :
Output: Standings(O) ((O) tabulate(O) under(O) played(O) ,(O) won(O) ,(O) drawn(O) ,(O) lost(O) ,(O) points(O) for(O) ,(O) against(O) ,(O) percentage(O) ,(O) total(O) points(O) )(O) :(O)"
13370,"['Jordanian' 'Prime' 'Minister' 'Abdul-Karim' 'al-Kabariti' 'began'
 'talks' 'with' 'Palestinian' 'President' 'Yasser' 'Arafat' 'in' 'the'
 'West' 'Bank' 'on' 'Thursday' 'on' 'the' 'stalled' 'Middle' 'East'
 'peace' 'process' ',' 'officials' 'said' '.']","['B-MISC', 'O', 'O', 'B-PER', 'I-PER', 'O', 'O', 'O', 'B-MISC', 'O', 'B-PER', 'I-PER', 'O', 'O', 'B-LOC', 'I-LOC', 'O', 'O', 'O', 'O', 'O', 'B-LOC', 'I-LOC', 'O', 'O', 'O', 'O', 'O', 'O']","Jordanian Prime Minister Abdul-Karim al-Kabariti began talks with Palestinian President Yasser Arafat in the West Bank on Thursday on the stalled Middle East peace process , officials said .","['Jordanian(B-MISC)', 'Prime(O)', 'Minister(O)', 'Abdul-Karim(B-PER)', 'al-Kabariti(I-PER)', 'began(O)', 'talks(O)', 'with(O)', 'Palestinian(B-MISC)', 'President(O)', 'Yasser(B-PER)', 'Arafat(I-PER)', 'in(O)', 'the(O)', 'West(B-LOC)', 'Bank(I-LOC)', 'on(O)', 'Thursday(O)', 'on(O)', 'the(O)', 'stalled(O)', 'Middle(B-LOC)', 'East(I-LOC)', 'peace(O)', 'process(O)', ',(O)', 'officials(O)', 'said(O)', '.(O)']","Jordanian(B-MISC) Prime(O) Minister(O) Abdul-Karim(B-PER) al-Kabariti(I-PER) began(O) talks(O) with(O) Palestinian(B-MISC) President(O) Yasser(B-PER) Arafat(I-PER) in(O) the(O) West(B-LOC) Bank(I-LOC) on(O) Thursday(O) on(O) the(O) stalled(O) Middle(B-LOC) East(I-LOC) peace(O) process(O) ,(O) officials(O) said(O) .(O)","Input: Jordanian Prime Minister Abdul-Karim al-Kabariti began talks with Palestinian President Yasser Arafat in the West Bank on Thursday on the stalled Middle East peace process , officials said .
Output: Jordanian(B-MISC) Prime(O) Minister(O) Abdul-Karim(B-PER) al-Kabariti(I-PER) began(O) talks(O) with(O) Palestinian(B-MISC) President(O) Yasser(B-PER) Arafat(I-PER) in(O) the(O) West(B-LOC) Bank(I-LOC) on(O) Thursday(O) on(O) the(O) stalled(O) Middle(B-LOC) East(I-LOC) peace(O) process(O) ,(O) officials(O) said(O) .(O)"
1083,"['Some' 'of' 'these' 'sales' 'may' 'not' 'be' 'final' 'as' 'they' 'may'
 'be' 'subject' 'to' 'inspection' ',' 'survey' 'or' 'other' 'conditions'
 '.']","['O', 'O', 'O', 'O', 'O', 'O', 'O', 'O', 'O', 'O', 'O', 'O', 'O', 'O', 'O', 'O', 'O', 'O', 'O', 'O', 'O']","Some of these sales may not be final as they may be subject to inspection , survey or other conditions .","['Some(O)', 'of(O)', 'these(O)', 'sales(O)', 'may(O)', 'not(O)', 'be(O)', 'final(O)', 'as(O)', 'they(O)', 'may(O)', 'be(O)', 'subject(O)', 'to(O)', 'inspection(O)', ',(O)', 'survey(O)', 'or(O)', 'other(O)', 'conditions(O)', '.(O)']","Some(O) of(O) these(O) sales(O) may(O) not(O) be(O) final(O) as(O) they(O) may(O) be(O) subject(O) to(O) inspection(O) ,(O) survey(O) or(O) other(O) conditions(O) .(O)","Input: Some of these sales may not be final as they may be subject to inspection , survey or other conditions .
Output: Some(O) of(O) these(O) sales(O) may(O) not(O) be(O) final(O) as(O) they(O) may(O) be(O) subject(O) to(O) inspection(O) ,(O) survey(O) or(O) other(O) conditions(O) .(O)"
1856,"['It' ""'s"" 'the' 'biggest' 'success' 'for' 'Viacom' 'Inc-owned'
 'Paramount' 'since' '1994' ""'s"" '""' 'Forrest' 'Gump' '""' '.']","['O', 'O', 'O', 'O', 'O', 'O', 'B-MISC', 'I-MISC', 'B-ORG', 'O', 'O', 'O', 'O', 'B-MISC', 'I-MISC', 'O', 'O']","It 's the biggest success for Viacom Inc-owned Paramount since 1994 's "" Forrest Gump "" .","['It(O)', ""'s(O)"", 'the(O)', 'biggest(O)', 'success(O)', 'for(O)', 'Viacom(B-MISC)', 'Inc-owned(I-MISC)', 'Paramount(B-ORG)', 'since(O)', '1994(O)', ""'s(O)"", '""(O)', 'Forrest(B-MISC)', 'Gump(I-MISC)', '""(O)', '.(O)']","It(O) 's(O) the(O) biggest(O) success(O) for(O) Viacom(B-MISC) Inc-owned(I-MISC) Paramount(B-ORG) since(O) 1994(O) 's(O) ""(O) Forrest(B-MISC) Gump(I-MISC) ""(O) .(O)","Input: It 's the biggest success for Viacom Inc-owned Paramount since 1994 's "" Forrest Gump "" .
Output: It(O) 's(O) the(O) biggest(O) success(O) for(O) Viacom(B-MISC) Inc-owned(I-MISC) Paramount(B-ORG) since(O) 1994(O) 's(O) ""(O) Forrest(B-MISC) Gump(I-MISC) ""(O) .(O)"
5620,['1.' 'Museeuw' '162' 'points'],"['O', 'B-PER', 'O', 'O']",1. Museeuw 162 points,"['1.(O)', 'Museeuw(B-PER)', '162(O)', 'points(O)']",1.(O) Museeuw(B-PER) 162(O) points(O),"Input: 1. Museeuw 162 points
Output: 1.(O) Museeuw(B-PER) 162(O) points(O)"
10988,['Reuters' 'historical' 'calendar' '-' 'September' '4' '.'],"['B-ORG', 'O', 'O', 'O', 'O', 'O', 'O']",Reuters historical calendar - September 4 .,"['Reuters(B-ORG)', 'historical(O)', 'calendar(O)', '-(O)', 'September(O)', '4(O)', '.(O)']",Reuters(B-ORG) historical(O) calendar(O) -(O) September(O) 4(O) .(O),"Input: Reuters historical calendar - September 4 .
Output: Reuters(B-ORG) historical(O) calendar(O) -(O) September(O) 4(O) .(O)"
5430,"['In' 'San' 'Diego' ',' 'Joey' 'Hamilton' 'allowed' 'two' 'hits' 'over'
 'seven' 'innings' 'and' 'Rickey' 'Henderson' 'hit' 'his' 'major'
 'league-record' '69th' 'leadoff' 'homer' 'as' 'the' 'San' 'Diego'
 'Padres' 'defeated' 'the' 'Philadelphia' 'Phillies' '7-1' 'for' 'their'
 'fifth' 'win' 'in' 'six' 'games' '.']","['O', 'B-LOC', 'I-LOC', 'O', 'B-PER', 'I-PER', 'O', 'O', 'O', 'O', 'O', 'O', 'O', 'B-PER', 'I-PER', 'O', 'O', 'O', 'O', 'O', 'O', 'O', 'O', 'O', 'B-ORG', 'I-ORG', 'I-ORG', 'O', 'O', 'B-ORG', 'I-ORG', 'O', 'O', 'O', 'O', 'O', 'O', 'O', 'O', 'O']","In San Diego , Joey Hamilton allowed two hits over seven innings and Rickey Henderson hit his major league-record 69th leadoff homer as the San Diego Padres defeated the Philadelphia Phillies 7-1 for their fifth win in six games .","['In(O)', 'San(B-LOC)', 'Diego(I-LOC)', ',(O)', 'Joey(B-PER)', 'Hamilton(I-PER)', 'allowed(O)', 'two(O)', 'hits(O)', 'over(O)', 'seven(O)', 'innings(O)', 'and(O)', 'Rickey(B-PER)', 'Henderson(I-PER)', 'hit(O)', 'his(O)', 'major(O)', 'league-record(O)', '69th(O)', 'leadoff(O)', 'homer(O)', 'as(O)', 'the(O)', 'San(B-ORG)', 'Diego(I-ORG)', 'Padres(I-ORG)', 'defeated(O)', 'the(O)', 'Philadelphia(B-ORG)', 'Phillies(I-ORG)', '7-1(O)', 'for(O)', 'their(O)', 'fifth(O)', 'win(O)', 'in(O)', 'six(O)', 'games(O)', '.(O)']","In(O) San(B-LOC) Diego(I-LOC) ,(O) Joey(B-PER) Hamilton(I-PER) allowed(O) two(O) hits(O) over(O) seven(O) innings(O) and(O) Rickey(B-PER) Henderson(I-PER) hit(O) his(O) major(O) league-record(O) 69th(O) leadoff(O) homer(O) as(O) the(O) San(B-ORG) Diego(I-ORG) Padres(I-ORG) defeated(O) the(O) Philadelphia(B-ORG) Phillies(I-ORG) 7-1(O) for(O) their(O) fifth(O) win(O) in(O) six(O) games(O) .(O)","Input: In San Diego , Joey Hamilton allowed two hits over seven innings and Rickey Henderson hit his major league-record 69th leadoff homer as the San Diego Padres defeated the Philadelphia Phillies 7-1 for their fifth win in six games .
Output: In(O) San(B-LOC) Diego(I-LOC) ,(O) Joey(B-PER) Hamilton(I-PER) allowed(O) two(O) hits(O) over(O) seven(O) innings(O) and(O) Rickey(B-PER) Henderson(I-PER) hit(O) his(O) major(O) league-record(O) 69th(O) leadoff(O) homer(O) as(O) the(O) San(B-ORG) Diego(I-ORG) Padres(I-ORG) defeated(O) the(O) Philadelphia(B-ORG) Phillies(I-ORG) 7-1(O) for(O) their(O) fifth(O) win(O) in(O) six(O) games(O) .(O)"
9640,"['Airport' 'spokeswoman' 'Rona' 'Young' 'confirmed' 'that' 'all' 'the'
 'passengers' 'had' 'left' 'the' 'aircraft' '.']","['O', 'O', 'B-PER', 'I-PER', 'O', 'O', 'O', 'O', 'O', 'O', 'O', 'O', 'O', 'O']",Airport spokeswoman Rona Young confirmed that all the passengers had left the aircraft .,"['Airport(O)', 'spokeswoman(O)', 'Rona(B-PER)', 'Young(I-PER)', 'confirmed(O)', 'that(O)', 'all(O)', 'the(O)', 'passengers(O)', 'had(O)', 'left(O)', 'the(O)', 'aircraft(O)', '.(O)']",Airport(O) spokeswoman(O) Rona(B-PER) Young(I-PER) confirmed(O) that(O) all(O) the(O) passengers(O) had(O) left(O) the(O) aircraft(O) .(O),"Input: Airport spokeswoman Rona Young confirmed that all the passengers had left the aircraft .
Output: Airport(O) spokeswoman(O) Rona(B-PER) Young(I-PER) confirmed(O) that(O) all(O) the(O) passengers(O) had(O) left(O) the(O) aircraft(O) .(O)"
13868,"['Government' 'budget' 'figures' 'relate' 'to' 'central' 'government'
 'finances' 'only' '.']","['O', 'O', 'O', 'O', 'O', 'O', 'O', 'O', 'O', 'O']",Government budget figures relate to central government finances only .,"['Government(O)', 'budget(O)', 'figures(O)', 'relate(O)', 'to(O)', 'central(O)', 'government(O)', 'finances(O)', 'only(O)', '.(O)']",Government(O) budget(O) figures(O) relate(O) to(O) central(O) government(O) finances(O) only(O) .(O),"Input: Government budget figures relate to central government finances only .
Output: Government(O) budget(O) figures(O) relate(O) to(O) central(O) government(O) finances(O) only(O) .(O)"
8483,"['13' '-' 'Thomas' 'Enqvist' '(' 'Sweden' ')' 'beat' 'Stephane' 'Simian'
 '(' 'France' ')' '6-3' '6-1' '6-4']","['O', 'O', 'B-PER', 'I-PER', 'O', 'B-LOC', 'O', 'O', 'B-PER', 'I-PER', 'O', 'B-LOC', 'O', 'O', 'O', 'O']",13 - Thomas Enqvist ( Sweden ) beat Stephane Simian ( France ) 6-3 6-1 6-4,"['13(O)', '-(O)', 'Thomas(B-PER)', 'Enqvist(I-PER)', '((O)', 'Sweden(B-LOC)', ')(O)', 'beat(O)', 'Stephane(B-PER)', 'Simian(I-PER)', '((O)', 'France(B-LOC)', ')(O)', '6-3(O)', '6-1(O)', '6-4(O)']",13(O) -(O) Thomas(B-PER) Enqvist(I-PER) ((O) Sweden(B-LOC) )(O) beat(O) Stephane(B-PER) Simian(I-PER) ((O) France(B-LOC) )(O) 6-3(O) 6-1(O) 6-4(O),"Input: 13 - Thomas Enqvist ( Sweden ) beat Stephane Simian ( France ) 6-3 6-1 6-4
Output: 13(O) -(O) Thomas(B-PER) Enqvist(I-PER) ((O) Sweden(B-LOC) )(O) beat(O) Stephane(B-PER) Simian(I-PER) ((O) France(B-LOC) )(O) 6-3(O) 6-1(O) 6-4(O)"
11621,['BOMBAY' '1996-08-28'],"['B-LOC', 'O']",BOMBAY 1996-08-28,"['BOMBAY(B-LOC)', '1996-08-28(O)']",BOMBAY(B-LOC) 1996-08-28(O),"Input: BOMBAY 1996-08-28
Output: BOMBAY(B-LOC) 1996-08-28(O)"
5857,['St' 'Kilda' '9' '.'],"['B-ORG', 'I-ORG', 'O', 'O']",St Kilda 9 .,"['St(B-ORG)', 'Kilda(I-ORG)', '9(O)', '.(O)']",St(B-ORG) Kilda(I-ORG) 9(O) .(O),"Input: St Kilda 9 .
Output: St(B-ORG) Kilda(I-ORG) 9(O) .(O)"
5606,['ZURICH' '1996-08-25'],"['B-LOC', 'O']",ZURICH 1996-08-25,"['ZURICH(B-LOC)', '1996-08-25(O)']",ZURICH(B-LOC) 1996-08-25(O),"Input: ZURICH 1996-08-25
Output: ZURICH(B-LOC) 1996-08-25(O)"
7599,['Old' 'Sheet' 'and' 'Cast' 'metal' '42' 'to' '44' 'cents' '/' 'pound'],"['O', 'O', 'O', 'O', 'O', 'O', 'O', 'O', 'O', 'O', 'O']",Old Sheet and Cast metal 42 to 44 cents / pound,"['Old(O)', 'Sheet(O)', 'and(O)', 'Cast(O)', 'metal(O)', '42(O)', 'to(O)', '44(O)', 'cents(O)', '/(O)', 'pound(O)']",Old(O) Sheet(O) and(O) Cast(O) metal(O) 42(O) to(O) 44(O) cents(O) /(O) pound(O),"Input: Old Sheet and Cast metal 42 to 44 cents / pound
Output: Old(O) Sheet(O) and(O) Cast(O) metal(O) 42(O) to(O) 44(O) cents(O) /(O) pound(O)"
7425,"['We' 'have' ""n't"" 'felt' 'a' 'drop-off' 'in' 'demand' '....']","['O', 'O', 'O', 'O', 'O', 'O', 'O', 'O', 'O']",We have n't felt a drop-off in demand ....,"['We(O)', 'have(O)', ""n't(O)"", 'felt(O)', 'a(O)', 'drop-off(O)', 'in(O)', 'demand(O)', '....(O)']",We(O) have(O) n't(O) felt(O) a(O) drop-off(O) in(O) demand(O) ....(O),"Input: We have n't felt a drop-off in demand ....
Output: We(O) have(O) n't(O) felt(O) a(O) drop-off(O) in(O) demand(O) ....(O)"
2105,['EASTERN' 'DIVISION'],"['B-MISC', 'I-MISC']",EASTERN DIVISION,"['EASTERN(B-MISC)', 'DIVISION(I-MISC)']",EASTERN(B-MISC) DIVISION(I-MISC),"Input: EASTERN DIVISION
Output: EASTERN(B-MISC) DIVISION(I-MISC)"
9387,"['You' 'are' 'a' 'true' 'example' 'for' 'the' 'nation' ',' '""' 'he' 'said'
 '.']","['O', 'O', 'O', 'O', 'O', 'O', 'O', 'O', 'O', 'O', 'O', 'O', 'O']","You are a true example for the nation , "" he said .","['You(O)', 'are(O)', 'a(O)', 'true(O)', 'example(O)', 'for(O)', 'the(O)', 'nation(O)', ',(O)', '""(O)', 'he(O)', 'said(O)', '.(O)']","You(O) are(O) a(O) true(O) example(O) for(O) the(O) nation(O) ,(O) ""(O) he(O) said(O) .(O)","Input: You are a true example for the nation , "" he said .
Output: You(O) are(O) a(O) true(O) example(O) for(O) the(O) nation(O) ,(O) ""(O) he(O) said(O) .(O)"
6413,['LONDON' '1996-08-26'],"['B-LOC', 'O']",LONDON 1996-08-26,"['LONDON(B-LOC)', '1996-08-26(O)']",LONDON(B-LOC) 1996-08-26(O),"Input: LONDON 1996-08-26
Output: LONDON(B-LOC) 1996-08-26(O)"
9076,['Argentine' 'bishop' 'reminds' 'cabinet' 'of' 'Commandments' '.'],"['B-MISC', 'O', 'O', 'O', 'O', 'O', 'O']",Argentine bishop reminds cabinet of Commandments .,"['Argentine(B-MISC)', 'bishop(O)', 'reminds(O)', 'cabinet(O)', 'of(O)', 'Commandments(O)', '.(O)']",Argentine(B-MISC) bishop(O) reminds(O) cabinet(O) of(O) Commandments(O) .(O),"Input: Argentine bishop reminds cabinet of Commandments .
Output: Argentine(B-MISC) bishop(O) reminds(O) cabinet(O) of(O) Commandments(O) .(O)"
9769,"['The' 'Airbus' '310' 'Flight' '150' ',' 'which' 'was' 'hijacked' 'on'
 'Monday' 'evening' 'on' 'its' 'way' 'from' 'Khartoum' 'to' 'the'
 'Jordanian' 'capital' 'Amman' ',' 'landed' 'at' '4.30' 'a.m.' '(' '0330'
 'GMT' ')' 'after' 'a' 'flight' 'of' 'more' 'than' 'four' 'hours' '.']","['O', 'B-MISC', 'I-MISC', 'B-MISC', 'I-MISC', 'O', 'O', 'O', 'O', 'O', 'O', 'O', 'O', 'O', 'O', 'O', 'B-LOC', 'O', 'O', 'B-MISC', 'O', 'B-LOC', 'O', 'O', 'O', 'O', 'O', 'O', 'O', 'B-MISC', 'O', 'O', 'O', 'O', 'O', 'O', 'O', 'O', 'O', 'O']","The Airbus 310 Flight 150 , which was hijacked on Monday evening on its way from Khartoum to the Jordanian capital Amman , landed at 4.30 a.m. ( 0330 GMT ) after a flight of more than four hours .","['The(O)', 'Airbus(B-MISC)', '310(I-MISC)', 'Flight(B-MISC)', '150(I-MISC)', ',(O)', 'which(O)', 'was(O)', 'hijacked(O)', 'on(O)', 'Monday(O)', 'evening(O)', 'on(O)', 'its(O)', 'way(O)', 'from(O)', 'Khartoum(B-LOC)', 'to(O)', 'the(O)', 'Jordanian(B-MISC)', 'capital(O)', 'Amman(B-LOC)', ',(O)', 'landed(O)', 'at(O)', '4.30(O)', 'a.m.(O)', '((O)', '0330(O)', 'GMT(B-MISC)', ')(O)', 'after(O)', 'a(O)', 'flight(O)', 'of(O)', 'more(O)', 'than(O)', 'four(O)', 'hours(O)', '.(O)']","The(O) Airbus(B-MISC) 310(I-MISC) Flight(B-MISC) 150(I-MISC) ,(O) which(O) was(O) hijacked(O) on(O) Monday(O) evening(O) on(O) its(O) way(O) from(O) Khartoum(B-LOC) to(O) the(O) Jordanian(B-MISC) capital(O) Amman(B-LOC) ,(O) landed(O) at(O) 4.30(O) a.m.(O) ((O) 0330(O) GMT(B-MISC) )(O) after(O) a(O) flight(O) of(O) more(O) than(O) four(O) hours(O) .(O)","Input: The Airbus 310 Flight 150 , which was hijacked on Monday evening on its way from Khartoum to the Jordanian capital Amman , landed at 4.30 a.m. ( 0330 GMT ) after a flight of more than four hours .
Output: The(O) Airbus(B-MISC) 310(I-MISC) Flight(B-MISC) 150(I-MISC) ,(O) which(O) was(O) hijacked(O) on(O) Monday(O) evening(O) on(O) its(O) way(O) from(O) Khartoum(B-LOC) to(O) the(O) Jordanian(B-MISC) capital(O) Amman(B-LOC) ,(O) landed(O) at(O) 4.30(O) a.m.(O) ((O) 0330(O) GMT(B-MISC) )(O) after(O) a(O) flight(O) of(O) more(O) than(O) four(O) hours(O) .(O)"
402,['7-5'],['O'],7-5,['7-5(O)'],7-5(O),"Input: 7-5
Output: 7-5(O)"
3116,"['Officials' 'fed' 'Phan' 'some' 'soup' ',' 'gave' 'him' 'medical' 'care'
 ',' 'kept' 'him' 'overnight' 'and' 'then' 'fed' 'him' 'a' 'large'
 'breakfast' '.']","['O', 'O', 'B-PER', 'O', 'O', 'O', 'O', 'O', 'O', 'O', 'O', 'O', 'O', 'O', 'O', 'O', 'O', 'O', 'O', 'O', 'O', 'O']","Officials fed Phan some soup , gave him medical care , kept him overnight and then fed him a large breakfast .","['Officials(O)', 'fed(O)', 'Phan(B-PER)', 'some(O)', 'soup(O)', ',(O)', 'gave(O)', 'him(O)', 'medical(O)', 'care(O)', ',(O)', 'kept(O)', 'him(O)', 'overnight(O)', 'and(O)', 'then(O)', 'fed(O)', 'him(O)', 'a(O)', 'large(O)', 'breakfast(O)', '.(O)']","Officials(O) fed(O) Phan(B-PER) some(O) soup(O) ,(O) gave(O) him(O) medical(O) care(O) ,(O) kept(O) him(O) overnight(O) and(O) then(O) fed(O) him(O) a(O) large(O) breakfast(O) .(O)","Input: Officials fed Phan some soup , gave him medical care , kept him overnight and then fed him a large breakfast .
Output: Officials(O) fed(O) Phan(B-PER) some(O) soup(O) ,(O) gave(O) him(O) medical(O) care(O) ,(O) kept(O) him(O) overnight(O) and(O) then(O) fed(O) him(O) a(O) large(O) breakfast(O) .(O)"
2549,"['Sri' 'Lanka' 'and' 'Australia' 'agreed' 'on' 'Friday' 'that' 'relations'
 'between' 'the' 'two' 'teams' 'had' 'healed' 'since' 'the' 'Sri'
 'Lankans' ""'"" 'acrimonious' 'tour' 'last' 'year' '.']","['B-LOC', 'I-LOC', 'O', 'B-LOC', 'O', 'O', 'O', 'O', 'O', 'O', 'O', 'O', 'O', 'O', 'O', 'O', 'O', 'B-MISC', 'I-MISC', 'O', 'O', 'O', 'O', 'O', 'O']",Sri Lanka and Australia agreed on Friday that relations between the two teams had healed since the Sri Lankans ' acrimonious tour last year .,"['Sri(B-LOC)', 'Lanka(I-LOC)', 'and(O)', 'Australia(B-LOC)', 'agreed(O)', 'on(O)', 'Friday(O)', 'that(O)', 'relations(O)', 'between(O)', 'the(O)', 'two(O)', 'teams(O)', 'had(O)', 'healed(O)', 'since(O)', 'the(O)', 'Sri(B-MISC)', 'Lankans(I-MISC)', ""'(O)"", 'acrimonious(O)', 'tour(O)', 'last(O)', 'year(O)', '.(O)']",Sri(B-LOC) Lanka(I-LOC) and(O) Australia(B-LOC) agreed(O) on(O) Friday(O) that(O) relations(O) between(O) the(O) two(O) teams(O) had(O) healed(O) since(O) the(O) Sri(B-MISC) Lankans(I-MISC) '(O) acrimonious(O) tour(O) last(O) year(O) .(O),"Input: Sri Lanka and Australia agreed on Friday that relations between the two teams had healed since the Sri Lankans ' acrimonious tour last year .
Output: Sri(B-LOC) Lanka(I-LOC) and(O) Australia(B-LOC) agreed(O) on(O) Friday(O) that(O) relations(O) between(O) the(O) two(O) teams(O) had(O) healed(O) since(O) the(O) Sri(B-MISC) Lankans(I-MISC) '(O) acrimonious(O) tour(O) last(O) year(O) .(O)"
2874,['governor' 'has' 'trouble' 'winning' 'home' 'support' '.'],"['O', 'O', 'O', 'O', 'O', 'O', 'O']",governor has trouble winning home support .,"['governor(O)', 'has(O)', 'trouble(O)', 'winning(O)', 'home(O)', 'support(O)', '.(O)']",governor(O) has(O) trouble(O) winning(O) home(O) support(O) .(O),"Input: governor has trouble winning home support .
Output: governor(O) has(O) trouble(O) winning(O) home(O) support(O) .(O)"
7997,['-' 'The' 'surprise' '...'],"['O', 'O', 'O', 'O']",- The surprise ...,"['-(O)', 'The(O)', 'surprise(O)', '...(O)']",-(O) The(O) surprise(O) ...(O),"Input: - The surprise ...
Output: -(O) The(O) surprise(O) ...(O)"
1947,"['Explaining' 'his' 'premature' 'departure' 'was' 'unavoidable' ','
 'Pollock' 'said' ':' '""' 'I' 'have' 'been' 'carrying' 'the' 'injury'
 'for' 'a' 'while' 'and' 'I' 'hope' 'that' 'by' 'having' 'the' 'surgery'
 'now' 'I' 'will' 'be' 'able' 'to' 'last' 'out' 'the' 'new' 'season'
 'back' 'home' '.' '""']","['O', 'O', 'O', 'O', 'O', 'O', 'O', 'B-PER', 'O', 'O', 'O', 'O', 'O', 'O', 'O', 'O', 'O', 'O', 'O', 'O', 'O', 'O', 'O', 'O', 'O', 'O', 'O', 'O', 'O', 'O', 'O', 'O', 'O', 'O', 'O', 'O', 'O', 'O', 'O', 'O', 'O', 'O', 'O']","Explaining his premature departure was unavoidable , Pollock said : "" I have been carrying the injury for a while and I hope that by having the surgery now I will be able to last out the new season back home . ""","['Explaining(O)', 'his(O)', 'premature(O)', 'departure(O)', 'was(O)', 'unavoidable(O)', ',(O)', 'Pollock(B-PER)', 'said(O)', ':(O)', '""(O)', 'I(O)', 'have(O)', 'been(O)', 'carrying(O)', 'the(O)', 'injury(O)', 'for(O)', 'a(O)', 'while(O)', 'and(O)', 'I(O)', 'hope(O)', 'that(O)', 'by(O)', 'having(O)', 'the(O)', 'surgery(O)', 'now(O)', 'I(O)', 'will(O)', 'be(O)', 'able(O)', 'to(O)', 'last(O)', 'out(O)', 'the(O)', 'new(O)', 'season(O)', 'back(O)', 'home(O)', '.(O)', '""(O)']","Explaining(O) his(O) premature(O) departure(O) was(O) unavoidable(O) ,(O) Pollock(B-PER) said(O) :(O) ""(O) I(O) have(O) been(O) carrying(O) the(O) injury(O) for(O) a(O) while(O) and(O) I(O) hope(O) that(O) by(O) having(O) the(O) surgery(O) now(O) I(O) will(O) be(O) able(O) to(O) last(O) out(O) the(O) new(O) season(O) back(O) home(O) .(O) ""(O)","Input: Explaining his premature departure was unavoidable , Pollock said : "" I have been carrying the injury for a while and I hope that by having the surgery now I will be able to last out the new season back home . ""
Output: Explaining(O) his(O) premature(O) departure(O) was(O) unavoidable(O) ,(O) Pollock(B-PER) said(O) :(O) ""(O) I(O) have(O) been(O) carrying(O) the(O) injury(O) for(O) a(O) while(O) and(O) I(O) hope(O) that(O) by(O) having(O) the(O) surgery(O) now(O) I(O) will(O) be(O) able(O) to(O) last(O) out(O) the(O) new(O) season(O) back(O) home(O) .(O) ""(O)"
11854,['-' 'Turnover' '657' 'vs' '700'],"['O', 'O', 'O', 'O', 'O']",- Turnover 657 vs 700,"['-(O)', 'Turnover(O)', '657(O)', 'vs(O)', '700(O)']",-(O) Turnover(O) 657(O) vs(O) 700(O),"Input: - Turnover 657 vs 700
Output: -(O) Turnover(O) 657(O) vs(O) 700(O)"
13908,"['Commission' 'Regulation' '(' 'EC' ')' 'No' '1676/96' 'of' '30' 'July'
 '1996' 'amending' 'Regulation' '(' 'EEC' ')' 'No' '2454/93' 'laying'
 'down' 'provisions' 'for' 'the' 'implementation' 'of' 'Council'
 'Regulation' '(' 'EEC' ')' 'No' '2913/92' 'establishing' 'the'
 'Community' 'Customs' 'Code' 'END' 'OF' 'DOCUMENT' '.']","['B-MISC', 'I-MISC', 'O', 'B-ORG', 'O', 'B-MISC', 'I-MISC', 'O', 'O', 'O', 'O', 'O', 'B-MISC', 'O', 'B-ORG', 'O', 'B-MISC', 'I-MISC', 'O', 'O', 'O', 'O', 'O', 'O', 'O', 'B-MISC', 'I-MISC', 'O', 'B-ORG', 'O', 'B-MISC', 'I-MISC', 'O', 'O', 'B-MISC', 'I-MISC', 'I-MISC', 'O', 'O', 'O', 'O']",Commission Regulation ( EC ) No 1676/96 of 30 July 1996 amending Regulation ( EEC ) No 2454/93 laying down provisions for the implementation of Council Regulation ( EEC ) No 2913/92 establishing the Community Customs Code END OF DOCUMENT .,"['Commission(B-MISC)', 'Regulation(I-MISC)', '((O)', 'EC(B-ORG)', ')(O)', 'No(B-MISC)', '1676/96(I-MISC)', 'of(O)', '30(O)', 'July(O)', '1996(O)', 'amending(O)', 'Regulation(B-MISC)', '((O)', 'EEC(B-ORG)', ')(O)', 'No(B-MISC)', '2454/93(I-MISC)', 'laying(O)', 'down(O)', 'provisions(O)', 'for(O)', 'the(O)', 'implementation(O)', 'of(O)', 'Council(B-MISC)', 'Regulation(I-MISC)', '((O)', 'EEC(B-ORG)', ')(O)', 'No(B-MISC)', '2913/92(I-MISC)', 'establishing(O)', 'the(O)', 'Community(B-MISC)', 'Customs(I-MISC)', 'Code(I-MISC)', 'END(O)', 'OF(O)', 'DOCUMENT(O)', '.(O)']",Commission(B-MISC) Regulation(I-MISC) ((O) EC(B-ORG) )(O) No(B-MISC) 1676/96(I-MISC) of(O) 30(O) July(O) 1996(O) amending(O) Regulation(B-MISC) ((O) EEC(B-ORG) )(O) No(B-MISC) 2454/93(I-MISC) laying(O) down(O) provisions(O) for(O) the(O) implementation(O) of(O) Council(B-MISC) Regulation(I-MISC) ((O) EEC(B-ORG) )(O) No(B-MISC) 2913/92(I-MISC) establishing(O) the(O) Community(B-MISC) Customs(I-MISC) Code(I-MISC) END(O) OF(O) DOCUMENT(O) .(O),"Input: Commission Regulation ( EC ) No 1676/96 of 30 July 1996 amending Regulation ( EEC ) No 2454/93 laying down provisions for the implementation of Council Regulation ( EEC ) No 2913/92 establishing the Community Customs Code END OF DOCUMENT .
Output: Commission(B-MISC) Regulation(I-MISC) ((O) EC(B-ORG) )(O) No(B-MISC) 1676/96(I-MISC) of(O) 30(O) July(O) 1996(O) amending(O) Regulation(B-MISC) ((O) EEC(B-ORG) )(O) No(B-MISC) 2454/93(I-MISC) laying(O) down(O) provisions(O) for(O) the(O) implementation(O) of(O) Council(B-MISC) Regulation(I-MISC) ((O) EEC(B-ORG) )(O) No(B-MISC) 2913/92(I-MISC) establishing(O) the(O) Community(B-MISC) Customs(I-MISC) Code(I-MISC) END(O) OF(O) DOCUMENT(O) .(O)"
12288,"['Annett' 'Neumann' '(' 'Germany' ')' 'beat' 'Galina' 'Enioukhina' '('
 'Russia' ')' '2-0' ',']","['B-PER', 'I-PER', 'O', 'B-LOC', 'O', 'O', 'B-PER', 'I-PER', 'O', 'B-LOC', 'O', 'O', 'O']","Annett Neumann ( Germany ) beat Galina Enioukhina ( Russia ) 2-0 ,","['Annett(B-PER)', 'Neumann(I-PER)', '((O)', 'Germany(B-LOC)', ')(O)', 'beat(O)', 'Galina(B-PER)', 'Enioukhina(I-PER)', '((O)', 'Russia(B-LOC)', ')(O)', '2-0(O)', ',(O)']","Annett(B-PER) Neumann(I-PER) ((O) Germany(B-LOC) )(O) beat(O) Galina(B-PER) Enioukhina(I-PER) ((O) Russia(B-LOC) )(O) 2-0(O) ,(O)","Input: Annett Neumann ( Germany ) beat Galina Enioukhina ( Russia ) 2-0 ,
Output: Annett(B-PER) Neumann(I-PER) ((O) Germany(B-LOC) )(O) beat(O) Galina(B-PER) Enioukhina(I-PER) ((O) Russia(B-LOC) )(O) 2-0(O) ,(O)"
3837,['CHICAGO' '69' '61' '.531' '8'],"['B-ORG', 'O', 'O', 'O', 'O']",CHICAGO 69 61 .531 8,"['CHICAGO(B-ORG)', '69(O)', '61(O)', '.531(O)', '8(O)']",CHICAGO(B-ORG) 69(O) 61(O) .531(O) 8(O),"Input: CHICAGO 69 61 .531 8
Output: CHICAGO(B-ORG) 69(O) 61(O) .531(O) 8(O)"
8591,['Eldred' '(' '6-5' ')' 'walked' 'one' 'and' 'struck' 'out' 'three' '.'],"['O', 'O', 'O', 'O', 'O', 'O', 'O', 'O', 'O', 'O', 'O']",Eldred ( 6-5 ) walked one and struck out three .,"['Eldred(O)', '((O)', '6-5(O)', ')(O)', 'walked(O)', 'one(O)', 'and(O)', 'struck(O)', 'out(O)', 'three(O)', '.(O)']",Eldred(O) ((O) 6-5(O) )(O) walked(O) one(O) and(O) struck(O) out(O) three(O) .(O),"Input: Eldred ( 6-5 ) walked one and struck out three .
Output: Eldred(O) ((O) 6-5(O) )(O) walked(O) one(O) and(O) struck(O) out(O) three(O) .(O)"
454,"['To' 'bat' ':' 'R.' 'Croft' ',' 'D.' 'Cork' ',' 'A.' 'Mullally']","['O', 'O', 'O', 'B-PER', 'I-PER', 'O', 'B-PER', 'I-PER', 'O', 'B-PER', 'I-PER']","To bat : R. Croft , D. Cork , A. Mullally","['To(O)', 'bat(O)', ':(O)', 'R.(B-PER)', 'Croft(I-PER)', ',(O)', 'D.(B-PER)', 'Cork(I-PER)', ',(O)', 'A.(B-PER)', 'Mullally(I-PER)']","To(O) bat(O) :(O) R.(B-PER) Croft(I-PER) ,(O) D.(B-PER) Cork(I-PER) ,(O) A.(B-PER) Mullally(I-PER)","Input: To bat : R. Croft , D. Cork , A. Mullally
Output: To(O) bat(O) :(O) R.(B-PER) Croft(I-PER) ,(O) D.(B-PER) Cork(I-PER) ,(O) A.(B-PER) Mullally(I-PER)"
9074,"['The' 'talks' 'between' 'Maskhadov' 'and' 'Russia' ""'s"" 'Vyacheslav'
 'Tikhomirov' 'are' 'aimed' 'at' 'putting' 'the' 'finishing' 'touches'
 'to' 'a' 'ceasefire' 'sealed' 'last' 'week' 'in' 'talks' 'with' 'Russian'
 'security' 'chief' 'Alexander' 'Lebed' '.']","['O', 'O', 'O', 'B-PER', 'O', 'B-LOC', 'O', 'B-PER', 'I-PER', 'O', 'O', 'O', 'O', 'O', 'O', 'O', 'O', 'O', 'O', 'O', 'O', 'O', 'O', 'O', 'O', 'B-MISC', 'O', 'O', 'B-PER', 'I-PER', 'O']",The talks between Maskhadov and Russia 's Vyacheslav Tikhomirov are aimed at putting the finishing touches to a ceasefire sealed last week in talks with Russian security chief Alexander Lebed .,"['The(O)', 'talks(O)', 'between(O)', 'Maskhadov(B-PER)', 'and(O)', 'Russia(B-LOC)', ""'s(O)"", 'Vyacheslav(B-PER)', 'Tikhomirov(I-PER)', 'are(O)', 'aimed(O)', 'at(O)', 'putting(O)', 'the(O)', 'finishing(O)', 'touches(O)', 'to(O)', 'a(O)', 'ceasefire(O)', 'sealed(O)', 'last(O)', 'week(O)', 'in(O)', 'talks(O)', 'with(O)', 'Russian(B-MISC)', 'security(O)', 'chief(O)', 'Alexander(B-PER)', 'Lebed(I-PER)', '.(O)']",The(O) talks(O) between(O) Maskhadov(B-PER) and(O) Russia(B-LOC) 's(O) Vyacheslav(B-PER) Tikhomirov(I-PER) are(O) aimed(O) at(O) putting(O) the(O) finishing(O) touches(O) to(O) a(O) ceasefire(O) sealed(O) last(O) week(O) in(O) talks(O) with(O) Russian(B-MISC) security(O) chief(O) Alexander(B-PER) Lebed(I-PER) .(O),"Input: The talks between Maskhadov and Russia 's Vyacheslav Tikhomirov are aimed at putting the finishing touches to a ceasefire sealed last week in talks with Russian security chief Alexander Lebed .
Output: The(O) talks(O) between(O) Maskhadov(B-PER) and(O) Russia(B-LOC) 's(O) Vyacheslav(B-PER) Tikhomirov(I-PER) are(O) aimed(O) at(O) putting(O) the(O) finishing(O) touches(O) to(O) a(O) ceasefire(O) sealed(O) last(O) week(O) in(O) talks(O) with(O) Russian(B-MISC) security(O) chief(O) Alexander(B-PER) Lebed(I-PER) .(O)"
10472,['LOS' 'ANGELES' '71' '60' '.542' '1'],"['B-ORG', 'I-ORG', 'O', 'O', 'O', 'O']",LOS ANGELES 71 60 .542 1,"['LOS(B-ORG)', 'ANGELES(I-ORG)', '71(O)', '60(O)', '.542(O)', '1(O)']",LOS(B-ORG) ANGELES(I-ORG) 71(O) 60(O) .542(O) 1(O),"Input: LOS ANGELES 71 60 .542 1
Output: LOS(B-ORG) ANGELES(I-ORG) 71(O) 60(O) .542(O) 1(O)"
